cell_id,usage_profile,cycle_id,timestamp,voltage_mean,voltage_min,voltage_max,current_mean,current_max,temperature_mean,temperature_max,soc_min,soc_max,charge_time_min,discharge_time_min,soh_ground_truth,charge_time,discharge_depth,c_rate,internal_resistance_proxy,cumulative_time_above_40C,cumulative_deep_dod_cycles,cumulative_cycle_count
CELL_01,mild,1,2025-01-01 06:00:16,3.647,3.073,4.23,2.883,3.51,25.99,31.92,39.09,98.39,102.49,60.56,99.999,102.49,59.3,0.5766,1.845295055821373,0,0,1
CELL_01,mild,2,2025-01-01 10:23:16,3.582,2.973,4.216,2.238,2.882,23.15,27.88,32.48,96.56,141.72,87.09,99.991,141.72,64.08000000000001,0.4476,1.9301242236024847,0,0,2
CELL_01,mild,3,2025-01-01 14:51:41,3.579,2.988,4.182,2.7,3.794,22.7,25.96,37.92,99.8,111.11,67.69,99.989,111.11,61.879999999999995,0.54,1.091407678244973,0,0,3
CELL_01,mild,4,2025-01-01 18:09:53,3.664,3.055,4.264,3.597,5.362,25.78,30.03,22.85,96.74,80.38,63.39,99.988,80.38,73.88999999999999,0.7194,0.684985835694051,0,0,4
CELL_01,mild,5,2025-01-01 21:27:11,3.665,3.097,4.247,3.162,3.865,24.08,28.2,32.89,98.17,97.54,63.1,99.975,97.54,65.28,0.6324,1.635846372688477,0,0,5
CELL_01,mild,6,2025-01-02 01:07:42,3.621,2.965,4.243,3.55,4.591,26.51,30.94,43.79,96.25,81.4,44.93,99.972,81.4,52.46,0.71,1.2276657060518732,0,0,6
CELL_01,mild,7,2025-01-02 06:58:05,3.564,2.922,4.173,1.69,2.041,25.72,31.81,30.28,97.98,180.63,117.31,99.959,180.63,67.7,0.33799999999999997,3.564102564102564,0,0,7
CELL_01,mild,8,2025-01-02 10:06:49,3.608,2.932,4.263,3.372,4.339,25.04,29.68,40.25,96.31,89.74,52.19,99.951,89.74,56.06,0.6744,1.376421923474663,0,0,8
CELL_01,mild,9,2025-01-02 14:09:36,3.612,2.985,4.252,2.649,3.36,25.19,31.42,34.74,99.58,114.29,68.13,99.95,114.29,64.84,0.5298,1.7819971870604785,0,0,9
CELL_01,mild,10,2025-01-02 18:39:20,3.68,3.094,4.266,1.989,2.604,24.42,31.19,37.74,98.81,147.62,88.78,99.949,147.62,61.07,0.39780000000000004,1.9056910569105694,0,0,10
CELL_01,mild,11,2025-01-02 23:10:59,3.639,2.998,4.269,2.904,3.611,25.12,28.33,24.8,97.11,99.86,76.25,99.948,99.86,72.31,0.5808,1.7977369165487969,0,0,11
CELL_01,mild,12,2025-01-03 02:18:42,3.669,3.067,4.202,3.696,4.536,26.55,31.02,31.12,98.14,81.19,56.15,99.947,81.19,67.02,0.7392000000000001,1.351190476190477,0,0,12
CELL_01,mild,13,2025-01-03 06:20:53,3.629,3.075,4.196,2.608,3.854,22.88,28.64,35.18,97.55,116.59,73.82,99.93,116.59,62.37,0.5216000000000001,0.8996789727126803,0,0,13
CELL_01,mild,14,2025-01-03 09:02:19,3.681,3.079,4.259,3.595,5.097,30.08,33.45,44.6,97.4,84.12,46.49,99.916,84.12,52.800000000000004,0.7190000000000001,0.7856191744340879,0,0,14
CELL_01,mild,15,2025-01-03 12:43:11,3.603,2.945,4.241,3.933,5.489,25.59,28.61,40.21,96.64,72.89,41.54,99.904,72.89,56.43,0.7866,0.832904884318766,0,0,15
CELL_01,mild,16,2025-01-03 16:33:32,3.626,2.949,4.267,3.073,3.932,27.54,33.17,41.81,97.47,101.25,53.86,99.894,101.25,55.66,0.6146,1.5343422584400472,0,0,16
CELL_01,mild,17,2025-01-03 21:11:29,3.686,3.091,4.262,2.465,3.653,24.47,28.25,25.29,98.89,123.95,89.34,99.893,123.95,73.6,0.493,0.9856902356902351,0,0,17
CELL_01,mild,18,2025-01-04 01:39:36,3.638,3.039,4.227,2.744,4.063,26.55,32.96,42.86,98.23,112.52,58.93,99.888,112.52,55.370000000000005,0.5488000000000001,0.9006823351023507,0,0,18
CELL_01,mild,19,2025-01-04 05:56:20,3.662,3.083,4.221,3.258,4.756,27.17,31.6,31.91,97.17,92.12,62.98,99.87,92.12,65.26,0.6516,0.7596795727636847,0,0,19
CELL_01,mild,20,2025-01-04 09:54:51,3.526,2.907,4.217,2.25,3.09,26.98,33.54,42.14,96.38,132.11,73.04,99.865,132.11,54.239999999999995,0.45,1.5595238095238093,0,0,20
CELL_01,mild,21,2025-01-04 15:10:49,3.56,2.917,4.175,2.642,3.665,24.06,27.56,32.64,98.09,119.07,79.08,99.848,119.07,65.45,0.5284,1.2297165200391005,0,0,21
CELL_01,mild,22,2025-01-04 19:10:14,3.529,2.916,4.173,2.686,3.577,26.66,31.72,31.84,97.08,110.7,76.2,99.846,110.7,65.24,0.5372,1.410774410774411,0,0,22
CELL_01,mild,23,2025-01-04 22:27:41,3.598,2.95,4.206,4.061,5.385,28.53,34.17,35.09,97.12,79.49,45.34,99.842,79.49,62.03,0.8122,0.9486404833836861,0,0,23
CELL_01,mild,24,2025-01-05 02:29:47,3.559,2.909,4.208,2.35,3.268,23.13,26.83,48.44,98.46,128.88,68.56,99.829,128.88,50.019999999999996,0.47000000000000003,1.415032679738563,0,0,24
CELL_01,mild,25,2025-01-05 06:56:56,3.636,3.029,4.216,3.057,4.024,25.4,28.5,41.34,98.34,98.36,57.31,99.82,98.36,57.0,0.6113999999999999,1.2275077559462255,0,0,25
CELL_01,mild,26,2025-01-05 11:20:21,3.566,2.905,4.252,3.104,4.511,24.78,28.57,39.71,97.28,99.51,54.93,99.802,99.51,57.57,0.6208,0.9573560767590618,0,0,26
CELL_01,mild,27,2025-01-05 15:25:29,3.607,2.983,4.207,3.374,5.051,26.63,30.75,33.56,96.71,92.41,54.82,99.782,92.41,63.14999999999999,0.6748000000000001,0.7298747763864041,0,0,27
CELL_01,mild,28,2025-01-05 18:58:55,3.639,3.079,4.209,3.465,4.491,24.12,27.53,39.25,99.31,92.31,50.77,99.767,92.31,60.06,0.693,1.1013645224171538,0,0,28
CELL_01,mild,29,2025-01-05 22:00:01,3.6,2.999,4.176,3.312,4.065,22.99,28.68,45.08,99.01,95.89,44.67,99.766,95.89,53.93000000000001,0.6624,1.5630810092961476,0,0,29
CELL_01,mild,30,2025-01-06 02:13:27,3.62,3.04,4.177,3.679,4.508,26.61,30.18,33.34,96.4,85.01,53.18,99.765,85.01,63.06,0.7358,1.371531966224366,0,0,30
CELL_01,mild,31,2025-01-06 05:53:30,3.582,2.999,4.171,3.429,4.229,23.56,29.67,39.3,98.23,87.35,50.2,99.748,87.35,58.93000000000001,0.6858,1.4649999999999996,0,0,31
CELL_01,mild,32,2025-01-06 10:11:45,3.633,3.093,4.171,2.578,3.266,26.54,33.39,46.7,99.47,117.79,63.38,99.743,117.79,52.769999999999996,0.5156,1.5668604651162792,0,0,32
CELL_01,mild,33,2025-01-06 13:25:16,3.614,2.956,4.265,3.436,4.17,27.9,32.72,33.71,98.51,90.24,56.35,99.742,90.24,64.80000000000001,0.6872,1.7833787465940052,0,0,33
CELL_01,mild,34,2025-01-06 18:08:51,3.63,3.097,4.24,2.095,3.126,26.57,31.42,31.15,96.31,144.92,94.04,99.728,144.92,65.16,0.41900000000000004,1.1086323957322992,0,0,34
CELL_01,mild,35,2025-01-06 21:42:50,3.57,2.93,4.229,3.59,5.371,22.36,29.09,30.31,99.46,83.31,58.48,99.721,83.31,69.14999999999999,0.718,0.7293655249859626,0,0,35
CELL_01,mild,36,2025-01-07 01:05:05,3.715,3.1,4.27,2.972,4.292,25.56,30.22,40.0,99.46,99.99,60.64,99.72,99.99,59.459999999999994,0.5944,0.8863636363636361,0,0,36
CELL_01,mild,37,2025-01-07 06:08:52,3.654,3.034,4.222,2.233,2.756,25.24,29.16,36.11,98.69,139.01,84.3,99.715,139.01,62.58,0.4466,2.2715105162523925,0,0,37
CELL_01,mild,38,2025-01-07 09:54:32,3.624,3.024,4.24,2.865,4.088,27.31,33.81,41.22,96.12,99.5,56.79,99.696,99.5,54.900000000000006,0.5730000000000001,0.9942763695829929,0,0,38
CELL_01,mild,39,2025-01-07 14:03:46,3.61,3.09,4.185,3.814,5.564,24.46,29.52,35.55,99.13,81.04,49.98,99.695,81.04,63.58,0.7628,0.6257142857142856,0,0,39
CELL_01,mild,40,2025-01-07 18:57:37,3.532,2.926,4.183,2.279,2.787,21.67,26.64,31.35,96.96,133.86,87.33,99.693,133.86,65.60999999999999,0.4558,2.474409448818897,0,0,40
CELL_01,mild,41,2025-01-07 23:24:35,3.534,2.918,4.182,2.735,3.427,23.03,26.8,33.64,96.16,109.12,65.71,99.689,109.12,62.519999999999996,0.5469999999999999,1.8265895953757225,0,0,41
CELL_01,mild,42,2025-01-08 02:25:22,3.647,3.084,4.176,3.602,5.267,20.43,23.59,33.75,96.33,81.07,50.87,99.679,81.07,62.58,0.7203999999999999,0.6558558558558557,0,0,42
CELL_01,mild,43,2025-01-08 05:35:08,3.591,2.95,4.241,3.822,4.629,24.45,29.92,48.99,97.48,81.39,38.11,99.678,81.39,48.49,0.7644,1.599752168525403,0,0,43
CELL_01,mild,44,2025-01-08 10:09:50,3.562,2.964,4.191,2.548,3.073,25.16,30.29,41.56,97.51,118.41,65.18,99.665,118.41,55.95,0.5096,2.337142857142857,0,0,44
CELL_01,mild,45,2025-01-08 14:20:59,3.573,2.926,4.198,3.762,5.001,24.98,28.33,30.75,98.15,75.83,56.55,99.664,75.83,67.4,0.7524,1.0266343825665858,0,0,45
CELL_01,mild,46,2025-01-08 18:55:33,3.544,2.932,4.189,2.881,3.669,26.88,32.31,38.42,96.61,96.63,59.51,99.653,96.63,58.19,0.5761999999999999,1.595177664974619,0,0,46
CELL_01,mild,47,2025-01-08 22:43:19,3.663,3.034,4.263,2.712,3.393,24.52,31.4,44.0,99.46,115.49,65.45,99.639,115.49,55.459999999999994,0.5424,1.8046989720998543,0,0,47
CELL_01,mild,48,2025-01-09 04:24:01,3.588,3.022,4.199,1.63,2.012,23.48,27.77,35.57,96.97,192.45,113.57,99.638,192.45,61.4,0.32599999999999996,3.081151832460732,0,0,48
CELL_01,mild,49,2025-01-09 08:38:54,3.63,3.036,4.246,3.503,4.471,23.28,26.53,41.88,99.96,92.94,48.29,99.637,92.94,58.07999999999999,0.7006,1.2500000000000004,0,0,49
CELL_01,mild,50,2025-01-09 12:00:33,3.635,3.048,4.228,3.045,3.714,22.93,29.26,35.88,96.72,96.75,60.18,99.627,96.75,60.839999999999996,0.609,1.7638266068759336,0,0,50
CELL_01,mild,51,2025-01-09 15:25:38,3.632,3.063,4.214,3.436,4.527,25.79,31.45,40.2,98.09,80.63,49.2,99.613,80.63,57.89,0.6872,1.0549954170485794,0,0,51
CELL_01,mild,52,2025-01-09 19:25:16,3.607,3.025,4.182,3.412,5.022,23.31,27.24,39.37,98.17,85.31,52.85,99.612,85.31,58.800000000000004,0.6824,0.7186335403726709,0,0,52
CELL_01,mild,53,2025-01-10 00:18:57,3.594,3.049,4.173,2.77,3.531,26.27,32.84,27.8,99.15,109.5,80.29,99.611,109.5,71.35000000000001,0.554,1.4770039421813403,0,0,53
CELL_01,mild,54,2025-01-10 04:16:57,3.671,3.044,4.242,2.778,3.524,26.66,30.1,30.16,96.6,103.11,73.77,99.603,103.11,66.44,0.5556,1.6058981233243967,0,0,54
CELL_01,mild,55,2025-01-10 07:46:01,3.575,3.022,4.172,3.14,4.245,21.44,26.29,32.31,99.79,97.31,68.04,99.597,97.31,67.48,0.628,1.0407239819004523,0,0,55
CELL_01,mild,56,2025-01-10 10:42:06,3.701,3.085,4.215,3.943,5.837,25.88,31.19,45.65,98.95,74.31,41.59,99.594,74.31,53.300000000000004,0.7886,0.5966209081309398,0,0,56
CELL_01,mild,57,2025-01-10 15:00:23,3.566,2.99,4.193,2.355,3.347,22.98,28.13,47.95,99.68,126.94,63.64,99.59,126.94,51.730000000000004,0.471,1.2127016129032253,0,0,57
CELL_01,mild,58,2025-01-10 20:22:29,3.594,3.033,4.188,2.078,2.501,22.36,29.02,33.13,98.53,144.4,94.11,99.585,144.4,65.4,0.41559999999999997,2.7304964539007086,0,0,58
CELL_01,mild,59,2025-01-11 00:34:26,3.6,2.994,4.227,2.713,3.286,25.03,28.87,39.71,99.59,102.59,68.99,99.584,102.59,59.88,0.5426,2.151832460732985,0,0,59
CELL_01,mild,60,2025-01-11 04:53:39,3.587,2.954,4.235,2.873,3.769,22.52,26.14,38.34,99.78,105.89,64.04,99.583,105.89,61.44,0.5746,1.4296875000000002,0,0,60
CELL_01,mild,61,2025-01-11 08:47:21,3.574,2.948,4.18,2.738,3.821,26.44,29.52,42.06,96.42,106.76,61.19,99.576,106.76,54.36,0.5476,1.137580794090489,0,0,61
CELL_01,mild,62,2025-01-11 12:57:04,3.521,2.917,4.191,2.531,3.047,25.51,31.18,42.87,99.59,114.79,70.74,99.575,114.79,56.720000000000006,0.5062,2.4689922480620154,0,0,62
CELL_01,mild,63,2025-01-11 17:40:35,3.702,3.09,4.246,1.959,2.524,21.89,27.38,34.61,97.64,153.04,98.47,99.574,153.04,63.03,0.39180000000000004,2.0460176991150454,0,0,63
CELL_01,mild,64,2025-01-11 21:29:21,3.642,3.067,4.269,3.336,4.143,27.69,31.77,26.26,97.03,85.04,63.85,99.564,85.04,70.77,0.6672,1.4894671623296158,0,0,64
CELL_01,mild,65,2025-01-12 00:41:24,3.63,3.033,4.188,3.128,4.317,27.06,30.88,33.68,96.04,98.33,59.49,99.556,98.33,62.36000000000001,0.6256,0.971404541631623,0,0,65
CELL_01,mild,66,2025-01-12 04:27:23,3.615,2.978,4.199,3.099,3.947,20.26,23.93,40.15,98.41,98.52,54.63,99.555,98.52,58.26,0.6198,1.4398584905660377,0,0,66
CELL_01,mild,67,2025-01-12 08:40:00,3.614,3.019,4.204,2.712,3.658,25.99,31.92,35.94,96.86,111.34,66.69,99.549,111.34,60.92,0.5424,1.252642706131078,0,0,67
CELL_01,mild,68,2025-01-12 12:40:12,3.583,3.039,4.197,2.8,4.031,24.33,30.08,47.07,99.28,103.19,58.23,99.547,103.19,52.21,0.5599999999999999,0.9406986190089358,0,0,68
CELL_01,mild,69,2025-01-12 17:02:47,3.604,2.998,4.192,3.417,4.356,25.76,31.99,35.58,98.64,88.2,57.0,99.538,88.2,63.06,0.6834,1.2715654952076676,0,0,69
CELL_01,mild,70,2025-01-12 21:23:47,3.592,3.066,4.174,2.96,3.835,24.57,31.35,33.73,99.38,98.23,67.54,99.521,98.23,65.65,0.592,1.266285714285715,0,0,70
CELL_01,mild,71,2025-01-13 00:46:11,3.579,3.023,4.193,3.516,5.154,24.63,29.78,41.36,99.16,85.47,50.75,99.505,85.47,57.8,0.7032,0.714285714285714,0,0,71
CELL_01,mild,72,2025-01-13 04:19:08,3.58,2.984,4.212,3.157,4.516,23.63,28.55,35.34,99.94,94.13,62.98,99.504,94.13,64.6,0.6314,0.9036055923473141,0,0,72
CELL_01,mild,73,2025-01-13 07:38:26,3.619,3.036,4.192,2.983,3.923,22.99,26.16,39.91,96.07,98.1,56.16,99.477,98.1,56.16,0.5966,1.2297872340425533,0,0,73
CELL_01,mild,74,2025-01-13 11:43:28,3.575,2.935,4.192,3.811,4.836,23.67,30.64,32.22,98.05,77.24,50.59,99.475,77.24,65.83,0.7622,1.226341463414634,0,0,74
CELL_01,mild,75,2025-01-13 15:17:01,3.631,3.007,4.229,2.724,3.452,27.84,33.63,39.47,96.62,110.63,61.26,99.474,110.63,57.150000000000006,0.5448000000000001,1.678571428571429,0,0,75
CELL_01,mild,76,2025-01-13 18:20:14,3.612,2.982,4.207,3.542,4.343,26.17,32.72,35.49,98.2,82.18,51.22,99.47,82.18,62.71,0.7083999999999999,1.5293383270911354,0,0,76
CELL_01,mild,77,2025-01-13 21:40:59,3.593,2.97,4.238,4.263,6.171,23.96,30.37,36.86,97.98,71.75,39.73,99.463,71.75,61.120000000000005,0.8526,0.6645702306079665,0,0,77
CELL_01,mild,78,2025-01-14 01:42:31,3.621,3.036,4.232,3.358,4.732,25.61,32.01,37.32,99.35,88.24,56.38,99.462,88.24,62.029999999999994,0.6716,0.8704512372634644,0,0,78
CELL_01,mild,79,2025-01-14 05:38:01,3.594,2.952,4.234,3.096,4.301,25.74,32.07,40.0,98.03,97.55,59.23,99.455,97.55,58.03,0.6192,1.0639004149377593,0,0,79
CELL_01,mild,80,2025-01-14 10:37:04,3.659,3.087,4.239,2.279,2.805,24.2,31.05,33.68,99.73,130.53,86.12,99.45,130.53,66.05000000000001,0.4558,2.190114068441063,0,0,80
CELL_01,mild,81,2025-01-14 14:28:52,3.546,2.905,4.172,2.721,3.884,27.39,30.57,47.1,99.49,104.17,57.5,99.438,104.17,52.38999999999999,0.5442,1.0894239036973346,0,0,81
CELL_01,mild,82,2025-01-14 19:04:18,3.584,2.944,4.178,2.911,4.099,27.16,31.25,45.33,99.18,102.39,58.12,99.437,102.39,53.85000000000001,0.5822,1.0387205387205385,0,0,82
CELL_01,mild,83,2025-01-14 22:52:11,3.574,2.946,4.191,2.977,4.371,28.69,33.28,42.45,97.1,100.08,55.22,99.422,100.08,54.64999999999999,0.5953999999999999,0.8931133428981343,0,0,83
CELL_01,mild,84,2025-01-15 02:57:41,3.639,3.069,4.246,2.885,4.129,24.31,31.19,37.76,99.11,107.73,64.44,99.413,107.73,61.35,0.577,0.946141479099679,0,0,84
CELL_01,mild,85,2025-01-15 06:55:44,3.617,3.06,4.201,3.064,3.924,23.65,27.45,28.96,97.97,97.83,67.01,99.411,97.83,69.00999999999999,0.6128,1.3267441860465112,0,0,85
CELL_01,mild,86,2025-01-15 11:57:16,3.558,2.908,4.218,2.453,3.518,23.62,29.02,34.32,99.44,129.5,78.83,99.407,129.5,65.12,0.4906,1.2300469483568077,0,0,86
CELL_01,mild,87,2025-01-15 15:29:30,3.549,2.916,4.21,2.876,3.48,24.56,28.86,37.94,98.07,101.11,63.11,99.393,101.11,60.129999999999995,0.5751999999999999,2.142384105960265,0,0,87
CELL_01,mild,88,2025-01-15 20:19:42,3.668,3.087,4.175,2.601,3.146,26.25,29.92,37.45,98.83,116.53,71.52,99.382,116.53,61.379999999999995,0.5202,1.9963302752293575,0,0,88
CELL_01,mild,89,2025-01-16 00:09:39,3.63,3.029,4.223,3.659,4.887,27.1,30.42,42.26,99.58,82.61,46.26,99.381,82.61,57.32,0.7318,0.972312703583062,0,0,89
CELL_01,mild,90,2025-01-16 03:39:43,3.661,3.099,4.268,2.952,3.744,23.94,29.58,24.05,98.88,100.13,77.18,99.375,100.13,74.83,0.5904,1.4760101010101,0,0,90
CELL_01,mild,91,2025-01-16 08:16:09,3.653,2.974,4.269,2.758,3.596,24.49,30.96,47.25,98.91,114.76,53.06,99.372,114.76,51.66,0.5516,1.5453460620525057,0,0,91
CELL_01,mild,92,2025-01-16 12:58:35,3.615,2.942,4.232,2.714,3.999,28.56,35.16,46.53,98.37,111.76,58.86,99.371,111.76,51.84,0.5428,1.0038910505836576,0,0,92
CELL_01,mild,93,2025-01-16 16:37:20,3.668,3.074,4.215,2.987,3.806,23.9,30.78,40.08,96.72,101.13,52.42,99.37,101.13,56.64,0.5974,1.3931623931623933,0,0,93
CELL_01,mild,94,2025-01-16 21:42:07,3.566,2.926,4.267,2.377,3.404,25.64,32.52,33.26,97.3,119.92,80.27,99.364,119.92,64.03999999999999,0.47539999999999993,1.305744888023369,0,0,94
CELL_01,mild,95,2025-01-17 02:20:01,3.635,3.047,4.237,2.826,3.422,21.89,27.36,40.97,98.83,105.9,63.86,99.356,105.9,57.86,0.5652,1.9966442953020132,0,0,95
CELL_01,mild,96,2025-01-17 06:27:24,3.628,3.087,4.174,2.725,3.704,27.6,31.42,37.86,96.23,109.54,62.2,99.347,109.54,58.370000000000005,0.545,1.1103166496424923,0,0,96
CELL_01,mild,97,2025-01-17 09:37:23,3.551,2.906,4.201,4.044,5.022,26.83,31.65,36.33,98.06,76.11,43.92,99.34,76.11,61.730000000000004,0.8088,1.324130879345602,0,0,97
CELL_01,mild,98,2025-01-17 14:42:32,3.648,3.037,4.22,2.541,3.77,23.7,30.17,36.62,99.35,116.7,74.67,99.335,116.7,62.73,0.5082,0.9625711960943855,0,0,98
CELL_01,mild,99,2025-01-17 18:30:40,3.628,3.032,4.27,3.817,4.702,27.21,31.07,32.7,98.64,77.84,53.84,99.327,77.84,65.94,0.7634000000000001,1.398870056497175,0,0,99
CELL_01,mild,100,2025-01-17 22:00:32,3.677,3.052,4.25,2.533,3.654,27.87,34.38,47.09,98.67,118.79,60.56,99.326,118.79,51.58,0.5065999999999999,1.0686886708296164,0,0,100
CELL_01,mild,101,2025-01-18 02:13:32,3.541,2.975,4.193,2.504,3.184,22.81,27.39,45.98,98.78,117.69,63.59,99.311,117.69,52.800000000000004,0.5008,1.7911764705882343,0,0,101
CELL_01,mild,102,2025-01-18 06:10:41,3.617,2.968,4.208,3.563,4.303,28.07,32.59,37.62,97.92,91.18,47.12,99.299,91.18,60.300000000000004,0.7126,1.6756756756756765,0,0,102
CELL_01,mild,103,2025-01-18 09:30:54,3.636,3.085,4.176,3.379,4.302,26.19,33.01,31.81,96.07,90.43,56.67,99.295,90.43,64.25999999999999,0.6758,1.1820151679306616,0,0,103
CELL_01,mild,104,2025-01-18 14:02:23,3.62,3.022,4.242,2.691,3.481,23.1,27.24,33.3,98.16,111.07,69.12,99.293,111.07,64.86,0.5382,1.5443037974683547,0,0,104
CELL_01,mild,105,2025-01-18 18:54:19,3.633,2.997,4.251,2.204,3.281,25.21,31.05,43.1,96.43,136.34,71.45,99.284,136.34,53.330000000000005,0.4408,1.1643454038997219,0,0,105
CELL_01,mild,106,2025-01-18 22:21:26,3.613,2.982,4.254,3.201,4.427,25.28,31.56,38.27,96.85,95.97,56.41,99.283,95.97,58.57999999999999,0.6402,1.0375203915171287,0,0,106
CELL_01,mild,107,2025-01-19 02:54:25,3.632,2.934,4.244,2.582,3.553,24.41,30.08,30.14,96.38,117.53,76.24,99.267,117.53,66.24,0.5164,1.3491246138002055,0,0,107
CELL_01,mild,108,2025-01-19 08:45:22,3.555,2.927,4.24,2.157,3.228,28.25,32.17,30.69,97.99,141.99,89.76,99.251,141.99,67.3,0.4314,1.2259570494864611,0,0,108
CELL_01,mild,109,2025-01-19 13:08:45,3.554,2.971,4.177,2.709,3.435,26.14,30.23,28.18,96.32,110.84,73.94,99.25,110.84,68.13999999999999,0.5418000000000001,1.6611570247933878,0,0,109
CELL_01,mild,110,2025-01-19 15:47:15,3.666,3.034,4.27,4.059,5.276,26.4,32.92,34.98,97.3,73.13,49.95,99.228,73.13,62.32,0.8118000000000001,1.0156121610517668,0,0,110
CELL_01,mild,111,2025-01-19 19:05:55,3.59,2.99,4.246,3.085,3.791,26.12,29.82,38.38,98.76,93.61,61.35,99.227,93.61,60.38,0.617,1.7790368271954677,0,0,111
CELL_01,mild,112,2025-01-19 23:03:51,3.591,3.025,4.179,3.39,4.598,22.19,29.16,39.0,99.37,90.01,54.14,99.217,90.01,60.370000000000005,0.678,0.9552980132450336,0,0,112
CELL_01,mild,113,2025-01-20 04:33:13,3.62,2.989,4.23,2.082,2.746,23.43,26.78,46.4,99.75,144.19,78.54,99.211,144.19,53.35,0.4164,1.8689759036144582,0,0,113
CELL_01,mild,114,2025-01-20 08:13:51,3.645,3.061,4.249,3.583,5.233,25.0,28.83,41.7,99.51,80.16,47.93,99.21,80.16,57.81,0.7166,0.7200000000000001,0,0,114
CELL_01,mild,115,2025-01-20 11:25:45,3.637,3.053,4.188,2.987,4.128,25.06,30.62,39.34,99.29,100.61,55.15,99.209,100.61,59.95,0.5974,0.9947414548641541,0,0,115
CELL_01,mild,116,2025-01-20 15:35:24,3.613,3.001,4.214,3.027,3.916,23.02,26.12,35.19,97.73,100.73,60.39,99.208,100.73,62.540000000000006,0.6054,1.3644544431946015,0,0,116
CELL_01,mild,117,2025-01-20 18:51:33,3.559,2.948,4.184,3.074,4.596,24.57,27.81,32.53,99.98,95.46,65.09,99.201,95.46,67.45,0.6148,0.8120893561103811,0,0,117
CELL_01,mild,118,2025-01-20 22:11:30,3.582,2.985,4.183,3.456,4.694,23.74,28.78,46.17,98.5,85.28,47.4,99.2,85.28,52.33,0.6912,0.9676898222940226,0,0,118
CELL_01,mild,119,2025-01-21 02:28:53,3.547,2.952,4.246,2.712,3.27,26.08,32.16,32.25,96.04,107.27,70.79,99.199,107.27,63.790000000000006,0.5424,2.318996415770611,0,0,119
CELL_01,mild,120,2025-01-21 06:56:14,3.584,2.995,4.208,2.98,4.235,24.94,29.76,43.26,97.3,101.53,49.85,99.193,101.53,54.04,0.596,0.9665338645418324,0,0,120
CELL_01,mild,121,2025-01-21 10:56:23,3.639,3.08,4.216,3.339,4.045,23.66,29.41,32.55,97.75,93.49,61.4,99.186,93.49,65.2,0.6678,1.6090651558073656,0,0,121
CELL_01,mild,122,2025-01-21 14:22:13,3.61,3.036,4.174,3.031,4.103,26.6,29.87,44.91,98.95,96.56,52.58,99.169,96.56,54.040000000000006,0.6062000000000001,1.0615671641791051,0,0,122
CELL_01,mild,123,2025-01-21 17:19:08,3.556,2.904,4.178,3.593,4.597,27.4,33.05,40.03,96.74,87.43,48.57,99.168,87.43,56.709999999999994,0.7186,1.2689243027888442,0,0,123
CELL_01,mild,124,2025-01-21 21:09:36,3.701,3.094,4.25,3.612,4.38,24.0,29.46,34.91,98.12,85.29,56.09,99.158,85.29,63.21000000000001,0.7224,1.505208333333334,0,0,124
CELL_01,mild,125,2025-01-22 01:44:25,3.604,3.023,4.265,2.478,3.3,24.27,30.98,41.09,96.9,120.09,66.6,99.152,120.09,55.81,0.49560000000000004,1.510948905109489,0,0,125
CELL_01,mild,126,2025-01-22 05:50:31,3.622,2.95,4.246,3.133,4.623,24.67,28.81,37.87,99.39,98.42,58.63,99.14,98.42,61.52,0.6266,0.8697986577181208,0,0,126
CELL_01,mild,127,2025-01-22 09:33:22,3.569,2.943,4.221,3.2,4.625,25.36,32.3,46.23,99.75,95.93,51.16,99.113,95.93,53.52,0.64,0.896842105263158,0,0,127
CELL_01,mild,128,2025-01-22 14:08:13,3.614,3.052,4.186,3.312,4.606,27.15,31.34,30.44,99.49,93.07,62.52,99.112,93.07,69.05,0.6624,0.8763523956723337,0,0,128
CELL_01,mild,129,2025-01-22 16:58:22,3.58,2.938,4.206,3.835,5.311,24.58,30.78,41.07,96.82,82.59,44.17,99.111,82.59,55.74999999999999,0.767,0.859078590785908,0,0,129
CELL_01,mild,130,2025-01-22 21:38:15,3.648,3.019,4.209,1.953,2.863,22.79,27.01,42.97,98.89,157.11,84.39,99.11,157.11,55.92,0.3906,1.3076923076923073,0,0,130
CELL_01,mild,131,2025-01-23 00:33:53,3.669,3.021,4.238,3.771,5.16,23.9,29.47,23.47,96.26,82.04,56.66,99.106,82.04,72.79,0.7542,0.8761699064074876,0,0,131
CELL_01,mild,132,2025-01-23 04:25:06,3.6,3.003,4.214,2.675,3.843,27.62,30.86,33.25,98.83,109.6,71.76,99.103,109.6,65.58,0.5349999999999999,1.0368150684931507,0,0,132
CELL_01,mild,133,2025-01-23 09:06:07,3.657,3.057,4.182,2.488,3.46,28.03,35.02,36.58,99.73,119.67,78.45,99.086,119.67,63.150000000000006,0.4976,1.1574074074074079,0,0,133
CELL_01,mild,134,2025-01-23 14:05:30,3.594,3.066,4.198,2.413,2.913,21.13,24.86,43.16,96.1,127.44,66.17,99.084,127.44,52.94,0.4826,2.264000000000001,0,0,134
CELL_01,mild,135,2025-01-23 18:10:06,3.682,3.046,4.247,2.986,3.975,26.03,30.86,40.6,97.93,97.17,58.31,99.076,97.17,57.330000000000005,0.5972000000000001,1.2143579373104147,0,0,135
CELL_01,mild,136,2025-01-23 21:49:32,3.568,2.95,4.197,2.554,3.759,23.85,30.68,41.87,96.99,115.9,67.89,99.072,115.9,55.12,0.5107999999999999,1.0348547717842322,0,0,136
CELL_01,mild,137,2025-01-24 01:52:01,3.572,2.91,4.212,3.033,4.493,20.15,24.54,35.18,99.6,96.14,65.48,99.071,96.14,64.41999999999999,0.6066,0.8917808219178077,0,0,137
CELL_01,mild,138,2025-01-24 05:06:07,3.574,2.93,4.193,3.174,3.917,26.13,30.99,37.0,97.4,97.57,56.19,99.04,97.57,60.400000000000006,0.6348,1.6998654104979807,0,0,138
CELL_01,mild,139,2025-01-24 09:39:57,3.594,2.997,4.187,2.586,3.459,25.86,29.13,35.37,98.83,122.03,72.72,99.018,122.03,63.46,0.5172,1.3631156930126003,0,0,139
CELL_01,mild,140,2025-01-24 13:44:35,3.61,3.057,4.19,3.029,3.681,22.93,26.18,30.85,97.84,102.54,65.33,99.017,102.54,66.99000000000001,0.6058,1.7377300613496935,0,0,140
CELL_01,mild,141,2025-01-24 17:43:54,3.582,3.054,4.173,2.854,4.268,25.65,32.16,40.74,99.48,102.9,61.62,99.012,102.9,58.74,0.5708,0.7913719943422917,0,0,141
CELL_01,mild,142,2025-01-24 21:44:52,3.605,3.093,4.191,3.253,4.66,26.76,30.18,32.33,97.52,93.32,60.53,98.994,93.32,65.19,0.6506000000000001,0.7803837953091683,0,0,142
CELL_01,mild,143,2025-01-25 02:10:13,3.593,2.963,4.256,3.242,4.662,24.11,30.77,31.73,98.13,93.98,60.91,98.993,93.98,66.39999999999999,0.6484,0.9105633802816903,0,0,143
CELL_01,mild,144,2025-01-25 06:58:22,3.674,3.076,4.251,2.418,2.963,23.97,29.59,39.46,98.46,124.84,73.2,98.99,124.84,58.99999999999999,0.48360000000000003,2.155963302752294,0,0,144
CELL_01,mild,145,2025-01-25 10:32:34,3.68,3.078,4.178,3.594,5.088,22.88,29.4,35.57,97.71,85.27,50.26,98.983,85.27,62.13999999999999,0.7188,0.7362784471218206,0,0,145
CELL_01,mild,146,2025-01-25 16:15:38,3.586,2.972,4.22,2.022,2.705,25.61,31.45,40.8,99.29,149.98,88.74,98.982,149.98,58.49000000000001,0.4044,1.8272327964860897,0,0,146
CELL_01,mild,147,2025-01-25 19:05:05,3.608,3.024,4.206,3.808,5.313,24.52,28.09,39.23,97.39,82.46,45.62,98.978,82.46,58.160000000000004,0.7615999999999999,0.7853820598006648,0,0,147
CELL_01,mild,148,2025-01-25 23:51:01,3.622,3.071,4.193,2.439,3.055,25.27,30.98,30.31,96.28,127.11,82.69,98.963,127.11,65.97,0.4878,1.8214285714285703,0,0,148
CELL_01,mild,149,2025-01-26 03:35:48,3.655,3.053,4.249,3.257,4.76,23.0,26.13,40.6,97.22,94.61,49.72,98.957,94.61,56.62,0.6514,0.7957418496340652,0,0,149
CELL_01,mild,150,2025-01-26 09:24:37,3.618,2.976,4.268,1.862,2.539,26.3,29.74,47.98,99.46,160.49,81.07,98.948,160.49,51.48,0.3724,1.9084194977843423,0,0,150
CELL_01,mild,151,2025-01-26 13:23:09,3.629,2.956,4.258,2.532,3.669,26.03,32.04,40.52,99.22,116.53,70.22,98.947,116.53,58.699999999999996,0.5064,1.1451187335092348,0,0,151
CELL_01,mild,152,2025-01-26 16:52:43,3.611,2.96,4.245,2.852,3.677,25.18,28.23,47.82,98.39,107.9,55.0,98.941,107.9,50.57,0.5704,1.5575757575757574,0,0,152
CELL_01,mild,153,2025-01-26 20:41:14,3.671,3.066,4.23,3.035,3.7,24.79,30.97,36.98,96.14,100.77,59.0,98.93,100.77,59.160000000000004,0.607,1.7503759398496248,0,0,153
CELL_01,mild,154,2025-01-27 00:55:36,3.634,2.989,4.231,2.824,4.145,30.38,34.64,31.04,98.41,103.19,75.07,98.917,103.19,67.37,0.5648,0.940196820590462,0,0,154
CELL_01,mild,155,2025-01-27 04:01:36,3.629,3.001,4.234,3.062,4.357,24.51,29.46,42.83,98.61,97.43,54.45,98.916,97.43,55.78,0.6123999999999999,0.9521235521235519,0,0,155
CELL_01,mild,156,2025-01-27 09:28:49,3.569,2.956,4.191,1.966,2.72,20.58,24.14,37.89,96.78,155.84,89.89,98.915,155.84,58.89,0.3932,1.637931034482758,0,0,156
CELL_01,mild,157,2025-01-27 13:12:35,3.58,2.969,4.221,3.107,3.834,21.25,27.98,37.01,97.59,99.8,58.46,98.914,99.8,60.580000000000005,0.6214000000000001,1.7221458046767544,0,0,157
CELL_01,mild,158,2025-01-27 17:03:03,3.61,2.962,4.253,2.909,4.022,23.69,28.38,34.7,98.86,100.99,64.93,98.907,100.99,64.16,0.5818,1.1599281221922726,0,0,158
CELL_01,mild,159,2025-01-27 20:19:47,3.619,2.971,4.265,2.934,3.592,20.7,24.18,41.27,97.68,105.71,60.12,98.891,105.71,56.410000000000004,0.5868,1.9665653495440725,0,0,159
CELL_01,mild,160,2025-01-27 23:49:54,3.594,2.924,4.261,3.379,4.789,21.53,27.08,38.46,99.49,83.68,52.69,98.89,83.68,61.029999999999994,0.6758,0.9482269503546102,0,0,160
CELL_01,mild,161,2025-01-28 03:44:52,3.637,3.069,4.24,3.633,5.07,23.9,27.39,37.77,98.23,80.34,53.61,98.889,80.34,60.46,0.7266,0.8148921363952679,0,0,161
CELL_01,mild,162,2025-01-28 07:54:19,3.557,2.986,4.202,3.244,4.785,22.81,27.6,36.79,99.43,97.23,60.27,98.877,97.23,62.64000000000001,0.6488,0.789097988319273,0,0,162
CELL_01,mild,163,2025-01-28 11:39:38,3.586,2.905,4.235,2.846,3.547,22.82,27.54,38.62,96.57,109.05,58.26,98.875,109.05,57.949999999999996,0.5692,1.8972895863052788,0,0,163
CELL_01,mild,164,2025-01-28 15:39:24,3.614,2.991,4.239,3.636,5.441,23.57,29.28,45.02,96.87,82.52,40.49,98.874,82.52,51.85,0.7272000000000001,0.6914127423822715,0,0,164
CELL_01,mild,165,2025-01-28 20:10:56,3.663,3.08,4.182,2.871,3.694,24.13,27.25,38.1,97.55,105.19,61.94,98.867,105.19,59.449999999999996,0.5742,1.3390036452004865,0,0,165
CELL_01,mild,166,2025-01-29 00:30:27,3.61,2.931,4.226,2.257,3.075,26.81,33.74,45.06,97.36,132.27,70.02,98.851,132.27,52.3,0.4514,1.583129584352078,0,0,166
CELL_01,mild,167,2025-01-29 05:52:25,3.586,2.928,4.215,2.01,2.763,23.42,26.66,40.47,97.37,156.23,84.49,98.844,156.23,56.900000000000006,0.40199999999999997,1.7091633466135454,0,0,167
CELL_01,mild,168,2025-01-29 10:56:43,3.606,3.009,4.193,2.362,3.171,26.8,32.28,38.4,96.16,125.92,76.9,98.836,125.92,57.76,0.47240000000000004,1.4635352286773797,0,0,168
CELL_01,mild,169,2025-01-29 14:24:53,3.65,3.073,4.229,3.189,4.289,26.24,33.02,38.44,96.6,91.56,51.82,98.826,91.56,58.16,0.6378,1.0509090909090915,0,0,169
CELL_01,mild,170,2025-01-29 19:23:29,3.626,2.982,4.253,2.865,4.281,23.55,28.59,25.88,99.46,108.2,80.03,98.824,108.2,73.58,0.5730000000000001,0.8975988700564974,0,0,170
CELL_01,mild,171,2025-01-29 22:41:16,3.634,3.045,4.24,2.991,4.206,26.19,31.69,54.41,99.71,98.07,44.62,98.808,98.07,45.3,0.5982000000000001,0.9835390946502057,0,0,171
CELL_01,mild,172,2025-01-30 02:38:47,3.664,3.067,4.244,3.428,4.873,23.94,27.78,38.74,96.06,89.6,48.97,98.792,89.6,57.32,0.6856,0.8145328719723179,0,0,172
CELL_01,mild,173,2025-01-30 06:25:32,3.544,2.913,4.205,2.918,3.859,25.7,29.06,32.6,97.95,102.39,67.39,98.788,102.39,65.35,0.5836,1.3730074388947933,0,0,173
CELL_01,mild,174,2025-01-30 11:07:26,3.543,2.915,4.211,3.002,3.647,26.22,29.52,31.55,98.83,102.57,65.71,98.787,102.57,67.28,0.6003999999999999,2.0093023255813955,0,0,174
CELL_01,mild,175,2025-01-30 14:40:59,3.589,3.021,4.206,3.318,4.956,26.66,30.94,38.87,97.91,91.43,51.67,98.782,91.43,59.04,0.6636,0.7234432234432236,0,0,175
CELL_01,mild,176,2025-01-30 18:52:00,3.652,3.043,4.253,3.095,3.938,27.01,32.35,41.98,98.73,93.48,57.76,98.777,93.48,56.75000000000001,0.619,1.435349940688019,0,0,176
CELL_01,mild,177,2025-01-30 22:12:03,3.57,2.964,4.17,2.738,3.9,24.95,29.09,45.38,96.54,109.62,54.8,98.764,109.62,51.160000000000004,0.5476,1.0378657487091223,0,0,177
CELL_01,mild,178,2025-01-31 02:13:15,3.625,2.954,4.255,3.563,4.66,22.93,29.29,40.7,96.41,83.72,45.58,98.75,83.72,55.709999999999994,0.7126,1.1859617137648129,0,0,178
CELL_01,mild,179,2025-01-31 08:19:03,3.603,3.041,4.171,1.781,2.475,25.78,29.14,39.26,98.75,166.03,101.26,98.744,166.03,59.49,0.35619999999999996,1.628242074927954,0,0,179
CELL_01,mild,180,2025-01-31 11:33:01,3.61,3.029,4.175,3.529,5.063,25.14,31.94,41.7,96.42,76.51,46.27,98.74,76.51,54.72,0.7058,0.7470664928292047,0,0,180
CELL_01,mild,181,2025-01-31 15:56:03,3.66,3.07,4.192,2.773,4.012,23.9,28.38,42.31,96.21,114.48,57.56,98.739,114.48,53.89999999999999,0.5546,0.9055690072639232,0,0,181
CELL_01,mild,182,2025-01-31 19:38:58,3.63,2.963,4.235,2.791,3.968,25.73,31.16,42.32,98.61,108.06,58.98,98.736,108.06,56.29,0.5582,1.0807136788445202,0,0,182
CELL_01,mild,183,2025-01-31 23:15:52,3.58,2.976,4.204,3.37,4.059,23.91,27.36,38.88,98.06,81.09,52.25,98.724,81.09,59.18,0.674,1.782293178519593,0,0,183
CELL_01,mild,184,2025-02-01 02:55:59,3.607,2.962,4.248,2.979,4.181,20.18,23.22,35.39,98.08,99.99,66.22,98.718,99.99,62.69,0.5958,1.069883527454243,0,0,184
CELL_01,mild,185,2025-02-01 06:39:53,3.583,2.905,4.26,3.082,4.482,25.2,29.6,29.74,97.49,99.36,67.27,98.717,99.36,67.75,0.6164,0.9678571428571426,0,0,185
CELL_01,mild,186,2025-02-01 10:29:53,3.596,2.995,4.176,2.601,3.705,23.13,26.39,41.65,97.94,114.7,65.01,98.716,114.7,56.29,0.5202,1.0697463768115942,0,0,186
CELL_01,mild,187,2025-02-01 14:40:39,3.623,3.027,4.209,2.444,3.528,24.25,29.74,40.71,99.13,125.28,69.35,98.706,125.28,58.419999999999995,0.4888,1.0904059040590401,0,0,187
CELL_01,mild,188,2025-02-01 17:58:44,3.546,2.902,4.233,3.31,4.118,24.53,29.41,34.6,96.25,90.75,55.57,98.696,90.75,61.65,0.662,1.6472772277227712,0,0,188
CELL_01,mild,189,2025-02-01 21:31:25,3.608,2.987,4.175,2.91,3.969,29.05,32.35,37.06,97.1,99.4,61.49,98.686,99.4,60.03999999999999,0.5820000000000001,1.1218130311614731,0,0,189
CELL_01,mild,190,2025-02-02 01:56:42,3.601,3.019,4.178,3.166,4.214,25.74,32.58,36.8,97.04,96.41,57.17,98.685,96.41,60.24000000000001,0.6332,1.1059160305343505,0,0,190
CELL_01,mild,191,2025-02-02 04:27:43,3.629,3.028,4.237,3.902,4.972,25.85,31.88,36.55,96.65,73.27,46.67,98.681,73.27,60.10000000000001,0.7804,1.1299065420560745,0,0,191
CELL_01,mild,192,2025-02-02 07:50:15,3.583,2.944,4.203,2.896,4.027,28.12,31.16,33.82,96.91,103.12,66.78,98.68,103.12,63.089999999999996,0.5791999999999999,1.1131741821396994,0,0,192
CELL_01,mild,193,2025-02-02 11:59:35,3.574,2.909,4.246,3.372,5.051,29.2,32.67,38.39,97.16,84.16,49.59,98.673,84.16,58.769999999999996,0.6744,0.7963073257891604,0,0,193
CELL_01,mild,194,2025-02-02 15:31:27,3.59,2.972,4.236,2.704,3.702,25.3,30.61,31.04,97.0,106.37,71.99,98.668,106.37,65.96000000000001,0.5408000000000001,1.2665330661322647,0,0,194
CELL_01,mild,195,2025-02-02 18:47:56,3.594,3.052,4.199,3.988,5.404,24.19,30.99,34.89,98.33,74.35,49.27,98.65,74.35,63.44,0.7976,0.8100282485875705,0,0,195
CELL_01,mild,196,2025-02-03 00:06:22,3.631,3.071,4.191,2.337,3.037,24.19,29.18,34.7,96.74,132.15,81.06,98.649,132.15,62.03999999999999,0.46740000000000004,1.6,0,0,196
CELL_01,mild,197,2025-02-03 04:37:14,3.552,2.908,4.183,2.111,2.802,27.47,33.56,43.97,98.62,134.46,79.05,98.648,134.46,54.650000000000006,0.4222,1.8451519536903043,0,0,197
CELL_01,mild,198,2025-02-03 08:54:18,3.599,2.961,4.203,3.41,4.525,22.95,26.88,33.31,99.39,86.59,59.3,98.647,86.59,66.08,0.682,1.11390134529148,0,0,198
CELL_01,mild,199,2025-02-03 13:14:49,3.575,2.933,4.248,3.043,4.299,23.8,29.17,31.53,98.64,98.91,67.31,98.646,98.91,67.11,0.6086,1.0469745222929938,0,0,199
CELL_01,mild,200,2025-02-03 18:02:18,3.692,3.087,4.253,2.522,3.306,26.59,32.62,37.87,98.04,121.41,73.56,98.643,121.41,60.17000000000001,0.5044,1.487244897959183,0,0,200
CELL_01,mild,201,2025-02-03 22:20:38,3.654,3.096,4.256,2.721,3.539,26.33,30.43,37.12,99.23,113.07,70.6,98.632,113.07,62.11000000000001,0.5442,1.4180929095354524,0,0,201
CELL_01,mild,202,2025-02-04 03:05:33,3.578,2.905,4.254,2.733,3.594,25.18,29.7,36.67,98.94,112.11,69.27,98.631,112.11,62.269999999999996,0.5466,1.56678281068525,0,0,202
CELL_01,mild,203,2025-02-04 07:14:40,3.651,3.06,4.226,3.349,4.199,26.0,29.21,37.77,98.02,88.73,51.97,98.63,88.73,60.24999999999999,0.6698000000000001,1.3717647058823534,0,0,203
CELL_01,mild,204,2025-02-04 10:31:02,3.665,3.067,4.261,3.386,4.644,22.98,28.67,41.75,98.5,85.59,49.0,98.629,85.59,56.75,0.6772,0.9491255961844197,0,0,204
CELL_01,mild,205,2025-02-04 15:00:22,3.537,2.966,4.176,2.732,3.84,21.96,27.89,32.05,97.62,109.35,73.07,98.611,109.35,65.57000000000001,0.5464,1.0920577617328524,0,0,205
CELL_01,mild,206,2025-02-04 19:41:08,3.558,2.955,4.214,2.753,3.533,27.29,31.09,28.8,96.41,113.53,73.83,98.61,113.53,67.61,0.5506,1.614102564102565,0,0,206
CELL_01,mild,207,2025-02-04 22:58:19,3.568,2.957,4.236,2.958,3.788,21.31,25.9,41.7,97.06,102.6,56.31,98.607,102.6,55.36,0.5916,1.5409638554216873,0,0,207
CELL_01,mild,208,2025-02-05 02:08:41,3.668,3.093,4.196,3.624,4.365,25.37,30.77,29.58,97.07,78.06,57.9,98.594,78.06,67.49,0.7248,1.4885290148448038,0,0,208
CELL_01,mild,209,2025-02-05 05:32:36,3.636,3.018,4.241,3.276,4.13,27.04,33.82,35.07,96.42,96.67,54.46,98.589,96.67,61.35,0.6552,1.4320843091334892,0,0,209
CELL_01,mild,210,2025-02-05 09:09:34,3.634,3.034,4.268,3.249,4.082,24.49,29.29,39.91,99.36,93.29,54.62,98.583,93.29,59.45,0.6498,1.4813925570228095,0,0,210
CELL_01,mild,211,2025-02-05 12:01:56,3.623,2.948,4.242,3.875,5.391,24.13,30.02,44.07,96.04,79.13,40.95,98.582,79.13,51.970000000000006,0.775,0.8535620052770448,0,0,211
CELL_01,mild,212,2025-02-05 16:21:34,3.599,2.916,4.266,2.85,3.995,23.26,26.51,29.9,98.43,101.08,73.05,98.576,101.08,68.53,0.5700000000000001,1.1790393013100438,0,0,212
CELL_01,mild,213,2025-02-05 20:00:53,3.598,3.008,4.197,3.342,4.596,26.74,31.82,31.84,96.27,88.97,59.47,98.56,88.97,64.42999999999999,0.6684,0.9481658692185009,0,0,213
CELL_01,mild,214,2025-02-06 00:27:08,3.637,3.03,4.264,2.491,3.32,26.28,31.8,33.56,97.71,118.35,73.7,98.556,118.35,64.14999999999999,0.49820000000000003,1.488540410132691,0,0,214
CELL_01,mild,215,2025-02-06 04:19:18,3.581,2.937,4.237,2.861,3.493,24.01,29.63,29.82,97.04,105.37,70.77,98.555,105.37,67.22,0.5722,2.0569620253164573,0,0,215
CELL_01,mild,216,2025-02-06 09:15:15,3.599,2.971,4.253,2.17,2.836,25.66,29.9,37.64,98.14,134.8,85.64,98.554,134.8,60.5,0.434,1.9249249249249252,0,0,216
CELL_01,mild,217,2025-02-06 13:16:38,3.656,3.068,4.256,3.184,4.467,24.54,29.75,42.27,98.01,99.0,51.75,98.553,99.0,55.74,0.6368,0.9259547934528454,0,0,217
CELL_01,mild,218,2025-02-06 16:38:54,3.574,2.9,4.242,3.372,4.213,25.72,29.44,41.66,96.47,88.13,52.26,98.544,88.13,54.81,0.6744,1.5957193816884658,0,0,218
CELL_01,mild,219,2025-02-06 21:37:19,3.651,3.092,4.232,2.311,2.926,24.57,29.64,39.97,98.43,134.04,71.7,98.527,134.04,58.46000000000001,0.4622,1.8536585365853655,0,0,219
CELL_01,mild,220,2025-02-07 01:41:28,3.63,3.026,4.224,2.351,3.436,20.34,26.15,37.65,97.65,126.58,74.72,98.526,126.58,60.00000000000001,0.4702,1.1041474654377885,0,0,220
CELL_01,mild,221,2025-02-07 05:53:17,3.548,2.904,4.25,3.019,4.003,23.01,27.58,36.33,99.58,97.07,62.76,98.502,97.07,63.25,0.6038,1.3678861788617886,0,0,221
CELL_01,mild,222,2025-02-07 10:29:13,3.596,2.997,4.204,3.066,4.455,26.92,30.93,33.06,99.29,98.85,67.66,98.5,98.85,66.23,0.6132,0.8689704823614108,0,0,222
CELL_01,mild,223,2025-02-07 13:47:51,3.644,3.075,4.209,2.979,3.634,23.4,27.95,39.53,99.21,100.85,61.1,98.494,100.85,59.67999999999999,0.5958,1.7312977099236637,0,0,223
CELL_01,mild,224,2025-02-07 17:05:36,3.553,2.964,4.192,3.673,5.024,23.88,28.38,41.46,99.99,81.11,44.86,98.493,81.11,58.529999999999994,0.7346,0.908956328645448,0,0,224
CELL_01,mild,225,2025-02-07 21:18:25,3.553,2.901,4.251,3.326,4.474,26.79,32.63,29.66,96.03,94.74,60.41,98.475,94.74,66.37,0.6652,1.1759581881533103,0,0,225
CELL_01,mild,226,2025-02-08 01:30:21,3.621,3.048,4.187,3.029,4.198,25.83,32.04,44.41,98.68,100.12,53.53,98.468,100.12,54.27000000000001,0.6058,0.9743370402053034,0,0,226
CELL_01,mild,227,2025-02-08 05:54:02,3.628,3.043,4.198,2.484,3.334,28.4,34.96,32.96,98.32,117.76,77.68,98.467,117.76,65.35999999999999,0.4968,1.3588235294117648,0,0,227
CELL_01,mild,228,2025-02-08 09:24:07,3.637,2.977,4.253,3.016,4.248,23.63,30.26,43.17,96.31,102.27,54.06,98.466,102.27,53.14,0.6032,1.0357142857142858,0,0,228
CELL_01,mild,229,2025-02-08 12:42:45,3.589,3.019,4.197,3.299,4.175,25.34,29.64,34.31,97.08,92.56,59.17,98.455,92.56,62.769999999999996,0.6597999999999999,1.3447488584474887,0,0,229
CELL_01,mild,230,2025-02-08 16:17:25,3.556,2.952,4.174,3.717,4.496,26.52,29.87,42.48,97.73,79.09,45.57,98.45,79.09,55.25000000000001,0.7434000000000001,1.5686777920410782,0,0,230
CELL_01,mild,231,2025-02-08 20:47:12,3.603,3.015,4.177,3.168,4.038,26.36,32.91,38.81,97.3,92.28,57.72,98.442,92.28,58.489999999999995,0.6336,1.3356321839080452,0,0,231
CELL_01,mild,232,2025-02-09 00:10:19,3.574,2.972,4.249,2.748,3.316,25.63,29.6,37.01,96.52,105.56,66.25,98.431,105.56,59.51,0.5496000000000001,2.2482394366197194,0,0,232
CELL_01,mild,233,2025-02-09 04:00:25,3.663,3.025,4.257,3.193,4.372,26.24,32.29,29.51,96.16,99.21,65.88,98.409,99.21,66.64999999999999,0.6386000000000001,1.0449533502968618,0,0,233
CELL_01,mild,234,2025-02-09 07:17:42,3.621,3.006,4.192,3.08,4.011,24.02,27.93,36.2,99.72,99.49,62.98,98.389,99.49,63.519999999999996,0.616,1.27389903329753,0,0,234
CELL_01,mild,235,2025-02-09 10:47:33,3.614,3.03,4.198,3.981,5.61,28.91,34.62,40.02,97.49,72.29,44.11,98.388,72.29,57.46999999999999,0.7962,0.7170042971147945,0,0,235
CELL_01,mild,236,2025-02-09 14:24:29,3.661,3.056,4.231,3.237,3.903,25.75,30.57,31.92,96.68,89.74,61.02,98.353,89.74,64.76,0.6474,1.7642642642642643,0,0,236
CELL_01,mild,237,2025-02-09 18:11:13,3.573,2.91,4.174,3.878,5.066,25.48,29.59,45.44,99.69,76.92,40.35,98.34,76.92,54.25,0.7756000000000001,1.0639730639730645,0,0,237
CELL_01,mild,238,2025-02-09 21:42:29,3.629,3.047,4.199,2.829,3.562,25.52,31.16,37.4,99.54,109.61,66.04,98.337,109.61,62.14000000000001,0.5658000000000001,1.57162346521146,0,0,238
CELL_01,mild,239,2025-02-10 02:04:51,3.553,2.942,4.193,2.897,3.538,23.97,30.87,40.25,99.27,102.86,57.65,98.336,102.86,59.019999999999996,0.5793999999999999,1.95163806552262,0,0,239
CELL_01,mild,240,2025-02-10 05:49:32,3.597,2.971,4.238,2.619,3.345,24.07,28.38,41.59,96.52,117.17,63.57,98.335,117.17,54.92999999999999,0.5238,1.7451790633608821,0,0,240
CELL_01,mild,241,2025-02-10 09:46:04,3.599,3.001,4.185,2.82,3.876,24.94,29.15,42.5,98.25,108.72,56.46,98.334,108.72,55.75,0.564,1.1212121212121209,0,0,241
CELL_01,mild,242,2025-02-10 16:01:45,3.633,3.033,4.248,1.839,2.524,24.95,29.18,44.83,98.9,166.8,89.82,98.329,166.8,54.07000000000001,0.3678,1.7737226277372267,0,0,242
CELL_01,mild,243,2025-02-10 20:28:39,3.671,3.068,4.207,2.974,4.0,24.44,28.22,33.73,97.96,104.04,64.25,98.328,104.04,64.22999999999999,0.5948,1.1101364522417154,0,0,243
CELL_01,mild,244,2025-02-11 01:13:04,3.569,3.029,4.193,2.372,3.195,21.07,24.58,37.01,98.32,123.77,79.25,98.32,123.77,61.309999999999995,0.4744,1.4143377885783714,0,0,244
CELL_01,mild,245,2025-02-11 04:38:41,3.677,3.094,4.228,2.726,4.029,23.82,27.7,40.92,96.73,107.07,60.73,98.319,107.07,55.81,0.5452,0.8702993092862624,0,0,245
CELL_01,mild,246,2025-02-11 08:37:24,3.561,2.944,4.192,3.234,4.534,27.39,32.62,34.69,96.7,93.65,58.6,98.31,93.65,62.010000000000005,0.6468,0.9600000000000003,0,0,246
CELL_01,mild,247,2025-02-11 12:28:59,3.536,2.908,4.2,2.984,4.406,23.73,28.56,35.11,97.4,98.32,61.3,98.307,98.32,62.290000000000006,0.5968,0.9085794655414913,0,0,247
CELL_01,mild,248,2025-02-11 17:02:43,3.697,3.1,4.247,2.393,3.3,26.78,32.82,37.94,97.72,123.57,74.21,98.306,123.57,59.78,0.47859999999999997,1.2646085997794925,0,0,248
CELL_01,mild,249,2025-02-11 22:00:48,3.587,2.932,4.173,1.958,2.842,26.54,31.58,36.93,98.01,152.32,90.48,98.299,152.32,61.080000000000005,0.3916,1.4038461538461537,0,0,249
CELL_01,mild,250,2025-02-12 02:06:26,3.602,2.925,4.248,2.756,3.929,23.21,26.91,31.46,97.57,111.07,69.71,98.294,111.07,66.10999999999999,0.5511999999999999,1.1278772378516626,0,0,250
CELL_01,mild,251,2025-02-12 06:41:50,3.647,3.034,4.264,2.903,4.32,25.2,31.3,30.46,96.94,98.97,70.1,98.293,98.97,66.47999999999999,0.5806,0.8680310515172902,0,0,251
CELL_01,mild,252,2025-02-12 09:46:12,3.652,3.093,4.172,3.267,4.196,27.29,34.08,35.45,97.11,88.57,58.7,98.292,88.57,61.66,0.6534,1.1614639397201292,0,0,252
CELL_01,mild,253,2025-02-12 13:22:51,3.549,2.918,4.187,3.32,4.046,21.72,26.09,41.3,99.34,91.25,50.25,98.289,91.25,58.040000000000006,0.6639999999999999,1.7479338842975198,0,0,253
CELL_01,mild,254,2025-02-12 17:34:48,3.65,3.016,4.261,2.814,4.013,25.97,29.96,28.63,99.0,108.52,76.43,98.288,108.52,70.37,0.5628,1.0383653044203505,0,0,254
CELL_01,mild,255,2025-02-12 20:36:56,3.541,2.938,4.189,3.568,4.572,26.86,33.45,40.82,99.64,78.43,47.78,98.281,78.43,58.82,0.7136,1.2460159362549799,0,0,255
CELL_01,mild,256,2025-02-13 02:19:32,3.569,2.923,4.225,2.188,2.733,28.43,33.4,33.83,97.74,139.69,89.06,98.263,139.69,63.91,0.43760000000000004,2.388990825688073,0,0,256
CELL_01,mild,257,2025-02-13 08:05:07,3.639,3.065,4.251,2.173,2.614,25.53,31.16,33.23,99.59,135.35,91.99,98.262,135.35,66.36000000000001,0.4346,2.6893424036281197,0,0,257
CELL_01,mild,258,2025-02-13 12:08:38,3.593,3.032,4.224,2.66,3.218,24.81,28.66,38.21,98.96,112.57,69.67,98.254,112.57,60.74999999999999,0.532,2.136200716845879,0,0,258
CELL_01,mild,259,2025-02-13 15:39:36,3.628,3.065,4.253,3.243,4.241,24.17,28.08,29.02,98.46,91.52,59.91,98.238,91.52,69.44,0.6486,1.1903807615230466,0,0,259
CELL_01,mild,260,2025-02-13 19:41:30,3.586,2.944,4.209,2.574,3.739,23.96,27.8,38.27,97.93,114.16,70.45,98.237,114.16,59.660000000000004,0.5147999999999999,1.0858369098712444,0,0,260
CELL_01,mild,261,2025-02-14 01:04:08,3.636,3.031,4.268,1.756,2.192,25.38,30.51,33.88,96.13,172.36,109.8,98.235,172.36,62.24999999999999,0.3512,2.8371559633027505,0,0,261
CELL_01,mild,262,2025-02-14 04:22:06,3.619,3.01,4.211,3.244,4.238,23.59,29.04,35.41,96.31,87.8,57.18,98.217,87.8,60.900000000000006,0.6488,1.2082494969818915,0,0,262
CELL_01,mild,263,2025-02-14 08:01:39,3.565,2.936,4.186,2.722,3.589,24.42,29.08,42.62,98.7,109.33,59.4,98.211,109.33,56.080000000000005,0.5444,1.441753171856978,0,0,263
CELL_01,mild,264,2025-02-14 12:04:02,3.66,3.027,4.234,2.872,4.236,27.04,32.05,37.97,99.74,110.43,63.4,98.203,110.43,61.769999999999996,0.5744,0.8848973607038123,0,0,264
CELL_01,mild,265,2025-02-14 15:17:19,3.622,2.976,4.262,3.6,4.786,26.55,30.14,36.57,99.33,81.91,53.61,98.175,81.91,62.76,0.72,1.0843170320404723,0,0,265
CELL_01,mild,266,2025-02-14 19:43:31,3.712,3.096,4.267,2.957,3.554,19.67,24.96,38.22,97.09,105.37,58.34,98.174,105.37,58.870000000000005,0.5913999999999999,1.9614740368509218,0,0,266
CELL_01,mild,267,2025-02-14 23:07:54,3.616,2.924,4.264,3.825,5.379,24.74,30.87,34.16,97.06,74.98,50.22,98.173,74.98,62.900000000000006,0.765,0.8622908622908628,0,0,267
CELL_01,mild,268,2025-02-15 02:42:55,3.612,3.08,4.179,2.831,4.04,22.94,27.61,39.31,97.67,102.58,61.4,98.166,102.58,58.36,0.5662,0.9090157154673285,0,0,268
CELL_01,mild,269,2025-02-15 07:42:26,3.621,3.017,4.172,2.045,2.472,25.98,32.69,39.47,97.68,149.69,84.03,98.161,149.69,58.21000000000001,0.409,2.7049180327868845,0,0,269
CELL_01,mild,270,2025-02-15 11:51:54,3.632,3.081,4.208,3.17,4.063,23.99,30.89,47.51,98.84,98.25,48.71,98.159,98.25,51.330000000000005,0.634,1.2620380739081751,0,0,270
CELL_01,mild,271,2025-02-15 15:40:06,3.609,3.074,4.179,2.945,3.832,23.58,29.85,43.28,99.72,99.55,58.85,98.156,99.55,56.44,0.589,1.2457722660653894,0,0,271
CELL_01,mild,272,2025-02-15 21:14:09,3.65,3.061,4.247,1.815,2.489,23.69,28.02,33.28,96.65,162.88,104.4,98.155,162.88,63.370000000000005,0.363,1.7596439169139466,0,0,272
CELL_01,mild,273,2025-02-16 01:17:53,3.618,2.952,4.259,2.527,3.519,24.22,27.36,36.78,97.57,120.54,71.54,98.154,120.54,60.78999999999999,0.5054000000000001,1.3175403225806455,0,0,273
CELL_01,mild,274,2025-02-16 05:33:41,3.616,2.931,4.244,3.486,4.599,22.14,27.83,36.71,99.3,84.92,51.57,98.152,84.92,62.589999999999996,0.6972,1.1796945193171606,0,0,274
CELL_01,mild,275,2025-02-16 08:59:13,3.582,2.985,4.204,4.141,5.48,26.79,33.25,28.01,97.16,73.08,52.39,98.138,73.08,69.14999999999999,0.8282,0.9103808812546673,0,0,275
CELL_01,mild,276,2025-02-16 13:33:44,3.543,2.921,4.183,2.638,3.85,26.09,32.2,33.69,97.01,116.43,73.8,98.117,116.43,63.32000000000001,0.5276,1.0412541254125411,0,0,276
CELL_01,mild,277,2025-02-16 17:20:47,3.604,2.947,4.233,2.632,3.706,26.47,31.19,28.19,97.1,116.1,76.92,98.102,116.1,68.91,0.5264,1.1973929236499066,0,0,277
CELL_01,mild,278,2025-02-16 22:33:38,3.579,2.993,4.172,1.943,2.525,25.65,31.59,41.15,99.72,154.66,89.81,98.1,154.66,58.57,0.3886,2.025773195876289,0,0,278
CELL_01,mild,279,2025-02-17 02:14:22,3.608,3.0,4.178,3.092,4.234,22.44,26.62,37.71,98.66,94.62,59.52,98.09,94.62,60.949999999999996,0.6184000000000001,1.031523642732049,0,0,279
CELL_01,mild,280,2025-02-17 04:58:37,3.689,3.08,4.25,3.518,4.959,24.52,28.09,43.09,98.1,84.92,49.23,98.083,84.92,55.00999999999999,0.7036,0.8119361554476059,0,0,280
CELL_01,mild,281,2025-02-17 08:45:54,3.602,2.965,4.237,2.881,4.087,23.24,28.89,42.1,98.53,106.26,54.83,98.082,106.26,56.43,0.5761999999999999,1.0547263681592043,0,0,281
CELL_01,mild,282,2025-02-17 11:55:55,3.584,2.971,4.196,3.138,4.437,25.57,31.49,37.89,96.0,97.42,54.95,98.051,97.42,58.11,0.6275999999999999,0.9430331023864506,0,0,282
CELL_01,mild,283,2025-02-17 16:50:14,3.55,2.919,4.188,2.835,3.67,20.7,26.12,33.17,97.55,106.65,68.07,98.036,106.65,64.38,0.567,1.519760479041916,0,0,283
CELL_01,mild,284,2025-02-17 20:23:12,3.621,3.035,4.239,3.507,4.633,25.18,30.51,40.03,97.22,82.78,48.12,98.029,82.78,57.19,0.7014,1.0692717584369449,0,0,284
CELL_01,mild,285,2025-02-17 23:12:31,3.555,2.937,4.173,3.881,5.378,27.2,33.22,34.18,99.49,72.09,49.57,98.014,72.09,65.31,0.7762,0.8256513026052104,0,0,285
CELL_01,mild,286,2025-02-18 04:16:20,3.57,2.911,4.181,2.679,3.284,25.7,29.2,25.39,98.17,113.96,86.05,98.013,113.96,72.78,0.5357999999999999,2.0991735537190084,0,0,286
CELL_01,mild,287,2025-02-18 07:22:13,3.615,3.062,4.229,3.457,5.079,25.0,30.75,39.96,97.01,90.88,47.91,98.012,90.88,57.050000000000004,0.6914,0.7194821208384712,0,0,287
CELL_01,mild,288,2025-02-18 10:45:37,3.585,2.963,4.176,3.404,4.107,29.33,35.13,49.77,99.65,91.79,45.97,98.011,91.79,49.88,0.6808,1.7254623044096722,0,0,288
CELL_01,mild,289,2025-02-18 15:16:52,3.644,3.094,4.208,2.74,3.769,24.43,29.08,31.79,99.74,107.99,74.03,98.01,107.99,67.94999999999999,0.548,1.0826044703595727,0,0,289
CELL_01,mild,290,2025-02-18 18:45:08,3.676,3.077,4.212,2.657,3.28,25.04,32.03,47.93,97.6,118.89,53.85,98.009,118.89,49.669999999999995,0.5314,1.821829855537721,0,0,290
CELL_01,mild,291,2025-02-18 21:26:28,3.612,2.968,4.183,3.725,4.919,25.8,29.41,37.25,97.91,79.45,46.61,98.008,79.45,60.66,0.745,1.0175879396984928,0,0,291
CELL_01,mild,292,2025-02-19 00:59:12,3.645,3.061,4.225,3.127,4.077,26.35,31.56,33.33,98.31,95.31,60.75,97.995,95.31,64.98,0.6254,1.2252631578947364,0,0,292
CELL_01,mild,293,2025-02-19 05:24:35,3.597,2.916,4.218,3.253,4.712,24.85,29.58,38.76,98.38,93.53,57.18,97.994,93.53,59.62,0.6506000000000001,0.8923920493488694,0,0,293
CELL_01,mild,294,2025-02-19 10:33:33,3.62,3.003,4.229,2.593,3.427,26.8,30.29,33.36,96.16,119.82,73.59,97.991,119.82,62.8,0.5186,1.4700239808153475,0,0,294
CELL_01,mild,295,2025-02-19 14:24:19,3.642,3.08,4.209,2.725,3.76,23.65,28.41,40.59,98.58,105.75,63.25,97.983,105.75,57.989999999999995,0.545,1.0908212560386472,0,0,295
CELL_01,mild,296,2025-02-19 18:28:24,3.617,3.02,4.212,3.106,4.459,27.42,33.62,32.18,98.53,92.54,65.23,97.974,92.54,66.35,0.6212,0.8810051736881005,0,0,296
CELL_01,mild,297,2025-02-19 22:07:54,3.638,3.033,4.179,3.07,3.893,22.42,25.66,36.95,98.42,97.07,57.62,97.973,97.07,61.47,0.614,1.3924665856622118,0,0,297
CELL_01,mild,298,2025-02-20 04:05:51,3.612,3.068,4.185,1.751,2.302,23.9,27.11,36.5,97.93,171.73,105.28,97.972,171.73,61.43000000000001,0.35019999999999996,2.0272232304900166,0,0,298
CELL_01,mild,299,2025-02-20 07:50:00,3.56,2.909,4.265,3.088,4.303,25.31,32.15,31.08,96.19,99.62,62.29,97.971,99.62,65.11,0.6176,1.1160493827160494,0,0,299
CELL_01,mild,300,2025-02-20 10:55:56,3.572,3.011,4.178,3.066,4.03,25.24,32.2,34.97,96.57,89.94,63.82,97.97,89.94,61.599999999999994,0.6132,1.2105809128630698,0,0,300
CELL_01,mild,301,2025-02-20 14:58:44,3.6,2.979,4.194,3.765,4.874,22.98,26.37,42.4,99.83,82.8,47.0,97.969,82.8,57.43,0.753,1.0955816050495946,0,0,301
CELL_01,mild,302,2025-02-20 20:12:26,3.593,2.948,4.258,2.344,3.511,30.29,33.58,43.62,99.13,123.41,72.24,97.968,123.41,55.51,0.4688,1.122536418166238,0,0,302
CELL_01,mild,303,2025-02-20 23:33:26,3.624,3.061,4.257,3.856,5.59,26.0,30.34,41.59,98.92,76.7,44.92,97.966,76.7,57.33,0.7712,0.6897347174163782,0,0,303
CELL_01,mild,304,2025-02-21 03:06:02,3.609,2.979,4.184,3.003,4.212,22.86,27.47,35.75,96.54,92.02,58.39,97.965,92.02,60.790000000000006,0.6006,0.9966914805624487,0,0,304
CELL_01,mild,305,2025-02-21 06:44:35,3.643,3.048,4.173,4.048,5.113,27.99,31.64,28.6,97.89,72.24,53.76,97.964,72.24,69.28999999999999,0.8096,1.0563380281690138,0,0,305
CELL_01,mild,306,2025-02-21 09:30:09,3.598,2.927,4.197,3.414,4.597,25.87,31.14,35.16,98.44,82.33,52.66,97.959,82.33,63.28,0.6828000000000001,1.0735418427726118,0,0,306
CELL_01,mild,307,2025-02-21 13:53:20,3.59,2.994,4.18,3.32,4.158,21.32,27.26,36.26,96.1,96.72,55.77,97.949,96.72,59.839999999999996,0.6639999999999999,1.4152744630071585,0,0,307
CELL_01,mild,308,2025-02-21 17:20:55,3.619,2.986,4.246,3.092,4.462,19.98,23.76,33.71,98.39,95.3,64.4,97.948,95.3,64.68,0.6184000000000001,0.9197080291970807,0,0,308
CELL_01,mild,309,2025-02-21 20:58:27,3.528,2.918,4.188,3.96,4.849,23.37,28.59,43.68,98.35,76.04,38.44,97.947,76.04,54.669999999999995,0.792,1.4285714285714277,0,0,309
CELL_01,mild,310,2025-02-22 00:56:31,3.543,2.904,4.186,3.591,5.314,21.87,24.93,32.51,99.19,89.25,57.7,97.935,89.25,66.68,0.7182000000000001,0.7440510737086478,0,0,310
CELL_01,mild,311,2025-02-22 05:14:28,3.56,2.944,4.184,3.168,4.045,23.05,29.57,31.16,96.2,98.15,61.59,97.934,98.15,65.04,0.6336,1.4139110604332958,0,0,311
CELL_01,mild,312,2025-02-22 10:49:31,3.667,3.029,4.264,2.154,3.215,26.52,32.56,40.87,96.84,141.58,76.56,97.919,141.58,55.970000000000006,0.43079999999999996,1.1639962299717252,0,0,312
CELL_01,mild,313,2025-02-22 15:14:15,3.595,2.962,4.213,2.314,3.126,23.03,28.72,40.34,98.92,131.96,78.54,97.918,131.96,58.58,0.4628,1.5406403940886702,0,0,313
CELL_01,mild,314,2025-02-22 18:30:13,3.637,3.079,4.255,3.038,4.33,22.16,25.96,36.93,97.48,98.68,57.48,97.917,98.68,60.550000000000004,0.6075999999999999,0.9102167182662535,0,0,314
CELL_01,mild,315,2025-02-22 22:02:58,3.61,3.053,4.185,3.391,4.942,23.38,29.61,45.07,99.5,88.88,48.81,97.916,88.88,54.43,0.6782,0.7298517085751125,0,0,315
CELL_01,mild,316,2025-02-23 02:24:21,3.626,3.072,4.184,3.015,4.343,27.46,33.04,42.48,97.25,103.13,55.19,97.904,103.13,54.77,0.603,0.8373493975903616,0,0,316
CELL_01,mild,317,2025-02-23 05:32:31,3.622,2.95,4.258,3.515,4.932,24.72,31.15,34.83,96.53,90.77,52.25,97.903,90.77,61.7,0.7030000000000001,0.9230769230769228,0,0,317
CELL_01,mild,318,2025-02-23 09:45:03,3.626,3.021,4.217,3.106,4.203,27.1,33.45,45.6,98.88,94.81,52.22,97.895,94.81,53.279999999999994,0.6212,1.0902461257976293,0,0,318
CELL_01,mild,319,2025-02-23 13:40:51,3.633,3.077,4.175,2.714,3.589,27.44,31.89,34.23,99.52,111.09,72.31,97.894,111.09,65.28999999999999,0.5428,1.2548571428571427,0,0,319
CELL_01,mild,320,2025-02-23 18:01:51,3.562,2.902,4.225,2.635,3.272,26.59,33.35,32.59,97.57,109.74,74.42,97.893,109.74,64.97999999999999,0.5269999999999999,2.076923076923076,0,0,320
CELL_01,mild,321,2025-02-23 22:16:04,3.613,3.019,4.212,2.909,4.07,27.03,32.05,38.82,98.03,101.97,63.85,97.884,101.97,59.21,0.5818,1.0275624461670967,0,0,321
CELL_01,mild,322,2025-02-24 01:29:39,3.597,2.964,4.23,2.857,3.868,24.03,28.71,47.29,99.01,104.31,54.35,97.874,104.31,51.720000000000006,0.5714,1.2522255192878347,0,0,322
CELL_01,mild,323,2025-02-24 05:27:01,3.589,2.914,4.243,2.643,3.267,24.26,28.14,42.74,96.0,115.74,60.22,97.869,115.74,53.26,0.5286,2.129807692307692,0,0,323
CELL_01,mild,324,2025-02-24 09:01:48,3.644,3.099,4.194,3.404,4.121,22.92,27.42,29.16,96.44,86.42,58.39,97.854,86.42,67.28,0.6808,1.5271966527196639,0,0,324
CELL_01,mild,325,2025-02-24 12:41:13,3.671,3.097,4.246,3.139,4.221,25.21,31.65,29.25,99.46,90.7,67.6,97.847,90.7,70.21,0.6277999999999999,1.0619223659889097,0,0,325
CELL_01,mild,326,2025-02-24 16:23:52,3.597,3.066,4.171,2.741,3.567,23.87,26.9,46.38,99.28,110.14,56.3,97.846,110.14,52.9,0.5482,1.3377723970944313,0,0,326
CELL_01,mild,327,2025-02-24 21:54:18,3.632,3.091,4.177,1.962,2.418,21.34,27.84,45.76,99.62,149.71,80.23,97.845,149.71,53.86000000000001,0.39239999999999997,2.381578947368419,0,0,327
CELL_01,mild,328,2025-02-25 02:08:24,3.579,2.938,4.253,3.16,4.654,24.02,27.51,40.74,96.28,94.33,52.9,97.839,94.33,55.54,0.632,0.8801874163319947,0,0,328
CELL_01,mild,329,2025-02-25 05:31:28,3.587,2.958,4.208,2.918,3.75,25.02,31.09,41.37,99.74,96.12,61.88,97.83,96.12,58.37,0.5836,1.5024038461538465,0,0,329
CELL_01,mild,330,2025-02-25 09:09:55,3.574,2.931,4.225,3.008,4.192,23.26,27.51,31.73,98.96,98.22,65.56,97.827,98.22,67.22999999999999,0.6016,1.0929054054054048,0,0,330
CELL_01,mild,331,2025-02-25 13:53:04,3.618,2.976,4.248,2.8,4.184,24.23,27.95,38.19,97.57,102.71,66.02,97.826,102.71,59.379999999999995,0.5599999999999999,0.9190751445086704,0,0,331
CELL_01,mild,332,2025-02-25 18:01:01,3.556,2.967,4.202,3.431,4.188,24.34,31.01,37.84,99.23,88.33,56.32,97.825,88.33,61.39,0.6862,1.6314398943196835,0,0,332
CELL_01,mild,333,2025-02-25 21:04:05,3.596,3.039,4.207,3.489,4.816,23.06,26.85,38.5,96.95,87.57,49.28,97.807,87.57,58.45,0.6978,0.8801808590806328,0,0,333
CELL_01,mild,334,2025-02-25 23:58:05,3.623,3.038,4.202,3.401,4.107,24.71,28.15,40.38,98.74,86.41,50.33,97.806,86.41,58.35999999999999,0.6801999999999999,1.6487252124645886,0,0,334
CELL_01,mild,335,2025-02-26 03:53:05,3.608,2.962,4.263,2.996,3.707,24.1,27.46,43.59,99.64,97.7,57.44,97.792,97.7,56.05,0.5992,1.829817158931083,0,0,335
CELL_01,mild,336,2025-02-26 08:33:44,3.618,2.974,4.247,2.785,3.617,25.24,30.38,42.02,99.67,109.56,61.82,97.773,109.56,57.65,0.557,1.5300480769230769,0,0,336
CELL_01,mild,337,2025-02-26 14:07:00,3.586,2.989,4.22,2.078,3.093,21.93,27.91,40.66,99.68,143.6,86.6,97.754,143.6,59.02000000000001,0.41559999999999997,1.2128078817733987,0,0,337
CELL_01,mild,338,2025-02-26 17:33:53,3.676,3.088,4.233,2.89,4.157,25.8,30.16,31.7,97.45,102.79,69.49,97.739,102.79,65.75,0.5780000000000001,0.9037095501183896,0,0,338
CELL_01,mild,339,2025-02-26 20:26:25,3.609,3.05,4.225,3.663,4.6,28.34,33.14,43.71,99.0,79.11,43.97,97.735,79.11,55.29,0.7325999999999999,1.2540021344717183,0,0,339
CELL_01,mild,340,2025-02-27 02:47:31,3.598,3.041,4.196,1.706,2.316,28.33,35.2,44.01,99.59,178.13,97.45,97.734,178.13,55.580000000000005,0.3412,1.8934426229508197,0,0,340
CELL_01,mild,341,2025-02-27 06:30:52,3.625,3.015,4.205,3.444,5.14,22.64,28.55,37.54,98.4,87.7,51.88,97.72,87.7,60.86000000000001,0.6888,0.7016509433962265,0,0,341
CELL_01,mild,342,2025-02-27 10:49:49,3.576,2.918,4.248,2.956,4.319,23.9,28.48,31.54,97.36,97.85,67.51,97.718,97.85,65.82,0.5912,0.9757887013939839,0,0,342
CELL_01,mild,343,2025-02-27 14:53:39,3.65,3.072,4.237,2.954,4.04,29.37,33.15,33.99,96.85,101.32,65.02,97.71,101.32,62.85999999999999,0.5908,1.0727440147329652,0,0,343
CELL_01,mild,344,2025-02-27 19:13:21,3.633,3.02,4.187,2.648,3.625,25.34,29.38,39.97,98.13,113.54,62.91,97.705,113.54,58.16,0.5296000000000001,1.1944728761514845,0,0,344
CELL_01,mild,345,2025-02-27 22:24:32,3.575,3.004,4.19,4.576,5.95,26.14,31.63,43.66,98.41,67.08,34.85,97.702,67.08,54.75,0.9151999999999999,0.8631732168850073,0,0,345
CELL_01,mild,346,2025-02-28 03:09:27,3.676,3.085,4.221,2.149,3.18,23.35,28.1,35.17,97.39,139.51,85.14,97.701,139.51,62.22,0.4298,1.10184287099903,0,0,346
CELL_01,mild,347,2025-02-28 07:04:19,3.593,2.947,4.219,3.009,4.165,28.29,33.23,34.54,96.34,99.32,60.1,97.7,99.32,61.800000000000004,0.6018,1.1003460207612457,0,0,347
CELL_01,mild,348,2025-02-28 10:36:51,3.606,2.911,4.254,2.663,3.225,23.78,29.86,35.89,96.48,111.1,67.84,97.699,111.1,60.59,0.5326,2.389679715302489,0,0,348
CELL_01,mild,349,2025-02-28 14:59:36,3.577,2.92,4.247,2.661,3.486,29.34,34.62,44.45,97.33,115.8,60.19,97.698,115.8,52.879999999999995,0.5322,1.6084848484848482,0,0,349
CELL_01,mild,350,2025-02-28 18:46:08,3.648,3.085,4.176,2.943,3.813,26.99,31.81,29.02,97.13,104.7,69.35,97.671,104.7,68.11,0.5886,1.2540229885057472,0,0,350
CELL_01,mild,351,2025-02-28 23:08:12,3.585,2.916,4.239,2.948,4.071,26.86,32.1,40.13,98.06,103.9,59.2,97.664,103.9,57.93,0.5896,1.1780943900267145,0,0,351
CELL_01,mild,352,2025-03-01 03:07:35,3.579,2.926,4.202,3.42,4.744,22.98,27.61,37.95,99.6,84.97,56.33,97.663,84.97,61.64999999999999,0.6839999999999999,0.9637462235649547,0,0,352
CELL_01,mild,353,2025-03-01 07:16:20,3.604,3.097,4.192,2.818,3.507,21.92,27.39,36.89,96.16,105.36,62.51,97.662,105.36,59.269999999999996,0.5636,1.5892597968069668,0,0,353
CELL_01,mild,354,2025-03-01 12:05:53,3.567,2.917,4.225,2.747,4.027,27.94,31.03,39.56,99.27,108.65,66.71,97.656,108.65,59.709999999999994,0.5494,1.0218749999999996,0,0,354
CELL_01,mild,355,2025-03-01 15:23:39,3.618,3.086,4.191,3.617,5.171,22.8,29.56,30.0,97.1,85.37,56.95,97.654,85.37,67.1,0.7234,0.7110682110682109,0,0,355
CELL_01,mild,356,2025-03-01 19:45:22,3.587,2.936,4.265,2.753,4.022,23.75,27.97,31.68,97.74,107.19,69.79,97.636,107.19,66.06,0.5506,1.0472813238770682,0,0,356
CELL_01,mild,357,2025-03-01 23:36:15,3.553,2.971,4.211,2.879,3.599,28.26,32.17,38.1,96.23,102.31,60.83,97.614,102.31,58.13,0.5758,1.722222222222222,0,0,357
CELL_01,mild,358,2025-03-02 06:13:33,3.606,3.032,4.175,1.69,2.378,27.0,32.8,35.35,96.03,177.75,107.65,97.613,177.75,60.68,0.33799999999999997,1.6613372093023249,0,0,358
CELL_01,mild,359,2025-03-02 11:46:06,3.614,3.093,4.24,2.241,2.948,26.24,32.43,31.27,99.46,133.79,89.77,97.612,133.79,68.19,0.44820000000000004,1.622347949080623,0,0,359
CELL_01,mild,360,2025-03-02 14:37:47,3.624,3.003,4.2,3.631,5.416,27.64,31.46,35.1,96.22,79.76,50.3,97.611,79.76,61.12,0.7262,0.6705882352941175,0,0,360
CELL_01,mild,361,2025-03-02 18:58:59,3.6,2.969,4.27,2.758,4.087,26.97,31.86,40.47,96.91,108.59,58.74,97.607,108.59,56.44,0.5516,0.9789315274642588,0,0,361
CELL_01,mild,362,2025-03-02 21:38:36,3.574,2.904,4.248,3.491,4.231,26.95,33.89,41.6,96.74,82.0,45.17,97.584,82.0,55.13999999999999,0.6982,1.8162162162162172,0,0,362
CELL_01,mild,363,2025-03-03 03:19:08,3.632,3.079,4.204,1.807,2.649,25.79,30.52,36.82,98.14,166.61,103.18,97.579,166.61,61.32,0.3614,1.3361045130641322,0,0,363
CELL_01,mild,364,2025-03-03 06:52:38,3.622,3.1,4.176,3.302,4.364,26.12,30.24,45.35,97.12,90.23,47.33,97.578,90.23,51.77,0.6604,1.0131826741996235,0,0,364
CELL_01,mild,365,2025-03-03 10:40:41,3.539,2.901,4.252,3.399,5.006,23.29,26.63,42.84,97.21,88.34,47.35,97.577,88.34,54.36999999999999,0.6798,0.8406969508400746,0,0,365
CELL_01,mild,366,2025-03-03 14:17:01,3.726,3.095,4.256,4.14,5.178,21.71,27.65,27.68,97.62,73.19,50.6,97.576,73.19,69.94,0.828,1.1184971098265895,0,0,366
CELL_01,mild,367,2025-03-03 18:20:21,3.602,2.969,4.214,2.695,3.544,25.55,31.0,37.44,97.48,115.87,66.68,97.569,115.87,60.040000000000006,0.5389999999999999,1.4664310954063606,0,0,367
CELL_01,mild,368,2025-03-03 23:07:00,3.511,2.902,4.236,2.639,3.374,27.73,33.97,41.82,98.02,113.88,65.06,97.559,113.88,56.199999999999996,0.5277999999999999,1.8149659863945566,0,0,368
CELL_01,mild,369,2025-03-04 03:58:02,3.629,2.992,4.21,2.582,3.17,25.42,31.89,43.79,98.33,117.83,62.61,97.558,117.83,54.54,0.5164,2.071428571428571,0,0,369
CELL_01,mild,370,2025-03-04 07:41:21,3.568,2.955,4.244,2.702,3.8,22.51,29.37,47.54,98.1,110.75,53.7,97.557,110.75,50.559999999999995,0.5404,1.1739526411657557,0,0,370
CELL_01,mild,371,2025-03-04 10:18:16,3.563,2.948,4.239,4.047,6.05,23.8,30.7,42.48,97.64,78.72,42.42,97.551,78.72,55.160000000000004,0.8093999999999999,0.6445332001997004,0,0,371
CELL_01,mild,372,2025-03-04 14:01:39,3.634,3.069,4.217,3.342,4.04,23.78,29.16,43.49,99.37,88.08,49.48,97.55,88.08,55.88,0.6684,1.6446991404011457,0,0,372
CELL_01,mild,373,2025-03-04 18:10:24,3.548,2.943,4.207,2.788,3.935,22.89,27.05,36.32,96.96,107.39,65.82,97.549,107.39,60.63999999999999,0.5576,1.1020052310374886,0,0,373
CELL_01,mild,374,2025-03-04 21:46:48,3.535,2.963,4.177,3.053,4.293,23.21,29.33,36.93,97.44,101.41,57.63,97.537,101.41,60.51,0.6106,0.9790322580645155,0,0,374
CELL_01,mild,375,2025-03-05 01:20:05,3.612,3.083,4.186,3.341,4.62,23.81,28.59,34.41,98.91,94.47,58.77,97.535,94.47,64.5,0.6682,0.8623924941360437,0,0,375
CELL_01,mild,376,2025-03-05 04:37:47,3.513,2.91,4.194,3.478,4.714,21.47,26.78,37.68,98.53,86.32,52.33,97.534,86.32,60.85,0.6956,1.0388349514563104,0,0,376
CELL_01,mild,377,2025-03-05 08:21:51,3.668,3.055,4.252,3.202,3.945,24.5,28.03,48.08,99.71,94.54,47.56,97.52,94.54,51.629999999999995,0.6404,1.611036339165545,0,0,377
CELL_01,mild,378,2025-03-05 14:49:22,3.573,2.916,4.214,1.754,2.441,25.89,31.48,27.55,96.14,172.26,113.71,97.519,172.26,68.59,0.3508,1.8893740902474538,0,0,378
CELL_01,mild,379,2025-03-05 18:57:31,3.552,2.915,4.182,3.079,4.272,20.26,23.68,28.39,98.6,95.6,67.61,97.509,95.6,70.21,0.6158,1.0620284995808889,0,0,379
CELL_01,mild,380,2025-03-05 23:25:41,3.623,3.028,4.205,3.169,4.065,24.7,31.04,42.06,98.94,96.95,53.52,97.5,96.95,56.879999999999995,0.6338,1.313616071428571,0,0,380
CELL_01,mild,381,2025-03-06 03:31:34,3.63,2.972,4.253,2.937,3.56,25.97,31.56,31.15,96.51,107.68,66.01,97.497,107.68,65.36000000000001,0.5873999999999999,2.0561797752808983,0,0,381
CELL_01,mild,382,2025-03-06 07:19:05,3.607,3.095,4.207,3.52,4.294,23.73,30.44,45.05,98.1,88.59,44.54,97.48,88.59,53.05,0.704,1.4366925064599487,0,0,382
CELL_01,mild,383,2025-03-06 10:41:00,3.637,3.078,4.216,3.051,4.458,23.2,26.7,44.29,98.62,98.09,51.82,97.466,98.09,54.330000000000005,0.6102000000000001,0.8088130774697941,0,0,383
CELL_01,mild,384,2025-03-06 15:02:37,3.663,3.082,4.253,2.211,2.72,26.06,30.74,35.22,96.77,137.5,85.89,97.465,137.5,61.55,0.4422,2.3005893909626707,0,0,384
CELL_01,mild,385,2025-03-06 18:19:45,3.575,2.91,4.228,3.575,4.309,25.96,29.71,29.27,96.75,86.9,55.56,97.45,86.9,67.48,0.7150000000000001,1.7956403269754764,0,0,385
CELL_01,mild,386,2025-03-06 22:20:16,3.596,3.035,4.191,3.699,5.262,21.58,24.69,34.59,98.32,82.25,51.0,97.449,82.25,63.72999999999999,0.7398,0.7396033269353807,0,0,386
CELL_01,mild,387,2025-03-07 01:54:50,3.674,3.056,4.241,3.162,4.38,25.21,28.95,34.49,96.42,96.24,60.05,97.436,96.24,61.93,0.6324,0.9729064039408865,0,0,387
CELL_01,mild,388,2025-03-07 06:25:29,3.582,2.935,4.194,2.769,3.915,22.26,29.1,36.27,96.67,106.95,65.4,97.435,106.95,60.4,0.5538000000000001,1.0986038394415358,0,0,388
CELL_01,mild,389,2025-03-07 10:12:38,3.623,3.019,4.246,2.705,3.801,26.76,30.35,38.58,98.58,105.31,65.53,97.428,105.31,60.0,0.541,1.1195255474452557,0,0,389
CELL_01,mild,390,2025-03-07 16:09:56,3.613,2.953,4.26,2.022,2.982,24.91,29.09,32.67,97.01,148.21,93.97,97.419,148.21,64.34,0.4044,1.3614583333333328,0,0,390
CELL_01,mild,391,2025-03-07 20:17:58,3.538,2.928,4.184,2.911,4.188,22.63,26.38,31.93,97.21,104.68,65.0,97.402,104.68,65.28,0.5822,0.9835552075176198,0,0,391
CELL_01,mild,392,2025-03-08 00:32:39,3.65,2.991,4.26,3.734,4.524,22.48,28.19,31.89,97.06,83.62,52.87,97.386,83.62,65.17,0.7468,1.60632911392405,0,0,392
CELL_01,mild,393,2025-03-08 04:51:35,3.616,2.986,4.215,2.891,4.016,26.48,29.91,42.31,99.12,101.47,61.1,97.38,101.47,56.81,0.5782,1.092444444444444,0,0,393
CELL_01,mild,394,2025-03-08 08:26:40,3.649,3.044,4.197,2.881,4.005,24.77,28.78,40.29,99.65,104.96,58.96,97.379,104.96,59.36000000000001,0.5761999999999999,1.0258007117437722,0,0,394
CELL_01,mild,395,2025-03-08 12:37:50,3.558,2.942,4.197,3.396,5.093,22.86,28.24,27.83,96.43,88.57,61.04,97.375,88.57,68.60000000000001,0.6792,0.7395403653506186,0,0,395
CELL_01,mild,396,2025-03-08 16:47:29,3.631,3.063,4.209,2.575,3.3,26.72,30.26,38.93,96.4,116.57,65.62,97.369,116.57,57.470000000000006,0.515,1.5806896551724139,0,0,396
CELL_01,mild,397,2025-03-08 20:30:47,3.608,2.999,4.255,3.105,4.591,23.87,27.15,32.07,96.23,95.24,65.55,97.368,95.24,64.16,0.621,0.8452220726783308,0,0,397
CELL_01,mild,398,2025-03-09 00:36:57,3.651,2.995,4.252,2.695,4.039,26.09,31.64,39.12,98.14,114.11,65.07,97.362,114.11,59.02,0.5389999999999999,0.935267857142857,0,0,398
CELL_01,mild,399,2025-03-09 05:09:51,3.635,3.047,4.203,2.827,3.572,28.27,32.94,30.02,96.58,106.17,68.11,97.36,106.17,66.56,0.5654,1.5516778523489934,0,0,399
CELL_01,mild,400,2025-03-09 08:25:47,3.647,2.985,4.243,4.137,4.974,27.07,30.65,43.93,98.07,74.53,38.44,97.359,74.53,54.13999999999999,0.8273999999999999,1.502986857825567,0,0,400
CELL_02,moderate,1,2025-01-01 08:01:40,3.614,3.034,4.215,4.228,6.173,33.67,39.18,22.98,99.32,70.79,51.28,99.999,70.79,76.33999999999999,0.8455999999999999,0.60719794344473,0,0,1
CELL_02,moderate,2,2025-01-01 11:02:13,3.611,2.99,4.242,4.703,6.774,37.63,42.55,5.82,99.67,63.3,65.14,99.997,63.3,93.85,0.9406000000000001,0.6045388701110574,1,1,2
CELL_02,moderate,3,2025-01-01 13:34:12,3.621,2.975,4.18,5.352,6.63,34.5,41.31,15.0,98.13,62.38,44.78,99.991,62.38,83.13,1.0704,0.9428794992175275,2,2,3
CELL_02,moderate,4,2025-01-01 17:14:40,3.568,2.917,4.268,5.2,7.047,36.38,41.0,16.69,97.68,54.92,48.64,99.976,54.92,80.99000000000001,1.04,0.7314564158094209,3,3,4
CELL_02,moderate,5,2025-01-01 19:37:05,3.65,3.078,4.178,5.346,7.401,35.96,39.94,24.15,98.87,53.75,39.58,99.954,53.75,74.72,1.0692,0.5352798053527982,3,3,5
CELL_02,moderate,6,2025-01-01 22:24:24,3.646,3.076,4.267,4.197,5.062,37.26,41.22,20.2,96.94,70.59,52.35,99.938,70.59,76.74,0.8394,1.376878612716763,4,3,6
CELL_02,moderate,7,2025-01-02 02:20:50,3.607,3.062,4.21,4.504,6.444,36.02,39.2,12.13,98.49,68.38,57.28,99.926,68.38,86.36,0.9007999999999999,0.5917525773195875,4,4,7
CELL_02,moderate,8,2025-01-02 04:39:25,3.637,3.07,4.199,5.274,7.602,38.11,44.74,14.35,96.8,62.5,44.55,99.901,62.5,82.45,1.0548,0.48496563573883156,5,5,8
CELL_02,moderate,9,2025-01-02 07:16:58,3.582,3.0,4.177,5.013,6.707,36.45,42.11,18.73,99.29,65.83,48.28,99.89,65.83,80.56,1.0026,0.6948051948051945,6,6,9
CELL_02,moderate,10,2025-01-02 10:51:17,3.661,3.092,4.222,4.941,6.162,38.18,43.77,17.78,98.45,63.02,47.68,99.883,63.02,80.67,0.9882,0.9254709254709257,7,7,10
CELL_02,moderate,11,2025-01-02 13:18:12,3.543,2.918,4.212,5.069,6.914,35.0,39.82,16.94,99.01,58.07,49.74,99.867,58.07,82.07000000000001,1.0138,0.7013550135501354,7,8,11
CELL_02,moderate,12,2025-01-02 16:02:40,3.599,2.947,4.241,4.705,6.548,33.68,39.17,11.01,96.93,63.16,56.83,99.865,63.16,85.92,0.9410000000000001,0.7021161150298424,7,9,12
CELL_02,moderate,13,2025-01-02 19:22:14,3.617,2.979,4.255,5.323,7.243,37.06,40.48,14.04,98.02,53.91,40.78,99.838,53.91,83.97999999999999,1.0646,0.6645833333333333,8,10,13
CELL_02,moderate,14,2025-01-02 22:46:37,3.624,3.059,4.219,3.954,5.027,34.93,39.55,18.8,98.29,73.22,59.7,99.832,73.22,79.49000000000001,0.7908000000000001,1.0810810810810814,8,10,14
CELL_02,moderate,15,2025-01-03 00:58:08,3.572,2.952,4.194,5.254,6.899,35.97,41.18,27.17,97.43,56.33,43.28,99.812,56.33,70.26,1.0508,0.7550151975683889,9,10,15
CELL_02,moderate,16,2025-01-03 04:07:59,3.605,3.048,4.175,5.578,7.036,33.14,37.82,21.63,98.25,52.76,42.04,99.792,52.76,76.62,1.1156000000000001,0.7729766803840881,9,10,16
CELL_02,moderate,17,2025-01-03 07:39:01,3.678,3.089,4.268,4.577,5.762,36.26,39.76,18.11,96.71,64.95,52.88,99.791,64.95,78.6,0.9154,0.9949367088607597,9,10,17
CELL_02,moderate,18,2025-01-03 10:20:32,3.676,3.1,4.25,5.073,6.093,35.66,41.3,18.35,96.45,56.71,49.17,99.783,56.71,78.1,1.0146000000000002,1.1274509803921573,10,10,18
CELL_02,moderate,19,2025-01-03 12:42:24,3.636,3.06,4.217,5.343,7.433,37.7,42.86,19.58,96.31,55.29,41.46,99.766,55.29,76.73,1.0686,0.5535885167464113,11,10,19
CELL_02,moderate,20,2025-01-03 15:37:19,3.578,3.008,4.175,4.882,6.708,35.79,40.83,8.09,99.78,60.62,57.17,99.749,60.62,91.69,0.9763999999999999,0.639101861993428,12,11,20
CELL_02,moderate,21,2025-01-03 18:36:08,3.551,2.928,4.175,5.095,6.2,33.63,37.64,24.71,97.96,59.33,42.06,99.737,59.33,73.25,1.019,1.1285067873303163,12,11,21
CELL_02,moderate,22,2025-01-03 21:10:24,3.574,2.942,4.182,4.753,6.55,37.51,42.76,19.54,97.28,60.88,50.29,99.729,60.88,77.74000000000001,0.9506,0.6900389538119089,13,11,22
CELL_02,moderate,23,2025-01-04 00:40:38,3.639,3.068,4.191,4.574,5.823,36.99,43.12,12.88,99.75,64.32,57.38,99.707,64.32,86.87,0.9148,0.8991192954363485,14,12,23
CELL_02,moderate,24,2025-01-04 03:47:16,3.592,2.925,4.21,4.156,5.607,34.65,38.01,21.27,96.2,70.88,52.76,99.692,70.88,74.93,0.8311999999999999,0.8855961405926944,14,12,24
CELL_02,moderate,25,2025-01-04 06:22:31,3.581,3.026,4.182,4.752,5.853,32.95,39.14,20.7,98.83,57.55,51.99,99.68,57.55,78.13,0.9503999999999999,1.0499545867393285,14,12,25
CELL_02,moderate,26,2025-01-04 09:27:14,3.672,3.079,4.262,5.501,8.031,36.71,41.23,16.5,98.6,57.13,42.98,99.658,57.13,82.1,1.1002,0.4675889328063238,15,13,26
CELL_02,moderate,27,2025-01-04 12:25:52,3.554,2.904,4.21,4.355,5.667,35.89,41.78,18.85,96.34,71.57,57.68,99.636,71.57,77.49000000000001,0.8710000000000001,0.9954268292682932,16,13,27
CELL_02,moderate,28,2025-01-04 15:59:31,3.628,3.0,4.268,5.094,7.401,35.94,39.42,20.82,99.9,54.71,45.38,99.611,54.71,79.08000000000001,1.0188000000000001,0.5496315561335068,16,13,28
CELL_02,moderate,29,2025-01-04 19:19:08,3.569,2.939,4.253,4.63,6.728,35.17,40.53,22.25,98.61,65.89,52.53,99.608,65.89,76.36,0.9259999999999999,0.6263107721639658,17,13,29
CELL_02,moderate,30,2025-01-04 21:45:05,3.638,2.978,4.265,4.965,6.171,36.34,42.81,15.41,97.81,59.44,49.0,99.587,59.44,82.4,0.993,1.0671641791044768,18,14,30
CELL_02,moderate,31,2025-01-05 00:33:00,3.597,2.989,4.208,5.764,7.578,33.12,39.25,12.17,97.77,45.31,45.43,99.579,45.31,85.6,1.1528,0.6719955898566705,18,15,31
CELL_02,moderate,32,2025-01-05 03:40:07,3.627,3.015,4.235,4.52,6.405,37.28,42.96,24.37,99.73,75.42,49.35,99.56,75.42,75.36,0.9039999999999999,0.6472148541114057,19,15,32
CELL_02,moderate,33,2025-01-05 06:46:10,3.68,3.049,4.187,5.356,6.817,34.77,39.64,13.38,96.21,51.93,46.05,99.556,51.93,82.83,1.0712,0.7789185489390829,19,16,33
CELL_02,moderate,34,2025-01-05 10:21:06,3.652,3.096,4.23,5.614,7.198,33.34,38.94,17.85,96.29,55.8,41.96,99.543,55.8,78.44,1.1228,0.7159090909090909,19,16,34
CELL_02,moderate,35,2025-01-05 14:00:06,3.59,2.994,4.216,4.971,6.324,30.79,37.57,8.48,98.69,63.49,50.79,99.531,63.49,90.21,0.9942,0.9031781226903179,19,17,35
CELL_02,moderate,36,2025-01-05 16:44:19,3.581,2.908,4.244,4.906,6.195,32.48,38.13,17.11,99.65,59.75,52.28,99.52,59.75,82.54,0.9812,1.036462373933281,19,18,36
CELL_02,moderate,37,2025-01-05 20:06:55,3.58,2.983,4.245,5.25,6.438,39.37,44.6,22.4,98.97,51.74,43.73,99.512,51.74,76.57,1.05,1.0622895622895625,20,18,37
CELL_02,moderate,38,2025-01-05 22:55:46,3.643,3.078,4.203,5.143,6.264,31.19,36.92,20.6,99.49,61.15,42.05,99.506,61.15,78.88999999999999,1.0286,1.0035682426404995,20,18,38
CELL_02,moderate,39,2025-01-06 01:56:50,3.617,2.993,4.176,5.016,7.506,34.33,38.87,26.37,99.66,54.93,42.96,99.502,54.93,73.28999999999999,1.0032,0.47510040160642575,20,18,39
CELL_02,moderate,40,2025-01-06 05:07:44,3.518,2.923,4.183,5.043,6.887,36.78,42.66,10.53,98.25,59.75,52.63,99.492,59.75,87.72,1.0086,0.683297180043384,21,19,40
CELL_02,moderate,41,2025-01-06 08:52:04,3.571,2.938,4.232,4.09,6.02,34.97,38.22,15.68,98.21,73.05,59.54,99.491,73.05,82.53,0.818,0.6704663212435235,21,20,41
CELL_02,moderate,42,2025-01-06 12:50:35,3.603,2.914,4.264,4.7,6.398,33.34,40.13,12.19,96.22,65.28,56.02,99.469,65.28,84.03,0.9400000000000001,0.7950530035335692,22,21,42
CELL_02,moderate,43,2025-01-06 16:27:50,3.616,2.996,4.232,4.463,6.149,35.8,40.87,15.46,96.47,67.18,55.74,99.468,67.18,81.00999999999999,0.8926000000000001,0.7330960854092529,23,22,43
CELL_02,moderate,44,2025-01-06 19:06:36,3.554,2.926,4.207,4.172,6.215,31.2,36.62,20.54,96.87,71.76,56.11,99.467,71.76,76.33000000000001,0.8343999999999999,0.6270190895741554,23,22,44
CELL_02,moderate,45,2025-01-06 21:35:03,3.61,2.947,4.255,5.196,7.028,35.3,41.72,18.24,98.73,56.06,45.58,99.448,56.06,80.49000000000001,1.0392,0.7139737991266375,24,23,45
CELL_02,moderate,46,2025-01-07 00:33:32,3.688,3.08,4.263,5.529,7.555,33.75,37.02,21.49,99.37,53.95,39.9,99.426,53.95,77.88000000000001,1.1058,0.5839091806515301,24,23,46
CELL_02,moderate,47,2025-01-07 02:54:58,3.592,3.001,4.185,4.565,6.244,36.04,42.91,19.72,97.07,63.69,46.97,99.388,63.69,77.35,0.913,0.7051816557474688,25,23,47
CELL_02,moderate,48,2025-01-07 05:24:51,3.623,3.091,4.194,5.702,8.134,36.3,42.34,20.62,96.21,49.17,38.66,99.371,49.17,75.58999999999999,1.1404,0.45353618421052616,26,23,48
CELL_02,moderate,49,2025-01-07 08:42:29,3.627,3.076,4.178,4.938,6.041,36.1,40.65,8.67,97.68,61.44,55.0,99.365,61.44,89.01,0.9875999999999999,0.9990933816863093,27,24,49
CELL_02,moderate,50,2025-01-07 12:25:34,3.545,2.91,4.189,4.689,6.289,32.21,38.74,16.37,97.64,61.31,54.87,99.364,61.31,81.27,0.9378,0.7993750000000002,27,25,50
CELL_02,moderate,51,2025-01-07 15:16:50,3.628,3.019,4.207,5.075,6.902,33.31,36.78,12.38,97.01,63.28,50.24,99.345,63.28,84.63000000000001,1.0150000000000001,0.6502463054187191,27,26,51
CELL_02,moderate,52,2025-01-07 17:54:47,3.619,3.046,4.19,5.405,6.652,35.12,41.6,20.02,96.15,53.78,37.59,99.329,53.78,76.13000000000001,1.081,0.9174017642341625,28,26,52
CELL_02,moderate,53,2025-01-07 20:32:14,3.645,3.04,4.211,5.3,7.244,40.87,47.14,22.05,96.69,53.99,43.04,99.291,53.99,74.64,1.06,0.6023662551440331,29,26,53
CELL_02,moderate,54,2025-01-08 00:10:25,3.633,3.059,4.22,5.084,7.254,35.78,42.41,21.78,97.8,61.64,45.88,99.281,61.64,76.02,1.0168,0.5350230414746542,30,26,54
CELL_02,moderate,55,2025-01-08 03:18:18,3.579,2.984,4.195,4.517,5.745,36.64,39.99,17.34,99.46,65.21,52.91,99.262,65.21,82.11999999999999,0.9034000000000001,0.9861563517915314,30,27,55
CELL_02,moderate,56,2025-01-08 05:36:46,3.61,3.049,4.185,5.144,6.686,31.55,35.94,16.72,99.03,56.5,46.26,99.244,56.5,82.31,1.0288,0.7367055771725031,30,28,56
CELL_02,moderate,57,2025-01-08 09:19:13,3.615,2.962,4.24,4.4,6.421,32.33,37.55,14.49,98.11,61.94,58.23,99.226,61.94,83.62,0.8800000000000001,0.632360217714003,30,29,57
CELL_02,moderate,58,2025-01-08 12:42:53,3.579,2.959,4.227,5.612,8.096,32.84,38.09,13.31,97.42,52.3,47.75,99.225,52.3,84.11,1.1224,0.5104669887278583,30,30,58
CELL_02,moderate,59,2025-01-08 15:29:34,3.654,3.065,4.256,4.896,6.916,35.16,40.81,15.82,99.61,60.77,49.7,99.224,60.77,83.78999999999999,0.9792,0.5896039603960396,31,31,59
CELL_02,moderate,60,2025-01-08 19:02:50,3.589,2.918,4.266,4.282,5.572,34.31,40.4,6.82,96.36,67.11,65.47,99.216,67.11,89.53999999999999,0.8564,1.0449612403100774,32,32,60
CELL_02,moderate,61,2025-01-08 22:16:53,3.595,2.982,4.199,4.741,7.101,37.17,42.08,18.93,99.98,64.89,47.66,99.191,64.89,81.05000000000001,0.9481999999999999,0.5156779661016947,33,33,61
CELL_02,moderate,62,2025-01-09 01:58:41,3.612,2.957,4.25,4.512,5.636,34.63,41.63,21.67,96.64,64.26,49.24,99.183,64.26,74.97,0.9023999999999999,1.1503558718861207,34,33,62
CELL_02,moderate,63,2025-01-09 05:30:55,3.592,2.911,4.206,4.835,7.237,32.89,37.61,15.01,97.15,51.3,52.2,99.16,51.3,82.14,0.967,0.539134054954205,34,34,63
CELL_02,moderate,64,2025-01-09 08:28:00,3.578,2.961,4.21,5.178,7.496,33.17,39.93,16.16,98.2,56.06,43.62,99.152,56.06,82.04,1.0356,0.5388265746333045,34,35,64
CELL_02,moderate,65,2025-01-09 12:14:52,3.637,2.963,4.248,4.756,6.183,34.62,39.35,26.69,99.2,67.41,45.52,99.144,67.41,72.51,0.9512,0.9004905395935533,34,35,65
CELL_02,moderate,66,2025-01-09 14:55:05,3.632,3.093,4.192,5.927,8.846,33.99,40.43,18.87,98.08,52.6,41.17,99.141,52.6,79.21,1.1854,0.3764988009592326,35,35,66
CELL_02,moderate,67,2025-01-09 17:02:08,3.647,3.094,4.262,5.676,7.082,36.68,43.3,16.51,96.63,48.96,41.64,99.105,48.96,80.11999999999999,1.1352,0.8307254623044097,36,36,67
CELL_02,moderate,68,2025-01-09 19:54:40,3.603,3.027,4.177,4.262,6.277,32.75,36.66,11.64,97.1,67.82,58.53,99.104,67.82,85.46,0.8523999999999999,0.5707196029776671,36,37,68
CELL_02,moderate,69,2025-01-09 22:50:12,3.611,2.987,4.19,4.234,6.168,36.07,41.08,15.88,96.33,68.83,58.18,99.083,68.83,80.45,0.8468,0.6220268872802482,37,38,69
CELL_02,moderate,70,2025-01-10 02:32:32,3.517,2.972,4.185,4.973,6.277,33.46,37.75,16.31,99.73,59.81,51.87,99.082,59.81,83.42,0.9945999999999999,0.9302147239263799,37,39,70
CELL_02,moderate,71,2025-01-10 06:14:03,3.545,2.91,4.193,5.054,6.462,33.46,37.38,25.67,96.8,60.44,43.06,99.081,60.44,71.13,1.0108000000000001,0.9112215909090908,37,39,71
CELL_02,moderate,72,2025-01-10 08:50:25,3.671,3.082,4.232,4.523,5.942,33.95,37.75,20.18,96.69,72.33,50.47,99.058,72.33,76.50999999999999,0.9046,0.810429880197322,37,39,72
CELL_02,moderate,73,2025-01-10 11:35:15,3.59,2.926,4.265,4.686,6.223,38.41,44.2,24.09,98.55,63.22,43.71,99.045,63.22,74.46,0.9372,0.8711776187378006,38,39,73
CELL_02,moderate,74,2025-01-10 13:38:17,3.627,3.053,4.184,5.413,7.415,38.17,44.42,14.24,96.19,47.56,44.83,99.043,47.56,81.95,1.0826,0.5649350649350651,39,40,74
CELL_02,moderate,75,2025-01-10 16:41:11,3.624,2.98,4.266,5.041,6.853,34.04,39.2,13.21,98.71,62.41,48.13,99.017,62.41,85.5,1.0082,0.709713024282561,39,41,75
CELL_02,moderate,76,2025-01-10 20:14:23,3.626,2.987,4.245,5.072,6.919,32.58,36.38,20.78,97.65,61.35,46.7,99.005,61.35,76.87,1.0144,0.6811044937736872,39,41,76
CELL_02,moderate,77,2025-01-10 22:55:48,3.624,3.016,4.237,4.886,7.225,34.03,38.75,13.67,97.88,63.41,51.2,98.998,63.41,84.21,0.9772000000000001,0.5220179563916205,39,42,77
CELL_02,moderate,78,2025-01-11 01:14:00,3.534,2.9,4.194,5.612,7.633,35.22,41.55,20.93,97.51,51.59,39.37,98.976,51.59,76.58000000000001,1.1224,0.6402770905492331,40,42,78
CELL_02,moderate,79,2025-01-11 04:53:06,3.65,3.063,4.266,5.646,7.708,37.24,41.2,16.25,96.31,57.04,43.47,98.967,57.04,80.06,1.1292,0.5834141610087292,41,43,79
CELL_02,moderate,80,2025-01-11 08:29:45,3.606,3.017,4.215,4.541,6.247,34.98,39.52,14.93,97.14,71.17,55.77,98.966,71.17,82.21000000000001,0.9082000000000001,0.702227432590856,41,44,80
CELL_02,moderate,81,2025-01-11 11:39:15,3.56,2.904,4.191,4.914,6.972,34.02,39.6,9.96,96.6,60.95,55.01,98.946,60.95,86.63999999999999,0.9827999999999999,0.6253644314868803,41,45,81
CELL_02,moderate,82,2025-01-11 14:54:02,3.714,3.082,4.265,4.868,7.156,35.1,40.06,15.94,96.99,60.28,50.41,98.93,60.28,81.05,0.9736,0.5170454545454546,42,46,82
CELL_02,moderate,83,2025-01-11 18:25:12,3.529,2.915,4.221,4.51,6.255,34.99,38.61,19.4,96.73,62.7,52.04,98.91,62.7,77.33000000000001,0.9019999999999999,0.7484240687679083,42,46,83
CELL_02,moderate,84,2025-01-11 20:42:05,3.539,2.904,4.236,5.753,8.022,39.07,43.41,19.85,97.94,52.82,42.62,98.889,52.82,78.09,1.1506,0.5870427501101806,43,46,84
CELL_02,moderate,85,2025-01-11 23:27:25,3.598,2.94,4.266,5.205,6.26,37.25,43.59,24.89,96.17,59.7,38.2,98.871,59.7,71.28,1.041,1.2568720379146923,44,46,85
CELL_02,moderate,86,2025-01-12 01:50:00,3.67,3.082,4.251,5.384,7.296,34.35,40.23,17.61,96.77,58.29,43.27,98.857,58.29,79.16,1.0768,0.6114016736401676,45,46,86
CELL_02,moderate,87,2025-01-12 05:19:14,3.637,3.089,4.199,4.916,6.378,37.08,41.72,17.46,97.93,59.66,53.09,98.845,59.66,80.47,0.9832000000000001,0.759233926128591,46,47,87
CELL_02,moderate,88,2025-01-12 07:52:48,3.591,2.927,4.248,5.556,8.243,32.5,38.97,9.06,96.51,56.86,46.99,98.823,56.86,87.45,1.1112,0.49162634908820246,46,48,88
CELL_02,moderate,89,2025-01-12 11:07:57,3.586,2.992,4.202,5.393,7.31,39.17,45.25,21.46,96.42,57.32,44.9,98.791,57.32,74.96000000000001,1.0786,0.6311945748565467,47,48,89
CELL_02,moderate,90,2025-01-12 14:34:37,3.635,3.077,4.208,4.852,6.526,32.56,38.4,25.38,96.97,62.58,44.75,98.78,62.58,71.59,0.9704,0.6756272401433695,47,48,90
CELL_02,moderate,91,2025-01-12 17:18:09,3.671,3.084,4.23,5.347,6.782,35.01,38.95,25.03,97.64,48.94,40.81,98.756,48.94,72.61,1.0694000000000001,0.7986062717770039,47,48,91
CELL_02,moderate,92,2025-01-12 19:54:10,3.655,3.053,4.264,4.767,5.907,39.14,44.16,15.91,98.17,63.11,52.79,98.753,63.11,82.26,0.9534,1.0622807017543865,48,49,92
CELL_02,moderate,93,2025-01-12 23:53:12,3.59,3.002,4.185,4.366,5.589,33.87,38.4,26.65,99.18,74.72,52.2,98.739,74.72,72.53,0.8732,0.9672935404742429,48,49,93
CELL_02,moderate,94,2025-01-13 03:00:51,3.672,3.094,4.256,4.812,7.066,35.28,42.06,19.93,97.21,60.58,48.13,98.728,60.58,77.28,0.9624,0.5155279503105593,49,49,94
CELL_02,moderate,95,2025-01-13 06:35:58,3.67,3.081,4.182,4.613,6.67,34.31,39.77,29.9,99.48,65.83,41.64,98.716,65.83,69.58000000000001,0.9226000000000001,0.535245503159942,49,49,95
CELL_02,moderate,96,2025-01-13 09:04:05,3.629,3.081,4.202,5.16,6.603,34.31,37.96,17.85,99.66,53.27,47.71,98.707,53.27,81.81,1.032,0.7768537768537771,49,50,96
CELL_02,moderate,97,2025-01-13 12:12:58,3.558,2.905,4.213,5.068,7.057,34.1,39.04,23.49,97.42,61.34,43.0,98.694,61.34,73.93,1.0135999999999998,0.6576168929110104,49,50,97
CELL_02,moderate,98,2025-01-13 15:47:53,3.621,2.957,4.265,5.261,7.174,34.33,39.61,24.24,98.02,53.29,43.57,98.682,53.29,73.78,1.0522,0.6837428123366438,49,50,98
CELL_02,moderate,99,2025-01-13 18:36:48,3.605,3.078,4.174,4.902,6.287,34.91,39.37,24.72,98.56,59.17,47.12,98.681,59.17,73.84,0.9804,0.7913357400722026,49,50,99
CELL_02,moderate,100,2025-01-13 21:40:14,3.605,3.006,4.219,5.987,7.626,35.52,38.78,23.45,99.8,48.38,38.62,98.673,48.38,76.35,1.1974,0.7400854179377672,49,50,100
CELL_02,moderate,101,2025-01-14 00:27:34,3.575,2.947,4.175,5.015,6.548,35.62,39.48,25.96,99.45,56.0,45.66,98.654,56.0,73.49000000000001,1.003,0.8010437051532938,49,50,101
CELL_02,moderate,102,2025-01-14 04:20:28,3.614,2.994,4.241,3.805,5.085,35.1,40.88,2.99,97.07,78.84,75.07,98.645,78.84,94.08,0.761,0.9742187499999997,50,51,102
CELL_02,moderate,103,2025-01-14 07:29:03,3.603,2.991,4.224,5.148,7.265,36.02,42.96,23.03,99.78,61.85,44.6,98.634,61.85,76.75,1.0295999999999998,0.5824279641001417,51,51,103
CELL_02,moderate,104,2025-01-14 09:52:07,3.603,3.021,4.183,5.336,6.563,30.32,34.08,17.07,98.53,60.89,44.15,98.633,60.89,81.46000000000001,1.0672000000000001,0.947025264873676,51,52,104
CELL_02,moderate,105,2025-01-14 12:29:12,3.671,3.095,4.199,4.443,5.457,32.5,39.45,19.57,98.24,64.69,56.85,98.632,64.69,78.66999999999999,0.8886,1.0887573964497035,51,52,105
CELL_02,moderate,106,2025-01-14 16:08:17,3.599,3.038,4.228,5.333,6.505,35.58,39.23,15.43,97.0,58.24,43.48,98.63,58.24,81.57,1.0666,1.0153583617747441,51,53,106
CELL_02,moderate,107,2025-01-14 18:53:12,3.594,3.009,4.201,5.36,7.213,35.72,40.41,23.77,97.79,57.85,39.64,98.626,57.85,74.02000000000001,1.072,0.64328116567728,52,53,107
CELL_02,moderate,108,2025-01-14 21:31:19,3.589,3.033,4.199,4.869,6.813,38.14,43.02,21.18,97.24,61.13,46.5,98.611,61.13,76.06,0.9738,0.5997942386831275,53,53,108
CELL_02,moderate,109,2025-01-15 00:21:32,3.616,3.042,4.226,5.18,6.744,33.69,39.25,18.23,96.3,54.11,46.78,98.598,54.11,78.07,1.036,0.7570332480818415,53,53,109
CELL_02,moderate,110,2025-01-15 03:11:25,3.584,2.981,4.193,5.137,7.102,32.97,37.04,15.09,100.0,60.53,46.2,98.589,60.53,84.91,1.0273999999999999,0.6167938931297706,53,54,110
CELL_02,moderate,111,2025-01-15 05:41:14,3.604,2.908,4.258,4.214,6.091,32.2,38.55,26.2,98.6,72.12,46.54,98.558,72.12,72.39999999999999,0.8428000000000001,0.7192328183271178,53,54,111
CELL_02,moderate,112,2025-01-15 09:17:10,3.589,2.999,4.211,4.663,6.21,34.93,41.42,26.5,96.55,64.65,48.62,98.541,64.65,70.05,0.9326000000000001,0.7834518422753719,54,54,112
CELL_02,moderate,113,2025-01-15 11:52:40,3.603,3.067,4.183,5.323,7.254,34.53,38.88,22.75,98.28,53.17,42.9,98.53,53.17,75.53,1.0646,0.5779388917659245,54,54,113
CELL_02,moderate,114,2025-01-15 15:35:20,3.595,2.948,4.249,4.551,5.851,36.22,41.64,18.01,99.28,74.59,52.5,98.515,74.59,81.27,0.9102,1.0007692307692306,55,55,114
CELL_02,moderate,115,2025-01-15 18:38:22,3.574,2.924,4.193,4.34,5.318,37.45,42.8,26.09,98.19,69.13,52.32,98.492,69.13,72.1,0.868,1.2975460122699387,56,55,115
CELL_02,moderate,116,2025-01-15 21:33:50,3.657,3.098,4.187,4.787,6.593,36.35,40.97,22.43,96.24,63.45,45.21,98.479,63.45,73.81,0.9574,0.6029900332225916,57,55,116
CELL_02,moderate,117,2025-01-16 01:17:30,3.626,3.062,4.244,5.017,6.817,34.11,39.63,7.53,97.8,60.77,52.43,98.466,60.77,90.27,1.0034,0.6566666666666667,57,56,117
CELL_02,moderate,118,2025-01-16 04:41:51,3.616,3.049,4.171,4.811,5.987,38.62,45.3,18.71,98.17,63.72,47.15,98.45,63.72,79.46000000000001,0.9621999999999999,0.9540816326530613,58,56,118
CELL_02,moderate,119,2025-01-16 07:05:09,3.642,3.046,4.223,5.996,7.946,33.0,36.01,8.36,96.48,52.3,45.09,98.426,52.3,88.12,1.1992,0.6035897435897438,58,57,119
CELL_02,moderate,120,2025-01-16 09:49:50,3.601,3.025,4.204,5.32,6.684,32.55,37.87,20.11,98.68,52.08,42.25,98.42,52.08,78.57000000000001,1.064,0.8643695014662756,58,57,120
CELL_02,moderate,121,2025-01-16 13:13:19,3.652,3.038,4.222,5.1,6.36,37.28,44.17,21.94,97.75,59.74,46.18,98.398,59.74,75.81,1.02,0.9396825396825397,59,57,121
CELL_02,moderate,122,2025-01-16 15:47:26,3.545,2.909,4.203,5.484,7.679,34.73,39.69,28.11,99.93,54.57,39.6,98.39,54.57,71.82000000000001,1.0968,0.5895216400911163,59,57,122
CELL_02,moderate,123,2025-01-16 19:25:32,3.599,3.018,4.178,4.287,5.555,31.73,35.39,20.88,98.76,72.17,55.68,98.371,72.17,77.88000000000001,0.8573999999999999,0.9148264984227132,59,57,123
CELL_02,moderate,124,2025-01-16 22:11:41,3.62,3.0,4.206,5.055,7.245,36.94,41.85,20.26,98.49,61.6,43.74,98.355,61.6,78.22999999999999,1.011,0.5506849315068494,60,57,124
CELL_02,moderate,125,2025-01-17 01:26:15,3.647,3.093,4.178,6.321,9.006,35.68,42.21,10.61,98.11,49.27,46.17,98.346,49.27,87.5,1.2642,0.40409683426443194,61,58,125
CELL_02,moderate,126,2025-01-17 04:53:34,3.649,3.076,4.196,4.453,5.441,34.92,40.91,24.98,99.35,64.86,50.39,98.317,64.86,74.36999999999999,0.8906000000000001,1.133603238866397,62,58,126
CELL_02,moderate,127,2025-01-17 08:10:34,3.593,2.906,4.226,4.332,5.262,32.44,39.43,23.48,99.0,73.99,52.76,98.316,73.99,75.52,0.8664,1.4193548387096777,62,58,127
CELL_02,moderate,128,2025-01-17 11:11:52,3.637,3.086,4.171,5.386,7.359,33.69,36.98,20.62,99.94,57.81,44.67,98.305,57.81,79.32,1.0772,0.5499239736441969,62,58,128
CELL_02,moderate,129,2025-01-17 13:52:56,3.575,2.942,4.237,5.117,7.544,32.71,35.72,18.8,99.24,56.44,47.52,98.289,56.44,80.44,1.0234,0.5335805521219613,62,59,129
CELL_02,moderate,130,2025-01-17 17:07:21,3.594,3.032,4.186,5.177,6.683,33.55,38.4,24.83,98.97,53.34,43.73,98.283,53.34,74.14,1.0353999999999999,0.7662682602921645,62,59,130
CELL_02,moderate,131,2025-01-17 20:37:27,3.644,3.043,4.236,4.619,6.085,36.1,42.67,18.51,96.79,67.43,47.96,98.279,67.43,78.28,0.9238,0.8137789904502043,63,59,131
CELL_02,moderate,132,2025-01-17 22:38:40,3.555,2.905,4.205,5.417,7.044,34.49,39.51,22.32,97.3,46.88,41.57,98.255,46.88,74.97999999999999,1.0834,0.7990165949600494,63,59,132
CELL_02,moderate,133,2025-01-18 01:26:55,3.571,2.944,4.213,5.032,6.867,34.97,39.33,16.28,99.7,62.22,52.31,98.247,62.22,83.42,1.0064,0.6915531335149865,63,60,133
CELL_02,moderate,134,2025-01-18 05:05:25,3.604,3.071,4.196,4.828,6.835,33.77,36.92,20.01,96.43,57.11,46.73,98.235,57.11,76.42,0.9656,0.5605381165919281,63,60,134
CELL_02,moderate,135,2025-01-18 08:25:29,3.656,3.071,4.265,5.79,7.732,35.29,39.7,13.17,97.52,46.05,45.13,98.233,46.05,84.35,1.158,0.6148300720906279,63,61,135
CELL_02,moderate,136,2025-01-18 12:01:08,3.636,3.074,4.227,4.531,5.957,34.21,37.84,7.58,98.77,70.16,60.18,98.222,70.16,91.19,0.9061999999999999,0.8085553997194953,63,62,136
CELL_02,moderate,137,2025-01-18 14:21:24,3.568,2.959,4.22,5.541,7.964,34.95,38.43,9.66,96.05,49.39,43.18,98.212,49.39,86.39,1.1082,0.5204292199752372,63,63,137
CELL_02,moderate,138,2025-01-18 17:08:19,3.59,2.969,4.206,5.511,6.934,34.25,37.47,27.27,99.89,60.6,41.48,98.194,60.6,72.62,1.1022,0.8692902319044277,63,63,138
CELL_02,moderate,139,2025-01-18 19:56:19,3.631,3.065,4.192,5.492,6.763,34.2,37.42,17.18,97.83,51.84,40.84,98.192,51.84,80.65,1.0984,0.8867033831628641,63,64,139
CELL_02,moderate,140,2025-01-19 00:08:11,3.601,2.998,4.196,3.558,5.023,34.38,40.59,21.71,99.4,82.15,67.43,98.189,82.15,77.69,0.7116,0.8177474402730373,64,64,140
CELL_02,moderate,141,2025-01-19 03:29:50,3.56,2.91,4.171,4.889,6.655,35.58,40.16,19.79,97.97,58.0,49.56,98.16,58.0,78.18,0.9778,0.7140430351075878,65,64,141
CELL_02,moderate,142,2025-01-19 06:05:03,3.603,2.934,4.253,4.777,6.839,32.87,36.59,16.16,99.45,59.13,55.12,98.157,59.13,83.29,0.9554,0.639670223084384,65,65,142
CELL_02,moderate,143,2025-01-19 08:33:30,3.544,2.933,4.209,5.695,8.374,40.28,44.71,16.39,97.9,49.71,43.63,98.137,49.71,81.51,1.139,0.4762971257932063,66,66,143
CELL_02,moderate,144,2025-01-19 11:39:44,3.616,3.006,4.237,4.68,6.871,35.28,42.08,15.47,96.23,61.78,52.3,98.129,61.78,80.76,0.9359999999999999,0.5618439068918302,67,67,144
CELL_02,moderate,145,2025-01-19 14:55:35,3.603,3.027,4.187,5.455,8.154,34.19,38.29,15.71,96.13,57.73,44.3,98.109,57.73,80.41999999999999,1.091,0.4297888106706188,67,68,145
CELL_02,moderate,146,2025-01-19 17:49:33,3.681,3.056,4.249,4.489,5.978,36.8,40.6,13.55,96.88,68.18,55.22,98.086,68.18,83.33,0.8977999999999999,0.8012088650100737,68,69,146
CELL_02,moderate,147,2025-01-19 20:38:52,3.553,2.921,4.243,4.889,7.2,33.14,36.61,22.76,97.09,62.22,44.38,98.074,62.22,74.33,0.9778,0.5720467330160106,68,69,147
CELL_02,moderate,148,2025-01-20 00:05:49,3.626,2.99,4.234,4.46,6.475,36.56,42.58,11.85,96.16,66.81,54.53,98.045,66.81,84.31,0.892,0.6173697270471464,69,70,148
CELL_02,moderate,149,2025-01-20 03:21:16,3.643,2.981,4.253,4.806,6.099,36.91,41.91,19.9,99.37,57.78,49.88,98.038,57.78,79.47,0.9612,0.9837587006960558,70,70,149
CELL_02,moderate,150,2025-01-20 05:49:45,3.629,3.071,4.205,4.882,6.256,37.25,41.23,15.51,96.4,62.35,53.32,98.031,62.35,80.89,0.9763999999999999,0.8253275109170302,71,71,150
CELL_02,moderate,151,2025-01-20 08:48:46,3.608,2.947,4.219,4.784,6.223,34.71,41.55,19.6,98.77,65.18,53.83,98.019,65.18,79.16999999999999,0.9568,0.8839471855455179,72,71,151
CELL_02,moderate,152,2025-01-20 11:20:37,3.658,3.037,4.254,5.951,8.449,34.31,39.11,26.32,97.66,44.99,33.11,97.994,44.99,71.34,1.1902,0.487189751801441,72,71,152
CELL_02,moderate,153,2025-01-20 14:48:07,3.636,3.046,4.176,5.559,8.257,33.36,37.21,18.56,96.42,49.81,46.22,97.981,49.81,77.86,1.1118000000000001,0.41882876204596015,72,71,153
CELL_02,moderate,154,2025-01-20 18:37:13,3.628,3.098,4.209,4.331,6.258,35.86,39.19,19.62,98.34,74.37,55.4,97.97,74.37,78.72,0.8662000000000001,0.5765438505448884,72,71,154
CELL_02,moderate,155,2025-01-20 22:11:41,3.555,2.948,4.188,4.205,5.968,31.12,38.01,18.67,98.65,72.13,53.4,97.969,72.13,79.98,0.841,0.7033465683494043,72,71,155
CELL_02,moderate,156,2025-01-21 01:05:01,3.604,2.975,4.239,4.647,6.93,35.59,39.73,14.75,98.43,64.69,52.75,97.951,64.69,83.68,0.9294,0.5536574682435392,72,72,156
CELL_02,moderate,157,2025-01-21 04:25:05,3.583,2.95,4.224,5.246,6.8,35.73,41.31,20.9,97.5,54.61,44.95,97.95,54.61,76.6,1.0492000000000001,0.8198198198198201,73,72,157
CELL_02,moderate,158,2025-01-21 08:12:01,3.562,2.973,4.176,4.492,5.897,31.66,38.51,19.0,97.92,68.34,56.37,97.945,68.34,78.92,0.8984,0.8562277580071175,73,72,158
CELL_02,moderate,159,2025-01-21 10:51:59,3.527,2.919,4.171,5.392,6.536,31.2,36.75,17.79,97.15,53.85,43.27,97.934,53.85,79.36000000000001,1.0784,1.0944055944055953,73,72,159
CELL_02,moderate,160,2025-01-21 13:49:36,3.613,2.963,4.238,4.48,5.883,36.47,42.97,25.0,96.83,68.94,44.74,97.923,68.94,71.83,0.8960000000000001,0.9087669280114047,74,72,160
CELL_02,moderate,161,2025-01-21 16:47:20,3.603,3.052,4.172,4.575,5.729,32.58,36.09,12.19,96.23,68.55,50.97,97.883,68.55,84.04,0.915,0.97053726169844,74,73,161
CELL_02,moderate,162,2025-01-21 19:52:34,3.601,3.08,4.206,5.193,6.383,35.6,39.78,13.7,96.77,58.49,49.5,97.88,58.49,83.07,1.0386,0.946218487394958,74,74,162
CELL_02,moderate,163,2025-01-21 23:04:06,3.628,3.059,4.234,5.054,7.13,34.54,40.73,25.4,98.36,57.02,44.26,97.879,57.02,72.96000000000001,1.0108000000000001,0.5659922928709056,75,74,163
CELL_02,moderate,164,2025-01-22 02:53:12,3.608,3.096,4.172,5.088,7.512,33.16,37.02,15.2,99.19,57.72,53.1,97.861,57.72,83.99,1.0176,0.4438943894389438,75,75,164
CELL_02,moderate,165,2025-01-22 06:14:45,3.651,3.039,4.205,4.388,6.071,37.54,40.88,14.28,96.73,75.98,57.55,97.847,75.98,82.45,0.8775999999999999,0.6928104575163399,76,76,165
CELL_02,moderate,166,2025-01-22 09:14:29,3.551,2.904,4.178,4.13,5.502,38.4,42.99,14.91,99.39,71.3,61.39,97.831,71.3,84.48,0.826,0.9285714285714287,77,77,166
CELL_02,moderate,167,2025-01-22 12:25:09,3.575,2.943,4.175,4.657,6.579,36.16,41.63,16.28,98.58,62.94,51.96,97.827,62.94,82.3,0.9314,0.6409989594172737,78,78,167
CELL_02,moderate,168,2025-01-22 15:01:14,3.631,3.049,4.256,5.783,8.444,31.4,36.31,24.96,97.19,48.93,37.44,97.809,48.93,72.22999999999999,1.1566,0.45358887636226985,78,78,168
CELL_02,moderate,169,2025-01-22 18:06:42,3.656,2.992,4.265,4.849,6.961,34.78,40.76,12.92,98.48,58.6,46.96,97.79,58.6,85.56,0.9698,0.6027462121212119,79,79,169
CELL_02,moderate,170,2025-01-22 20:51:56,3.583,2.907,4.217,4.983,7.192,36.03,39.75,16.5,99.01,56.06,50.61,97.776,56.06,82.51,0.9965999999999999,0.5930285196921681,79,80,170
CELL_02,moderate,171,2025-01-22 23:21:47,3.611,2.991,4.222,4.856,6.167,35.51,38.71,25.6,96.63,66.41,43.27,97.759,66.41,71.03,0.9712,0.9389778794813123,79,80,171
CELL_02,moderate,172,2025-01-23 02:02:09,3.591,2.978,4.188,4.379,6.018,37.53,41.16,29.15,98.97,70.08,44.94,97.758,70.08,69.82,0.8757999999999999,0.7382550335570466,80,80,172
CELL_02,moderate,173,2025-01-23 05:15:26,3.596,2.918,4.267,4.595,6.35,36.83,40.86,15.86,97.97,67.35,55.44,97.737,67.35,82.11,0.9189999999999999,0.7686609686609688,81,81,173
CELL_02,moderate,174,2025-01-23 08:49:35,3.613,3.008,4.216,5.3,7.288,38.29,44.72,19.73,99.73,53.86,42.03,97.736,53.86,80.0,1.06,0.607645875251509,82,81,174
CELL_02,moderate,175,2025-01-23 12:22:36,3.608,2.93,4.228,5.187,7.408,33.69,37.22,26.44,96.19,55.6,38.7,97.732,55.6,69.75,1.0374,0.584421431787483,82,81,175
CELL_02,moderate,176,2025-01-23 15:17:42,3.663,3.072,4.267,4.83,5.889,34.3,38.53,19.73,98.35,62.21,45.64,97.722,62.21,78.61999999999999,0.966,1.1284230406043438,82,81,176
CELL_02,moderate,177,2025-01-23 18:12:27,3.608,3.072,4.182,5.276,7.226,33.29,38.91,21.01,97.66,60.11,44.9,97.707,60.11,76.64999999999999,1.0552,0.5692307692307693,82,81,177
CELL_02,moderate,178,2025-01-23 21:29:33,3.611,2.966,4.267,4.527,6.732,33.63,40.41,15.64,97.53,65.05,55.23,97.706,65.05,81.89,0.9054,0.5900226757369615,83,82,178
CELL_02,moderate,179,2025-01-24 00:49:50,3.647,3.03,4.236,5.193,6.364,33.56,38.33,21.3,96.68,57.52,43.84,97.693,57.52,75.38000000000001,1.0386,1.0298889837745513,83,82,179
CELL_02,moderate,180,2025-01-24 03:28:21,3.547,2.927,4.218,5.041,7.274,35.62,38.98,24.59,96.72,57.33,43.35,97.692,57.33,72.13,1.0082,0.5781459919390954,83,82,180
CELL_02,moderate,181,2025-01-24 07:04:14,3.645,3.03,4.242,4.881,6.129,35.95,38.95,21.9,98.38,64.95,44.77,97.681,64.95,76.47999999999999,0.9762000000000001,0.9711538461538468,83,82,181
CELL_02,moderate,182,2025-01-24 09:27:27,3.573,2.905,4.215,4.872,6.632,36.6,41.41,23.5,97.71,63.76,47.83,97.666,63.76,74.21,0.9743999999999999,0.744318181818182,84,82,182
CELL_02,moderate,183,2025-01-24 12:12:27,3.641,3.035,4.251,5.524,7.6,37.87,43.03,15.87,97.3,59.29,42.09,97.637,59.29,81.42999999999999,1.1048,0.5857418111753374,85,83,183
CELL_02,moderate,184,2025-01-24 16:00:01,3.635,3.036,4.177,4.649,6.145,35.13,39.68,16.38,97.65,63.38,53.41,97.621,63.38,81.27000000000001,0.9298,0.7627005347593583,85,84,184
CELL_02,moderate,185,2025-01-24 18:57:06,3.581,2.978,4.199,4.145,5.463,36.62,41.56,16.51,98.17,71.11,60.43,97.606,71.11,81.66,0.829,0.9264036418816383,86,85,185
CELL_02,moderate,186,2025-01-24 22:17:11,3.602,2.944,4.217,4.912,7.199,34.01,38.39,19.53,99.07,61.31,48.41,97.579,61.31,79.53999999999999,0.9823999999999999,0.5566243987756886,86,85,186
CELL_02,moderate,187,2025-01-25 01:43:00,3.63,3.031,4.213,3.938,5.341,36.64,42.6,19.15,98.17,77.46,61.64,97.568,77.46,79.02000000000001,0.7876000000000001,0.8424803991446899,87,85,187
CELL_02,moderate,188,2025-01-25 05:35:19,3.671,3.082,4.27,4.35,5.765,32.62,38.37,15.86,99.51,69.0,56.96,97.567,69.0,83.65,0.8699999999999999,0.8395759717314486,87,86,188
CELL_02,moderate,189,2025-01-25 08:18:47,3.537,2.944,4.174,5.488,7.696,35.12,39.22,20.78,99.45,52.57,39.76,97.549,52.57,78.67,1.0976000000000001,0.5570652173913048,87,86,189
CELL_02,moderate,190,2025-01-25 10:52:47,3.547,2.953,4.224,5.186,6.652,36.11,41.53,11.86,97.7,58.62,46.13,97.54,58.62,85.84,1.0372,0.8669849931787177,88,87,190
CELL_02,moderate,191,2025-01-25 14:03:51,3.521,2.941,4.186,4.581,6.236,34.25,38.16,24.86,98.34,68.49,47.77,97.533,68.49,73.48,0.9162000000000001,0.7522658610271907,88,87,191
CELL_02,moderate,192,2025-01-25 17:20:47,3.664,3.062,4.265,5.251,6.699,34.82,40.04,7.88,96.71,54.54,48.5,97.524,54.54,88.83,1.0502,0.8308011049723759,89,88,192
CELL_02,moderate,193,2025-01-25 20:33:48,3.586,3.017,4.202,5.193,6.756,32.7,35.73,18.69,99.23,57.41,46.37,97.516,57.41,80.54,1.0386,0.7581573896353164,89,89,193
CELL_02,moderate,194,2025-01-25 23:15:20,3.633,3.018,4.218,4.846,7.215,32.4,36.45,18.36,98.42,60.36,49.81,97.496,60.36,80.06,0.9692000000000001,0.5065428450823133,89,90,194
CELL_02,moderate,195,2025-01-26 02:30:13,3.592,2.958,4.237,5.076,7.318,35.06,41.04,26.64,98.01,58.57,44.08,97.483,58.57,71.37,1.0151999999999999,0.5704727921498661,90,90,195
CELL_02,moderate,196,2025-01-26 05:09:37,3.604,2.978,4.257,4.977,6.301,37.42,43.95,28.93,99.01,58.46,45.35,97.482,58.46,70.08000000000001,0.9954000000000001,0.9660120845921447,91,90,196
CELL_02,moderate,197,2025-01-26 07:36:20,3.547,2.916,4.18,5.093,6.71,36.1,40.11,21.48,97.82,63.53,48.34,97.481,63.53,76.33999999999999,1.0186,0.7816944959802101,92,90,197
CELL_02,moderate,198,2025-01-26 10:17:19,3.563,2.92,4.232,5.008,6.195,31.18,36.25,22.38,96.42,58.67,42.83,97.466,58.67,74.04,1.0016,1.10530749789385,92,90,198
CELL_02,moderate,199,2025-01-26 12:42:09,3.656,3.061,4.25,5.473,6.838,34.92,38.0,26.06,98.69,51.87,39.27,97.458,51.87,72.63,1.0946,0.871062271062271,92,90,199
CELL_02,moderate,200,2025-01-26 16:00:26,3.579,2.946,4.248,4.941,7.373,33.58,38.8,13.54,96.51,59.42,49.55,97.439,59.42,82.97,0.9882,0.535361842105263,92,91,200
CELL_02,moderate,201,2025-01-26 19:12:58,3.536,2.912,4.185,5.129,7.533,32.82,37.81,6.13,98.93,63.64,53.29,97.436,63.64,92.80000000000001,1.0257999999999998,0.5295341098169714,92,92,201
CELL_02,moderate,202,2025-01-26 22:15:04,3.663,3.098,4.239,4.93,6.626,34.45,37.96,9.09,97.03,60.11,55.82,97.426,60.11,87.94,0.986,0.6727594339622639,92,93,202
CELL_02,moderate,203,2025-01-27 01:21:50,3.595,2.968,4.179,4.103,5.634,34.14,39.76,14.01,98.84,69.12,64.04,97.424,69.12,84.83,0.8206,0.7909862834748529,92,94,203
CELL_02,moderate,204,2025-01-27 05:09:51,3.58,2.908,4.221,4.676,6.935,31.79,36.16,10.06,98.05,64.44,56.76,97.419,64.44,87.99,0.9352,0.5812306330234619,92,95,204
CELL_02,moderate,205,2025-01-27 07:34:55,3.597,2.909,4.263,5.098,6.788,36.0,39.07,20.64,98.93,58.76,45.12,97.409,58.76,78.29,1.0196,0.8011834319526626,92,95,205
CELL_02,moderate,206,2025-01-27 10:42:07,3.646,3.063,4.257,4.653,6.29,38.91,42.77,17.9,98.49,70.29,55.38,97.386,70.29,80.59,0.9305999999999999,0.7293830177153324,93,96,206
CELL_02,moderate,207,2025-01-27 13:29:24,3.65,2.964,4.252,4.299,5.203,34.45,38.94,20.22,96.86,72.6,55.71,97.385,72.6,76.64,0.8598000000000001,1.424778761061947,93,96,207
CELL_02,moderate,208,2025-01-27 16:55:48,3.594,3.016,4.178,4.998,6.481,37.25,41.34,17.96,96.56,60.18,48.23,97.372,60.18,78.6,0.9996,0.7835468644639246,94,96,208
CELL_02,moderate,209,2025-01-27 20:02:22,3.657,3.055,4.258,5.146,7.305,38.22,43.77,11.75,98.51,50.12,55.07,97.359,50.12,86.76,1.0292,0.557202408522464,95,97,209
CELL_02,moderate,210,2025-01-27 23:24:19,3.623,3.019,4.23,4.785,5.968,37.5,42.61,18.77,99.31,60.87,51.0,97.351,60.87,80.54,0.9570000000000001,1.0236686390532548,96,98,210
CELL_02,moderate,211,2025-01-28 03:31:30,3.599,2.978,4.257,4.214,5.642,38.21,41.56,13.45,99.57,72.49,60.91,97.333,72.49,86.11999999999999,0.8428000000000001,0.8956582633053218,97,99,211
CELL_02,moderate,212,2025-01-28 06:54:12,3.631,3.013,4.205,5.278,6.342,35.91,39.9,27.45,99.3,57.82,38.1,97.309,57.82,71.85,1.0555999999999999,1.1203007518796992,97,99,212
CELL_02,moderate,213,2025-01-28 09:39:01,3.651,3.047,4.228,5.977,8.233,35.29,40.09,24.68,96.05,52.19,32.72,97.296,52.19,71.37,1.1954,0.5234929078014182,98,99,213
CELL_02,moderate,214,2025-01-28 13:08:38,3.627,3.03,4.235,5.671,8.089,33.42,37.74,12.95,97.33,50.1,44.69,97.268,50.1,84.38,1.1342,0.49834574028122436,98,100,214
CELL_02,moderate,215,2025-01-28 16:08:43,3.553,3.003,4.187,4.846,6.245,35.69,39.69,10.6,96.81,62.51,56.92,97.235,62.51,86.21000000000001,0.9692000000000001,0.8463187991422446,98,101,215
CELL_02,moderate,216,2025-01-28 18:32:35,3.551,2.973,4.179,6.361,8.181,33.04,37.24,18.64,98.32,47.03,39.33,97.21,47.03,79.67999999999999,1.2722,0.6626373626373631,98,101,216
CELL_02,moderate,217,2025-01-28 20:57:51,3.622,3.067,4.216,5.657,7.406,30.27,35.52,14.69,96.46,53.98,42.23,97.194,53.98,81.77,1.1314,0.6569468267581476,98,102,217
CELL_02,moderate,218,2025-01-29 00:02:57,3.667,3.014,4.266,4.174,5.506,36.39,39.97,17.61,96.12,70.19,56.57,97.181,70.19,78.51,0.8348000000000001,0.9399399399399402,98,102,218
CELL_02,moderate,219,2025-01-29 03:07:02,3.647,3.071,4.248,4.674,6.902,36.18,42.62,16.42,96.91,56.75,51.87,97.18,56.75,80.49,0.9348000000000001,0.5282764811490126,99,103,219
CELL_02,moderate,220,2025-01-29 05:51:48,3.664,3.048,4.249,5.766,7.559,34.52,37.64,20.42,98.07,50.22,42.27,97.177,50.22,77.64999999999999,1.1532,0.6698271054099272,99,103,220
CELL_02,moderate,221,2025-01-29 09:20:47,3.617,3.022,4.214,5.136,6.511,37.34,41.65,20.43,96.55,56.07,44.42,97.163,56.07,76.12,1.0272000000000001,0.8669090909090914,100,103,221
CELL_02,moderate,222,2025-01-29 13:10:20,3.599,3.043,4.184,4.054,5.26,38.79,42.95,13.24,99.17,72.29,62.7,97.142,72.29,85.93,0.8108000000000001,0.946102819237148,101,104,222
CELL_02,moderate,223,2025-01-29 17:03:03,3.64,3.097,4.265,4.858,6.709,35.09,40.25,14.41,97.84,60.47,55.69,97.132,60.47,83.43,0.9715999999999999,0.6310102647217719,102,105,223
CELL_02,moderate,224,2025-01-29 19:51:22,3.654,3.049,4.223,5.379,6.85,36.73,41.39,11.93,99.8,61.71,47.54,97.11,61.71,87.87,1.0757999999999999,0.7980965329707681,103,106,224
CELL_02,moderate,225,2025-01-29 22:44:36,3.606,2.982,4.206,5.007,7.111,39.73,44.35,18.68,96.79,54.94,43.55,97.076,54.94,78.11000000000001,1.0013999999999998,0.5817490494296579,104,106,225
CELL_02,moderate,226,2025-01-30 01:35:28,3.645,3.021,4.237,4.992,7.388,39.12,42.66,22.93,96.5,63.88,43.82,97.055,63.88,73.57,0.9984,0.5075125208681136,105,106,226
CELL_02,moderate,227,2025-01-30 03:44:29,3.548,2.915,4.198,5.344,6.464,34.49,38.57,15.75,97.14,54.05,44.45,97.04,54.05,81.39,1.0688,1.1455357142857145,105,107,227
CELL_02,moderate,228,2025-01-30 07:30:01,3.653,3.044,4.244,4.888,6.896,37.76,42.47,23.38,98.7,62.1,47.03,97.031,62.1,75.32000000000001,0.9776,0.597609561752988,106,107,228
CELL_02,moderate,229,2025-01-30 11:29:17,3.617,2.915,4.221,4.708,6.967,36.44,43.22,8.67,97.77,65.68,58.82,97.009,65.68,89.1,0.9416,0.5781319167773352,107,108,229
CELL_02,moderate,230,2025-01-30 15:16:47,3.686,3.082,4.256,4.967,6.76,35.34,38.6,18.94,97.32,61.84,52.19,97.0,61.84,78.38,0.9934,0.6547685443390966,107,108,230
CELL_02,moderate,231,2025-01-30 18:48:38,3.616,2.991,4.244,4.473,6.612,36.81,41.35,20.08,98.95,67.01,52.74,96.987,67.01,78.87,0.8946,0.5857877512856473,108,108,231
CELL_02,moderate,232,2025-01-30 21:55:13,3.624,3.083,4.22,5.536,7.462,33.11,37.44,13.37,98.82,53.72,45.84,96.975,53.72,85.44999999999999,1.1072,0.5903426791277255,108,109,232
CELL_02,moderate,233,2025-01-31 00:25:40,3.561,2.926,4.216,4.669,6.689,33.35,39.43,22.6,97.31,64.47,51.95,96.953,64.47,74.71000000000001,0.9338,0.6386138613861385,108,109,233
CELL_02,moderate,234,2025-01-31 03:29:51,3.65,3.004,4.237,4.775,6.173,35.99,40.17,20.78,97.16,59.08,46.4,96.95,59.08,76.38,0.9550000000000001,0.8819742489270389,109,109,234
CELL_02,moderate,235,2025-01-31 06:29:01,3.652,3.064,4.211,5.237,7.245,36.27,42.16,16.94,96.35,52.7,45.62,96.919,52.7,79.41,1.0474,0.5712151394422312,110,109,235
CELL_02,moderate,236,2025-01-31 09:19:37,3.615,3.001,4.246,4.768,6.933,39.55,46.34,19.34,97.98,60.69,48.28,96.9,60.69,78.64,0.9536,0.5750577367205545,111,109,236
CELL_02,moderate,237,2025-01-31 12:23:07,3.607,2.974,4.236,4.542,6.548,33.36,39.19,23.91,97.47,68.09,46.83,96.887,68.09,73.56,0.9084,0.6291126620139579,111,109,237
CELL_02,moderate,238,2025-01-31 16:25:03,3.618,3.053,4.215,4.445,6.262,36.79,40.52,22.32,99.24,69.18,54.91,96.886,69.18,76.91999999999999,0.889,0.6395156851953772,112,109,238
CELL_02,moderate,239,2025-01-31 18:54:23,3.685,3.1,4.246,5.232,6.37,34.21,39.91,27.71,98.17,60.04,41.15,96.866,60.04,70.46000000000001,1.0464,1.0070298769771533,112,109,239
CELL_02,moderate,240,2025-01-31 21:55:13,3.624,3.037,4.223,5.228,7.614,34.32,37.63,13.99,96.65,55.52,49.84,96.862,55.52,82.66000000000001,1.0455999999999999,0.4970662196144174,112,110,240
CELL_02,moderate,241,2025-02-01 00:46:12,3.638,3.075,4.178,4.685,5.692,37.78,43.94,17.61,98.33,60.86,53.32,96.839,60.86,80.72,0.9369999999999999,1.0953326713008928,113,111,241
CELL_02,moderate,242,2025-02-01 04:57:21,3.663,3.075,4.262,4.142,5.636,34.53,37.57,14.15,97.5,74.32,56.96,96.826,74.32,83.35,0.8284,0.7945113788487279,113,112,242
CELL_02,moderate,243,2025-02-01 07:45:12,3.567,2.905,4.24,4.99,6.719,36.56,41.08,20.59,96.03,54.82,46.38,96.823,54.82,75.44,0.998,0.7721226142278775,114,112,243
CELL_02,moderate,244,2025-02-01 10:19:38,3.639,3.034,4.246,5.081,6.337,33.97,37.89,25.06,98.03,59.52,41.11,96.818,59.52,72.97,1.0162,0.964968152866243,114,112,244
CELL_02,moderate,245,2025-02-01 13:31:16,3.658,3.055,4.199,4.11,6.102,38.53,45.23,4.24,98.2,76.5,68.13,96.798,76.5,93.96000000000001,0.8220000000000001,0.5742971887550199,115,113,245
CELL_02,moderate,246,2025-02-01 16:33:06,3.542,2.946,4.171,4.472,6.339,35.82,41.62,22.3,97.19,66.33,51.32,96.79,66.33,74.89,0.8944000000000001,0.6561328334226032,116,113,246
CELL_02,moderate,247,2025-02-01 20:23:40,3.582,3.025,4.186,4.41,5.885,33.79,40.67,19.02,98.86,67.15,55.0,96.785,67.15,79.84,0.882,0.7871186440677969,117,113,247
CELL_02,moderate,248,2025-02-02 00:01:46,3.625,2.997,4.252,4.445,6.315,32.2,37.85,9.63,96.08,65.87,60.13,96.784,65.87,86.45,0.889,0.6711229946524063,117,114,248
CELL_02,moderate,249,2025-02-02 02:36:26,3.589,2.958,4.232,4.721,5.824,34.55,41.22,17.78,99.26,56.72,51.83,96.774,56.72,81.48,0.9442,1.1550317316409795,118,115,249
CELL_02,moderate,250,2025-02-02 06:28:15,3.591,2.943,4.223,3.392,5.043,34.25,39.84,19.82,97.71,87.89,72.2,96.756,87.89,77.88999999999999,0.6784,0.7752877044215625,118,115,250
CELL_02,moderate,251,2025-02-02 08:59:28,3.685,3.04,4.233,5.872,7.181,35.41,39.56,20.52,96.64,46.99,38.62,96.74,46.99,76.12,1.1743999999999999,0.9113827349121463,118,115,251
CELL_02,moderate,252,2025-02-02 11:57:40,3.622,2.992,4.26,5.077,6.206,38.57,42.86,15.63,98.69,58.28,50.26,96.714,58.28,83.06,1.0154,1.1231178033658098,119,116,252
CELL_02,moderate,253,2025-02-02 15:36:27,3.578,2.994,4.204,4.736,6.177,37.52,40.66,15.29,98.37,61.8,52.57,96.686,61.8,83.08000000000001,0.9471999999999999,0.8396946564885494,120,117,253
CELL_02,moderate,254,2025-02-02 19:24:38,3.532,2.914,4.24,5.023,7.283,37.63,41.06,8.7,98.35,63.18,54.81,96.685,63.18,89.64999999999999,1.0046,0.586725663716814,121,118,254
CELL_02,moderate,255,2025-02-02 22:10:03,3.59,3.049,4.176,4.234,5.992,37.63,42.24,16.49,96.41,68.17,55.18,96.684,68.17,79.92,0.8468,0.6410693970420934,122,118,255
CELL_02,moderate,256,2025-02-03 00:49:42,3.648,3.058,4.222,5.244,6.853,35.31,42.08,20.19,97.63,52.74,43.12,96.678,52.74,77.44,1.0488,0.7234307022995653,123,118,256
CELL_02,moderate,257,2025-02-03 03:10:29,3.608,2.999,4.192,5.595,8.079,30.69,34.66,17.75,97.59,56.8,44.6,96.663,56.8,79.84,1.119,0.4802737520128823,123,118,257
CELL_02,moderate,258,2025-02-03 05:47:56,3.573,2.938,4.215,5.404,7.656,34.53,41.46,17.65,99.75,53.49,44.23,96.636,53.49,82.1,1.0808,0.567051509769094,124,119,258
CELL_02,moderate,259,2025-02-03 08:45:39,3.599,3.033,4.2,5.243,6.457,36.99,40.18,16.27,97.54,56.2,46.42,96.623,56.2,81.27000000000001,1.0486,0.9612850082372328,125,120,259
CELL_02,moderate,260,2025-02-03 11:30:55,3.605,3.006,4.23,4.523,6.489,34.16,38.45,20.29,98.69,64.85,50.19,96.618,64.85,78.4,0.9046,0.6225839267548324,125,120,260
CELL_02,moderate,261,2025-02-03 14:41:50,3.584,2.951,4.197,5.551,7.594,40.44,47.22,12.56,96.78,51.14,46.94,96.603,51.14,84.22,1.1102,0.6098874204601077,126,121,261
CELL_02,moderate,262,2025-02-03 17:49:24,3.57,2.914,4.222,4.439,6.59,37.95,42.5,20.0,98.32,68.23,48.79,96.577,68.23,78.32,0.8878,0.6080892608089262,127,121,262
CELL_02,moderate,263,2025-02-03 21:15:33,3.651,3.069,4.214,4.968,6.548,33.01,37.54,24.64,99.34,61.27,42.06,96.564,61.27,74.7,0.9936,0.7246835443037978,127,121,263
CELL_02,moderate,264,2025-02-04 00:58:52,3.512,2.935,4.171,4.538,5.917,38.34,44.47,15.7,99.2,62.12,53.84,96.548,62.12,83.5,0.9076000000000001,0.8963016678752723,128,122,264
CELL_02,moderate,265,2025-02-04 04:52:13,3.628,3.044,4.248,4.649,5.816,33.32,38.25,21.71,98.0,63.58,52.82,96.543,63.58,76.28999999999999,0.9298,1.031705227077978,128,122,265
CELL_02,moderate,266,2025-02-04 07:22:34,3.648,3.05,4.218,4.736,5.88,35.84,42.12,19.31,96.5,68.17,50.52,96.522,68.17,77.19,0.9471999999999999,1.020979020979021,129,122,266
CELL_02,moderate,267,2025-02-04 10:42:19,3.661,3.038,4.25,5.222,6.683,37.06,40.1,23.18,96.13,59.08,41.52,96.509,59.08,72.94999999999999,1.0444,0.8295687885010271,130,122,267
CELL_02,moderate,268,2025-02-04 13:36:35,3.651,3.015,4.264,4.594,5.785,33.04,36.93,24.5,99.97,66.95,46.82,96.505,66.95,75.47,0.9188000000000001,1.048698572628044,130,122,268
CELL_02,moderate,269,2025-02-04 16:58:54,3.616,3.023,4.208,5.083,6.708,34.4,40.58,24.04,97.86,56.43,46.72,96.493,56.43,73.82,1.0166,0.7292307692307692,131,122,269
CELL_02,moderate,270,2025-02-04 20:32:36,3.59,3.003,4.173,4.259,5.434,36.42,39.78,16.03,96.08,72.7,52.93,96.479,72.7,80.05,0.8518000000000001,0.9957446808510639,131,123,270
CELL_02,moderate,271,2025-02-04 23:54:24,3.635,3.058,4.245,5.193,7.104,36.42,42.56,17.5,96.8,58.03,43.81,96.472,58.03,79.3,1.0386,0.6211407639979069,132,123,271
CELL_02,moderate,272,2025-02-05 03:12:43,3.619,2.971,4.235,5.817,7.616,36.41,43.24,13.86,97.84,51.49,45.58,96.47,51.49,83.98,1.1634,0.7026125625347418,133,124,272
CELL_02,moderate,273,2025-02-05 06:45:17,3.637,3.099,4.183,5.446,6.8,40.2,46.28,27.27,98.65,52.36,40.96,96.451,52.36,71.38000000000001,1.0892,0.8005908419497781,134,124,273
CELL_02,moderate,274,2025-02-05 09:44:28,3.646,2.974,4.23,5.174,7.525,35.59,39.77,20.81,97.63,61.2,44.65,96.436,61.2,76.82,1.0348000000000002,0.5342407486176096,134,124,274
CELL_02,moderate,275,2025-02-05 12:14:36,3.675,3.061,4.24,5.037,7.455,35.23,39.56,20.59,96.62,57.05,44.19,96.435,57.05,76.03,1.0074,0.48759305210918125,134,124,275
CELL_02,moderate,276,2025-02-05 15:12:37,3.625,3.013,4.208,4.589,6.089,35.25,40.64,11.12,98.22,63.81,57.58,96.417,63.81,87.1,0.9178000000000001,0.7966666666666669,135,125,276
CELL_02,moderate,277,2025-02-05 18:09:04,3.651,3.036,4.254,4.753,6.727,34.1,40.35,17.7,98.88,62.02,49.2,96.398,62.02,81.17999999999999,0.9506,0.6170212765957444,136,126,277
CELL_02,moderate,278,2025-02-05 21:00:17,3.525,2.942,4.174,6.097,7.54,35.23,41.61,24.75,99.75,50.05,35.91,96.373,50.05,75.0,1.2194,0.8537768537768542,137,126,278
CELL_02,moderate,279,2025-02-05 23:50:41,3.64,3.035,4.259,4.675,6.273,33.22,38.0,19.65,100.0,67.08,49.04,96.37,67.08,80.35,0.9349999999999999,0.7659574468085109,137,127,279
CELL_02,moderate,280,2025-02-06 03:15:44,3.594,2.95,4.188,3.581,4.713,32.63,37.68,15.74,98.69,86.08,67.91,96.348,86.08,82.95,0.7162,1.093639575971731,137,128,280
CELL_02,moderate,281,2025-02-06 06:26:53,3.577,2.922,4.246,6.412,9.071,38.05,42.99,8.69,98.2,44.72,41.7,96.328,44.72,89.51,1.2824,0.4979315532154947,138,129,281
CELL_02,moderate,282,2025-02-06 08:58:35,3.632,3.082,4.258,5.651,7.309,32.28,39.08,25.49,98.41,52.47,39.97,96.303,52.47,72.92,1.1301999999999999,0.7092882991556091,138,129,282
CELL_02,moderate,283,2025-02-06 12:47:24,3.568,2.967,4.189,4.33,5.681,37.66,41.16,20.03,99.43,76.5,53.96,96.277,76.5,79.4,0.866,0.9045151739452257,139,129,283
CELL_02,moderate,284,2025-02-06 15:04:24,3.53,2.903,4.172,5.082,6.865,36.37,42.92,15.81,97.33,56.79,47.65,96.27,56.79,81.52,1.0164,0.711721817162086,140,130,284
CELL_02,moderate,285,2025-02-06 17:40:12,3.701,3.097,4.259,5.655,6.795,33.62,40.27,17.23,99.57,55.27,44.28,96.249,55.27,82.33999999999999,1.131,1.0192982456140356,141,131,285
CELL_02,moderate,286,2025-02-06 20:47:31,3.627,3.024,4.194,4.749,6.788,34.4,39.65,20.15,98.23,65.24,49.14,96.248,65.24,78.08000000000001,0.9498,0.5738106915154485,141,131,286
CELL_02,moderate,287,2025-02-06 23:55:06,3.644,3.031,4.239,4.278,5.324,37.99,43.1,18.69,97.27,75.09,55.15,96.23,75.09,78.58,0.8555999999999999,1.154875717017208,142,131,287
CELL_02,moderate,288,2025-02-07 03:12:54,3.702,3.096,4.23,4.673,5.687,37.31,44.24,22.07,97.77,62.65,50.04,96.217,62.65,75.69999999999999,0.9346,1.1183431952662723,143,131,288
CELL_02,moderate,289,2025-02-07 05:55:01,3.652,3.069,4.254,4.72,6.191,33.74,39.77,8.72,96.91,58.27,58.72,96.214,58.27,88.19,0.944,0.8055744391570357,143,132,289
CELL_02,moderate,290,2025-02-07 08:15:00,3.531,2.945,4.197,5.022,7.086,36.61,43.5,16.43,97.35,58.16,48.6,96.209,58.16,80.91999999999999,1.0044,0.6065891472868218,144,133,290
CELL_02,moderate,291,2025-02-07 11:49:58,3.595,3.051,4.173,5.119,6.288,34.85,38.23,7.24,96.69,57.72,53.34,96.199,57.72,89.45,1.0238,0.9597946963216419,144,134,291
CELL_02,moderate,292,2025-02-07 14:50:28,3.579,2.946,4.234,5.548,8.311,35.37,40.34,17.14,98.73,56.68,44.02,96.166,56.68,81.59,1.1096,0.46615997104596446,145,135,292
CELL_02,moderate,293,2025-02-07 17:00:43,3.642,3.004,4.257,5.639,8.093,34.93,41.63,20.11,97.59,52.45,43.0,96.161,52.45,77.48,1.1278000000000001,0.5105949470252648,146,135,293
CELL_02,moderate,294,2025-02-07 19:37:26,3.636,3.067,4.227,4.779,7.028,33.11,39.29,24.13,96.93,65.04,50.37,96.152,65.04,72.80000000000001,0.9558,0.5157847932414408,146,135,294
CELL_02,moderate,295,2025-02-07 22:49:01,3.57,2.948,4.19,4.429,5.997,31.38,36.37,22.58,97.83,64.43,54.82,96.133,64.43,75.25,0.8858,0.7920918367346943,146,135,295
CELL_02,moderate,296,2025-02-08 02:49:26,3.638,3.075,4.188,4.343,6.317,37.32,41.87,10.56,97.98,68.3,58.48,96.115,68.3,87.42,0.8686,0.5638297872340423,147,136,296
CELL_02,moderate,297,2025-02-08 05:55:21,3.577,2.964,4.187,4.353,5.623,36.91,40.71,12.99,96.94,67.03,59.07,96.099,67.03,83.95,0.8705999999999999,0.9629921259842519,148,137,297
CELL_02,moderate,298,2025-02-08 09:29:39,3.6,2.963,4.225,5.075,7.038,35.12,38.6,14.81,99.14,64.55,48.61,96.083,64.55,84.33,1.0150000000000001,0.6428935303107486,148,138,298
CELL_02,moderate,299,2025-02-08 12:05:53,3.655,3.016,4.248,4.959,7.14,33.76,38.81,21.3,97.32,59.02,47.94,96.068,59.02,76.02,0.9917999999999999,0.5648784961027052,148,138,299
CELL_02,moderate,300,2025-02-08 15:15:36,3.677,3.057,4.27,4.555,5.684,31.55,36.45,25.58,99.87,65.96,48.64,96.06,65.96,74.29,0.9109999999999999,1.0744021257750214,148,138,300
CELL_02,moderate,301,2025-02-08 19:27:30,3.586,2.99,4.21,3.802,4.916,37.31,42.98,13.96,99.77,78.76,68.43,96.023,78.76,85.81,0.7604,1.0951526032315972,149,139,301
CELL_02,moderate,302,2025-02-08 22:09:16,3.62,3.066,4.182,4.259,6.294,34.26,38.7,27.13,97.5,71.16,47.69,96.02,71.16,70.37,0.8518000000000001,0.5484029484029489,149,139,302
CELL_02,moderate,303,2025-02-09 00:44:18,3.573,2.972,4.176,5.209,7.617,34.54,38.8,18.66,98.71,58.11,45.7,96.003,58.11,80.05,1.0417999999999998,0.5,149,140,303
CELL_02,moderate,304,2025-02-09 03:21:44,3.598,2.945,4.242,4.893,6.573,35.51,42.15,17.63,98.13,59.83,46.66,96.002,59.83,80.5,0.9785999999999999,0.7720238095238093,150,141,304
CELL_02,moderate,305,2025-02-09 06:33:41,3.616,3.057,4.196,5.132,6.414,37.17,43.02,18.45,98.32,55.44,43.07,96.0,55.44,79.86999999999999,1.0264,0.8884555382215287,151,141,305
CELL_02,moderate,306,2025-02-09 09:37:50,3.6,2.998,4.229,3.602,4.886,35.41,42.03,22.25,99.71,82.51,65.14,95.975,82.51,77.46,0.7203999999999999,0.9587227414330215,152,141,306
CELL_02,moderate,307,2025-02-09 12:52:21,3.637,3.021,4.208,4.765,6.577,33.91,37.31,12.22,98.54,65.73,54.36,95.962,65.73,86.32000000000001,0.953,0.6550772626931568,152,142,307
CELL_02,moderate,308,2025-02-09 16:08:39,3.613,3.042,4.197,5.028,7.224,34.99,38.7,12.3,99.11,65.95,51.27,95.943,65.95,86.81,1.0055999999999998,0.5259562841530054,152,143,308
CELL_02,moderate,309,2025-02-09 18:43:51,3.588,2.939,4.269,4.73,5.901,39.41,44.42,17.57,97.97,61.29,50.05,95.912,61.29,80.4,0.9460000000000001,1.135781383432964,153,144,309
CELL_02,moderate,310,2025-02-09 21:27:17,3.65,3.065,4.241,5.371,7.956,37.85,44.02,20.57,97.15,51.89,41.2,95.895,51.89,76.58000000000001,1.0742,0.4549323017408123,154,144,310
CELL_02,moderate,311,2025-02-10 00:09:58,3.617,3.068,4.187,5.461,6.722,31.7,37.82,14.53,99.36,52.92,47.07,95.874,52.92,84.83,1.0922,0.8873909595559081,154,145,311
CELL_02,moderate,312,2025-02-10 03:49:48,3.639,3.052,4.257,5.026,7.077,34.88,39.03,32.96,97.38,58.87,41.52,95.843,58.87,64.41999999999999,1.0051999999999999,0.5875182837640174,154,145,312
CELL_02,moderate,313,2025-02-10 06:50:53,3.629,3.005,4.269,5.01,6.771,34.65,38.66,10.79,97.48,54.21,49.72,95.818,54.21,86.69,1.002,0.7177739920499717,154,146,313
CELL_02,moderate,314,2025-02-10 10:03:09,3.594,2.987,4.201,5.197,7.35,33.91,39.19,14.82,96.53,53.87,45.87,95.814,53.87,81.71000000000001,1.0394,0.5638643752902925,154,147,314
CELL_02,moderate,315,2025-02-10 13:33:22,3.569,2.902,4.195,4.262,5.429,33.5,36.7,15.43,99.4,67.38,59.73,95.801,67.38,83.97,0.8523999999999999,1.1079691516709507,154,148,315
CELL_02,moderate,316,2025-02-10 16:35:17,3.61,3.003,4.243,4.685,6.258,32.47,36.67,12.59,97.73,58.3,53.79,95.784,58.3,85.14,0.9369999999999999,0.7883026064844246,154,149,316
CELL_02,moderate,317,2025-02-10 18:48:36,3.668,3.036,4.259,5.441,7.401,34.82,40.3,7.12,98.18,50.61,46.32,95.764,50.61,91.06,1.0882,0.6239795918367349,155,150,317
CELL_02,moderate,318,2025-02-10 22:27:06,3.554,2.918,4.228,4.704,6.112,37.94,44.5,17.07,97.71,68.12,51.32,95.744,68.12,80.63999999999999,0.9408,0.9303977272727267,156,151,318
CELL_02,moderate,319,2025-02-11 02:19:22,3.595,2.98,4.229,4.587,6.104,34.62,41.44,15.26,99.46,66.92,58.1,95.741,66.92,84.19999999999999,0.9174,0.8233355306526037,157,152,319
CELL_02,moderate,320,2025-02-11 05:59:45,3.617,3.018,4.234,5.231,7.734,35.05,39.29,13.8,97.74,59.52,49.76,95.731,59.52,83.94,1.0462,0.48581701957650825,157,153,320
CELL_02,moderate,321,2025-02-11 08:51:56,3.545,2.964,4.179,6.292,8.55,35.3,39.94,20.82,99.96,47.97,37.88,95.712,47.97,79.13999999999999,1.2584,0.5380868024800708,157,153,321
CELL_02,moderate,322,2025-02-11 12:40:11,3.573,3.022,4.18,4.791,6.536,34.02,38.66,15.74,98.8,64.47,51.78,95.711,64.47,83.06,0.9582,0.6636103151862467,157,154,322
CELL_02,moderate,323,2025-02-11 16:02:42,3.625,3.05,4.185,5.284,7.192,32.35,37.95,21.66,99.48,51.97,41.85,95.692,51.97,77.82000000000001,1.0568,0.5948637316561842,157,154,323
CELL_02,moderate,324,2025-02-11 19:15:46,3.694,3.081,4.268,4.467,6.185,35.04,38.58,19.48,97.16,62.78,53.07,95.679,62.78,77.67999999999999,0.8934,0.6909196740395808,157,154,324
CELL_02,moderate,325,2025-02-11 22:51:56,3.646,3.051,4.246,5.198,6.93,38.26,42.14,15.62,97.47,52.87,48.23,95.665,52.87,81.85,1.0396,0.689953810623557,158,155,325
CELL_02,moderate,326,2025-02-12 01:54:38,3.609,3.014,4.21,5.091,7.399,36.94,40.8,17.09,99.31,52.01,49.86,95.635,52.01,82.22,1.0182,0.5181975736568458,159,156,326
CELL_02,moderate,327,2025-02-12 05:17:25,3.601,2.949,4.242,4.471,5.37,33.75,40.27,17.98,97.78,65.25,52.26,95.62,65.25,79.8,0.8942,1.4382647385984428,160,156,327
CELL_02,moderate,328,2025-02-12 08:03:38,3.623,3.046,4.215,4.09,5.211,35.65,39.4,20.84,99.82,75.8,54.26,95.617,75.8,78.97999999999999,0.818,1.0428189116859943,160,156,328
CELL_02,moderate,329,2025-02-12 10:49:21,3.616,2.989,4.188,4.602,5.777,35.32,42.19,16.94,97.91,68.93,56.32,95.585,68.93,80.97,0.9204000000000001,1.0204255319148936,161,157,329
CELL_02,moderate,330,2025-02-12 14:27:24,3.569,2.908,4.2,4.935,7.362,35.96,41.18,17.7,99.05,60.95,47.21,95.584,60.95,81.35,0.9869999999999999,0.5323444581788216,162,158,330
CELL_02,moderate,331,2025-02-12 17:29:43,3.637,3.07,4.247,5.229,6.846,33.27,37.76,9.88,97.82,61.25,47.28,95.565,61.25,87.94,1.0458,0.7278911564625851,162,159,331
CELL_02,moderate,332,2025-02-12 19:52:25,3.631,3.005,4.216,4.788,6.074,33.64,37.53,21.44,99.11,62.23,49.09,95.543,62.23,77.67,0.9576,0.9416796267496117,162,159,332
CELL_02,moderate,333,2025-02-12 22:22:38,3.608,3.05,4.205,5.209,6.536,38.83,44.06,25.23,98.61,57.74,42.06,95.512,57.74,73.38,1.0417999999999998,0.8703843255463454,163,159,333
CELL_02,moderate,334,2025-02-13 00:29:33,3.607,3.019,4.219,5.893,7.925,33.53,39.72,11.43,97.41,49.09,47.31,95.504,49.09,85.97999999999999,1.1785999999999999,0.5905511811023623,163,160,334
CELL_02,moderate,335,2025-02-13 02:57:12,3.654,3.041,4.244,5.002,7.378,37.1,43.27,21.0,96.81,58.11,47.77,95.481,58.11,75.81,1.0004,0.5063131313131312,164,160,335
CELL_02,moderate,336,2025-02-13 06:30:43,3.558,2.919,4.206,4.132,5.905,33.96,37.65,22.39,97.39,76.44,53.44,95.476,76.44,75.0,0.8263999999999999,0.7258883248730964,164,160,336
CELL_02,moderate,337,2025-02-13 09:20:57,3.65,3.04,4.192,5.319,7.803,37.53,41.0,15.78,99.33,48.03,46.65,95.457,48.03,83.55,1.0638,0.46376811594202905,165,161,337
CELL_02,moderate,338,2025-02-13 12:17:30,3.588,2.951,4.222,5.07,6.636,33.53,36.63,24.25,96.49,60.09,43.69,95.438,60.09,72.24,1.014,0.8116219667943809,165,161,338
CELL_02,moderate,339,2025-02-13 15:18:13,3.57,2.911,4.221,5.464,8.094,34.81,41.29,11.35,97.17,50.6,50.01,95.431,50.6,85.82000000000001,1.0928,0.49809885931558956,166,162,339
CELL_02,moderate,340,2025-02-13 18:13:55,3.558,2.968,4.182,4.855,7.208,36.79,42.62,17.18,98.42,62.28,50.24,95.402,62.28,81.24000000000001,0.9710000000000001,0.5159371015724609,167,163,340
CELL_02,moderate,341,2025-02-13 21:28:29,3.606,3.009,4.181,4.867,6.497,35.35,40.69,20.21,97.12,63.51,47.04,95.392,63.51,76.91,0.9734,0.7190184049079756,168,163,341
CELL_02,moderate,342,2025-02-14 00:07:48,3.612,2.916,4.257,5.069,7.329,33.55,38.6,18.72,97.14,57.95,43.25,95.384,57.95,78.42,1.0138,0.593362831858407,168,163,342
CELL_02,moderate,343,2025-02-14 03:09:22,3.654,2.983,4.256,4.289,5.757,40.17,46.33,16.53,98.62,71.67,55.15,95.345,71.67,82.09,0.8577999999999999,0.86716621253406,169,164,343
CELL_02,moderate,344,2025-02-14 06:16:14,3.633,2.943,4.255,5.457,7.776,34.78,40.65,24.54,96.1,51.29,35.81,95.337,51.29,71.56,1.0914,0.5657611039241052,170,164,344
CELL_02,moderate,345,2025-02-14 08:26:14,3.608,2.964,4.205,5.758,7.447,32.34,38.96,18.24,96.79,52.59,40.13,95.332,52.59,78.55000000000001,1.1516,0.7347542924807579,170,164,345
CELL_02,moderate,346,2025-02-14 10:56:16,3.601,3.071,4.203,5.526,7.555,36.41,42.91,20.22,98.81,56.67,48.44,95.322,56.67,78.59,1.1052,0.5579103006407098,171,164,346
CELL_02,moderate,347,2025-02-14 13:57:43,3.637,3.034,4.245,5.281,6.728,35.49,41.12,22.4,96.78,56.55,43.66,95.312,56.55,74.38,1.0562,0.8369039391845199,172,164,347
CELL_02,moderate,348,2025-02-14 17:05:00,3.582,2.943,4.175,5.118,6.602,38.37,44.14,12.58,97.43,61.78,52.28,95.294,61.78,84.85000000000001,1.0236,0.8301886792452828,173,165,348
CELL_02,moderate,349,2025-02-14 20:39:04,3.547,2.928,4.231,5.212,7.088,34.32,41.02,14.28,98.79,57.15,47.99,95.279,57.15,84.51,1.0424,0.6945628997867802,174,166,349
CELL_02,moderate,350,2025-02-15 00:55:09,3.609,2.951,4.259,3.887,5.785,35.94,41.65,17.72,98.7,76.69,63.61,95.26,76.69,80.98,0.7774,0.6891464699683879,175,167,350
CELL_02,moderate,351,2025-02-15 03:43:35,3.527,2.903,4.199,4.948,7.171,34.93,39.77,13.74,98.27,62.57,52.95,95.247,62.57,84.53,0.9896,0.582995951417004,175,168,351
CELL_02,moderate,352,2025-02-15 06:58:52,3.597,3.042,4.208,5.723,8.455,36.15,42.84,16.83,98.78,53.53,39.55,95.241,53.53,81.95,1.1446,0.4267935578330894,176,169,352
CELL_02,moderate,353,2025-02-15 10:36:45,3.623,3.063,4.175,4.845,7.066,36.29,39.96,18.14,98.87,55.62,50.22,95.24,55.62,80.73,0.969,0.5006753714542997,176,170,353
CELL_02,moderate,354,2025-02-15 13:32:52,3.548,2.955,4.185,4.922,6.51,35.48,39.95,18.47,98.12,65.36,45.47,95.22,65.36,79.65,0.9843999999999999,0.7745591939546597,176,170,354
CELL_02,moderate,355,2025-02-15 16:30:38,3.597,2.963,4.241,4.95,6.639,35.26,40.06,14.16,98.59,62.91,52.26,95.204,62.91,84.43,0.99,0.7566607460035522,177,171,355
CELL_02,moderate,356,2025-02-15 19:32:30,3.671,3.031,4.236,4.887,6.294,35.94,41.88,17.31,98.13,66.27,46.06,95.19,66.27,80.82,0.9773999999999999,0.8564321250888413,178,172,356
CELL_02,moderate,357,2025-02-15 22:05:27,3.682,3.07,4.249,4.828,6.443,33.42,37.91,15.25,98.54,58.57,49.77,95.172,58.57,83.29,0.9656,0.7300309597523221,178,173,357
CELL_02,moderate,358,2025-02-16 01:41:29,3.633,3.088,4.193,5.318,7.605,38.71,42.95,18.45,99.94,59.12,50.03,95.161,59.12,81.49,1.0635999999999999,0.483165719282903,179,174,358
CELL_02,moderate,359,2025-02-16 05:13:07,3.605,2.936,4.238,4.743,7.033,35.13,39.6,19.04,97.66,65.68,47.39,95.14,65.68,78.62,0.9486000000000001,0.5685589519650657,179,174,359
CELL_02,moderate,360,2025-02-16 08:19:34,3.59,2.917,4.256,5.028,6.766,34.02,38.33,20.41,96.83,60.75,45.79,95.127,60.75,76.42,1.0055999999999998,0.7704257767548908,179,174,360
CELL_02,moderate,361,2025-02-16 10:46:58,3.633,3.017,4.239,5.242,7.542,35.63,41.19,15.79,96.12,60.07,43.51,95.102,60.07,80.33000000000001,1.0484,0.531304347826087,180,175,361
CELL_02,moderate,362,2025-02-16 14:19:23,3.623,2.965,4.22,5.154,7.476,38.24,42.06,21.77,97.06,59.33,40.69,95.086,59.33,75.29,1.0308,0.5404823428079242,181,175,362
CELL_02,moderate,363,2025-02-16 17:09:08,3.567,2.909,4.255,5.218,7.296,33.59,36.69,13.94,97.54,52.82,47.23,95.082,52.82,83.60000000000001,1.0436,0.6477382098171318,181,176,363
CELL_02,moderate,364,2025-02-16 20:30:54,3.641,2.985,4.242,4.737,6.271,38.71,41.97,12.58,99.66,60.68,54.59,95.064,60.68,87.08,0.9474,0.8194263363754891,182,177,364
CELL_02,moderate,365,2025-02-16 23:35:13,3.626,3.075,4.189,4.116,5.224,35.09,40.21,26.34,99.5,71.97,50.74,95.054,71.97,73.16,0.8231999999999999,1.005415162454873,183,177,365
CELL_02,moderate,366,2025-02-17 02:06:25,3.659,3.08,4.204,5.575,8.191,38.08,42.53,17.99,98.87,50.96,43.0,95.048,50.96,80.88000000000001,1.115,0.4296636085626909,184,178,366
CELL_02,moderate,367,2025-02-17 05:36:08,3.582,2.953,4.186,4.471,6.617,32.75,38.66,9.35,99.58,64.53,60.8,95.046,64.53,90.23,0.8942,0.5745573159366264,184,179,367
CELL_02,moderate,368,2025-02-17 08:10:05,3.566,2.902,4.259,5.436,8.099,33.04,39.31,20.95,96.98,57.27,38.06,95.018,57.27,76.03,1.0872,0.5095756665414946,184,179,368
CELL_02,moderate,369,2025-02-17 10:45:00,3.576,2.943,4.215,4.456,6.235,38.37,41.54,14.08,96.04,63.17,55.62,95.0,63.17,81.96000000000001,0.8912000000000001,0.7150084317032039,185,180,369
CELL_02,moderate,370,2025-02-17 13:37:31,3.602,3.056,4.232,5.397,8.006,33.5,36.93,35.51,99.81,55.98,34.43,94.982,55.98,64.30000000000001,1.0794000000000001,0.45074741280183983,185,180,370
CELL_02,moderate,371,2025-02-17 16:33:23,3.621,3.046,4.188,4.9,7.184,34.71,39.48,14.72,96.46,63.13,46.41,94.968,63.13,81.74,0.9800000000000001,0.5,185,181,371
CELL_02,moderate,372,2025-02-17 19:02:37,3.673,3.09,4.266,4.438,5.808,34.49,39.09,21.48,99.49,66.71,52.14,94.946,66.71,78.00999999999999,0.8876,0.8583941605839417,185,181,372
CELL_02,moderate,373,2025-02-17 22:34:24,3.646,2.986,4.247,5.267,7.536,36.33,42.53,24.26,96.53,54.95,38.5,94.939,54.95,72.27,1.0534000000000001,0.5557514323490524,186,181,373
CELL_02,moderate,374,2025-02-18 02:08:44,3.587,2.99,4.246,4.681,6.906,38.21,42.61,14.05,97.73,63.09,53.25,94.938,63.09,83.68,0.9362,0.5644943820224722,187,182,374
CELL_02,moderate,375,2025-02-18 05:35:38,3.587,2.934,4.237,4.99,6.005,38.2,42.33,13.47,97.93,61.63,53.36,94.915,61.63,84.46000000000001,0.998,1.2837438423645324,188,183,375
CELL_02,moderate,376,2025-02-18 08:25:51,3.594,2.984,4.255,5.075,7.431,33.44,37.73,23.6,97.81,59.71,44.62,94.877,59.71,74.21000000000001,1.0150000000000001,0.5394736842105263,188,183,376
CELL_02,moderate,377,2025-02-18 11:39:51,3.597,2.975,4.247,4.15,6.132,34.57,37.86,21.28,96.4,73.12,58.03,94.853,73.12,75.12,0.8300000000000001,0.6417759838546924,188,183,377
CELL_02,moderate,378,2025-02-18 14:48:55,3.585,2.993,4.253,4.944,7.386,35.23,38.63,25.44,98.51,58.6,51.42,94.832,58.6,73.07000000000001,0.9888,0.515970515970516,188,183,378
CELL_02,moderate,379,2025-02-18 17:13:15,3.649,3.072,4.189,4.903,5.91,34.4,39.33,26.75,99.33,61.39,43.87,94.819,61.39,72.58,0.9805999999999999,1.1092353525322736,188,183,379
CELL_02,moderate,380,2025-02-18 20:47:56,3.6,2.916,4.234,4.859,6.177,34.93,39.62,16.51,99.48,58.65,48.85,94.8,58.65,82.97,0.9718,1.0000000000000004,188,184,380
CELL_02,moderate,381,2025-02-18 23:32:54,3.592,2.978,4.227,5.461,7.542,33.21,38.65,16.04,98.9,55.75,43.13,94.799,55.75,82.86000000000001,1.0922,0.600192215281115,188,185,381
CELL_02,moderate,382,2025-02-19 03:18:51,3.629,3.057,4.226,4.986,6.605,32.89,38.94,13.62,97.17,55.61,50.41,94.795,55.61,83.55,0.9972,0.7220506485484864,188,186,382
CELL_02,moderate,383,2025-02-19 05:57:36,3.572,2.932,4.206,5.608,8.216,36.39,42.1,19.1,97.36,53.16,41.25,94.77,53.16,78.25999999999999,1.1216,0.48849693251533766,189,186,383
CELL_02,moderate,384,2025-02-19 09:10:50,3.658,3.071,4.24,5.728,8.092,35.59,41.55,23.65,96.56,51.05,36.73,94.753,51.05,72.91,1.1456,0.49450084602368855,190,186,384
CELL_02,moderate,385,2025-02-19 12:06:29,3.61,3.001,4.231,5.531,8.141,38.7,45.58,13.63,96.33,55.8,46.52,94.735,55.8,82.7,1.1061999999999999,0.4712643678160919,191,187,385
CELL_02,moderate,386,2025-02-19 16:01:05,3.657,3.091,4.19,3.641,4.967,34.54,39.35,18.13,99.78,85.28,68.48,94.708,85.28,81.65,0.7282,0.8288084464555057,191,188,386
CELL_02,moderate,387,2025-02-19 19:17:27,3.609,2.986,4.252,4.238,6.192,35.49,38.98,18.02,99.39,70.75,55.7,94.704,70.75,81.37,0.8476000000000001,0.6479017400204707,191,189,387
CELL_02,moderate,388,2025-02-19 22:52:32,3.661,3.083,4.24,4.644,6.474,36.87,40.22,11.91,96.61,65.93,54.78,94.693,65.93,84.7,0.9288000000000001,0.6322404371584699,192,190,388
CELL_02,moderate,389,2025-02-20 01:19:06,3.664,3.08,4.205,5.336,7.159,37.8,42.45,10.22,96.18,55.07,49.73,94.677,55.07,85.96000000000001,1.0672000000000001,0.617114646187603,193,191,389
CELL_02,moderate,390,2025-02-20 03:45:44,3.623,3.061,4.209,5.784,8.589,37.88,41.74,25.11,99.35,54.29,40.84,94.664,54.29,74.24,1.1568,0.4092691622103385,194,191,390
CELL_02,moderate,391,2025-02-20 07:42:52,3.554,2.91,4.183,4.145,5.056,34.66,41.33,16.89,96.56,71.78,53.38,94.645,71.78,79.67,0.829,1.3973655323819967,195,191,391
CELL_02,moderate,392,2025-02-20 10:57:10,3.626,3.025,4.22,5.365,7.426,34.72,40.59,19.24,97.52,55.14,43.7,94.62,55.14,78.28,1.073,0.5798156234837457,196,191,392
CELL_02,moderate,393,2025-02-20 14:35:27,3.561,2.935,4.261,5.526,6.754,34.02,38.43,19.03,97.61,54.68,43.74,94.599,54.68,78.58,1.1052,1.0798045602605866,196,191,393
CELL_02,moderate,394,2025-02-20 17:40:55,3.645,3.067,4.24,5.326,7.309,34.13,39.65,14.31,97.42,54.22,45.72,94.597,54.22,83.11,1.0652,0.5915279878971255,196,192,394
CELL_02,moderate,395,2025-02-20 21:15:56,3.586,2.993,4.178,4.116,6.109,32.01,35.67,16.04,96.95,76.48,57.18,94.596,76.48,80.91,0.8231999999999999,0.5945810336176618,196,193,395
CELL_02,moderate,396,2025-02-21 00:25:20,3.654,3.085,4.262,5.123,6.861,36.8,42.89,18.03,97.34,55.74,46.42,94.587,55.74,79.31,1.0246,0.6772151898734177,197,193,396
CELL_02,moderate,397,2025-02-21 04:05:33,3.613,2.981,4.179,4.597,5.8,37.66,44.08,24.85,96.47,67.79,44.61,94.582,67.79,71.62,0.9194000000000001,0.9958437240232759,198,193,397
CELL_02,moderate,398,2025-02-21 06:50:57,3.623,3.049,4.184,5.914,7.438,34.27,39.25,8.85,97.64,48.74,43.88,94.576,48.74,88.79,1.1827999999999999,0.7447506561679792,198,194,398
CELL_02,moderate,399,2025-02-21 09:36:04,3.616,2.988,4.202,4.499,5.834,38.57,44.07,20.75,98.58,63.65,52.07,94.558,63.65,77.83,0.8997999999999999,0.9093632958801499,199,194,399
CELL_02,moderate,400,2025-02-21 12:51:41,3.625,3.002,4.241,5.018,7.39,36.3,40.9,12.45,99.36,58.52,50.03,94.557,58.52,86.91,1.0036,0.5223440134907251,200,195,400
CELL_03,aggressive,1,2025-01-01 08:56:39,3.596,3.036,4.2,9.065,13.211,43.48,50.43,5.77,97.22,34.58,33.71,99.93,34.58,91.45,1.813,0.28075253256150506,1,1,1
CELL_03,aggressive,2,2025-01-01 11:02:18,3.583,2.901,4.269,9.932,14.357,47.44,53.92,11.85,98.57,29.21,23.52,99.853,29.21,86.72,1.9864000000000002,0.3091525423728815,2,2,2
CELL_03,aggressive,3,2025-01-01 13:35:28,3.607,3.003,4.227,8.776,11.164,44.43,48.14,7.44,97.45,31.86,32.2,99.788,31.86,90.01,1.7551999999999999,0.5125628140703519,3,3,3
CELL_03,aggressive,4,2025-01-01 16:33:00,3.636,3.087,4.187,9.261,12.057,44.54,49.29,0.0,97.16,34.23,30.55,99.71,34.23,97.16,1.8521999999999998,0.39341917024320444,4,4,4
CELL_03,aggressive,5,2025-01-01 18:20:35,3.648,3.034,4.268,9.016,13.217,43.13,48.49,3.73,99.11,36.17,30.6,99.642,36.17,95.38,1.8032,0.29373958581290166,5,5,5
CELL_03,aggressive,6,2025-01-01 20:50:01,3.578,2.903,4.251,8.712,12.834,48.09,53.22,0.03,99.03,29.48,33.75,99.577,29.48,99.0,1.7424,0.32702571567200395,6,6,6
CELL_03,aggressive,7,2025-01-01 23:06:18,3.57,2.9,4.242,8.247,10.316,44.35,49.89,0.43,99.43,35.04,35.43,99.509,35.04,99.0,1.6494,0.6486225229579505,7,7,7
CELL_03,aggressive,8,2025-01-02 01:21:45,3.693,3.079,4.239,8.995,10.975,41.44,47.14,12.77,97.18,35.68,26.77,99.451,35.68,84.41000000000001,1.799,0.5858585858585856,8,8,8
CELL_03,aggressive,9,2025-01-02 03:44:07,3.554,2.946,4.18,9.318,13.483,44.56,51.27,3.57,98.41,30.99,30.48,99.374,30.99,94.84,1.8636,0.29627851140456163,9,9,9
CELL_03,aggressive,10,2025-01-02 06:38:57,3.564,2.983,4.18,8.446,12.142,42.86,46.17,3.58,96.74,34.44,33.02,99.323,34.44,93.16,1.6892,0.3238636363636363,10,10,10
CELL_03,aggressive,11,2025-01-02 08:31:38,3.649,3.069,4.238,9.054,13.125,42.55,47.75,8.35,98.89,35.0,30.03,99.269,35.0,90.54,1.8108,0.2871530336526653,11,11,11
CELL_03,aggressive,12,2025-01-02 11:19:34,3.595,3.05,4.18,8.936,11.414,46.7,51.89,0.0,96.4,30.38,30.1,99.191,30.38,96.4,1.7872,0.45601291364003227,12,12,12
CELL_03,aggressive,13,2025-01-02 13:25:49,3.609,3.018,4.198,8.514,11.217,46.65,51.53,2.62,97.1,33.39,34.33,99.121,33.39,94.47999999999999,1.7027999999999999,0.43655197928227896,13,13,13
CELL_03,aggressive,14,2025-01-02 16:22:02,3.646,3.086,4.213,8.897,12.087,44.67,50.28,4.73,99.09,35.98,33.96,99.06,35.98,94.36,1.7794,0.35329153605015684,14,14,14
CELL_03,aggressive,15,2025-01-02 18:23:44,3.617,3.095,4.214,9.717,14.152,46.07,49.36,10.59,99.35,37.14,24.06,98.99,37.14,88.75999999999999,1.9434,0.2523111612175875,15,15,15
CELL_03,aggressive,16,2025-01-02 20:40:56,3.659,3.07,4.226,9.061,11.521,41.07,47.1,0.0,98.17,36.12,30.3,98.931,36.12,98.17,1.8122,0.46991869918699175,16,16,16
CELL_03,aggressive,17,2025-01-02 23:01:26,3.609,2.966,4.235,8.784,11.272,44.04,48.62,3.59,99.93,36.64,34.51,98.853,36.64,96.34,1.7568000000000001,0.5100482315112541,17,17,17
CELL_03,aggressive,18,2025-01-03 01:11:41,3.609,3.029,4.263,9.042,12.421,45.09,48.58,1.2,99.17,31.96,30.94,98.802,31.96,97.97,1.8084,0.36519680378810304,18,18,18
CELL_03,aggressive,19,2025-01-03 03:27:07,3.584,2.942,4.178,9.924,12.063,46.96,50.72,4.44,98.19,25.91,30.08,98.703,25.91,93.75,1.9848,0.5778401122019631,19,19,19
CELL_03,aggressive,20,2025-01-03 05:24:19,3.57,2.937,4.188,8.801,12.189,47.36,51.45,7.22,99.4,31.06,32.56,98.618,31.06,92.18,1.7602,0.3692443919716647,20,20,20
CELL_03,aggressive,21,2025-01-03 08:09:22,3.615,3.045,4.197,8.355,10.305,46.64,52.68,4.53,97.19,33.48,33.17,98.549,33.48,92.66,1.671,0.590769230769231,21,21,21
CELL_03,aggressive,22,2025-01-03 09:55:54,3.687,3.085,4.197,8.455,10.977,46.22,50.62,0.9,99.9,32.66,33.66,98.49,32.66,99.0,1.691,0.4409199048374306,22,22,22
CELL_03,aggressive,23,2025-01-03 12:11:36,3.579,2.935,4.218,9.235,12.939,44.37,50.42,7.45,98.43,32.67,29.16,98.43,32.67,90.98,1.847,0.34638228941684657,23,23,23
CELL_03,aggressive,24,2025-01-03 14:03:21,3.555,2.916,4.21,9.841,11.85,41.87,45.42,0.0,97.18,32.85,28.09,98.338,32.85,97.18,1.9682,0.6441015430562468,24,24,24
CELL_03,aggressive,25,2025-01-03 15:53:10,3.641,3.076,4.174,7.97,10.437,47.3,53.74,11.88,99.01,37.83,32.47,98.286,37.83,87.13000000000001,1.5939999999999999,0.4450749898662345,25,25,25
CELL_03,aggressive,26,2025-01-03 17:56:49,3.646,3.043,4.241,9.485,11.589,49.92,54.03,2.03,97.65,37.57,35.08,98.215,37.57,95.62,1.8969999999999998,0.5693916349809881,26,26,26
CELL_03,aggressive,27,2025-01-03 19:55:39,3.627,3.036,4.202,8.775,11.301,45.26,49.5,0.0,97.8,35.09,32.8,98.165,35.09,97.8,1.7550000000000001,0.4615993665874901,27,27,27
CELL_03,aggressive,28,2025-01-03 21:36:38,3.591,2.989,4.22,9.002,12.518,47.0,52.47,3.64,99.93,31.68,32.69,98.094,31.68,96.29,1.8004000000000002,0.35011376564277585,28,28,28
CELL_03,aggressive,29,2025-01-04 00:36:04,3.588,2.954,4.232,8.694,11.869,44.86,51.0,9.98,97.94,30.08,30.08,98.039,30.08,87.96,1.7388000000000001,0.40251968503937025,29,29,29
CELL_03,aggressive,30,2025-01-04 02:57:27,3.68,3.056,4.248,8.89,12.449,46.42,49.83,5.69,99.88,28.76,32.12,97.962,28.76,94.19,1.778,0.3349255408822704,30,30,30
CELL_03,aggressive,31,2025-01-04 05:06:56,3.579,2.974,4.175,8.828,12.65,47.61,54.54,1.97,97.64,29.22,35.09,97.9,29.22,95.67,1.7655999999999998,0.3142333856619569,31,31,31
CELL_03,aggressive,32,2025-01-04 07:07:08,3.612,3.098,4.192,9.488,12.774,47.44,53.4,0.0,97.56,33.9,29.99,97.81,33.9,97.56,1.8976,0.33292757151552055,32,32,32
CELL_03,aggressive,33,2025-01-04 09:34:57,3.594,3.02,4.18,9.242,12.452,41.23,48.19,10.5,97.88,32.01,29.49,97.773,32.01,87.38,1.8484000000000003,0.3613707165109034,33,33,33
CELL_03,aggressive,34,2025-01-04 11:42:39,3.616,3.044,4.232,8.109,10.151,47.02,53.66,4.63,99.83,40.39,37.91,97.721,40.39,95.2,1.6218,0.5817825661116554,34,34,34
CELL_03,aggressive,35,2025-01-04 14:47:27,3.603,3.017,4.191,9.227,11.461,42.43,45.46,6.54,99.88,34.47,31.63,97.654,34.47,93.33999999999999,1.8454000000000002,0.5255147717099373,35,35,35
CELL_03,aggressive,36,2025-01-04 17:15:15,3.634,3.0,4.25,9.176,11.53,42.54,49.07,2.03,96.42,29.23,29.0,97.605,29.23,94.39,1.8352,0.5310110450297368,36,36,36
CELL_03,aggressive,37,2025-01-04 19:28:08,3.603,2.965,4.224,9.462,12.071,47.72,51.34,4.88,99.16,30.05,31.08,97.533,30.05,94.28,1.8923999999999999,0.4825603679570718,37,37,37
CELL_03,aggressive,38,2025-01-04 21:29:10,3.565,2.931,4.254,8.28,11.447,45.81,51.91,0.0,96.2,31.3,34.1,97.48,31.3,96.2,1.656,0.41774550047363423,38,38,38
CELL_03,aggressive,39,2025-01-04 23:33:54,3.619,3.015,4.221,9.467,12.249,45.4,48.65,2.23,98.86,29.54,24.59,97.399,29.54,96.63,1.8934000000000002,0.4335010783608914,39,39,39
CELL_03,aggressive,40,2025-01-05 01:32:27,3.688,3.074,4.254,8.434,11.799,43.49,50.33,0.76,99.76,35.95,31.86,97.349,35.95,99.0,1.6867999999999999,0.350668647845468,40,40,40
CELL_03,aggressive,41,2025-01-05 03:48:57,3.646,3.094,4.185,9.411,11.898,45.39,50.03,0.0,97.08,32.99,34.41,97.271,32.99,97.08,1.8821999999999999,0.4386811419380779,41,41,41
CELL_03,aggressive,42,2025-01-05 05:57:16,3.576,3.019,4.198,8.812,11.788,44.91,48.51,0.33,99.33,33.98,34.5,97.196,33.98,99.0,1.7624,0.39616935483870963,42,42,42
CELL_03,aggressive,43,2025-01-05 07:45:24,3.566,2.901,4.222,8.933,11.045,43.87,50.2,6.97,98.46,32.47,32.18,97.141,32.47,91.49,1.7866,0.6254734848484851,43,43,43
CELL_03,aggressive,44,2025-01-05 09:31:56,3.647,3.052,4.27,8.48,10.614,46.82,50.73,14.58,97.16,33.05,31.18,97.093,33.05,82.58,1.6960000000000002,0.5707591377694468,44,44,44
CELL_03,aggressive,45,2025-01-05 11:12:49,3.557,2.97,4.192,8.501,11.939,49.33,55.15,0.0,98.72,32.95,32.11,97.021,32.95,98.72,1.7002,0.35543920884235014,45,45,45
CELL_03,aggressive,46,2025-01-05 14:10:07,3.643,3.059,4.251,8.346,10.582,46.01,51.96,3.67,96.26,40.61,31.08,96.957,40.61,92.59,1.6692,0.5330948121645795,46,46,46
CELL_03,aggressive,47,2025-01-05 17:14:09,3.64,3.073,4.203,9.161,11.547,46.06,50.56,10.3,99.93,32.99,32.27,96.903,32.99,89.63000000000001,1.8321999999999998,0.4735959765297569,47,47,47
CELL_03,aggressive,48,2025-01-05 19:45:01,3.573,2.981,4.173,9.068,12.645,40.01,44.71,7.27,99.37,31.54,30.54,96.853,31.54,92.10000000000001,1.8135999999999999,0.33324014537321783,48,48,48
CELL_03,aggressive,49,2025-01-05 21:25:18,3.567,2.918,4.179,9.626,12.288,44.72,48.32,5.0,98.32,30.85,30.34,96.79,30.85,93.32,1.9251999999999998,0.47370398196844465,49,49,49
CELL_03,aggressive,50,2025-01-06 00:03:19,3.585,2.927,4.2,9.69,13.043,43.36,48.78,0.44,99.44,36.85,33.81,96.713,36.85,99.0,1.938,0.3796600059648077,50,50,50
CELL_03,aggressive,51,2025-01-06 01:46:34,3.655,3.056,4.243,9.327,12.272,45.44,51.55,0.0,96.99,30.21,32.08,96.638,30.21,96.99,1.8654,0.40305602716468597,51,51,51
CELL_03,aggressive,52,2025-01-06 03:44:09,3.589,2.92,4.251,8.956,11.789,45.09,50.47,4.5,98.17,31.95,31.91,96.567,31.95,93.67,1.7912,0.4698199788210379,52,52,52
CELL_03,aggressive,53,2025-01-06 05:57:00,3.599,2.985,4.179,9.156,12.052,46.31,53.11,7.48,98.87,26.59,33.44,96.516,26.59,91.39,1.8312000000000002,0.4122928176795583,53,53,53
CELL_03,aggressive,54,2025-01-06 08:35:48,3.662,3.079,4.258,8.796,12.147,45.88,50.77,0.0,97.8,35.52,34.85,96.447,35.52,97.8,1.7591999999999999,0.3518352730528199,54,54,54
CELL_03,aggressive,55,2025-01-06 10:37:29,3.64,3.083,4.229,8.465,11.069,45.78,51.73,9.61,99.44,40.6,31.69,96.37,40.6,89.83,1.693,0.4400921658986173,55,55,55
CELL_03,aggressive,56,2025-01-06 13:31:28,3.618,3.036,4.247,9.636,12.731,45.62,51.5,5.79,98.99,33.07,28.39,96.307,33.07,93.19999999999999,1.9271999999999998,0.391276252019386,56,56,56
CELL_03,aggressive,57,2025-01-06 16:09:39,3.548,2.902,4.225,8.51,12.09,42.61,46.75,4.78,97.82,37.77,31.47,96.234,37.77,93.03999999999999,1.702,0.3695530726256982,57,57,57
CELL_03,aggressive,58,2025-01-06 18:53:22,3.553,2.921,4.178,8.771,11.371,47.01,51.79,0.03,99.03,33.76,32.16,96.165,33.76,99.0,1.7542000000000002,0.48346153846153855,58,58,58
CELL_03,aggressive,59,2025-01-06 21:04:48,3.6,2.942,4.223,9.461,12.481,47.0,52.98,5.89,96.98,33.67,29.32,96.087,33.67,91.09,1.8922,0.42417218543046353,59,59,59
CELL_03,aggressive,60,2025-01-06 23:39:32,3.604,3.023,4.186,9.868,13.98,43.12,48.49,3.7,99.26,33.0,26.79,96.025,33.0,95.56,1.9736,0.28283073929961083,60,60,60
CELL_03,aggressive,61,2025-01-07 01:27:05,3.59,3.01,4.183,8.848,12.374,46.01,50.84,5.02,97.31,36.9,33.03,95.958,36.9,92.29,1.7696,0.3326715825297788,61,61,61
CELL_03,aggressive,62,2025-01-07 03:17:59,3.627,3.066,4.228,9.283,13.4,43.66,50.27,3.33,99.7,35.6,29.75,95.905,35.6,96.37,1.8565999999999998,0.2822443526839931,62,62,62
CELL_03,aggressive,63,2025-01-07 05:21:50,3.623,3.017,4.22,9.07,12.697,44.55,48.49,11.76,98.35,32.44,27.95,95.853,32.44,86.58999999999999,1.814,0.33167907361455756,63,63,63
CELL_03,aggressive,64,2025-01-07 07:51:16,3.632,3.067,4.209,8.886,12.414,46.09,49.2,2.24,96.22,31.09,32.49,95.789,31.09,93.98,1.7772,0.32369614512471634,64,64,64
CELL_03,aggressive,65,2025-01-07 09:58:41,3.611,2.972,4.243,9.3,11.994,48.7,54.74,9.72,98.18,33.48,26.19,95.723,33.48,88.46000000000001,1.86,0.47178916109873825,65,65,65
CELL_03,aggressive,66,2025-01-07 12:02:28,3.638,3.079,4.185,9.039,12.691,40.48,44.19,2.68,97.93,33.1,28.36,95.662,33.1,95.25,1.8077999999999999,0.3028477546549833,66,66,66
CELL_03,aggressive,67,2025-01-07 13:37:02,3.615,2.996,4.239,9.281,13.432,43.28,49.45,7.55,99.82,26.45,33.36,95.597,26.45,92.27,1.8562,0.29944591664659115,67,67,67
CELL_03,aggressive,68,2025-01-07 16:37:17,3.577,3.019,4.2,9.329,12.542,44.33,50.6,4.96,97.29,32.53,31.19,95.533,32.53,92.33000000000001,1.8658000000000001,0.3675692499221912,68,68,68
CELL_03,aggressive,69,2025-01-07 18:21:28,3.573,2.939,4.248,9.162,13.56,45.95,49.53,16.82,98.2,32.03,26.52,95.478,32.03,81.38,1.8324000000000003,0.2976352887676217,69,69,69
CELL_03,aggressive,70,2025-01-07 20:04:28,3.599,2.98,4.191,8.65,12.764,43.4,47.89,12.1,98.63,30.43,29.11,95.402,30.43,86.53,1.73,0.2943607194944094,70,70,70
CELL_03,aggressive,71,2025-01-07 22:31:48,3.604,2.982,4.259,9.017,11.429,41.54,48.31,6.5,99.54,34.3,26.83,95.337,34.3,93.04,1.8034,0.5294361525704808,71,71,71
CELL_03,aggressive,72,2025-01-08 01:13:07,3.589,2.98,4.224,8.439,11.444,43.83,48.7,8.13,99.84,36.53,34.91,95.293,36.53,91.71000000000001,1.6878,0.41397670549084853,72,72,72
CELL_03,aggressive,73,2025-01-08 03:32:00,3.641,3.033,4.226,8.961,12.429,46.28,50.76,0.0,96.3,31.22,33.71,95.219,31.22,96.3,1.7922,0.344002306805075,73,73,73
CELL_03,aggressive,74,2025-01-08 05:18:33,3.622,3.057,4.237,8.684,12.906,47.74,51.2,3.46,97.24,34.39,32.53,95.148,34.39,93.78,1.7368,0.27948839412600657,74,74,74
CELL_03,aggressive,75,2025-01-08 08:23:24,3.675,3.07,4.258,8.833,10.703,47.15,53.7,1.13,96.04,39.61,35.15,95.072,39.61,94.91000000000001,1.7666,0.6352941176470592,75,75,75
CELL_03,aggressive,76,2025-01-08 10:23:28,3.623,3.001,4.259,8.998,10.949,46.2,51.41,15.67,98.45,33.01,24.79,95.006,33.01,82.78,1.7995999999999999,0.644797539723219,76,76,76
CELL_03,aggressive,77,2025-01-08 12:56:29,3.599,2.968,4.237,9.658,13.136,46.79,52.32,17.9,99.2,36.24,26.17,94.953,36.24,81.30000000000001,1.9316,0.3648648648648649,77,77,77
CELL_03,aggressive,78,2025-01-08 14:52:48,3.599,2.943,4.26,9.445,12.83,43.03,46.1,6.33,97.24,32.81,27.2,94.88,32.81,90.91,1.889,0.38906942392909893,78,78,78
CELL_03,aggressive,79,2025-01-08 17:57:36,3.591,2.947,4.214,8.761,10.673,48.37,55.26,7.8,99.57,38.49,32.95,94.81,38.49,91.77,1.7521999999999998,0.6626569037656903,79,79,79
CELL_03,aggressive,80,2025-01-08 20:52:38,3.6,3.046,4.19,9.076,11.349,41.79,48.05,2.73,96.14,32.37,30.93,94.744,32.37,93.41,1.8152000000000001,0.5032996040475146,80,80,80
CELL_03,aggressive,81,2025-01-08 22:38:29,3.638,3.074,4.208,9.296,13.087,44.13,50.76,3.24,98.07,28.42,31.13,94.663,28.42,94.83,1.8592,0.29912951727776316,81,81,81
CELL_03,aggressive,82,2025-01-09 00:38:32,3.673,3.095,4.23,9.2,12.184,46.53,53.37,0.0,98.16,30.97,36.15,94.592,30.97,98.16,1.8399999999999999,0.3803619302949062,82,82,82
CELL_03,aggressive,83,2025-01-09 03:29:35,3.607,2.989,4.235,9.052,12.321,43.0,47.69,8.36,96.4,36.84,28.64,94.53,36.84,88.04,1.8104,0.3811563169164883,83,83,83
CELL_03,aggressive,84,2025-01-09 04:59:29,3.623,3.004,4.264,9.24,13.809,45.27,49.97,8.61,98.24,27.69,29.29,94.459,27.69,89.63,1.848,0.2757715036112936,84,84,84
CELL_03,aggressive,85,2025-01-09 07:23:46,3.604,3.012,4.263,9.611,13.292,43.87,50.05,0.0,97.15,36.25,29.05,94.388,36.25,97.15,1.9222000000000001,0.3398533007334964,85,85,85
CELL_03,aggressive,86,2025-01-09 08:53:15,3.643,3.089,4.199,9.228,13.397,45.56,52.36,0.0,98.61,29.51,29.62,94.306,29.51,98.61,1.8456,0.266250899496282,86,86,86
CELL_03,aggressive,87,2025-01-09 10:55:42,3.569,2.921,4.262,8.736,10.929,45.4,51.18,2.94,97.61,33.12,32.2,94.255,33.12,94.67,1.7472,0.6114911080711354,87,87,87
CELL_03,aggressive,88,2025-01-09 13:04:00,3.665,3.082,4.269,9.478,12.474,44.63,48.43,0.0,98.54,28.98,30.04,94.18,28.98,98.54,1.8956,0.3961949265687584,88,88,88
CELL_03,aggressive,89,2025-01-09 15:03:19,3.599,3.01,4.182,8.819,10.759,46.39,50.71,0.0,98.17,35.7,37.19,94.101,35.7,98.17,1.7638000000000003,0.6041237113402066,89,89,89
CELL_03,aggressive,90,2025-01-09 17:35:53,3.565,2.901,4.26,8.494,12.583,42.85,48.31,0.98,99.98,35.58,32.02,94.04,35.58,99.0,1.6987999999999999,0.3323550990462215,90,90,90
CELL_03,aggressive,91,2025-01-09 19:26:25,3.574,2.928,4.226,8.914,13.144,46.92,50.97,0.0,96.18,40.49,35.43,93.968,40.49,96.18,1.7828,0.30685579196217494,91,91,91
CELL_03,aggressive,92,2025-01-09 21:48:32,3.59,2.987,4.211,8.339,11.338,43.7,48.28,2.46,98.77,38.65,35.73,93.9,38.65,96.31,1.6678000000000002,0.4081360453484497,92,92,92
CELL_03,aggressive,93,2025-01-10 00:35:16,3.631,3.07,4.195,8.968,12.119,44.46,47.83,10.53,96.18,32.85,27.39,93.826,32.85,85.65,1.7936,0.35702951443986053,93,93,93
CELL_03,aggressive,94,2025-01-10 03:25:11,3.615,3.002,4.227,9.057,10.881,48.98,55.96,12.55,96.74,33.78,30.51,93.753,33.78,84.19,1.8114000000000001,0.6716008771929828,94,94,94
CELL_03,aggressive,95,2025-01-10 05:13:41,3.634,3.033,4.256,8.98,11.62,45.03,50.73,1.75,96.68,27.7,29.72,93.687,27.7,94.93,1.796,0.4632575757575761,95,95,95
CELL_03,aggressive,96,2025-01-10 07:00:12,3.642,2.986,4.255,9.163,11.124,46.85,51.5,5.03,97.08,29.21,32.03,93.604,29.21,92.05,1.8326,0.6471188169301374,96,96,96
CELL_03,aggressive,97,2025-01-10 09:09:57,3.547,2.953,4.181,8.367,10.571,43.94,49.85,0.0,97.77,35.56,34.91,93.536,35.56,97.77,1.6734000000000002,0.5571687840290385,97,97,97
CELL_03,aggressive,98,2025-01-10 11:32:04,3.654,3.048,4.268,9.822,11.849,43.51,49.18,1.76,99.83,27.64,30.34,93.467,27.64,98.07,1.9644,0.601874691662555,98,98,98
CELL_03,aggressive,99,2025-01-10 13:21:43,3.569,2.913,4.234,9.553,13.675,43.01,48.17,0.0,98.76,26.81,31.75,93.412,26.81,98.76,1.9106,0.3204754973313926,99,99,99
CELL_03,aggressive,100,2025-01-10 15:22:40,3.589,2.944,4.269,8.503,11.029,43.53,48.66,0.37,96.01,35.39,36.34,93.361,35.39,95.64,1.7006000000000001,0.5245447347585116,100,100,100
CELL_03,aggressive,101,2025-01-10 17:01:17,3.604,3.003,4.203,9.389,13.891,47.49,52.96,2.86,98.54,31.43,27.88,93.283,31.43,95.68,1.8778,0.2665482007996446,101,101,101
CELL_03,aggressive,102,2025-01-10 19:03:07,3.638,2.968,4.229,8.974,12.603,49.56,53.35,0.0,98.27,33.4,31.78,93.208,33.4,98.27,1.7948,0.34747864425461567,102,102,102
CELL_03,aggressive,103,2025-01-10 20:31:35,3.654,3.049,4.258,9.565,12.674,45.46,49.19,2.68,97.24,26.61,27.87,93.125,26.61,94.55999999999999,1.9129999999999998,0.3888710196204568,103,103,103
CELL_03,aggressive,104,2025-01-10 23:01:22,3.596,2.94,4.215,9.922,13.513,44.1,48.34,0.0,97.75,32.06,29.75,93.052,32.06,97.75,1.9844000000000002,0.3550543024227235,104,104,104
CELL_03,aggressive,105,2025-01-11 01:06:49,3.577,3.024,4.189,8.351,10.819,44.23,48.25,0.0,97.53,37.1,36.12,92.977,37.1,97.53,1.6702000000000001,0.4720421393841167,105,105,105
CELL_03,aggressive,106,2025-01-11 03:14:08,3.661,3.094,4.236,10.106,14.853,44.84,47.91,7.17,98.27,31.18,27.3,92.912,31.18,91.1,2.0212,0.2405729934695597,106,106,106
CELL_03,aggressive,107,2025-01-11 04:49:40,3.589,2.966,4.195,8.443,10.294,41.3,46.73,4.35,96.74,31.66,33.22,92.865,31.66,92.39,1.6885999999999999,0.6639654240950835,107,107,107
CELL_03,aggressive,108,2025-01-11 07:42:14,3.601,2.969,4.237,9.714,12.434,44.95,51.9,8.93,97.88,28.46,27.74,92.798,28.46,88.94999999999999,1.9428,0.4661764705882356,108,108,108
CELL_03,aggressive,109,2025-01-11 10:41:32,3.651,3.059,4.207,9.25,13.513,45.67,52.41,0.0,96.88,35.0,30.14,92.732,35.0,96.88,1.85,0.2692939244663382,109,109,109
CELL_03,aggressive,110,2025-01-11 13:17:49,3.617,3.056,4.258,9.229,12.002,44.37,48.53,16.91,99.84,33.5,24.84,92.673,33.5,82.93,1.8457999999999999,0.4334655607645147,110,110,110
CELL_03,aggressive,111,2025-01-11 15:57:27,3.649,3.019,4.262,8.789,12.616,45.75,50.3,4.62,98.3,30.48,31.39,92.612,30.48,93.67999999999999,1.7578,0.32479749150770826,111,111,111
CELL_03,aggressive,112,2025-01-11 17:28:12,3.559,2.988,4.188,10.243,13.014,42.78,48.41,0.37,99.37,28.22,30.13,92.556,28.22,99.0,2.0486,0.4330566582461206,112,112,112
CELL_03,aggressive,113,2025-01-11 19:20:18,3.666,3.098,4.225,8.606,12.344,45.55,50.26,7.46,99.46,37.15,29.88,92.482,37.15,92.0,1.7212,0.30149812734082393,113,113,113
CELL_03,aggressive,114,2025-01-11 21:01:53,3.545,2.919,4.209,8.774,12.971,44.61,48.67,0.0,97.5,31.21,35.33,92.41,31.21,97.5,1.7548,0.30736240171551094,114,114,114
CELL_03,aggressive,115,2025-01-11 23:03:15,3.611,3.046,4.177,9.339,13.301,47.81,52.14,2.14,98.37,39.41,27.68,92.333,39.41,96.23,1.8678000000000001,0.2854618879353861,115,115,115
CELL_03,aggressive,116,2025-01-12 00:57:27,3.672,3.072,4.255,8.817,12.057,45.45,50.09,7.07,99.43,29.04,27.91,92.284,29.04,92.36000000000001,1.7634,0.36512345679012337,116,116,116
CELL_03,aggressive,117,2025-01-12 03:24:11,3.644,3.075,4.178,8.745,11.724,41.72,46.22,5.5,99.2,35.29,31.67,92.219,35.29,93.7,1.7489999999999999,0.3702584759986571,117,117,117
CELL_03,aggressive,118,2025-01-12 05:46:07,3.573,2.943,4.253,8.629,12.454,48.51,54.94,4.58,98.15,33.86,31.73,92.147,33.86,93.57000000000001,1.7258,0.34248366013071885,118,118,118
CELL_03,aggressive,119,2025-01-12 08:36:03,3.591,2.991,4.268,8.284,10.505,44.63,50.04,6.0,98.22,36.43,33.25,92.064,36.43,92.22,1.6568,0.5749662314272849,119,119,119
CELL_03,aggressive,120,2025-01-12 10:49:39,3.544,2.927,4.193,8.99,11.203,48.56,52.82,1.16,98.69,31.07,34.54,91.993,31.07,97.53,1.798,0.5720741075463173,120,120,120
CELL_03,aggressive,121,2025-01-12 12:58:57,3.576,2.998,4.174,8.741,11.728,40.42,45.64,7.52,96.97,31.25,29.99,91.953,31.25,89.45,1.7482,0.39370605959156346,121,121,121
CELL_03,aggressive,122,2025-01-12 14:57:35,3.61,3.049,4.183,9.366,12.614,46.46,51.69,3.17,96.53,31.97,29.81,91.886,31.97,93.36,1.8732,0.3491379310344826,122,122,122
CELL_03,aggressive,123,2025-01-12 17:22:51,3.645,3.1,4.191,8.71,12.784,45.65,50.47,0.0,97.63,38.2,36.61,91.812,38.2,97.63,1.7420000000000002,0.2677957781050564,123,123,123
CELL_03,aggressive,124,2025-01-12 19:55:28,3.654,3.011,4.237,9.985,13.914,46.26,51.71,2.24,97.9,30.96,30.28,91.709,30.96,95.66000000000001,1.9969999999999999,0.31203868668872486,124,124,124
CELL_03,aggressive,125,2025-01-12 22:44:25,3.587,2.979,4.193,9.195,12.031,41.86,44.86,4.78,98.24,28.35,31.74,91.652,28.35,93.46,1.839,0.42806770098730584,125,125,125
CELL_03,aggressive,126,2025-01-13 00:51:25,3.502,2.905,4.182,8.846,11.051,48.89,53.66,1.61,99.45,33.56,35.07,91.564,33.56,97.84,1.7692,0.5791383219954651,126,126,126
CELL_03,aggressive,127,2025-01-13 02:35:56,3.641,3.059,4.222,9.145,11.772,45.09,51.25,0.0,96.72,29.56,33.33,91.502,29.56,96.72,1.829,0.4427103159497526,127,127,127
CELL_03,aggressive,128,2025-01-13 04:24:04,3.567,2.922,4.229,9.438,12.67,43.52,50.3,0.0,98.0,33.01,34.13,91.435,33.01,98.0,1.8876000000000002,0.4043935643564357,128,128,128
CELL_03,aggressive,129,2025-01-13 06:29:15,3.617,3.05,4.195,8.719,11.679,43.89,49.12,7.12,99.15,35.94,30.63,91.382,35.94,92.03,1.7437999999999998,0.38682432432432434,129,129,129
CELL_03,aggressive,130,2025-01-13 09:03:07,3.619,3.066,4.189,9.442,13.907,42.74,49.57,0.0,96.74,32.47,32.54,91.319,32.47,96.74,1.8884,0.2515117581187011,130,130,130
CELL_03,aggressive,131,2025-01-13 11:50:57,3.59,2.955,4.197,8.568,10.484,44.44,51.41,6.87,98.71,33.23,30.78,91.277,33.23,91.83999999999999,1.7136,0.6482254697286012,131,131,131
CELL_03,aggressive,132,2025-01-13 13:47:00,3.656,3.096,4.252,8.989,10.937,46.58,50.32,4.51,97.93,37.75,31.14,91.203,37.75,93.42,1.7978,0.5934291581108833,132,132,132
CELL_03,aggressive,133,2025-01-13 15:20:41,3.617,3.039,4.272,9.71,13.955,47.6,53.67,2.8,99.21,28.21,27.84,91.114,28.21,96.41,1.9420000000000002,0.29045936395759725,133,133,133
CELL_03,aggressive,134,2025-01-13 17:07:10,3.673,3.052,4.26,9.416,13.076,43.07,49.04,7.37,97.01,36.14,28.89,91.054,36.14,89.64,1.8832,0.3300546448087431,134,134,134
CELL_03,aggressive,135,2025-01-13 19:10:34,3.564,2.951,4.199,8.537,11.753,41.98,46.15,4.93,96.49,34.65,36.52,91.0,34.65,91.56,1.7074000000000003,0.3880597014925373,135,135,135
CELL_03,aggressive,136,2025-01-13 22:22:34,3.498,2.915,4.176,8.193,11.038,44.85,51.74,0.0,96.97,37.85,34.78,90.945,37.85,96.97,1.6385999999999998,0.4432337434094903,136,136,136
CELL_03,aggressive,137,2025-01-14 00:26:54,3.596,3.002,4.201,9.846,12.194,48.25,55.1,11.13,99.33,26.92,26.36,90.866,26.92,88.2,1.9692,0.510647359454855,137,137,137
CELL_03,aggressive,138,2025-01-14 02:26:01,3.628,3.074,4.18,9.021,11.599,43.52,48.65,0.14,96.39,28.24,34.13,90.808,28.24,96.25,1.8042000000000002,0.4290147401086114,138,138,138
CELL_03,aggressive,139,2025-01-14 04:06:46,3.637,2.992,4.251,8.678,12.022,46.38,52.27,5.41,98.68,30.44,34.31,90.745,30.44,93.27000000000001,1.7356000000000003,0.37649521531100494,139,139,139
CELL_03,aggressive,140,2025-01-14 05:48:45,3.61,2.993,4.238,8.414,11.323,46.89,51.95,0.8,99.8,36.37,34.41,90.67,36.37,99.0,1.6827999999999999,0.4279821244413889,140,140,140
CELL_03,aggressive,141,2025-01-14 08:33:49,3.632,3.039,4.232,9.189,12.551,46.27,52.33,9.49,99.36,31.01,28.63,90.598,31.01,89.87,1.8378,0.3548483045806068,141,141,141
CELL_03,aggressive,142,2025-01-14 11:15:34,3.607,2.946,4.258,8.899,12.965,47.37,52.43,0.0,96.15,33.51,31.04,90.513,33.51,96.15,1.7797999999999998,0.32267584849975395,142,142,142
CELL_03,aggressive,143,2025-01-14 13:10:33,3.548,2.937,4.177,8.703,11.9,46.25,52.95,0.0,97.79,37.86,30.62,90.442,37.86,97.79,1.7406,0.3878636221457615,143,143,143
CELL_03,aggressive,144,2025-01-14 16:02:38,3.556,2.956,4.182,9.752,12.143,45.42,51.14,6.46,99.45,34.08,27.12,90.393,34.08,92.99000000000001,1.9504000000000001,0.5127561689669596,144,144,144
CELL_03,aggressive,145,2025-01-14 18:52:31,3.546,2.907,4.25,9.277,13.731,44.65,50.24,6.14,97.4,32.64,26.63,90.313,32.64,91.26,1.8554,0.30152671755725186,145,145,145
CELL_03,aggressive,146,2025-01-14 20:41:54,3.552,2.94,4.184,8.366,10.063,45.53,51.69,0.26,97.33,33.96,36.18,90.252,33.96,97.07,1.6732,0.7330583382439596,146,146,146
CELL_03,aggressive,147,2025-01-14 23:00:15,3.628,3.0,4.213,8.888,13.107,45.33,49.09,6.16,97.44,34.06,30.46,90.186,34.06,91.28,1.7776,0.2875088883621712,147,147,147
CELL_03,aggressive,148,2025-01-15 00:49:36,3.672,3.096,4.256,9.372,12.655,43.63,49.79,4.38,98.39,29.76,30.79,90.11,29.76,94.01,1.8744,0.3533353639963449,148,148,148
CELL_03,aggressive,149,2025-01-15 02:52:17,3.561,2.903,4.179,8.105,11.325,43.86,48.26,0.0,96.87,34.37,36.29,90.05,34.37,96.87,1.621,0.39627329192546606,149,149,149
CELL_03,aggressive,150,2025-01-15 04:36:10,3.559,2.927,4.176,9.485,12.873,45.05,50.35,6.45,97.64,29.85,26.77,89.984,29.85,91.19,1.8969999999999998,0.3686540731995278,150,150,150
CELL_03,aggressive,151,2025-01-15 07:31:24,3.63,3.065,4.214,9.27,12.492,42.65,48.34,0.0,98.35,33.95,32.07,89.9,33.95,98.35,1.8539999999999999,0.35661080074487894,151,151,151
CELL_03,aggressive,152,2025-01-15 10:03:10,3.596,2.936,4.208,8.693,11.855,44.67,51.52,0.0,96.84,33.45,37.64,89.84,33.45,96.84,1.7386,0.4022770398481973,152,152,152
CELL_03,aggressive,153,2025-01-15 13:06:29,3.539,2.956,4.175,8.904,12.682,46.04,52.93,4.58,96.86,33.85,32.27,89.788,33.85,92.28,1.7808,0.322657490735839,153,153,153
CELL_03,aggressive,154,2025-01-15 15:08:21,3.643,3.079,4.243,9.852,13.858,41.31,47.09,2.46,99.9,33.46,31.7,89.727,33.46,97.44000000000001,1.9704000000000002,0.290564153769346,154,154,154
CELL_03,aggressive,155,2025-01-15 17:09:49,3.628,3.008,4.201,9.181,11.532,41.85,48.12,0.0,96.44,28.64,29.42,89.663,28.64,96.44,1.8361999999999998,0.5074436410038278,155,155,155
CELL_03,aggressive,156,2025-01-15 19:20:04,3.55,2.923,4.239,8.431,11.864,44.65,50.24,0.0,98.92,41.14,31.32,89.601,41.14,98.92,1.6862,0.3833381881736089,156,156,156
CELL_03,aggressive,157,2025-01-15 21:10:54,3.59,2.994,4.224,9.663,13.153,44.19,49.94,4.12,98.27,34.67,32.07,89.538,34.67,94.14999999999999,1.9326,0.35243553008595985,157,157,157
CELL_03,aggressive,158,2025-01-15 22:49:47,3.684,3.066,4.261,9.5,13.556,44.13,49.69,2.89,96.68,32.39,30.22,89.474,32.39,93.79,1.9,0.2946252465483236,158,158,158
CELL_03,aggressive,159,2025-01-16 00:50:30,3.552,2.906,4.24,8.767,12.556,38.25,42.49,6.73,99.48,36.52,31.0,89.432,36.52,92.75,1.7533999999999998,0.3520717867511217,159,159,159
CELL_03,aggressive,160,2025-01-16 03:45:02,3.58,2.987,4.219,8.813,12.062,45.31,48.68,0.0,97.39,33.99,37.34,89.37,33.99,97.39,1.7626000000000002,0.37919359803016334,160,160,160
CELL_03,aggressive,161,2025-01-16 05:31:31,3.657,3.062,4.255,9.498,13.582,45.9,51.8,6.21,98.26,37.92,27.83,89.302,37.92,92.05000000000001,1.8996,0.29211557296767865,161,161,161
CELL_03,aggressive,162,2025-01-16 07:17:07,3.709,3.097,4.217,8.674,12.234,46.92,50.24,5.33,97.95,38.44,36.37,89.207,38.44,92.62,1.7348,0.3146067415730336,162,162,162
CELL_03,aggressive,163,2025-01-16 10:22:57,3.598,2.935,4.254,8.953,12.113,45.61,49.43,7.52,99.58,32.32,33.91,89.146,32.32,92.06,1.7906,0.4174050632911391,163,163,163
CELL_03,aggressive,164,2025-01-16 13:06:37,3.64,3.083,4.203,9.581,13.847,48.07,51.46,4.64,99.31,31.0,28.03,89.054,31.0,94.67,1.9162,0.26254102203469293,164,164,164
CELL_03,aggressive,165,2025-01-16 15:24:03,3.6,2.984,4.19,8.848,11.945,43.28,50.08,0.0,96.24,32.33,31.09,88.994,32.33,96.24,1.7696,0.3894091055860512,165,165,165
CELL_03,aggressive,166,2025-01-16 17:23:24,3.617,3.034,4.218,9.082,12.777,43.94,50.13,0.0,98.55,34.16,33.1,88.92,34.16,98.55,1.8164000000000002,0.3204330175913398,166,166,166
CELL_03,aggressive,167,2025-01-16 19:05:51,3.606,3.03,4.182,9.945,12.397,46.42,52.67,0.0,96.02,26.16,29.63,88.846,26.16,96.02,1.989,0.46982055464926614,167,167,167
CELL_03,aggressive,168,2025-01-16 21:35:37,3.606,2.988,4.251,8.635,12.056,45.81,49.63,6.4,97.58,34.9,32.45,88.785,34.9,91.17999999999999,1.7269999999999999,0.3691902952353115,168,168,168
CELL_03,aggressive,169,2025-01-17 00:29:21,3.653,3.092,4.231,8.85,11.434,41.46,45.64,7.76,96.61,32.48,26.19,88.735,32.48,88.85,1.77,0.4407894736842105,169,169,169
CELL_03,aggressive,170,2025-01-17 02:33:17,3.582,2.991,4.201,8.843,10.955,44.43,51.38,8.88,97.46,34.83,29.52,88.677,34.83,88.58,1.7686,0.5729166666666664,170,170,170
CELL_03,aggressive,171,2025-01-17 04:12:28,3.649,3.005,4.266,9.19,13.125,46.81,50.12,0.82,97.85,33.61,32.36,88.613,33.61,97.03,1.8379999999999999,0.32045743329097837,171,171,171
CELL_03,aggressive,172,2025-01-17 06:32:46,3.635,3.067,4.255,9.356,13.556,47.14,53.88,9.94,96.6,32.28,30.62,88.523,32.28,86.66,1.8712,0.28285714285714286,172,172,172
CELL_03,aggressive,173,2025-01-17 08:26:23,3.639,3.023,4.254,8.76,10.618,44.84,48.1,6.73,99.16,28.2,35.19,88.456,28.2,92.42999999999999,1.752,0.6625403659849295,173,173,173
CELL_03,aggressive,174,2025-01-17 11:09:26,3.644,2.939,4.269,9.381,13.984,47.51,52.96,0.0,98.48,31.25,32.55,88.383,31.25,98.48,1.8762,0.2889419943515099,174,174,174
CELL_03,aggressive,175,2025-01-17 13:54:13,3.627,2.988,4.239,8.887,12.582,43.28,50.26,4.1,99.59,30.31,29.68,88.332,30.31,95.49000000000001,1.7774,0.3385656292286874,175,175,175
CELL_03,aggressive,176,2025-01-17 16:02:02,3.675,3.091,4.262,8.888,12.117,44.53,48.92,0.0,97.99,33.51,30.86,88.26,33.51,97.99,1.7776,0.3626509755342208,176,176,176
CELL_03,aggressive,177,2025-01-17 19:04:41,3.597,2.943,4.262,9.303,12.796,44.59,50.55,4.88,99.08,35.28,29.77,88.183,35.28,94.2,1.8606000000000003,0.3776123675923275,177,177,177
CELL_03,aggressive,178,2025-01-17 21:49:46,3.57,2.981,4.178,9.018,11.02,45.1,49.15,4.04,97.65,35.72,32.19,88.12,35.72,93.61,1.8036,0.5979020979020983,178,178,178
CELL_03,aggressive,179,2025-01-18 00:00:08,3.589,3.08,4.179,8.679,12.364,43.46,49.52,0.0,97.78,34.65,33.19,88.046,34.65,97.78,1.7358,0.29823609226594305,179,179,179
CELL_03,aggressive,180,2025-01-18 02:13:44,3.579,2.946,4.213,9.09,11.19,44.83,51.56,1.03,99.03,34.8,29.76,87.976,34.8,98.0,1.818,0.6033333333333334,180,180,180
CELL_03,aggressive,181,2025-01-18 04:20:30,3.584,2.99,4.226,8.16,11.815,44.46,49.45,0.65,97.39,36.56,38.66,87.912,36.56,96.74,1.6320000000000001,0.3381668946648427,181,181,181
CELL_03,aggressive,182,2025-01-18 06:56:34,3.594,2.957,4.215,8.396,10.538,42.87,49.34,9.36,98.39,39.72,27.47,87.84,39.72,89.03,1.6792000000000002,0.5873015873015874,182,182,182
CELL_03,aggressive,183,2025-01-18 08:44:13,3.593,3.007,4.24,8.711,11.757,43.52,49.56,6.31,99.4,32.28,31.95,87.782,32.28,93.09,1.7422,0.40479317137229165,183,183,183
CELL_03,aggressive,184,2025-01-18 10:36:31,3.649,3.088,4.227,9.188,11.532,47.54,54.48,1.34,97.65,29.22,33.3,87.705,29.22,96.31,1.8376000000000001,0.48592150170648485,184,184,184
CELL_03,aggressive,185,2025-01-18 13:28:12,3.609,2.936,4.233,8.686,12.984,43.81,48.66,2.79,97.68,33.29,33.24,87.651,33.29,94.89,1.7372,0.30176826430898085,185,185,185
CELL_03,aggressive,186,2025-01-18 16:21:16,3.666,3.071,4.252,8.894,12.722,50.67,57.41,3.85,97.09,31.32,36.04,87.558,31.32,93.24000000000001,1.7788,0.3085161964472309,186,186,186
CELL_03,aggressive,187,2025-01-18 18:39:47,3.603,2.999,4.263,8.666,12.421,47.37,52.51,0.54,99.54,30.26,31.8,87.486,30.26,99.0,1.7332,0.33661784287616514,187,187,187
CELL_03,aggressive,188,2025-01-18 20:59:27,3.641,3.056,4.193,8.361,12.239,46.98,51.31,0.0,96.48,34.12,38.73,87.425,34.12,96.48,1.6722000000000001,0.2931923671995873,188,188,188
CELL_03,aggressive,189,2025-01-18 23:25:56,3.642,2.967,4.262,9.313,13.374,46.94,52.07,0.07,99.07,33.45,34.21,87.361,33.45,99.0,1.8626,0.3188869736518098,189,189,189
CELL_03,aggressive,190,2025-01-19 01:41:39,3.603,3.037,4.196,9.953,13.968,45.49,49.97,5.51,99.34,26.79,30.46,87.284,26.79,93.83,1.9906,0.28866749688667487,190,190,190
CELL_03,aggressive,191,2025-01-19 03:16:28,3.625,3.058,4.191,9.535,11.752,45.34,50.94,8.28,97.56,35.75,27.07,87.216,35.75,89.28,1.907,0.5110509697789805,191,191,191
CELL_03,aggressive,192,2025-01-19 05:52:43,3.683,3.052,4.269,8.862,11.553,47.16,53.02,0.65,96.67,35.42,31.65,87.149,35.42,96.02,1.7724,0.45224823485693044,192,192,192
CELL_03,aggressive,193,2025-01-19 08:08:44,3.542,2.902,4.228,9.282,13.908,43.79,47.32,7.25,97.53,32.76,30.82,87.055,32.76,90.28,1.8564,0.2866407263294422,193,193,193
CELL_03,aggressive,194,2025-01-19 10:04:28,3.617,2.961,4.227,8.693,11.867,45.85,49.92,1.84,96.21,33.72,29.41,86.997,33.72,94.36999999999999,1.7386,0.3988657844990548,194,194,194
CELL_03,aggressive,195,2025-01-19 12:18:17,3.524,2.904,4.18,9.239,12.587,46.33,53.05,0.73,99.73,31.59,33.76,86.908,31.59,99.0,1.8478,0.38112305854241346,195,195,195
CELL_03,aggressive,196,2025-01-19 14:59:26,3.651,3.098,4.198,7.857,9.678,45.78,49.24,10.57,98.2,31.04,30.64,86.84,31.04,87.63,1.5714000000000001,0.6040637012630423,196,196,196
CELL_03,aggressive,197,2025-01-19 17:10:28,3.627,2.981,4.267,9.489,11.436,49.85,55.75,0.0,96.1,25.32,29.44,86.755,25.32,96.1,1.8978000000000002,0.6605033384694406,197,197,197
CELL_03,aggressive,198,2025-01-19 19:35:49,3.639,3.072,4.264,9.451,12.702,47.19,53.54,5.51,96.07,33.96,32.95,86.675,33.96,90.55999999999999,1.8902,0.3666564134112582,198,198,198
CELL_03,aggressive,199,2025-01-19 22:33:09,3.567,2.937,4.215,9.261,11.919,40.75,46.27,7.15,98.7,33.85,26.14,86.613,33.85,91.55,1.8521999999999998,0.48081264108352123,199,199,199
CELL_03,aggressive,200,2025-01-20 00:36:14,3.562,2.989,4.219,7.121,9.806,46.94,50.96,0.32,96.96,39.93,41.27,86.573,39.93,96.64,1.4242000000000001,0.4581005586592182,200,200,200
CELL_03,aggressive,201,2025-01-20 02:29:28,3.559,2.986,4.244,9.557,13.792,48.9,54.42,3.83,99.22,26.73,26.03,86.497,26.73,95.39,1.9114,0.29704840613931516,201,201,201
CELL_03,aggressive,202,2025-01-20 05:14:08,3.634,3.057,4.211,8.674,12.485,46.07,49.97,9.57,98.32,38.02,30.96,86.439,38.02,88.75,1.7348,0.3028076620309631,202,202,202
CELL_03,aggressive,203,2025-01-20 06:46:00,3.636,3.068,4.203,10.001,13.765,43.48,48.36,1.34,99.45,30.6,27.42,86.353,30.6,98.11,2.0002,0.30154091392136023,203,203,203
CELL_03,aggressive,204,2025-01-20 09:44:34,3.615,2.983,4.213,8.887,11.182,46.81,52.52,7.65,97.68,32.89,31.87,86.287,32.89,90.03,1.7774,0.5359477124183006,204,204,204
CELL_03,aggressive,205,2025-01-20 12:30:26,3.588,2.915,4.269,9.468,12.604,44.0,49.32,0.21,97.87,33.29,31.41,86.224,33.29,97.66000000000001,1.8936,0.4317602040816328,205,205,205
CELL_03,aggressive,206,2025-01-20 14:51:33,3.599,2.985,4.188,8.622,10.367,44.86,48.16,1.31,96.64,34.17,31.36,86.147,34.17,95.33,1.7244,0.6893982808022918,206,206,206
CELL_03,aggressive,207,2025-01-20 16:54:47,3.605,2.973,4.248,8.537,12.244,45.6,51.56,11.7,98.42,35.42,33.91,86.079,35.42,86.72,1.7074000000000003,0.34394388993795544,207,207,207
CELL_03,aggressive,208,2025-01-20 19:35:15,3.604,3.001,4.23,8.94,11.068,51.14,57.88,8.07,97.73,32.32,29.67,85.994,32.32,89.66,1.7879999999999998,0.5775375939849626,208,208,208
CELL_03,aggressive,209,2025-01-20 22:14:09,3.583,2.96,4.231,8.96,11.967,42.14,45.64,2.73,97.38,31.98,32.5,85.924,31.98,94.64999999999999,1.7920000000000003,0.422680412371134,209,209,209
CELL_03,aggressive,210,2025-01-21 00:13:02,3.653,3.054,4.262,9.562,12.918,41.55,48.11,0.74,97.55,30.29,28.69,85.844,30.29,96.81,1.9123999999999999,0.35995232419547074,210,210,210
CELL_03,aggressive,211,2025-01-21 02:16:42,3.611,3.012,4.229,8.744,10.603,48.46,55.46,10.43,97.97,31.37,31.34,85.787,31.37,87.53999999999999,1.7488,0.6546530392684239,211,211,211
CELL_03,aggressive,212,2025-01-21 04:59:15,3.618,3.054,4.241,8.679,12.48,46.75,53.71,0.0,97.81,38.85,35.12,85.721,38.85,97.81,1.7358,0.312286240463036,212,212,212
CELL_03,aggressive,213,2025-01-21 08:04:01,3.574,2.944,4.2,8.591,10.787,42.76,47.76,0.0,98.99,43.46,34.92,85.648,43.46,98.99,1.7182,0.5719489981785061,213,213,213
CELL_03,aggressive,214,2025-01-21 10:33:38,3.619,3.066,4.183,9.306,11.927,44.81,49.86,8.3,98.75,31.16,29.56,85.576,31.16,90.45,1.8611999999999997,0.4261732163296451,214,214,214
CELL_03,aggressive,215,2025-01-21 12:51:18,3.637,2.994,4.261,9.616,12.647,40.43,46.02,5.86,99.79,23.97,31.27,85.501,23.97,93.93,1.9232,0.4180138568129329,215,215,215
CELL_03,aggressive,216,2025-01-21 15:26:08,3.618,3.055,4.183,8.618,12.592,46.77,50.35,13.11,97.98,32.95,31.52,85.438,32.95,84.87,1.7236,0.283844992450931,216,216,216
CELL_03,aggressive,217,2025-01-21 17:00:47,3.602,3.038,4.177,8.903,10.95,44.29,47.35,9.23,96.61,34.69,27.43,85.375,34.69,87.38,1.7806000000000002,0.5564240351734248,217,217,217
CELL_03,aggressive,218,2025-01-21 18:41:31,3.564,2.979,4.241,9.015,11.026,42.34,49.07,5.35,97.37,32.29,29.42,85.321,32.29,92.02000000000001,1.8030000000000002,0.627548483341621,218,218,218
CELL_03,aggressive,219,2025-01-21 20:13:02,3.582,2.98,4.234,9.316,12.457,44.34,49.72,0.97,97.37,31.94,27.18,85.232,31.94,96.4,1.8632000000000002,0.39923591212989495,219,219,219
CELL_03,aggressive,220,2025-01-21 21:49:36,3.617,2.984,4.233,9.089,11.098,46.33,51.2,0.53,99.53,34.25,31.55,85.154,34.25,99.0,1.8178,0.6217023394723741,220,220,220
CELL_03,aggressive,221,2025-01-22 00:04:18,3.554,2.907,4.226,9.067,12.428,46.15,51.83,7.06,99.58,34.39,28.16,85.078,34.39,92.52,1.8134000000000001,0.39244272537935126,221,221,221
CELL_03,aggressive,222,2025-01-22 03:08:31,3.56,2.906,4.252,8.576,12.635,42.3,48.74,11.22,99.94,36.69,29.19,85.016,36.69,88.72,1.7152,0.33160877063316085,222,222,222
CELL_03,aggressive,223,2025-01-22 05:31:03,3.6,2.923,4.245,9.492,14.063,43.72,49.51,1.0,100.0,27.16,31.33,84.955,27.16,99.0,1.8984,0.2892146138700504,223,223,223
CELL_03,aggressive,224,2025-01-22 07:18:04,3.609,2.999,4.204,8.037,10.728,46.61,50.64,6.5,98.12,35.67,31.57,84.891,35.67,91.62,1.6074000000000002,0.44778892604979564,224,224,224
CELL_03,aggressive,225,2025-01-22 09:58:58,3.531,2.916,4.186,8.399,11.398,43.33,50.14,0.0,98.86,33.87,36.41,84.832,33.87,98.86,1.6797999999999997,0.42347449149716565,225,225,225
CELL_03,aggressive,226,2025-01-22 12:55:16,3.543,2.915,4.203,9.028,13.486,45.02,49.71,10.67,98.21,36.7,27.44,84.776,36.7,87.53999999999999,1.8056,0.28891879766711537,226,226,226
CELL_03,aggressive,227,2025-01-22 14:38:14,3.611,2.98,4.254,8.335,11.223,45.41,50.95,10.14,98.09,37.12,30.61,84.708,37.12,87.95,1.6670000000000003,0.44113573407202206,227,227,227
CELL_03,aggressive,228,2025-01-22 16:57:04,3.642,2.981,4.261,9.062,11.527,45.23,50.33,0.0,96.39,35.27,31.83,84.634,35.27,96.39,1.8123999999999998,0.5192697768762679,228,228,228
CELL_03,aggressive,229,2025-01-22 18:55:35,3.615,3.009,4.222,8.836,13.238,44.8,49.3,8.04,98.31,32.4,31.68,84.565,32.4,90.27000000000001,1.7672,0.2755565651976376,229,229,229
CELL_03,aggressive,230,2025-01-22 21:45:58,3.679,3.085,4.253,9.04,12.586,43.71,46.84,11.08,99.03,37.35,28.13,84.495,37.35,87.95,1.8079999999999998,0.32938522278623794,230,230,230
CELL_03,aggressive,231,2025-01-23 00:05:03,3.522,2.916,4.175,9.216,11.705,42.74,48.29,0.0,97.19,36.35,29.01,84.434,36.35,97.19,1.8432,0.5058256327842505,231,231,231
CELL_03,aggressive,232,2025-01-23 02:51:35,3.702,3.07,4.267,9.677,14.33,47.72,52.35,11.32,99.86,33.6,22.76,84.35,33.6,88.53999999999999,1.9354,0.25725338491295946,232,232,232
CELL_03,aggressive,233,2025-01-23 04:25:32,3.577,2.944,4.237,9.541,14.027,47.04,52.83,6.08,98.77,31.08,26.04,84.26,31.08,92.69,1.9082000000000001,0.28823004904146243,233,233,233
CELL_03,aggressive,234,2025-01-23 07:07:08,3.637,3.068,4.177,9.25,11.576,42.63,48.04,5.3,96.05,36.59,27.85,84.196,36.59,90.75,1.85,0.4767841788478071,234,234,234
CELL_03,aggressive,235,2025-01-23 08:52:44,3.669,3.087,4.233,8.995,10.949,45.59,51.17,9.19,96.67,39.04,29.66,84.136,39.04,87.48,1.799,0.5864892528147385,235,235,235
CELL_03,aggressive,236,2025-01-23 11:57:46,3.611,3.067,4.214,8.648,12.245,41.54,47.36,8.53,96.01,41.35,31.05,84.087,41.35,87.48,1.7296,0.3188768418126217,236,236,236
CELL_03,aggressive,237,2025-01-23 14:34:06,3.531,2.91,4.188,8.182,11.996,47.69,53.08,7.72,99.71,36.63,33.5,84.037,36.63,91.99,1.6364,0.3350812794965914,237,237,237
CELL_03,aggressive,238,2025-01-23 16:26:55,3.655,3.044,4.258,8.992,13.062,44.22,49.94,6.52,98.62,29.78,30.4,83.967,29.78,92.10000000000001,1.7984000000000002,0.2982800982800984,238,238,238
CELL_03,aggressive,239,2025-01-23 18:16:57,3.586,2.985,4.211,9.449,13.948,46.89,50.49,4.7,99.3,35.97,30.31,83.881,35.97,94.6,1.8898,0.2725050011113581,239,239,239
CELL_03,aggressive,240,2025-01-23 21:08:09,3.626,2.962,4.25,8.55,11.076,48.0,54.38,0.0,97.14,38.39,35.03,83.819,38.39,97.14,1.7100000000000002,0.5098970704671417,240,240,240
CELL_03,aggressive,241,2025-01-24 00:13:07,3.633,3.042,4.268,9.589,12.128,44.38,49.31,7.88,97.42,34.81,32.03,83.745,34.81,89.54,1.9178000000000002,0.48286727057896817,241,241,241
CELL_03,aggressive,242,2025-01-24 02:07:04,3.577,2.907,4.245,9.853,14.181,42.01,47.39,3.32,96.24,27.45,25.84,83.657,27.45,92.92,1.9706,0.30914972273567476,242,242,242
CELL_03,aggressive,243,2025-01-24 05:03:03,3.605,3.0,4.194,8.24,12.331,41.14,45.89,4.08,97.44,36.2,36.21,83.617,36.2,93.36,1.6480000000000001,0.29186018088486926,243,243,243
CELL_03,aggressive,244,2025-01-24 06:51:33,3.648,3.026,4.249,8.731,12.831,45.37,49.84,0.0,98.55,34.4,36.67,83.556,34.4,98.55,1.7462,0.29829268292682926,244,244,244
CELL_03,aggressive,245,2025-01-24 09:36:33,3.655,3.045,4.247,8.345,11.551,45.66,52.48,0.0,96.73,36.88,36.29,83.492,36.88,96.73,1.669,0.3749220212102309,245,245,245
CELL_03,aggressive,246,2025-01-24 12:36:35,3.618,3.062,4.216,8.327,10.967,43.79,48.79,1.48,97.63,36.57,37.48,83.427,36.57,96.14999999999999,1.6654,0.4371212121212122,246,246,246
CELL_03,aggressive,247,2025-01-24 14:13:19,3.619,3.045,4.221,9.483,13.924,43.79,48.7,0.0,96.74,24.96,30.04,83.354,24.96,96.74,1.8966,0.26480522404863777,247,247,247
CELL_03,aggressive,248,2025-01-24 16:39:48,3.644,3.031,4.266,9.919,12.164,47.38,53.57,1.86,98.06,29.39,28.24,83.265,29.39,96.2,1.9838,0.5501113585746104,248,248,248
CELL_03,aggressive,249,2025-01-24 18:23:00,3.587,2.949,4.177,9.408,13.106,49.74,54.4,0.0,97.2,36.05,31.49,83.185,36.05,97.2,1.8816,0.3320713899405083,249,249,249
CELL_03,aggressive,250,2025-01-24 20:29:57,3.574,2.943,4.202,9.448,13.6,44.39,48.78,1.58,96.88,29.08,27.1,83.119,29.08,95.3,1.8896000000000002,0.3032273603082852,250,250,250
CELL_03,aggressive,251,2025-01-24 22:27:20,3.619,3.032,4.255,9.137,12.234,45.39,51.9,0.0,96.78,31.48,29.9,83.056,31.48,96.78,1.8274000000000001,0.39489828866645144,251,251,251
CELL_03,aggressive,252,2025-01-25 01:16:06,3.618,3.022,4.246,8.88,12.406,45.26,49.09,5.63,96.13,31.68,31.22,82.997,31.68,90.5,1.7760000000000002,0.3471355643788998,252,252,252
CELL_03,aggressive,253,2025-01-25 03:59:42,3.606,2.942,4.253,9.648,12.343,43.44,47.81,1.65,99.87,34.58,32.8,82.904,34.58,98.22,1.9296,0.48645640074211494,253,253,253
CELL_03,aggressive,254,2025-01-25 06:40:53,3.62,3.041,4.275,8.826,12.037,48.42,52.5,0.0,97.24,35.16,30.22,82.822,35.16,97.24,1.7652,0.38430395515415766,254,254,254
CELL_03,aggressive,255,2025-01-25 08:57:16,3.577,3.036,4.216,8.402,12.546,41.04,46.48,6.57,99.5,34.46,33.3,82.772,34.46,92.93,1.6804,0.2847490347490348,255,255,255
CELL_03,aggressive,256,2025-01-25 10:57:19,3.645,3.064,4.195,8.582,12.382,48.24,54.83,9.72,99.76,37.36,30.02,82.716,37.36,90.04,1.7164000000000001,0.2976315789473686,256,256,256
CELL_03,aggressive,257,2025-01-25 12:43:59,3.604,2.976,4.245,8.676,11.687,45.42,49.39,2.73,97.51,38.54,33.14,82.65,38.54,94.78,1.7352,0.42145466622384603,257,257,257
CELL_03,aggressive,258,2025-01-25 14:19:19,3.65,3.063,4.206,9.306,13.711,44.27,49.74,9.28,99.28,35.15,29.34,82.592,35.15,90.0,1.8611999999999997,0.25947786606129397,258,258,258
CELL_03,aggressive,259,2025-01-25 16:56:14,3.628,3.036,4.228,9.147,11.463,46.48,53.2,0.0,96.47,31.44,31.79,82.504,31.44,96.47,1.8294000000000001,0.5146804835924008,259,259,259
CELL_03,aggressive,260,2025-01-25 19:14:47,3.513,2.906,4.196,8.981,11.88,45.14,50.62,11.01,96.48,33.72,25.36,82.451,33.72,85.47,1.7962,0.4449810279406689,260,260,260
CELL_03,aggressive,261,2025-01-25 21:43:30,3.594,2.943,4.251,9.892,13.038,47.67,52.28,5.16,96.28,23.25,27.87,82.387,23.25,91.12,1.9784,0.4157660521296885,261,261,261
CELL_03,aggressive,262,2025-01-26 00:37:16,3.64,3.033,4.222,8.286,12.225,43.5,47.86,13.42,98.85,36.05,33.38,82.342,36.05,85.42999999999999,1.6572,0.301853262249302,262,262,262
CELL_03,aggressive,263,2025-01-26 03:05:11,3.562,2.903,4.186,8.389,10.362,43.09,49.73,12.05,99.35,30.39,32.11,82.285,30.39,87.3,1.6778,0.650278763304612,263,263,263
CELL_03,aggressive,264,2025-01-26 06:13:29,3.69,3.08,4.273,8.325,10.556,42.75,47.95,4.87,96.39,35.15,33.45,82.23,35.15,91.52,1.6649999999999998,0.5347377857463019,264,264,264
CELL_03,aggressive,265,2025-01-26 08:06:09,3.627,2.967,4.209,8.573,10.932,45.59,49.6,5.8,97.57,34.41,29.31,82.172,34.41,91.77,1.7146000000000001,0.5264942772361169,265,265,265
CELL_03,aggressive,266,2025-01-26 10:49:24,3.596,2.99,4.219,8.471,11.61,45.75,50.21,2.19,97.11,35.83,33.04,82.114,35.83,94.92,1.6942,0.3915259636827016,266,266,266
CELL_03,aggressive,267,2025-01-26 12:46:21,3.607,2.955,4.205,9.176,11.241,47.96,53.81,9.97,99.74,33.91,26.11,82.042,33.91,89.77,1.8352,0.6053268765133173,267,267,267
CELL_03,aggressive,268,2025-01-26 14:57:08,3.638,2.999,4.27,8.842,13.002,44.39,49.2,1.98,98.26,33.35,34.53,81.972,33.35,96.28,1.7684000000000002,0.305528846153846,268,268,268
CELL_03,aggressive,269,2025-01-26 17:13:38,3.589,3.032,4.191,8.908,11.162,45.21,51.1,6.81,99.09,34.53,30.7,81.9,34.53,92.28,1.7815999999999999,0.5141969831410821,269,269,269
CELL_03,aggressive,270,2025-01-26 19:33:19,3.566,2.951,4.232,8.994,12.38,44.08,47.18,9.24,99.94,33.63,27.92,81.841,33.63,90.7,1.7988,0.3783225044300058,270,270,270
CELL_03,aggressive,271,2025-01-26 22:30:28,3.583,2.936,4.25,9.002,11.65,46.78,50.45,1.48,96.04,30.3,32.79,81.769,30.3,94.56,1.8004000000000002,0.49622356495468284,271,271,271
CELL_03,aggressive,272,2025-01-27 00:23:22,3.607,2.98,4.243,9.0,11.548,40.64,43.79,0.0,98.35,31.02,31.97,81.716,31.02,98.35,1.8,0.4956828885400315,272,272,272
CELL_03,aggressive,273,2025-01-27 03:05:34,3.638,3.051,4.254,8.675,12.838,44.35,51.09,2.91,96.58,32.8,29.33,81.642,32.8,93.67,1.735,0.28897429738169583,273,273,273
CELL_03,aggressive,274,2025-01-27 04:44:34,3.632,3.072,4.208,8.979,11.192,45.59,52.15,5.83,99.52,35.62,31.08,81.578,35.62,93.69,1.7957999999999998,0.5133303208314504,274,274,274
CELL_03,aggressive,275,2025-01-27 07:15:54,3.588,2.955,4.234,9.267,12.332,44.17,48.65,2.11,96.69,30.46,29.76,81.526,30.46,94.58,1.8534,0.41729200652528525,275,275,275
CELL_03,aggressive,276,2025-01-27 10:02:19,3.715,3.062,4.252,8.612,10.725,45.55,50.52,3.95,97.28,35.09,30.1,81.47,35.09,93.33,1.7224,0.5631803123521061,276,276,276
CELL_03,aggressive,277,2025-01-27 13:00:36,3.713,3.044,4.264,8.589,11.288,41.79,47.46,0.0,97.45,35.26,37.88,81.412,35.26,97.45,1.7178,0.4520192663949612,277,277,277
CELL_03,aggressive,278,2025-01-27 15:20:51,3.651,3.029,4.228,8.514,12.496,47.31,51.02,2.24,99.48,42.25,32.59,81.335,42.25,97.24000000000001,1.7027999999999999,0.3011049723756905,278,278,278
CELL_03,aggressive,279,2025-01-27 17:20:24,3.64,3.081,4.176,9.838,14.005,45.15,51.9,0.0,96.03,25.94,29.42,81.257,25.94,96.03,1.9675999999999998,0.26277897768178543,279,279,279
CELL_03,aggressive,280,2025-01-27 19:38:36,3.641,3.009,4.274,8.195,10.345,43.56,46.74,10.26,99.96,34.63,33.86,81.201,34.63,89.69999999999999,1.639,0.5883720930232558,280,280,280
CELL_03,aggressive,281,2025-01-27 22:27:24,3.595,2.942,4.262,9.273,12.407,45.05,50.86,0.0,98.98,30.85,35.07,81.149,30.85,98.98,1.8546,0.4211869814932991,281,281,281
CELL_03,aggressive,282,2025-01-28 01:11:43,3.655,3.073,4.212,8.876,10.746,46.76,52.1,8.99,99.58,34.46,31.05,81.094,34.46,90.59,1.7752,0.6090909090909087,282,282,282
CELL_03,aggressive,283,2025-01-28 03:47:38,3.672,3.099,4.219,9.237,12.065,45.32,50.82,0.03,99.03,31.9,32.04,81.022,31.9,99.0,1.8474,0.39603960396039617,283,283,283
CELL_03,aggressive,284,2025-01-28 05:44:12,3.658,3.075,4.263,8.909,13.269,44.87,48.16,3.77,98.29,33.97,30.3,80.963,33.97,94.52000000000001,1.7818,0.2724770642201835,284,284,284
CELL_03,aggressive,285,2025-01-28 07:54:34,3.635,3.019,4.245,9.239,11.867,46.3,51.58,2.02,99.48,31.68,33.52,80.889,31.68,97.46000000000001,1.8478,0.46651445966514454,285,285,285
CELL_03,aggressive,286,2025-01-28 09:42:32,3.572,2.903,4.254,9.481,12.919,45.81,50.7,0.0,96.18,30.64,26.63,80.824,30.64,96.18,1.8961999999999999,0.392961023851076,286,286,286
CELL_03,aggressive,287,2025-01-28 11:58:29,3.62,2.975,4.226,9.255,11.762,44.63,48.82,0.0,96.94,32.63,33.6,80.746,32.63,96.94,1.8510000000000002,0.49900279218189075,287,287,287
CELL_03,aggressive,288,2025-01-28 13:41:30,3.572,2.922,4.221,8.555,12.691,44.55,50.54,16.74,98.56,34.99,28.66,80.689,34.99,81.82000000000001,1.7109999999999999,0.3140715667311411,288,288,288
CELL_03,aggressive,289,2025-01-28 15:30:13,3.605,2.96,4.234,9.025,12.361,46.38,50.79,0.55,99.55,31.6,29.31,80.615,31.6,99.0,1.8050000000000002,0.38189448441247,289,289,289
CELL_03,aggressive,290,2025-01-28 17:59:26,3.644,3.067,4.223,9.753,12.936,44.81,49.98,0.0,97.55,29.44,30.97,80.536,29.44,97.55,1.9506000000000001,0.3631793905120954,290,290,290
CELL_03,aggressive,291,2025-01-28 19:49:26,3.614,3.037,4.207,8.13,10.099,42.13,47.39,0.0,96.63,38.81,37.07,80.471,38.81,96.63,1.6260000000000001,0.5942102590147285,291,291,291
CELL_03,aggressive,292,2025-01-28 21:59:29,3.639,3.053,4.254,9.162,12.73,48.98,55.71,0.0,96.22,35.77,33.86,80.4,35.77,96.22,1.8324000000000003,0.33660313901345285,292,292,292
CELL_03,aggressive,293,2025-01-29 00:51:52,3.648,3.061,4.262,9.2,13.746,39.43,43.74,4.02,98.58,29.25,28.04,80.35,29.25,94.56,1.8399999999999999,0.2641882974043113,293,293,293
CELL_03,aggressive,294,2025-01-29 03:31:20,3.582,2.956,4.247,9.155,12.963,45.05,48.62,2.83,96.15,32.52,30.85,80.275,32.52,93.32000000000001,1.831,0.3390231092436975,294,294,294
CELL_03,aggressive,295,2025-01-29 05:35:35,3.672,3.035,4.245,7.872,10.367,50.01,54.22,1.68,96.8,37.02,36.0,80.216,37.02,95.11999999999999,1.5744,0.48496993987975934,295,295,295
CELL_03,aggressive,296,2025-01-29 08:08:31,3.642,3.02,4.195,9.855,14.556,44.63,47.83,6.52,99.15,27.07,29.75,80.16,27.07,92.63000000000001,1.971,0.24994681982556916,296,296,296
CELL_03,aggressive,297,2025-01-29 10:45:04,3.587,3.027,4.205,9.082,11.379,45.39,51.55,0.0,96.69,34.71,33.62,80.101,34.71,96.69,1.8164000000000002,0.5128428384849807,297,297,297
CELL_03,aggressive,298,2025-01-29 13:38:46,3.589,2.939,4.257,9.051,11.732,44.7,51.67,3.02,96.07,29.76,32.2,80.044,29.76,93.05,1.8102,0.4916076091010817,298,298,298
CELL_03,aggressive,299,2025-01-29 16:38:36,3.589,3.018,4.205,8.213,11.419,49.31,53.98,3.34,98.52,33.5,34.01,79.956,33.5,95.17999999999999,1.6425999999999998,0.3702432938240798,299,299,299
CELL_03,aggressive,300,2025-01-29 18:36:55,3.642,3.046,4.2,8.696,11.556,42.61,45.76,6.64,98.01,35.23,31.98,79.898,35.23,91.37,1.7391999999999999,0.4034965034965037,300,300,300
CELL_03,aggressive,301,2025-01-29 21:13:40,3.655,3.094,4.21,9.099,12.684,45.65,49.4,2.77,98.55,26.75,32.77,79.819,26.75,95.78,1.8198,0.3112970711297072,301,301,301
CELL_03,aggressive,302,2025-01-29 23:55:27,3.555,2.925,4.184,9.176,12.56,46.67,51.05,12.15,96.06,27.28,28.6,79.747,27.28,83.91,1.8352,0.3720449172576833,302,302,302
CELL_03,aggressive,303,2025-01-30 02:05:31,3.581,2.951,4.219,8.979,12.538,42.34,48.77,6.35,97.5,31.54,30.7,79.694,31.54,91.15,1.7957999999999998,0.35627985389154254,303,303,303
CELL_03,aggressive,304,2025-01-30 04:07:47,3.649,3.09,4.183,8.802,11.96,47.97,51.32,5.22,97.93,37.32,36.45,79.624,37.32,92.71000000000001,1.7604,0.34610512982900554,304,304,304
CELL_03,aggressive,305,2025-01-30 06:47:41,3.554,2.935,4.217,8.584,11.889,45.19,49.58,2.37,96.07,31.26,27.03,79.56,31.26,93.69999999999999,1.7167999999999999,0.38789712556732214,305,305,305
CELL_03,aggressive,306,2025-01-30 09:39:51,3.577,2.94,4.226,8.937,11.365,46.16,50.88,0.58,99.58,37.51,34.56,79.477,37.51,99.0,1.7873999999999999,0.5296540362438219,306,306,306
CELL_03,aggressive,307,2025-01-30 12:19:15,3.602,2.952,4.201,8.568,12.003,40.96,47.83,0.0,98.45,40.49,35.03,79.43,40.49,98.45,1.7136,0.36360989810771455,307,307,307
CELL_03,aggressive,308,2025-01-30 14:29:41,3.605,2.952,4.206,9.37,13.51,46.81,51.59,11.85,98.86,35.12,29.96,79.352,35.12,87.01,1.8739999999999999,0.3028985507246377,308,308,308
CELL_03,aggressive,309,2025-01-30 17:18:55,3.626,2.982,4.261,9.132,13.442,42.09,45.71,6.89,98.77,35.29,28.55,79.295,35.29,91.88,1.8264,0.2967517401392111,309,309,309
CELL_03,aggressive,310,2025-01-30 19:16:17,3.577,2.934,4.249,9.363,12.588,45.21,48.89,6.34,96.27,26.93,26.41,79.224,26.93,89.92999999999999,1.8725999999999998,0.407751937984496,310,310,310
CELL_03,aggressive,311,2025-01-30 21:26:10,3.573,3.058,4.18,9.65,12.658,44.07,47.4,0.04,97.31,27.66,26.29,79.148,27.66,97.27,1.9300000000000002,0.37300531914893625,311,311,311
CELL_03,aggressive,312,2025-01-31 00:06:46,3.591,2.987,4.21,8.431,10.363,45.18,52.13,4.05,97.27,34.56,31.79,79.08,34.56,93.22,1.6862,0.633022774327122,312,312,312
CELL_03,aggressive,313,2025-01-31 02:40:36,3.615,2.923,4.264,8.129,10.279,42.5,46.45,0.0,97.48,33.98,40.62,79.012,33.98,97.48,1.6258,0.6237209302325581,313,313,313
CELL_03,aggressive,314,2025-01-31 05:16:35,3.702,3.057,4.26,9.188,11.516,44.94,49.87,0.47,96.45,29.86,34.91,78.922,29.86,95.98,1.8376000000000001,0.5167525773195877,314,314,314
CELL_03,aggressive,315,2025-01-31 07:35:49,3.588,2.977,4.238,9.869,13.719,46.4,50.67,0.0,96.64,29.5,33.24,78.819,29.5,96.64,1.9738,0.32753246753246773,315,315,315
CELL_03,aggressive,316,2025-01-31 10:11:03,3.608,2.977,4.192,8.66,10.807,46.25,53.22,1.43,96.37,38.66,30.09,78.75,38.66,94.94,1.732,0.5659059152305543,316,316,316
CELL_03,aggressive,317,2025-01-31 12:28:23,3.595,2.96,4.209,10.199,15.288,45.13,51.74,0.63,99.63,30.28,28.19,78.648,30.28,99.0,2.0398,0.2454313224602082,317,317,317
CELL_03,aggressive,318,2025-01-31 14:36:43,3.541,2.954,4.181,9.574,11.956,45.1,50.76,6.66,99.39,33.0,26.04,78.567,33.0,92.73,1.9148,0.5151133501259446,318,318,318
CELL_03,aggressive,319,2025-01-31 17:02:45,3.657,3.045,4.245,9.618,12.704,44.1,47.82,2.74,98.51,34.49,34.21,78.517,34.49,95.77000000000001,1.9236,0.38885288399222295,319,319,319
CELL_03,aggressive,320,2025-01-31 20:01:37,3.575,2.965,4.181,8.708,10.925,45.65,49.57,1.88,97.34,33.51,34.06,78.438,33.51,95.46000000000001,1.7416,0.5484889490302209,320,320,320
CELL_03,aggressive,321,2025-01-31 21:46:03,3.633,3.021,4.225,8.173,10.164,50.36,55.33,6.96,98.93,34.24,33.34,78.357,34.24,91.97000000000001,1.6346,0.6047212456052234,321,321,321
CELL_03,aggressive,322,2025-02-01 00:41:58,3.594,2.999,4.226,9.531,13.855,45.12,49.51,0.0,97.16,31.3,29.93,78.284,31.3,97.16,1.9062000000000001,0.2837650323774283,322,322,322
CELL_03,aggressive,323,2025-02-01 02:49:35,3.623,3.029,4.199,8.7,12.708,45.07,50.33,0.0,96.02,31.33,34.92,78.213,31.33,96.02,1.7399999999999998,0.2919161676646706,323,323,323
CELL_03,aggressive,324,2025-02-01 05:38:02,3.587,2.968,4.179,9.705,13.446,46.06,51.41,0.0,97.69,28.77,30.04,78.132,28.77,97.69,1.941,0.32371023790430375,324,324,324
CELL_03,aggressive,325,2025-02-01 07:56:25,3.67,2.963,4.255,8.708,12.324,43.19,47.38,7.39,98.31,32.7,32.34,78.062,32.7,90.92,1.7416,0.3573008849557522,325,325,325
CELL_03,aggressive,326,2025-02-01 10:52:53,3.7,3.095,4.237,9.253,13.66,47.25,52.91,0.0,96.31,32.18,31.83,78.003,32.18,96.31,1.8506,0.2591331971862945,326,326,326
CELL_03,aggressive,327,2025-02-01 14:00:55,3.622,3.053,4.25,8.498,11.78,43.27,47.46,6.61,97.77,38.42,37.09,77.938,38.42,91.16,1.6995999999999998,0.3647166361974406,327,327,327
CELL_03,aggressive,328,2025-02-01 15:50:34,3.666,3.081,4.256,9.085,12.311,45.74,50.74,0.0,98.15,36.69,32.96,77.863,36.69,98.15,1.8170000000000002,0.3642281463112215,328,328,328
CELL_03,aggressive,329,2025-02-01 18:52:47,3.595,3.027,4.219,8.94,12.557,43.89,50.12,0.86,98.45,36.39,32.84,77.804,36.39,97.59,1.7879999999999998,0.32955487973458664,329,329,329
CELL_03,aggressive,330,2025-02-01 21:35:12,3.623,2.948,4.253,9.065,12.313,45.02,48.73,0.0,96.86,33.97,33.17,77.725,33.97,96.86,1.813,0.4017857142857142,330,330,330
CELL_03,aggressive,331,2025-02-02 00:02:18,3.57,2.987,4.184,8.135,10.71,40.67,46.27,0.63,99.63,33.54,28.38,77.688,33.54,99.0,1.627,0.4648543689320387,331,331,331
CELL_03,aggressive,332,2025-02-02 02:51:15,3.628,3.041,4.21,9.272,13.823,47.29,53.81,0.67,96.17,34.98,32.73,77.608,34.98,95.5,1.8544,0.25686662272028127,332,332,332
CELL_03,aggressive,333,2025-02-02 05:07:34,3.627,2.975,4.235,9.578,14.097,46.23,52.12,1.7,96.28,29.15,29.7,77.538,29.15,94.58,1.9156,0.2788227483956628,333,333,333
CELL_03,aggressive,334,2025-02-02 08:04:43,3.591,2.906,4.187,8.475,11.663,46.12,49.94,1.16,96.32,35.6,36.09,77.477,35.6,95.16,1.6949999999999998,0.40181932245922203,334,334,334
CELL_03,aggressive,335,2025-02-02 09:41:02,3.661,3.036,4.257,9.274,12.891,43.68,49.05,1.69,98.69,35.91,28.86,77.4,35.91,97.0,1.8547999999999998,0.33757257395631723,335,335,335
CELL_03,aggressive,336,2025-02-02 11:47:50,3.574,2.907,4.259,9.033,12.702,44.49,50.28,4.83,99.98,29.86,28.11,77.343,29.86,95.15,1.8066,0.3684927773235214,336,336,336
CELL_03,aggressive,337,2025-02-02 14:00:59,3.607,3.08,4.178,9.323,13.062,47.99,54.24,8.98,97.19,35.7,28.52,77.28,35.7,88.21,1.8646,0.29366140679326025,337,337,337
CELL_03,aggressive,338,2025-02-02 15:58:32,3.633,3.018,4.231,8.157,11.609,45.45,49.36,4.11,99.25,31.97,34.86,77.216,31.97,95.14,1.6314,0.3513904982618772,338,338,338
CELL_03,aggressive,339,2025-02-02 18:04:41,3.647,2.972,4.27,9.502,11.598,45.98,49.01,0.32,99.32,33.71,30.41,77.139,33.71,99.0,1.9004,0.6192748091603051,339,339,339
CELL_03,aggressive,340,2025-02-02 19:59:44,3.599,2.908,4.272,9.161,13.46,42.61,48.33,1.72,96.25,23.92,31.3,77.083,23.92,94.53,1.8321999999999998,0.31728308909048614,340,340,340
CELL_03,aggressive,341,2025-02-02 21:41:12,3.566,2.953,4.183,9.378,11.724,43.06,48.99,1.58,98.91,35.7,32.15,77.024,35.7,97.33,1.8756,0.5242966751918158,341,341,341
CELL_03,aggressive,342,2025-02-02 23:20:36,3.624,3.003,4.25,8.852,12.947,44.01,47.67,10.06,97.04,29.81,28.77,76.968,29.81,86.98,1.7704,0.3045177045177046,342,342,342
CELL_03,aggressive,343,2025-02-03 02:02:41,3.595,2.994,4.193,9.109,13.604,44.55,51.38,4.47,96.33,32.43,30.7,76.902,32.43,91.86,1.8218,0.26674082313681863,343,343,343
CELL_03,aggressive,344,2025-02-03 05:02:59,3.562,2.947,4.251,9.249,12.58,46.55,52.51,0.0,98.74,34.31,31.63,76.815,34.31,98.74,1.8498,0.39147403182227575,344,344,344
CELL_03,aggressive,345,2025-02-03 08:03:47,3.607,2.971,4.272,9.141,13.139,45.91,49.89,9.71,99.61,35.17,28.59,76.744,35.17,89.9,1.8282,0.3254127063531767,345,345,345
CELL_03,aggressive,346,2025-02-03 10:50:04,3.622,2.963,4.231,8.245,10.828,44.35,47.63,0.0,96.37,37.19,38.03,76.684,37.19,96.37,1.6489999999999998,0.4909020518776615,346,346,346
CELL_03,aggressive,347,2025-02-03 14:06:49,3.635,3.043,4.27,7.981,11.81,44.75,51.32,0.46,99.46,41.4,38.15,76.627,41.4,99.0,1.5962,0.3204492034473751,347,347,347
CELL_03,aggressive,348,2025-02-03 16:14:23,3.609,2.96,4.224,8.732,11.226,43.71,47.99,2.57,98.94,36.09,32.23,76.553,36.09,96.37,1.7464,0.5068163592622291,348,348,348
CELL_03,aggressive,349,2025-02-03 18:59:27,3.6,2.928,4.275,9.636,11.868,39.36,43.72,0.39,99.39,38.98,31.4,76.505,38.98,99.0,1.9271999999999998,0.6034946236559139,349,349,349
CELL_03,aggressive,350,2025-02-03 21:52:28,3.581,2.927,4.234,9.907,13.453,45.24,48.58,0.66,99.66,30.09,28.97,76.433,30.09,99.0,1.9814,0.36858432036097016,350,350,350
CELL_03,aggressive,351,2025-02-03 23:57:55,3.698,3.092,4.252,9.13,12.452,44.22,48.12,2.68,98.69,35.77,30.74,76.344,35.77,96.00999999999999,1.826,0.34918723660445516,351,351,351
CELL_03,aggressive,352,2025-02-04 02:44:44,3.638,3.083,4.223,8.794,12.503,46.99,52.27,5.29,97.5,34.56,32.01,76.268,34.56,92.21,1.7588000000000001,0.3073604745214343,352,352,352
CELL_03,aggressive,353,2025-02-04 04:23:37,3.6,2.96,4.263,9.133,13.596,43.68,48.79,0.85,99.84,33.07,32.6,76.206,33.07,98.99000000000001,1.8265999999999998,0.2919560833520053,353,353,353
CELL_03,aggressive,354,2025-02-04 06:54:58,3.655,3.051,4.25,9.504,11.624,42.69,49.02,0.5,97.41,33.16,31.42,76.131,33.16,96.91,1.9007999999999998,0.5655660377358487,354,354,354
CELL_03,aggressive,355,2025-02-04 09:19:58,3.568,2.955,4.199,8.881,12.106,46.77,52.37,3.4,97.59,34.1,29.26,76.063,34.1,94.19,1.7762,0.3857364341085271,355,355,355
CELL_03,aggressive,356,2025-02-04 12:09:09,3.593,2.945,4.239,8.141,11.651,47.85,51.44,8.63,99.23,39.71,34.58,75.995,39.71,90.60000000000001,1.6282,0.3686609686609687,356,356,356
CELL_03,aggressive,357,2025-02-04 14:19:07,3.594,2.929,4.228,8.557,11.222,48.42,54.82,0.0,98.68,35.04,34.87,75.907,35.04,98.68,1.7114,0.48742964352720464,357,357,357
CELL_03,aggressive,358,2025-02-04 16:12:17,3.632,3.027,4.236,9.447,12.891,46.01,52.34,0.0,97.18,30.21,31.5,75.846,30.21,97.18,1.8893999999999997,0.35104529616724717,358,358,358
CELL_03,aggressive,359,2025-02-04 18:45:32,3.584,2.961,4.199,9.025,12.08,41.46,47.5,7.85,99.33,29.17,29.55,75.794,29.17,91.48,1.8050000000000002,0.4052373158756138,359,359,359
CELL_03,aggressive,360,2025-02-04 20:54:28,3.603,3.007,4.187,8.929,10.991,43.96,48.37,8.45,97.62,31.83,32.76,75.719,31.83,89.17,1.7858,0.5722599418040739,360,360,360
CELL_03,aggressive,361,2025-02-04 23:42:01,3.595,2.929,4.239,9.36,13.34,45.11,50.17,7.52,97.87,30.53,29.43,75.662,30.53,90.35000000000001,1.8719999999999999,0.32914572864321606,361,361,361
CELL_03,aggressive,362,2025-02-05 01:23:17,3.651,3.019,4.274,8.961,13.235,44.38,49.83,4.42,98.15,33.85,29.22,75.584,33.85,93.73,1.7922,0.29363593823116524,362,362,362
CELL_03,aggressive,363,2025-02-05 03:48:55,3.641,2.981,4.255,9.35,11.825,48.63,54.55,0.04,99.04,33.18,27.91,75.5,33.18,99.0,1.8699999999999999,0.5147474747474748,363,363,363
CELL_03,aggressive,364,2025-02-05 05:56:44,3.634,3.019,4.22,9.265,11.62,41.9,44.94,1.84,99.86,34.84,27.96,75.427,34.84,98.02,1.8530000000000002,0.5099787685774948,364,364,364
CELL_03,aggressive,365,2025-02-05 08:11:53,3.57,2.985,4.227,9.221,11.948,43.73,50.33,0.0,96.71,36.01,32.36,75.37,36.01,96.71,1.8442,0.4554455445544556,365,365,365
CELL_03,aggressive,366,2025-02-05 10:14:52,3.582,2.972,4.217,9.173,12.053,43.57,48.64,4.55,96.89,39.79,32.31,75.306,39.79,92.34,1.8346,0.4322916666666664,366,366,366
CELL_03,aggressive,367,2025-02-05 12:43:11,3.637,3.022,4.265,9.236,12.638,45.76,50.54,0.24,99.24,36.12,32.93,75.236,36.12,99.0,1.8472000000000002,0.3653733098177543,367,367,367
CELL_03,aggressive,368,2025-02-05 15:08:03,3.615,3.001,4.228,8.185,11.731,48.11,51.36,0.24,98.38,39.19,39.54,75.164,39.19,98.14,1.637,0.3460236886632826,368,368,368
CELL_03,aggressive,369,2025-02-05 16:50:05,3.61,2.954,4.251,8.152,11.706,44.29,49.31,3.79,99.22,37.94,32.83,75.114,37.94,95.42999999999999,1.6303999999999998,0.3649409116488464,369,369,369
CELL_03,aggressive,370,2025-02-05 19:32:33,3.646,3.032,4.221,9.329,12.438,43.72,49.65,0.0,97.03,32.93,34.68,75.046,32.93,97.03,1.8658000000000001,0.38243808298488263,370,370,370
CELL_03,aggressive,371,2025-02-05 22:38:51,3.616,3.028,4.234,8.536,12.305,43.08,47.15,0.4,97.57,35.1,34.2,74.98,35.1,97.16999999999999,1.7071999999999998,0.31997877421066595,371,371,371
CELL_03,aggressive,372,2025-02-06 00:40:39,3.61,3.036,4.204,8.691,10.448,43.85,49.76,5.53,97.3,36.11,33.9,74.921,36.11,91.77,1.7382000000000002,0.6647694934547523,372,372,372
CELL_03,aggressive,373,2025-02-06 03:40:18,3.612,2.995,4.255,9.605,13.319,46.89,50.78,0.0,98.0,28.82,32.46,74.844,28.82,98.0,1.921,0.33925686591276244,373,373,373
CELL_03,aggressive,374,2025-02-06 05:54:01,3.632,3.051,4.184,9.211,12.999,47.74,52.25,10.09,99.92,28.93,30.7,74.763,28.93,89.83,1.8422,0.2991024287222809,374,374,374
CELL_03,aggressive,375,2025-02-06 07:39:45,3.645,3.084,4.231,8.761,10.715,44.86,48.83,7.35,97.4,27.23,32.42,74.696,27.23,90.05000000000001,1.7521999999999998,0.5870010235414531,375,375,375
CELL_03,aggressive,376,2025-02-06 10:00:24,3.598,2.905,4.277,9.115,11.342,45.41,49.59,1.4,96.09,25.34,30.77,74.632,25.34,94.69,1.823,0.6160754378087113,376,376,376
CELL_03,aggressive,377,2025-02-06 11:45:55,3.601,3.003,4.21,8.82,10.954,46.44,51.58,4.28,98.77,33.87,32.74,74.562,33.87,94.49,1.764,0.5656044985941892,377,377,377
CELL_03,aggressive,378,2025-02-06 14:13:53,3.597,2.978,4.192,9.02,11.0,42.59,46.86,0.0,97.56,33.07,30.04,74.505,33.07,97.56,1.8039999999999998,0.613131313131313,378,378,378
CELL_03,aggressive,379,2025-02-06 16:04:03,3.617,2.978,4.212,8.656,11.621,44.36,51.31,2.73,97.47,34.31,32.77,74.439,34.31,94.74,1.7312,0.41618887015177053,379,379,379
CELL_03,aggressive,380,2025-02-06 18:23:38,3.615,2.96,4.223,9.318,13.607,46.36,51.72,0.0,96.59,23.88,31.29,74.343,23.88,96.59,1.8636,0.29447423641874565,380,380,380
CELL_03,aggressive,381,2025-02-06 21:16:05,3.636,3.039,4.195,9.793,13.237,46.49,50.45,2.27,97.1,30.13,27.61,74.246,30.13,94.83,1.9586,0.33565621370499416,381,381,381
CELL_03,aggressive,382,2025-02-07 00:19:24,3.611,3.019,4.219,9.035,12.364,46.05,52.01,0.0,97.91,38.35,33.6,74.168,38.35,97.91,1.807,0.3604686091919495,382,382,382
CELL_03,aggressive,383,2025-02-07 03:15:52,3.634,3.079,4.192,9.451,13.98,45.05,50.62,0.0,97.58,25.03,32.03,74.089,25.03,97.58,1.8902,0.24574961360123648,383,383,383
CELL_03,aggressive,384,2025-02-07 05:11:43,3.609,3.009,4.219,9.335,13.602,47.92,52.74,0.0,97.98,33.15,30.06,74.006,33.15,97.98,1.8670000000000002,0.28357159596906506,384,384,384
CELL_03,aggressive,385,2025-02-07 07:58:30,3.615,2.918,4.251,9.64,13.169,43.02,48.78,6.91,99.84,34.26,32.24,73.938,34.26,92.93,1.9280000000000002,0.3777274015301786,385,385,385
CELL_03,aggressive,386,2025-02-07 10:39:56,3.619,3.058,4.181,9.081,12.148,45.47,52.18,1.3,96.44,30.59,34.94,73.871,30.59,95.14,1.8161999999999998,0.3661558526247148,386,386,386
CELL_03,aggressive,387,2025-02-07 12:18:41,3.603,3.059,4.201,9.691,12.418,42.69,48.3,7.64,98.24,29.35,28.93,73.816,29.35,90.6,1.9382000000000001,0.4187752108544188,387,387,387
CELL_03,aggressive,388,2025-02-07 14:20:46,3.577,3.001,4.18,9.554,11.821,46.15,52.51,7.1,98.63,23.71,28.38,73.753,23.71,91.53,1.9108,0.5200705778561977,388,388,388
CELL_03,aggressive,389,2025-02-07 16:41:54,3.671,3.013,4.273,8.57,11.373,44.74,50.76,4.63,97.48,35.4,33.6,73.692,35.4,92.85000000000001,1.714,0.4495183731716019,389,389,389
CELL_03,aggressive,390,2025-02-07 18:34:06,3.598,2.999,4.224,9.426,13.422,45.57,51.15,0.5,99.5,30.8,35.73,73.616,30.8,99.0,1.8852,0.30655655655655656,390,390,390
CELL_03,aggressive,391,2025-02-07 21:29:07,3.622,3.071,4.186,8.623,12.827,47.64,51.76,3.33,98.09,38.69,31.16,73.543,38.69,94.76,1.7246,0.2652235965746907,391,391,391
CELL_03,aggressive,392,2025-02-07 23:50:40,3.664,3.083,4.227,9.073,11.108,41.96,45.73,6.2,99.68,33.12,30.81,73.494,33.12,93.48,1.8146,0.5621621621621622,392,392,392
CELL_03,aggressive,393,2025-02-08 02:36:53,3.637,3.014,4.246,8.685,11.908,50.47,53.55,1.0,98.84,32.37,34.24,73.414,32.37,97.84,1.737,0.38225255972696276,393,393,393
CELL_03,aggressive,394,2025-02-08 04:51:47,3.645,3.071,4.248,8.52,10.625,41.37,47.19,3.73,99.88,36.79,35.72,73.36,36.79,96.14999999999999,1.704,0.5591448931116388,394,394,394
CELL_03,aggressive,395,2025-02-08 07:14:25,3.576,2.922,4.216,9.44,13.551,45.3,48.8,7.4,99.19,36.06,28.31,73.285,36.06,91.78999999999999,1.888,0.31476526392605203,395,395,395
CELL_03,aggressive,396,2025-02-08 10:16:02,3.626,3.022,4.268,8.371,10.655,45.81,49.97,8.96,97.31,37.33,30.5,73.22,37.33,88.35,1.6742000000000001,0.54553415061296,396,396,396
CELL_03,aggressive,397,2025-02-08 12:11:47,3.61,2.996,4.244,10.24,12.843,44.55,49.72,4.51,98.46,27.23,31.19,73.164,27.23,93.94999999999999,2.048,0.47944679216288894,397,397,397
CELL_03,aggressive,398,2025-02-08 14:20:29,3.599,2.953,4.191,9.495,14.206,43.84,48.49,3.27,96.18,33.45,27.86,73.114,33.45,92.91000000000001,1.8989999999999998,0.26278921672680955,398,398,398
CELL_03,aggressive,399,2025-02-08 17:08:14,3.617,3.019,4.195,9.559,12.473,44.31,50.21,7.31,98.45,35.59,27.57,73.041,35.59,91.14,1.9118,0.4035689773507205,399,399,399
CELL_03,aggressive,400,2025-02-08 19:41:15,3.58,3.049,4.186,9.26,12.096,46.76,50.9,0.0,96.05,30.59,35.59,72.967,30.59,96.05,1.8519999999999999,0.40091678420310295,400,400,400
CELL_04,mild,1,2025-01-01 11:37:29,3.545,2.905,4.215,3.753,5.528,23.38,29.97,42.56,97.87,82.82,41.05,99.999,82.82,55.31,0.7506,0.7380281690140847,0,0,1
CELL_04,mild,2,2025-01-01 15:22:22,3.591,2.954,4.231,2.821,3.44,24.59,28.73,33.74,96.65,109.41,64.78,99.991,109.41,62.910000000000004,0.5642,2.063004846526656,0,0,2
CELL_04,mild,3,2025-01-01 18:47:33,3.558,2.935,4.206,3.172,4.014,23.88,29.59,34.38,97.72,96.66,57.48,99.99,96.66,63.339999999999996,0.6344000000000001,1.5095011876484563,0,0,3
CELL_04,mild,4,2025-01-01 23:23:15,3.58,2.902,4.267,2.828,4.124,22.98,26.19,31.85,98.86,102.11,67.78,99.989,102.11,67.00999999999999,0.5656,1.0532407407407411,0,0,4
CELL_04,mild,5,2025-01-02 02:06:49,3.646,3.01,4.264,3.91,5.168,23.53,26.89,28.6,99.99,74.23,53.74,99.981,74.23,71.38999999999999,0.782,0.9968203497615266,0,0,5
CELL_04,mild,6,2025-01-02 06:49:11,3.698,3.091,4.265,2.05,2.488,24.05,27.38,36.96,97.63,141.86,86.92,99.973,141.86,60.669999999999995,0.41,2.6803652968036507,0,0,6
CELL_04,mild,7,2025-01-02 10:21:55,3.599,3.007,4.202,4.072,5.117,19.64,23.8,40.7,99.23,74.1,46.14,99.972,74.1,58.53,0.8144,1.1435406698564592,0,0,7
CELL_04,mild,8,2025-01-02 13:21:58,3.637,3.074,4.222,3.182,3.918,27.47,34.23,43.81,98.72,96.68,51.47,99.97,96.68,54.91,0.6364,1.5597826086956526,0,0,8
CELL_04,mild,9,2025-01-02 18:23:21,3.615,2.904,4.231,2.436,3.046,26.53,31.11,37.94,97.71,119.48,72.52,99.969,119.48,59.769999999999996,0.48719999999999997,2.1754098360655743,0,0,9
CELL_04,mild,10,2025-01-02 22:04:20,3.619,3.056,4.187,3.338,4.374,26.63,29.85,38.17,98.64,91.18,53.27,99.958,91.18,60.47,0.6676,1.0916988416988425,0,0,10
CELL_04,mild,11,2025-01-03 01:54:17,3.697,3.076,4.234,2.775,4.132,22.91,29.28,38.13,99.15,103.59,68.75,99.957,103.59,61.02,0.5549999999999999,0.8533529845246869,0,0,11
CELL_04,mild,12,2025-01-03 05:42:05,3.609,3.006,4.177,3.901,5.572,27.7,32.32,45.81,97.05,74.55,38.82,99.941,74.55,51.239999999999995,0.7802,0.700777977259126,0,0,12
CELL_04,mild,13,2025-01-03 09:13:37,3.575,2.93,4.175,2.839,3.773,21.09,26.25,43.78,99.19,106.23,57.43,99.934,106.23,55.41,0.5678,1.332976445396145,0,0,13
CELL_04,mild,14,2025-01-03 14:13:00,3.598,2.93,4.242,2.351,3.147,28.41,33.57,40.45,99.2,119.33,73.42,99.933,119.33,58.75,0.4702,1.648241206030151,0,0,14
CELL_04,mild,15,2025-01-03 18:11:50,3.671,3.045,4.239,3.383,4.832,26.43,29.5,40.15,98.18,91.9,52.43,99.932,91.9,58.03000000000001,0.6766,0.824016563146998,0,0,15
CELL_04,mild,16,2025-01-03 23:20:31,3.57,2.936,4.236,2.369,3.254,20.15,26.65,44.1,99.72,126.87,71.79,99.918,126.87,55.62,0.47380000000000005,1.4689265536723166,0,0,16
CELL_04,mild,17,2025-01-04 02:41:43,3.661,3.054,4.254,3.344,4.468,24.07,28.97,37.98,97.08,95.28,53.15,99.899,95.28,59.1,0.6688,1.067615658362989,0,0,17
CELL_04,mild,18,2025-01-04 05:53:20,3.626,3.032,4.225,3.318,4.715,26.84,33.08,39.05,98.8,93.09,56.06,99.89,93.09,59.75,0.6636,0.8539727988546885,0,0,18
CELL_04,mild,19,2025-01-04 09:50:08,3.582,2.985,4.211,3.19,4.679,25.67,31.96,40.73,98.83,93.71,53.01,99.889,93.71,58.1,0.638,0.8233713901947617,0,0,19
CELL_04,mild,20,2025-01-04 12:51:27,3.659,3.036,4.203,3.542,4.311,26.29,31.89,35.84,97.52,78.19,51.55,99.888,78.19,61.67999999999999,0.7083999999999999,1.517555266579974,0,0,20
CELL_04,mild,21,2025-01-04 17:04:25,3.573,3.007,4.174,2.827,3.856,23.3,30.18,39.69,98.3,106.85,60.07,99.885,106.85,58.61,0.5654,1.134110787172012,0,0,21
CELL_04,mild,22,2025-01-04 22:36:10,3.513,2.917,4.175,2.133,2.884,24.1,27.55,40.46,96.64,140.13,79.26,99.884,140.13,56.18,0.4266,1.675099866844208,0,0,22
CELL_04,mild,23,2025-01-05 02:14:19,3.615,2.936,4.239,3.286,4.303,26.65,33.14,36.96,99.89,91.84,57.43,99.88,91.84,62.93,0.6572,1.281219272369715,0,0,23
CELL_04,mild,24,2025-01-05 05:43:05,3.629,3.077,4.193,3.04,4.445,28.59,33.23,50.49,99.0,102.01,49.35,99.879,102.01,48.51,0.608,0.7943060498220637,0,0,24
CELL_04,mild,25,2025-01-05 08:17:01,3.67,3.079,4.213,3.732,5.3,24.7,30.59,39.92,97.31,77.62,45.13,99.858,77.62,57.39,0.7464000000000001,0.7232142857142858,0,0,25
CELL_04,mild,26,2025-01-05 11:27:05,3.654,3.057,4.238,3.554,5.131,23.92,28.18,35.54,98.93,80.3,53.42,99.851,80.3,63.39000000000001,0.7108,0.7488902980342423,0,0,26
CELL_04,mild,27,2025-01-05 16:20:44,3.583,2.966,4.258,2.605,3.642,25.95,29.67,35.24,96.33,112.39,68.99,99.85,112.39,61.089999999999996,0.521,1.2459016393442621,0,0,27
CELL_04,mild,28,2025-01-05 20:10:18,3.645,3.012,4.247,3.348,4.596,26.0,30.47,42.57,96.96,92.5,51.04,99.847,92.5,54.38999999999999,0.6696,0.989583333333333,0,0,28
CELL_04,mild,29,2025-01-05 22:58:22,3.561,2.937,4.175,3.726,4.787,24.79,30.08,40.23,98.89,82.59,50.78,99.833,82.59,58.660000000000004,0.7452,1.1668237511781339,0,0,29
CELL_04,mild,30,2025-01-06 01:56:14,3.664,3.071,4.187,3.715,5.385,21.86,25.26,43.36,98.69,82.85,44.48,99.822,82.85,55.33,0.743,0.6682634730538923,0,0,30
CELL_04,mild,31,2025-01-06 04:57:39,3.548,2.933,4.185,3.155,4.069,25.75,31.71,43.68,97.28,90.06,52.65,99.818,90.06,53.6,0.631,1.36980306345733,0,0,31
CELL_04,mild,32,2025-01-06 08:08:47,3.569,2.942,4.187,3.141,3.882,24.98,29.14,41.79,98.24,99.31,52.92,99.816,99.31,56.449999999999996,0.6282,1.680161943319838,0,0,32
CELL_04,mild,33,2025-01-06 13:16:30,3.641,3.088,4.225,2.174,2.661,24.12,30.18,41.26,97.22,141.4,78.47,99.815,141.4,55.96,0.43479999999999996,2.334702258726898,0,0,33
CELL_04,mild,34,2025-01-06 17:59:00,3.602,3.034,4.185,2.402,3.376,25.06,28.68,30.11,99.13,123.73,85.97,99.813,123.73,69.02,0.48040000000000005,1.1817248459958933,0,0,34
CELL_04,mild,35,2025-01-06 22:47:41,3.602,2.99,4.207,2.916,4.305,25.33,28.52,34.24,99.9,102.45,70.05,99.812,102.45,65.66,0.5831999999999999,0.8761699064074873,0,0,35
CELL_04,mild,36,2025-01-07 02:01:24,3.644,3.074,4.212,3.664,4.585,25.35,28.94,33.07,96.75,81.39,56.47,99.79,81.39,63.68,0.7328,1.235613463626493,0,0,36
CELL_04,mild,37,2025-01-07 05:47:16,3.653,3.038,4.248,2.571,3.269,26.92,31.79,38.68,96.85,114.11,66.29,99.777,114.11,58.169999999999995,0.5142,1.7335243553008604,0,0,37
CELL_04,mild,38,2025-01-07 09:31:49,3.588,2.986,4.209,3.346,4.38,21.74,25.15,32.61,98.0,96.32,56.1,99.765,96.32,65.39,0.6692,1.182785299806576,0,0,38
CELL_04,mild,39,2025-01-07 13:13:02,3.589,2.953,4.197,3.398,5.053,26.17,31.19,36.04,99.42,89.4,56.47,99.764,89.4,63.38,0.6796,0.7516616314199398,0,0,39
CELL_04,mild,40,2025-01-07 16:50:54,3.576,2.934,4.264,3.664,4.752,25.72,29.34,43.61,96.42,83.19,40.76,99.75,83.19,52.81,0.7328,1.2224264705882357,0,0,40
CELL_04,mild,41,2025-01-07 19:52:08,3.627,3.03,4.176,3.16,4.419,26.01,29.84,39.19,99.96,96.86,53.19,99.744,96.86,60.769999999999996,0.632,0.9102462271644168,0,0,41
CELL_04,mild,42,2025-01-07 22:52:47,3.554,2.992,4.182,3.258,4.128,28.19,34.14,43.54,99.83,95.25,54.54,99.743,95.25,56.29,0.6516,1.3678160919540232,0,0,42
CELL_04,mild,43,2025-01-08 03:08:57,3.648,3.093,4.265,3.591,4.837,25.65,32.6,31.55,98.36,83.87,55.65,99.733,83.87,66.81,0.7182000000000001,0.940609951845907,0,0,43
CELL_04,mild,44,2025-01-08 06:44:10,3.576,2.979,4.23,2.611,3.305,26.67,31.96,37.83,98.75,117.24,67.11,99.72,117.24,60.92,0.5222,1.8025936599423638,0,0,44
CELL_04,mild,45,2025-01-08 10:59:07,3.59,2.948,4.242,2.426,3.621,27.64,32.45,47.18,99.11,121.06,63.39,99.719,121.06,51.93,0.4852,1.082845188284519,0,0,45
CELL_04,mild,46,2025-01-08 15:14:31,3.557,2.937,4.193,3.348,4.893,24.49,28.12,26.58,96.25,86.33,66.56,99.715,86.33,69.67,0.6696,0.8129449838187701,0,0,46
CELL_04,mild,47,2025-01-08 19:51:15,3.588,2.949,4.222,2.528,3.316,23.03,27.53,37.66,99.24,122.22,72.65,99.703,122.22,61.58,0.5056,1.6154822335025392,0,0,47
CELL_04,mild,48,2025-01-09 00:24:14,3.683,3.098,4.258,2.266,2.989,24.71,29.98,34.98,98.3,128.37,87.1,99.7,128.37,63.32,0.4532,1.6044260027662522,0,0,48
CELL_04,mild,49,2025-01-09 03:31:37,3.676,3.078,4.269,4.104,5.561,24.49,31.02,29.03,96.59,70.72,50.16,99.682,70.72,67.56,0.8208,0.8174330816746742,0,0,49
CELL_04,mild,50,2025-01-09 06:49:59,3.622,2.982,4.225,3.763,4.615,23.48,28.99,36.79,98.16,84.05,48.74,99.681,84.05,61.37,0.7525999999999999,1.4589201877934261,0,0,50
CELL_04,mild,51,2025-01-09 09:56:01,3.636,3.08,4.193,3.298,4.268,23.6,26.88,43.29,97.33,86.81,49.33,99.68,86.81,54.04,0.6596,1.147422680412371,0,0,51
CELL_04,mild,52,2025-01-09 14:41:07,3.657,3.079,4.199,2.514,3.138,25.23,30.05,31.93,98.04,119.33,80.34,99.671,119.33,66.11000000000001,0.5027999999999999,1.794871794871794,0,0,52
CELL_04,mild,53,2025-01-09 21:27:13,3.682,3.099,4.181,1.375,1.799,27.49,32.35,43.53,97.75,220.74,121.73,99.67,220.74,54.22,0.275,2.55188679245283,0,0,53
CELL_04,mild,54,2025-01-10 01:26:21,3.576,3.001,4.185,3.255,4.543,25.63,29.18,37.36,99.03,89.91,56.04,99.661,89.91,61.67,0.651,0.9192546583850928,0,0,54
CELL_04,mild,55,2025-01-10 04:33:47,3.635,3.066,4.246,3.585,4.425,24.2,27.74,27.81,97.26,81.13,59.3,99.645,81.13,69.45,0.717,1.4047619047619058,0,0,55
CELL_04,mild,56,2025-01-10 09:16:04,3.612,3.085,4.176,2.354,3.346,26.61,30.24,42.46,99.17,124.63,69.81,99.639,124.63,56.71,0.4708,1.0997983870967745,0,0,56
CELL_04,mild,57,2025-01-10 13:40:57,3.601,2.942,4.231,3.027,4.471,27.19,33.53,43.91,96.68,97.64,55.08,99.636,97.64,52.77000000000001,0.6054,0.8926592797783932,0,0,57
CELL_04,mild,58,2025-01-10 18:09:11,3.621,2.997,4.266,2.334,3.108,29.97,34.48,35.92,98.5,129.8,81.08,99.629,129.8,62.58,0.4668,1.6395348837209303,0,0,58
CELL_04,mild,59,2025-01-10 22:22:20,3.707,3.067,4.255,2.829,4.097,26.75,30.93,33.25,98.2,110.26,68.76,99.613,110.26,64.95,0.5658000000000001,0.9369085173501573,0,0,59
CELL_04,mild,60,2025-01-11 02:38:49,3.623,2.952,4.266,3.012,3.918,24.2,28.19,44.54,98.77,102.82,55.33,99.605,102.82,54.23,0.6024,1.4503311258278144,0,0,60
CELL_04,mild,61,2025-01-11 06:49:54,3.571,3.008,4.231,3.348,4.141,25.95,29.71,39.27,99.77,90.39,54.04,99.601,90.39,60.49999999999999,0.6696,1.5422446406052959,0,0,61
CELL_04,mild,62,2025-01-11 10:19:01,3.639,3.06,4.188,3.003,4.22,25.46,29.33,37.14,99.79,100.84,65.51,99.6,100.84,62.650000000000006,0.6006,0.9268693508627773,0,0,62
CELL_04,mild,63,2025-01-11 14:33:39,3.658,2.98,4.256,3.083,4.13,20.68,25.88,41.26,98.83,94.78,53.62,99.599,94.78,57.57,0.6166,1.2187201528175746,0,0,63
CELL_04,mild,64,2025-01-11 17:43:39,3.691,3.063,4.267,3.028,3.945,27.63,31.94,38.16,97.54,99.99,58.53,99.576,99.99,59.38000000000001,0.6056,1.3129770992366416,0,0,64
CELL_04,mild,65,2025-01-11 21:19:43,3.622,3.072,4.232,3.01,4.377,25.5,32.2,39.93,99.2,102.04,59.08,99.573,102.04,59.27,0.602,0.8485735186539869,0,0,65
CELL_04,mild,66,2025-01-12 02:26:06,3.614,3.099,4.173,1.778,2.487,26.96,33.63,36.94,97.32,163.37,101.0,99.564,163.37,60.379999999999995,0.3556,1.5148095909732013,0,0,66
CELL_04,mild,67,2025-01-12 05:33:17,3.6,2.948,4.213,3.884,4.681,23.58,27.47,33.68,97.1,76.23,50.52,99.555,76.23,63.419999999999995,0.7767999999999999,1.5872020075282307,0,0,67
CELL_04,mild,68,2025-01-12 09:36:39,3.592,3.014,4.201,3.561,5.073,27.5,33.3,37.59,99.14,86.18,53.18,99.544,86.18,61.55,0.7121999999999999,0.7850529100529097,0,0,68
CELL_04,mild,69,2025-01-12 14:04:59,3.694,3.087,4.269,3.157,3.925,22.23,25.63,39.58,98.97,90.85,60.39,99.533,90.85,59.39,0.6314,1.5390625000000004,0,0,69
CELL_04,mild,70,2025-01-12 18:16:51,3.653,3.096,4.221,3.363,4.917,26.71,30.17,30.93,99.56,84.56,63.66,99.532,84.56,68.63,0.6726,0.723938223938224,0,0,70
CELL_04,mild,71,2025-01-12 22:44:05,3.559,2.925,4.193,2.567,3.282,25.87,29.88,35.71,96.28,111.71,69.91,99.525,111.71,60.57,0.5134000000000001,1.7734265734265735,0,0,71
CELL_04,mild,72,2025-01-13 03:14:18,3.662,3.076,4.224,3.148,4.039,26.35,32.17,34.09,98.14,101.17,60.78,99.512,101.17,64.05,0.6296,1.2884399551066226,0,0,72
CELL_04,mild,73,2025-01-13 06:43:31,3.599,3.057,4.186,2.925,3.848,26.2,33.13,32.38,98.74,101.0,64.76,99.511,101.0,66.35999999999999,0.585,1.2231852654387865,0,0,73
CELL_04,mild,74,2025-01-13 10:43:52,3.606,2.987,4.172,2.66,3.266,25.23,31.22,42.04,99.17,118.04,62.41,99.51,118.04,57.13,0.532,1.9554455445544552,0,0,74
CELL_04,mild,75,2025-01-13 14:57:38,3.566,3.008,4.2,2.821,3.806,26.02,30.42,34.97,98.94,110.44,70.39,99.509,110.44,63.97,0.5642,1.2101522842639598,0,0,75
CELL_04,mild,76,2025-01-13 19:05:19,3.621,2.988,4.252,2.991,3.602,25.39,29.81,33.8,97.92,99.61,67.34,99.508,99.61,64.12,0.5982000000000001,2.068739770867431,0,0,76
CELL_04,mild,77,2025-01-13 23:15:08,3.576,2.914,4.238,3.103,4.149,24.83,29.25,29.54,99.25,94.3,69.99,99.507,94.3,69.71000000000001,0.6206,1.2657743785850866,0,0,77
CELL_04,mild,78,2025-01-14 03:28:55,3.685,3.052,4.242,3.412,4.319,24.99,29.63,38.84,98.84,87.36,51.63,99.506,87.36,60.0,0.6824,1.3120176405733186,0,0,78
CELL_04,mild,79,2025-01-14 07:51:56,3.647,2.926,4.26,3.009,4.487,25.57,28.8,39.06,98.87,102.3,57.45,99.503,102.3,59.81,0.6018,0.9025710419485787,0,0,79
CELL_04,mild,80,2025-01-14 11:01:08,3.578,2.938,4.211,3.496,4.877,26.78,31.33,34.63,96.56,86.69,50.22,99.502,86.69,61.93,0.6992,0.9217958001448229,0,0,80
CELL_04,mild,81,2025-01-14 14:44:44,3.597,2.9,4.257,3.676,4.716,27.29,31.72,34.34,99.52,81.97,52.93,99.483,81.97,65.17999999999999,0.7352000000000001,1.3048076923076921,0,0,81
CELL_04,mild,82,2025-01-14 19:39:31,3.605,2.903,4.26,2.453,3.23,22.67,29.12,37.45,96.39,120.27,72.26,99.482,120.27,58.94,0.4906,1.7464607464607458,0,0,82
CELL_04,mild,83,2025-01-14 23:02:19,3.641,3.036,4.184,2.835,4.02,22.47,25.73,38.74,96.32,104.06,61.76,99.481,104.06,57.57999999999999,0.567,0.9687763713080173,0,0,83
CELL_04,mild,84,2025-01-15 03:54:07,3.65,3.079,4.229,2.274,2.8,27.89,30.94,38.65,96.49,128.78,77.37,99.47,128.78,57.839999999999996,0.4548,2.186311787072244,0,0,84
CELL_04,mild,85,2025-01-15 07:47:43,3.605,3.013,4.263,2.52,3.558,25.19,31.9,33.63,97.34,117.44,73.82,99.449,117.44,63.71,0.504,1.204238921001927,0,0,85
CELL_04,mild,86,2025-01-15 13:05:02,3.584,2.901,4.267,2.175,2.707,31.98,35.79,45.46,97.27,138.59,72.84,99.436,138.59,51.809999999999995,0.43499999999999994,2.5676691729323315,0,0,86
CELL_04,mild,87,2025-01-15 16:52:22,3.592,2.989,4.204,2.52,3.15,24.76,27.95,32.11,96.75,115.65,71.99,99.427,115.65,64.64,0.504,1.9285714285714286,0,0,87
CELL_04,mild,88,2025-01-15 20:44:45,3.648,3.066,4.263,3.59,4.54,25.36,28.76,38.96,99.07,84.02,50.78,99.42,84.02,60.10999999999999,0.718,1.2599999999999998,0,0,88
CELL_04,mild,89,2025-01-15 23:51:20,3.679,3.031,4.263,3.541,4.364,24.26,29.57,39.46,97.06,81.31,49.45,99.419,81.31,57.6,0.7081999999999999,1.4969623329283108,0,0,89
CELL_04,mild,90,2025-01-16 03:32:14,3.556,2.976,4.206,4.178,5.69,20.9,25.32,37.47,97.53,72.49,42.57,99.418,72.49,60.06,0.8356,0.8134920634920635,0,0,90
CELL_04,mild,91,2025-01-16 07:20:52,3.587,3.025,4.201,3.342,4.389,25.69,32.41,31.88,97.78,92.07,56.24,99.404,92.07,65.9,0.6684,1.1232091690544408,0,0,91
CELL_04,mild,92,2025-01-16 11:10:48,3.642,3.085,4.222,2.557,3.201,27.3,30.81,42.56,99.56,114.62,67.54,99.403,114.62,57.0,0.5114,1.7655279503105594,0,0,92
CELL_04,mild,93,2025-01-16 16:10:23,3.618,3.057,4.172,2.485,3.58,24.3,29.87,40.26,97.82,120.2,68.2,99.393,120.2,57.559999999999995,0.497,1.018264840182648,0,0,93
CELL_04,mild,94,2025-01-16 20:50:14,3.602,2.911,4.242,2.908,3.945,26.66,30.6,44.14,97.48,104.61,55.37,99.391,104.61,53.34,0.5816,1.2835101253616201,0,0,94
CELL_04,mild,95,2025-01-17 01:12:44,3.648,3.096,4.188,2.138,3.005,25.61,29.37,32.23,98.71,134.37,94.21,99.378,134.37,66.47999999999999,0.4276,1.2595155709342556,0,0,95
CELL_04,mild,96,2025-01-17 04:30:54,3.643,3.049,4.234,3.128,3.786,24.23,28.95,40.01,99.8,99.83,54.03,99.377,99.83,59.79,0.6256,1.8009118541033438,0,0,96
CELL_04,mild,97,2025-01-17 07:42:22,3.555,2.937,4.203,3.275,4.286,23.32,28.33,40.53,97.98,93.01,55.96,99.346,93.01,57.45,0.655,1.2522255192878347,0,0,97
CELL_04,mild,98,2025-01-17 11:18:54,3.673,3.026,4.27,3.243,4.414,21.16,27.81,35.03,96.07,87.44,57.4,99.345,87.44,61.03999999999999,0.6486,1.062339880444065,0,0,98
CELL_04,mild,99,2025-01-17 16:06:09,3.62,3.076,4.173,2.859,4.216,24.22,30.65,40.99,96.15,108.61,59.4,99.341,108.61,55.160000000000004,0.5718,0.8084008843036108,0,0,99
CELL_04,mild,100,2025-01-17 20:55:09,3.562,3.012,4.175,2.302,3.398,28.16,31.34,40.52,97.8,130.63,71.17,99.332,130.63,57.279999999999994,0.46040000000000003,1.0611313868613137,0,0,100
CELL_04,mild,101,2025-01-18 01:11:12,3.687,3.099,4.25,3.188,4.535,26.92,32.46,33.16,96.95,90.5,60.01,99.331,90.5,63.790000000000006,0.6376000000000001,0.8544914625092798,0,0,101
CELL_04,mild,102,2025-01-18 05:21:12,3.62,2.932,4.26,2.55,3.3,26.68,32.73,33.81,98.21,113.17,76.45,99.325,113.17,64.39999999999999,0.51,1.7706666666666664,0,0,102
CELL_04,mild,103,2025-01-18 09:33:36,3.548,2.905,4.193,3.271,4.314,25.62,28.64,40.33,99.94,91.96,53.09,99.324,91.96,59.61,0.6542,1.23489932885906,0,0,103
CELL_04,mild,104,2025-01-18 13:43:57,3.652,3.028,4.228,3.312,4.481,24.5,29.86,38.42,99.88,94.01,55.56,99.314,94.01,61.459999999999994,0.6624,1.0265183917878526,0,0,104
CELL_04,mild,105,2025-01-18 17:57:23,3.642,3.069,4.244,2.913,4.213,26.07,29.87,43.84,98.33,105.04,55.51,99.305,105.04,54.489999999999995,0.5826,0.9038461538461535,0,0,105
CELL_04,mild,106,2025-01-18 22:06:17,3.551,2.962,4.174,2.941,4.212,26.39,30.75,34.0,96.26,104.9,65.88,99.291,104.9,62.260000000000005,0.5882,0.9535798583792292,0,0,106
CELL_04,mild,107,2025-01-19 02:12:02,3.634,3.009,4.257,2.905,4.272,25.83,29.98,31.83,98.94,106.28,69.01,99.29,106.28,67.11,0.581,0.9129480614484268,0,0,107
CELL_04,mild,108,2025-01-19 06:04:23,3.62,3.019,4.249,3.147,4.717,25.48,32.06,40.35,98.44,99.55,57.8,99.289,99.55,58.089999999999996,0.6294,0.7834394904458597,0,0,108
CELL_04,mild,109,2025-01-19 10:06:31,3.582,2.968,4.227,2.774,3.751,28.4,34.51,34.27,97.09,106.14,67.97,99.278,106.14,62.82,0.5548,1.2886386898669402,0,0,109
CELL_04,mild,110,2025-01-19 14:07:24,3.568,2.925,4.22,3.111,4.551,20.59,24.73,35.56,98.15,90.27,60.33,99.277,90.27,62.59,0.6222000000000001,0.8993055555555556,0,0,110
CELL_04,mild,111,2025-01-19 17:56:57,3.648,3.077,4.222,2.781,3.929,23.76,28.58,48.68,99.1,108.73,52.04,99.276,108.73,50.419999999999995,0.5562,0.9973867595818822,0,0,111
CELL_04,mild,112,2025-01-19 20:55:09,3.644,3.025,4.214,3.049,4.01,23.52,30.23,43.99,97.06,97.83,48.19,99.273,97.83,53.07,0.6098,1.237252861602498,0,0,112
CELL_04,mild,113,2025-01-20 01:05:43,3.638,2.956,4.259,3.388,4.931,24.28,28.62,40.19,99.09,83.75,49.01,99.272,83.75,58.900000000000006,0.6776,0.844458846403111,0,0,113
CELL_04,mild,114,2025-01-20 06:17:21,3.547,2.909,4.199,2.435,3.033,24.6,28.15,42.71,96.3,124.2,67.74,99.271,124.2,53.589999999999996,0.487,2.1571906354515056,0,0,114
CELL_04,mild,115,2025-01-20 11:35:24,3.675,3.096,4.252,2.193,3.246,23.46,30.35,41.39,96.72,131.8,73.95,99.263,131.8,55.33,0.4386,1.097815764482431,0,0,115
CELL_04,mild,116,2025-01-20 15:39:16,3.599,2.977,4.206,3.233,4.493,24.43,29.11,42.73,97.74,97.9,54.54,99.25,97.9,55.01,0.6466000000000001,0.9753968253968256,0,0,116
CELL_04,mild,117,2025-01-20 20:08:59,3.617,3.048,4.231,2.103,2.989,26.34,32.92,44.39,98.74,142.05,78.38,99.232,142.05,54.349999999999994,0.42060000000000003,1.3352144469525962,0,0,117
CELL_04,mild,118,2025-01-20 23:07:51,3.585,2.944,4.263,3.987,5.121,25.51,29.89,53.66,99.0,76.6,34.46,99.231,76.6,45.34,0.7974,1.163139329805996,0,0,118
CELL_04,mild,119,2025-01-21 02:34:40,3.64,2.999,4.24,2.926,4.329,25.62,31.01,33.71,96.04,102.04,64.1,99.23,102.04,62.330000000000005,0.5852,0.8845331432644337,0,0,119
CELL_04,mild,120,2025-01-21 06:40:51,3.602,3.045,4.179,2.493,3.267,22.33,25.92,42.34,99.57,124.86,73.95,99.228,124.86,57.22999999999999,0.4986,1.4651162790697678,0,0,120
CELL_04,mild,121,2025-01-21 11:04:30,3.627,3.003,4.179,2.959,4.217,23.46,27.85,36.34,96.9,102.95,62.88,99.223,102.95,60.56,0.5918,0.9348171701112882,0,0,121
CELL_04,mild,122,2025-01-21 14:22:16,3.665,2.995,4.27,2.859,3.705,26.76,32.76,37.66,96.28,101.98,60.51,99.212,101.98,58.620000000000005,0.5718,1.5070921985815595,0,0,122
CELL_04,mild,123,2025-01-21 18:07:57,3.614,3.02,4.176,2.876,4.046,28.68,35.67,35.32,97.43,102.18,67.51,99.203,102.18,62.11000000000001,0.5751999999999999,0.9880341880341879,0,0,123
CELL_04,mild,124,2025-01-21 22:05:49,3.608,3.062,4.189,3.335,4.287,22.67,28.86,35.01,98.1,93.54,55.59,99.188,93.54,63.089999999999996,0.667,1.183823529411765,0,0,124
CELL_04,mild,125,2025-01-22 01:20:55,3.535,2.927,4.211,3.805,4.786,23.24,29.89,38.96,98.03,76.49,45.1,99.183,76.49,59.07,0.761,1.308868501529053,0,0,125
CELL_04,mild,126,2025-01-22 05:18:39,3.622,2.996,4.239,3.593,4.632,26.95,32.71,35.09,96.58,81.92,48.14,99.16,81.92,61.489999999999995,0.7186,1.196342637151107,0,0,126
CELL_04,mild,127,2025-01-22 08:42:51,3.582,2.925,4.187,3.831,5.145,24.83,31.72,30.85,96.3,82.05,53.61,99.159,82.05,65.44999999999999,0.7662,0.9604261796042625,0,0,127
CELL_04,mild,128,2025-01-22 12:28:25,3.53,2.952,4.232,3.014,4.381,25.86,31.64,41.68,99.81,103.02,58.29,99.158,103.02,58.13,0.6028,0.9363569861009509,0,0,128
CELL_04,mild,129,2025-01-22 15:39:49,3.651,3.02,4.239,3.679,4.697,24.79,30.67,39.41,96.81,80.28,42.7,99.151,80.28,57.400000000000006,0.7358,1.1974459724950879,0,0,129
CELL_04,mild,130,2025-01-22 19:23:51,3.574,2.924,4.217,2.966,3.852,25.12,29.69,42.22,98.21,100.98,53.75,99.15,100.98,55.989999999999995,0.5932000000000001,1.459367945823928,0,0,130
CELL_04,mild,131,2025-01-22 23:06:39,3.63,2.994,4.22,3.358,4.532,26.84,30.34,41.51,96.21,85.74,44.8,99.112,85.74,54.699999999999996,0.6716,1.0442930153321972,0,0,131
CELL_04,mild,132,2025-01-23 03:31:44,3.637,2.991,4.259,2.103,2.863,24.93,30.77,43.83,97.49,143.69,77.15,99.107,143.69,53.66,0.42060000000000003,1.6684210526315797,0,0,132
CELL_04,mild,133,2025-01-23 06:39:16,3.573,2.963,4.242,3.055,4.261,25.22,32.15,40.71,97.67,94.58,53.93,99.106,94.58,56.96,0.611,1.060530679933665,0,0,133
CELL_04,mild,134,2025-01-23 10:53:27,3.621,3.098,4.241,2.845,3.435,21.76,27.8,35.33,99.71,99.36,68.78,99.1,99.36,64.38,0.5690000000000001,1.9372881355932206,0,0,134
CELL_04,mild,135,2025-01-23 13:22:54,3.616,2.914,4.26,4.071,5.407,25.46,29.56,39.94,96.07,74.47,39.54,99.099,74.47,56.129999999999995,0.8141999999999999,1.0074850299401192,0,0,135
CELL_04,mild,136,2025-01-23 17:21:17,3.616,2.969,4.265,3.375,4.923,32.55,37.98,33.78,96.81,84.5,54.45,99.087,84.5,63.03,0.675,0.8372093023255812,0,0,136
CELL_04,mild,137,2025-01-23 21:17:09,3.617,2.963,4.248,2.847,3.878,24.78,30.21,37.82,97.97,107.18,62.99,99.083,107.18,60.15,0.5694,1.2463627546071774,0,0,137
CELL_04,mild,138,2025-01-24 01:20:26,3.633,2.965,4.263,3.498,4.472,27.81,34.56,54.29,98.69,86.75,39.12,99.082,86.75,44.4,0.6996,1.33264887063655,0,0,138
CELL_04,mild,139,2025-01-24 05:32:30,3.66,3.072,4.24,3.013,4.316,23.2,28.24,39.96,97.55,94.83,55.59,99.081,94.83,57.589999999999996,0.6026,0.8963929393706832,0,0,139
CELL_04,mild,140,2025-01-24 09:30:20,3.657,3.099,4.248,3.456,4.364,25.46,28.49,34.8,99.73,92.93,59.07,99.071,92.93,64.93,0.6912,1.2654185022026434,0,0,140
CELL_04,mild,141,2025-01-24 13:56:04,3.586,2.973,4.22,2.631,3.266,24.04,28.46,36.55,97.74,116.73,71.33,99.063,116.73,61.19,0.5262,1.9637795275590542,0,0,141
CELL_04,mild,142,2025-01-24 17:07:31,3.554,2.903,4.239,3.776,4.706,22.66,29.59,37.03,99.4,81.57,51.4,99.057,81.57,62.370000000000005,0.7552,1.436559139784945,0,0,142
CELL_04,mild,143,2025-01-24 20:57:39,3.633,3.041,4.257,2.931,3.799,24.42,27.95,37.28,96.25,106.8,60.67,99.05,106.8,58.97,0.5862,1.400921658986175,0,0,143
CELL_04,mild,144,2025-01-25 00:32:58,3.663,3.08,4.204,3.476,5.081,23.85,27.19,39.12,96.87,85.78,46.15,99.045,85.78,57.75000000000001,0.6952,0.7003115264797504,0,0,144
CELL_04,mild,145,2025-01-25 04:46:47,3.649,3.062,4.206,2.678,3.788,26.82,30.77,43.07,98.95,112.2,63.32,99.043,112.2,55.88,0.5356,1.0306306306306312,0,0,145
CELL_04,mild,146,2025-01-25 09:23:39,3.641,3.091,4.231,2.374,3.22,27.54,31.65,38.19,97.85,125.71,75.96,99.029,125.71,59.66,0.4748,1.3475177304964534,0,0,146
CELL_04,mild,147,2025-01-25 14:24:46,3.64,3.039,4.202,2.554,3.542,22.21,27.97,39.11,99.61,121.44,71.5,99.021,121.44,60.5,0.5107999999999999,1.1771255060728743,0,0,147
CELL_04,mild,148,2025-01-25 18:46:31,3.601,2.994,4.255,2.903,4.259,26.02,29.1,39.32,97.77,102.82,57.86,99.008,102.82,58.449999999999996,0.5806,0.929941002949852,0,0,148
CELL_04,mild,149,2025-01-25 23:03:20,3.585,2.934,4.243,2.956,3.94,28.02,31.38,35.8,97.97,98.28,62.06,99.005,98.28,62.17,0.5912,1.3302845528455287,0,0,149
CELL_04,mild,150,2025-01-26 04:00:17,3.523,2.907,4.184,2.678,3.546,29.2,36.04,35.16,96.92,112.84,66.61,98.996,112.84,61.760000000000005,0.5356,1.471198156682028,0,0,150
CELL_04,mild,151,2025-01-26 07:20:19,3.557,2.977,4.185,3.596,4.888,22.13,26.44,34.52,97.28,82.58,52.76,98.989,82.58,62.76,0.7192000000000001,0.9349845201238389,0,0,151
CELL_04,mild,152,2025-01-26 11:21:49,3.566,2.909,4.19,3.641,5.347,23.85,27.14,35.31,96.94,81.48,52.78,98.986,81.48,61.629999999999995,0.7282,0.7508792497069169,0,0,152
CELL_04,mild,153,2025-01-26 16:49:46,3.678,3.093,4.193,2.101,2.991,23.02,28.08,42.67,99.64,148.45,79.93,98.966,148.45,56.97,0.4202,1.2359550561797747,0,0,153
CELL_04,mild,154,2025-01-26 20:53:12,3.614,3.019,4.212,2.697,3.573,25.93,32.61,47.12,98.56,114.2,54.83,98.956,114.2,51.440000000000005,0.5394,1.361872146118721,0,0,154
CELL_04,mild,155,2025-01-27 00:37:55,3.658,3.059,4.179,3.035,3.862,24.4,30.54,43.54,97.65,99.21,50.55,98.952,99.21,54.11000000000001,0.607,1.354292623941959,0,0,155
CELL_04,mild,156,2025-01-27 03:56:00,3.626,3.015,4.212,3.464,4.814,23.48,29.31,33.32,97.64,86.2,55.95,98.951,86.2,64.32,0.6928,0.8866666666666664,0,0,156
CELL_04,mild,157,2025-01-27 08:12:30,3.685,3.066,4.22,2.717,4.02,23.11,29.64,37.7,99.31,115.7,69.21,98.95,115.7,61.61,0.5434,0.8856485034535689,0,0,157
CELL_04,mild,158,2025-01-27 13:00:36,3.633,3.011,4.231,2.499,3.721,26.81,30.13,32.93,99.81,119.52,78.43,98.949,119.52,66.88,0.4998,0.9983633387888705,0,0,158
CELL_04,mild,159,2025-01-27 17:21:53,3.596,2.964,4.251,2.64,3.781,24.44,30.76,37.83,97.24,109.72,67.46,98.934,109.72,59.41,0.528,1.1279579316389134,0,0,159
CELL_04,mild,160,2025-01-27 22:24:08,3.525,2.911,4.194,2.219,2.715,27.65,34.35,39.72,99.54,134.66,82.38,98.933,134.66,59.82000000000001,0.4438,2.5866935483870965,0,0,160
CELL_04,mild,161,2025-01-28 01:20:42,3.599,2.954,4.216,3.543,4.642,23.35,28.8,45.0,99.78,88.77,45.99,98.932,88.77,54.78,0.7086,1.1483166515013647,0,0,161
CELL_04,mild,162,2025-01-28 05:29:53,3.583,2.947,4.19,3.129,4.222,22.91,29.39,36.75,99.89,100.72,58.6,98.916,100.72,63.14,0.6258,1.1372369624885634,0,0,162
CELL_04,mild,163,2025-01-28 08:58:29,3.581,2.929,4.257,2.925,3.938,27.36,32.5,38.9,96.42,100.45,60.86,98.902,100.45,57.52,0.585,1.310957551826258,0,0,163
CELL_04,mild,164,2025-01-28 13:09:08,3.625,2.988,4.249,2.766,3.946,28.35,32.23,32.43,97.47,109.99,72.5,98.886,109.99,65.03999999999999,0.5532,1.0686440677966098,0,0,164
CELL_04,mild,165,2025-01-28 16:23:16,3.555,2.903,4.182,3.259,4.186,25.52,31.47,37.22,97.31,89.07,53.23,98.877,89.07,60.09,0.6517999999999999,1.3797195253505936,0,0,165
CELL_04,mild,166,2025-01-28 21:14:08,3.601,2.976,4.253,2.704,3.921,27.69,32.79,34.12,97.55,108.98,66.54,98.87,108.98,63.43,0.5408000000000001,1.0493015612161056,0,0,166
CELL_04,mild,167,2025-01-29 01:24:18,3.577,2.923,4.23,3.394,4.139,25.58,31.94,25.72,99.46,82.0,64.13,98.869,82.0,73.74,0.6788000000000001,1.7543624161073827,0,0,167
CELL_04,mild,168,2025-01-29 06:14:08,3.555,2.905,4.193,2.548,3.702,21.62,26.99,42.05,97.34,115.61,66.59,98.868,115.61,55.290000000000006,0.5096,1.1161178509532061,0,0,168
CELL_04,mild,169,2025-01-29 09:16:23,3.654,3.082,4.203,3.327,4.51,24.42,29.1,36.99,99.34,87.76,57.19,98.853,87.76,62.35,0.6654,0.9475908706677942,0,0,169
CELL_04,mild,170,2025-01-29 13:35:11,3.629,3.043,4.207,2.35,3.249,25.26,31.63,31.29,96.16,126.19,79.88,98.839,126.19,64.87,0.47000000000000003,1.2947719688542823,0,0,170
CELL_04,mild,171,2025-01-29 17:42:04,3.687,3.08,4.195,3.009,3.956,26.41,29.92,34.97,99.94,98.59,63.47,98.83,98.59,64.97,0.6018,1.17740232312566,0,0,171
CELL_04,mild,172,2025-01-29 20:44:12,3.609,2.97,4.246,3.347,4.822,27.89,31.77,31.33,97.43,88.24,58.24,98.829,88.24,66.10000000000001,0.6694,0.865084745762712,0,0,172
CELL_04,mild,173,2025-01-30 01:14:23,3.597,2.97,4.197,3.022,3.883,25.38,29.92,31.29,96.45,99.74,66.05,98.826,99.74,65.16,0.6043999999999999,1.4250871080139367,0,0,173
CELL_04,mild,174,2025-01-30 05:32:10,3.655,3.052,4.264,2.405,2.983,27.29,31.98,45.31,99.96,122.16,68.18,98.824,122.16,54.64999999999999,0.481,2.096885813148788,0,0,174
CELL_04,mild,175,2025-01-30 08:39:02,3.651,3.064,4.227,3.546,4.583,24.4,29.13,31.15,98.23,81.49,54.61,98.807,81.49,67.08000000000001,0.7091999999999999,1.121504339440694,0,0,175
CELL_04,mild,176,2025-01-30 12:48:28,3.531,2.905,4.198,3.07,3.999,22.01,28.69,32.26,96.19,101.22,62.13,98.806,101.22,63.93,0.614,1.3918191603875136,0,0,176
CELL_04,mild,177,2025-01-30 17:51:38,3.592,3.015,4.241,2.15,3.173,23.37,30.14,32.43,98.84,138.24,89.81,98.794,138.24,66.41,0.43,1.1984359726295204,0,0,177
CELL_04,mild,178,2025-01-30 22:16:19,3.595,2.964,4.211,2.694,3.953,28.02,33.51,36.71,99.79,113.68,72.77,98.789,113.68,63.080000000000005,0.5388,0.9904686258935667,0,0,178
CELL_04,mild,179,2025-01-31 01:35:28,3.666,3.069,4.231,2.912,3.903,23.82,27.1,35.93,96.03,105.53,58.82,98.788,105.53,60.1,0.5824,1.1725529767911198,0,0,179
CELL_04,mild,180,2025-01-31 06:09:55,3.608,3.035,4.179,2.51,3.176,25.67,29.44,43.28,98.68,119.76,63.87,98.781,119.76,55.400000000000006,0.502,1.717717717717717,0,0,180
CELL_04,mild,181,2025-01-31 10:12:43,3.524,2.926,4.206,2.474,3.357,27.87,31.46,30.87,98.17,119.65,80.94,98.777,119.65,67.3,0.4948,1.4496036240090604,0,0,181
CELL_04,mild,182,2025-01-31 13:40:25,3.62,3.061,4.229,2.873,3.826,26.97,31.51,37.2,96.21,107.29,62.51,98.776,107.29,59.00999999999999,0.5746,1.225603357817419,0,0,182
CELL_04,mild,183,2025-01-31 16:35:49,3.591,2.946,4.268,3.604,5.174,24.89,31.24,31.51,97.27,85.25,57.87,98.773,85.25,65.75999999999999,0.7208,0.8420382165605091,0,0,183
CELL_04,mild,184,2025-01-31 21:10:07,3.624,2.997,4.213,2.138,2.608,25.96,31.38,40.7,97.95,138.7,83.0,98.772,138.7,57.25,0.4276,2.587234042553191,0,0,184
CELL_04,mild,185,2025-02-01 02:09:40,3.709,3.082,4.267,2.271,2.939,26.02,33.0,43.81,98.61,131.99,68.65,98.771,131.99,54.8,0.4542,1.7739520958083836,0,0,185
CELL_04,mild,186,2025-02-01 05:20:20,3.566,2.941,4.213,2.987,3.961,25.72,31.99,46.56,98.33,102.63,52.41,98.754,102.63,51.769999999999996,0.5974,1.3059548254620128,0,0,186
CELL_04,mild,187,2025-02-01 09:12:53,3.667,3.012,4.211,2.598,3.153,27.8,33.95,33.86,96.14,119.65,70.93,98.753,119.65,62.28,0.5196,2.16036036036036,0,0,187
CELL_04,mild,188,2025-02-01 12:56:11,3.603,3.015,4.238,2.699,3.733,25.6,29.16,38.9,99.18,114.57,64.18,98.752,114.57,60.28000000000001,0.5398,1.1827852998065764,0,0,188
CELL_04,mild,189,2025-02-01 17:04:15,3.67,3.044,4.253,3.334,4.499,25.07,31.84,39.27,98.44,86.54,51.87,98.75,86.54,59.169999999999995,0.6668000000000001,1.0377682403433481,0,0,189
CELL_04,mild,190,2025-02-01 21:13:05,3.634,3.072,4.219,2.829,3.849,22.0,26.38,33.15,98.06,104.96,69.34,98.749,104.96,64.91,0.5658000000000001,1.1245098039215689,0,0,190
CELL_04,mild,191,2025-02-02 00:51:49,3.575,2.929,4.253,3.782,4.557,24.11,30.96,34.5,98.76,83.53,48.35,98.736,83.53,64.26,0.7564,1.7083870967741932,0,0,191
CELL_04,mild,192,2025-02-02 04:21:43,3.612,2.994,4.22,2.664,3.547,25.0,29.6,41.74,99.91,109.93,67.35,98.717,109.93,58.169999999999995,0.5328,1.3884484711211773,0,0,192
CELL_04,mild,193,2025-02-02 07:53:18,3.594,2.97,4.257,2.852,4.253,26.13,32.51,33.57,98.4,103.2,67.66,98.716,103.2,64.83000000000001,0.5704,0.9186295503211986,0,0,193
CELL_04,mild,194,2025-02-02 10:45:41,3.585,2.942,4.242,3.751,4.923,24.7,28.47,33.96,98.58,75.01,52.25,98.713,75.01,64.62,0.7502,1.109215017064846,0,0,194
CELL_04,mild,195,2025-02-02 14:19:05,3.597,2.975,4.178,2.946,4.086,25.55,29.42,28.72,97.24,96.89,72.92,98.701,96.89,68.52,0.5892000000000001,1.0552631578947367,0,0,195
CELL_04,mild,196,2025-02-02 18:31:48,3.564,2.98,4.218,2.509,3.216,24.06,28.53,37.4,96.16,123.34,70.92,98.664,123.34,58.76,0.5018,1.7510608203677502,0,0,196
CELL_04,mild,197,2025-02-02 23:43:36,3.681,3.033,4.268,2.525,3.243,25.35,29.68,33.48,99.79,119.69,80.55,98.663,119.69,66.31,0.505,1.7200557103064065,0,0,197
CELL_04,mild,198,2025-02-03 05:35:11,3.564,2.951,4.214,1.754,2.395,21.59,27.61,32.08,99.6,169.58,115.56,98.656,169.58,67.52,0.3508,1.9703588143525745,0,0,198
CELL_04,mild,199,2025-02-03 10:01:14,3.648,3.0,4.266,2.597,3.883,24.7,31.07,30.41,97.37,117.31,70.69,98.655,117.31,66.96000000000001,0.5194,0.9844479004665629,0,0,199
CELL_04,mild,200,2025-02-03 14:13:25,3.655,3.091,4.235,2.837,4.055,23.79,28.6,36.31,98.4,108.62,63.17,98.652,108.62,62.09,0.5674,0.9392446633825949,0,0,200
CELL_04,mild,201,2025-02-03 17:18:38,3.616,3.017,4.208,3.415,4.961,27.03,32.06,41.0,96.65,85.26,48.76,98.651,85.26,55.650000000000006,0.683,0.7703751617076326,0,0,201
CELL_04,mild,202,2025-02-03 20:19:31,3.612,2.921,4.232,3.549,4.413,27.6,34.32,34.19,96.55,86.95,51.94,98.636,86.95,62.36,0.7098,1.517361111111111,0,0,202
CELL_04,mild,203,2025-02-04 01:44:57,3.679,3.056,4.264,2.228,3.156,28.04,31.91,39.43,99.49,131.56,83.75,98.625,131.56,60.059999999999995,0.44560000000000005,1.3017241379310347,0,0,203
CELL_04,mild,204,2025-02-04 07:06:27,3.62,3.03,4.218,2.111,3.108,29.84,32.86,35.15,96.71,139.27,90.16,98.623,139.27,61.559999999999995,0.4222,1.1915747241725179,0,0,204
CELL_04,mild,205,2025-02-04 11:14:08,3.636,2.961,4.267,3.017,4.181,21.19,26.06,37.85,96.84,94.6,59.96,98.617,94.6,58.99,0.6033999999999999,1.1219931271477666,0,0,205
CELL_04,mild,206,2025-02-04 15:07:02,3.588,3.017,4.174,2.513,3.589,25.04,28.87,45.91,97.38,119.89,62.82,98.616,119.89,51.47,0.5025999999999999,1.0752788104089224,0,0,206
CELL_04,mild,207,2025-02-04 19:42:07,3.64,2.993,4.259,2.898,3.926,26.34,29.5,47.12,99.88,106.37,52.37,98.615,106.37,52.76,0.5796,1.231517509727627,0,0,207
CELL_04,mild,208,2025-02-04 23:21:53,3.605,3.019,4.172,3.073,3.752,21.85,25.55,27.61,98.25,98.68,68.57,98.612,98.68,70.64,0.6146,1.698085419734904,0,0,208
CELL_04,mild,209,2025-02-05 02:40:53,3.63,3.034,4.188,2.88,4.175,27.03,33.08,45.34,98.01,104.92,54.56,98.601,104.92,52.67,0.576,0.8911196911196911,0,0,209
CELL_04,mild,210,2025-02-05 07:31:08,3.633,3.042,4.256,3.007,4.103,23.84,27.73,30.16,96.59,100.77,70.12,98.6,100.77,66.43,0.6014,1.1076642335766431,0,0,210
CELL_04,mild,211,2025-02-05 11:36:46,3.623,3.039,4.194,2.261,3.352,29.85,35.61,39.27,98.88,132.0,80.18,98.597,132.0,59.60999999999999,0.45220000000000005,1.0586617781851513,0,0,211
CELL_04,mild,212,2025-02-05 16:51:31,3.602,3.043,4.172,2.289,3.182,26.85,30.04,34.09,98.34,134.4,82.63,98.587,134.4,64.25,0.45780000000000004,1.2642777155655094,0,0,212
CELL_04,mild,213,2025-02-05 21:05:56,3.655,3.098,4.25,2.652,3.959,26.07,32.01,31.96,97.09,119.98,74.38,98.584,119.98,65.13,0.5304,0.8814078041315992,0,0,213
CELL_04,mild,214,2025-02-06 01:38:11,3.625,2.997,4.233,3.007,4.254,25.73,32.15,33.36,97.35,96.53,63.85,98.572,96.53,63.989999999999995,0.6014,0.9911788291900564,0,0,214
CELL_04,mild,215,2025-02-06 05:56:21,3.605,3.061,4.185,2.504,3.697,23.2,26.61,46.81,99.6,120.18,63.63,98.548,120.18,52.78999999999999,0.5008,0.9421626152556577,0,0,215
CELL_04,mild,216,2025-02-06 09:31:04,3.619,2.963,4.216,2.747,3.976,26.1,31.9,36.85,96.6,113.62,64.49,98.545,113.62,59.74999999999999,0.5494,1.0195280716029291,0,0,216
CELL_04,mild,217,2025-02-06 14:34:56,3.586,2.914,4.19,2.401,3.476,25.45,32.24,43.06,96.3,120.54,68.36,98.544,120.54,53.239999999999995,0.48019999999999996,1.1869767441860466,0,0,217
CELL_04,mild,218,2025-02-06 18:22:06,3.606,3.064,4.21,3.914,5.69,25.74,30.11,35.85,96.89,73.3,47.9,98.529,73.3,61.04,0.7828,0.6452702702702702,0,0,218
CELL_04,mild,219,2025-02-06 22:14:48,3.658,3.016,4.269,2.614,3.691,23.37,28.41,39.86,96.81,118.92,64.16,98.524,118.92,56.95,0.5227999999999999,1.1634168987929434,0,0,219
CELL_04,mild,220,2025-02-07 02:40:14,3.62,3.01,4.255,2.457,3.656,24.16,29.39,25.95,98.2,116.75,84.51,98.523,116.75,72.25,0.49139999999999995,1.03836530442035,0,0,220
CELL_04,mild,221,2025-02-07 06:15:05,3.531,2.951,4.175,3.476,4.309,27.96,33.5,28.33,97.41,86.03,59.51,98.522,86.03,69.08,0.6952,1.4693877551020402,0,0,221
CELL_04,mild,222,2025-02-07 09:22:55,3.59,2.915,4.27,3.496,4.541,25.36,32.01,43.01,99.7,89.51,50.81,98.506,89.51,56.690000000000005,0.6992,1.2966507177033484,0,0,222
CELL_04,mild,223,2025-02-07 12:30:21,3.555,2.912,4.212,4.116,5.787,24.71,31.36,43.12,96.04,73.29,37.2,98.498,73.29,52.92000000000001,0.8231999999999999,0.7779772591262715,0,0,223
CELL_04,mild,224,2025-02-07 16:34:50,3.538,2.915,4.171,3.037,4.23,23.28,26.92,31.74,96.06,96.88,61.28,98.485,96.88,64.32000000000001,0.6073999999999999,1.052808046940486,0,0,224
CELL_04,mild,225,2025-02-07 19:50:05,3.631,3.059,4.192,3.145,4.093,22.11,27.17,41.6,99.19,94.54,54.86,98.468,94.54,57.589999999999996,0.629,1.1951476793248945,0,0,225
CELL_04,mild,226,2025-02-07 23:55:00,3.588,2.916,4.185,3.19,4.578,26.97,33.86,41.62,96.08,91.31,53.95,98.447,91.31,54.46,0.638,0.9142651296829967,0,0,226
CELL_04,mild,227,2025-02-08 03:29:40,3.625,3.04,4.27,3.097,4.238,25.83,31.58,37.74,98.72,96.04,59.41,98.44,96.04,60.98,0.6194,1.0780017528483778,0,0,227
CELL_04,mild,228,2025-02-08 08:07:53,3.585,3.015,4.183,2.831,4.2,23.05,27.88,36.17,98.34,103.43,69.19,98.439,103.43,62.17,0.5662,0.8531775018261502,0,0,228
CELL_04,mild,229,2025-02-08 11:34:28,3.644,3.087,4.202,2.847,3.673,24.69,28.91,38.26,96.64,98.78,60.68,98.421,98.78,58.38,0.5694,1.3498789346246969,0,0,229
CELL_04,mild,230,2025-02-08 15:32:55,3.61,3.019,4.257,3.469,4.185,25.53,32.02,32.29,96.35,87.28,56.2,98.42,87.28,64.06,0.6938,1.729050279329609,0,0,230
CELL_04,mild,231,2025-02-08 20:02:47,3.684,3.097,4.261,2.557,3.592,28.17,33.99,48.02,99.24,119.51,59.31,98.409,119.51,51.21999999999999,0.5114,1.1246376811594203,0,0,231
CELL_04,mild,232,2025-02-08 23:17:15,3.627,3.03,4.214,3.3,4.069,25.89,29.89,36.84,96.52,92.85,53.42,98.396,92.85,59.67999999999999,0.6599999999999999,1.5396618985695714,0,0,232
CELL_04,mild,233,2025-02-09 02:11:52,3.563,2.936,4.189,3.328,4.933,23.33,29.67,45.61,97.56,88.57,47.73,98.395,88.57,51.95,0.6656,0.7806853582554518,0,0,233
CELL_04,mild,234,2025-02-09 07:34:23,3.614,2.975,4.264,2.11,2.611,25.49,29.93,39.48,99.92,140.56,87.83,98.389,140.56,60.440000000000005,0.422,2.572854291417164,0,0,234
CELL_04,mild,235,2025-02-09 11:22:30,3.601,2.905,4.225,3.595,5.018,25.07,30.07,34.46,96.75,84.73,49.32,98.388,84.73,62.29,0.7190000000000001,0.927617709065355,0,0,235
CELL_04,mild,236,2025-02-09 14:35:22,3.558,2.979,4.18,3.403,4.843,23.24,28.67,42.03,99.65,89.71,48.35,98.387,89.71,57.620000000000005,0.6806,0.8340277777777776,0,0,236
CELL_04,mild,237,2025-02-09 18:27:28,3.62,3.06,4.181,3.681,5.322,23.23,27.96,46.42,97.65,82.18,41.18,98.381,82.18,51.230000000000004,0.7362,0.6831200487507617,0,0,237
CELL_04,mild,238,2025-02-09 22:34:30,3.572,2.933,4.246,3.751,4.763,27.6,34.56,31.35,99.02,76.79,53.36,98.38,76.79,67.66999999999999,0.7502,1.2974308300395263,0,0,238
CELL_04,mild,239,2025-02-10 01:39:58,3.57,2.946,4.194,3.457,4.567,25.59,32.46,30.16,99.61,93.16,60.3,98.363,93.16,69.45,0.6914,1.1243243243243237,0,0,239
CELL_04,mild,240,2025-02-10 05:37:41,3.63,3.017,4.201,3.073,4.196,27.2,30.41,45.39,98.53,93.59,52.79,98.356,93.59,53.14,0.6146,1.0543187889581478,0,0,240
CELL_04,mild,241,2025-02-10 10:21:24,3.6,2.958,4.216,2.039,2.658,23.7,29.65,39.89,97.63,141.11,86.11,98.345,141.11,57.739999999999995,0.40780000000000005,2.032310177705978,0,0,241
CELL_04,mild,242,2025-02-10 14:36:48,3.636,3.049,4.235,2.602,3.287,27.22,32.33,38.03,98.56,120.31,70.14,98.319,120.31,60.53,0.5204,1.731386861313869,0,0,242
CELL_04,mild,243,2025-02-10 18:32:17,3.589,2.931,4.234,3.167,4.591,22.0,27.97,35.64,96.17,100.05,57.85,98.318,100.05,60.53,0.6334,0.9150280898876402,0,0,243
CELL_04,mild,244,2025-02-10 22:35:11,3.633,2.965,4.244,3.058,4.496,25.52,29.68,36.3,97.39,97.88,60.34,98.317,97.88,61.09,0.6115999999999999,0.8894297635605003,0,0,244
CELL_04,mild,245,2025-02-11 04:12:15,3.674,3.076,4.219,1.959,2.891,25.91,30.11,39.62,96.84,149.78,84.85,98.31,149.78,57.220000000000006,0.39180000000000004,1.226394849785408,0,0,245
CELL_04,mild,246,2025-02-11 09:16:49,3.623,3.004,4.22,2.313,3.262,21.6,25.85,36.82,96.28,132.41,76.56,98.308,132.41,59.46,0.4626,1.2813487881981032,0,0,246
CELL_04,mild,247,2025-02-11 12:07:52,3.631,3.015,4.197,3.458,4.944,25.69,31.34,43.65,98.99,84.35,50.77,98.307,84.35,55.339999999999996,0.6916,0.7954239569313595,0,0,247
CELL_04,mild,248,2025-02-11 16:28:07,3.554,2.951,4.173,3.257,4.219,24.88,30.47,37.74,98.03,93.81,52.12,98.3,93.81,60.29,0.6514,1.27027027027027,0,0,248
CELL_04,mild,249,2025-02-11 19:25:50,3.681,3.09,4.244,3.557,5.043,23.92,29.88,35.73,96.44,86.98,49.03,98.299,86.98,60.71,0.7114,0.7765814266487212,0,0,249
CELL_04,mild,250,2025-02-11 23:36:11,3.567,2.973,4.176,2.833,3.966,26.23,32.53,36.07,98.77,109.81,67.13,98.298,109.81,62.699999999999996,0.5666,1.061782877316858,0,0,250
CELL_04,mild,251,2025-02-12 04:15:24,3.57,2.916,4.231,2.904,3.987,24.22,27.72,41.08,99.45,107.12,59.41,98.297,107.12,58.370000000000005,0.5808,1.2142197599261308,0,0,251
CELL_04,mild,252,2025-02-12 08:16:17,3.676,3.063,4.243,3.546,4.75,24.28,27.72,35.5,96.16,86.02,51.25,98.285,86.02,60.66,0.7091999999999999,0.9800664451827242,0,0,252
CELL_04,mild,253,2025-02-12 12:43:35,3.579,2.956,4.183,2.204,2.936,28.92,34.16,34.97,97.42,134.8,86.74,98.266,134.8,62.45,0.4408,1.6762295081967218,0,0,253
CELL_04,mild,254,2025-02-12 15:44:19,3.618,3.073,4.188,3.789,5.086,23.66,28.36,29.63,96.85,84.65,57.92,98.265,84.65,67.22,0.7578,0.859676175790285,0,0,254
CELL_04,mild,255,2025-02-12 19:44:55,3.609,2.937,4.231,3.724,5.12,25.37,29.11,35.07,98.25,78.82,51.19,98.241,78.82,63.18,0.7448,0.9269340974212035,0,0,255
CELL_04,mild,256,2025-02-13 00:10:11,3.632,3.068,4.219,3.325,4.039,26.39,32.79,34.29,96.3,95.01,57.87,98.24,95.01,62.01,0.665,1.6120448179271722,0,0,256
CELL_04,mild,257,2025-02-13 04:50:49,3.59,2.939,4.255,2.992,3.676,23.71,28.13,31.06,96.19,103.36,69.17,98.232,103.36,65.13,0.5984,1.923976608187134,0,0,257
CELL_04,mild,258,2025-02-13 09:08:49,3.514,2.913,4.171,3.455,4.426,24.14,29.23,31.82,96.42,82.29,57.16,98.228,82.29,64.6,0.6910000000000001,1.29557157569516,0,0,258
CELL_04,mild,259,2025-02-13 14:08:10,3.581,2.917,4.219,2.402,3.429,25.06,28.39,38.36,98.68,126.33,74.02,98.227,126.33,60.32000000000001,0.48040000000000005,1.2677702044790662,0,0,259
CELL_04,mild,260,2025-02-13 17:09:03,3.589,3.021,4.237,3.329,4.472,24.09,27.33,42.79,97.44,94.68,50.72,98.225,94.68,54.65,0.6658000000000001,1.063867016622922,0,0,260
CELL_04,mild,261,2025-02-13 21:11:29,3.643,3.093,4.236,2.743,3.484,26.76,32.41,33.22,96.05,108.8,69.54,98.224,108.8,62.83,0.5486,1.5425101214574894,0,0,261
CELL_04,mild,262,2025-02-14 00:37:11,3.649,3.072,4.176,3.243,4.228,26.97,30.77,39.5,99.58,93.69,54.35,98.217,93.69,60.08,0.6486,1.120812182741117,0,0,262
CELL_04,mild,263,2025-02-14 05:24:41,3.62,2.999,4.216,2.673,3.437,27.22,33.33,38.1,97.57,116.06,72.29,98.216,116.06,59.46999999999999,0.5346,1.5929319371727755,0,0,263
CELL_04,mild,264,2025-02-14 09:25:22,3.581,2.909,4.254,3.045,4.3,23.97,28.57,28.52,99.64,98.67,70.64,98.207,98.67,71.12,0.609,1.0717131474103585,0,0,264
CELL_04,mild,265,2025-02-14 12:20:52,3.605,3.097,4.2,3.539,4.558,27.4,31.32,42.84,96.42,84.34,43.55,98.187,84.34,53.58,0.7078,1.0824337585868504,0,0,265
CELL_04,mild,266,2025-02-14 17:01:24,3.591,2.971,4.23,2.935,3.986,25.75,30.22,35.39,97.57,95.5,66.32,98.183,95.5,62.17999999999999,0.587,1.1979067554709801,0,0,266
CELL_04,mild,267,2025-02-14 21:05:45,3.562,2.904,4.206,3.008,3.775,24.12,27.17,29.13,98.08,103.73,72.93,98.161,103.73,68.95,0.6016,1.6975228161668847,0,0,267
CELL_04,mild,268,2025-02-15 01:15:40,3.595,3.008,4.174,2.71,3.987,25.69,31.37,41.14,99.34,115.94,65.3,98.16,115.94,58.2,0.542,0.9130775254502743,0,0,268
CELL_04,mild,269,2025-02-15 05:29:16,3.564,2.945,4.204,2.799,3.368,27.0,30.65,36.86,96.41,106.03,64.01,98.159,106.03,59.55,0.5598,2.212653778558875,0,0,269
CELL_04,mild,270,2025-02-15 08:37:57,3.618,2.964,4.223,3.578,4.612,25.3,32.3,39.12,96.25,81.46,49.47,98.158,81.46,57.13,0.7156,1.2176015473887811,0,0,270
CELL_04,mild,271,2025-02-15 12:18:27,3.597,2.959,4.248,3.605,4.829,23.39,27.95,29.68,97.95,86.53,56.32,98.157,86.53,68.27000000000001,0.721,1.053104575163399,0,0,271
CELL_04,mild,272,2025-02-15 16:38:07,3.634,3.079,4.184,2.826,4.02,25.34,28.52,36.79,97.21,107.11,67.72,98.156,107.11,60.419999999999995,0.5652,0.9254606365159133,0,0,272
CELL_04,mild,273,2025-02-15 20:33:44,3.584,2.936,4.23,2.487,3.335,26.59,31.68,39.82,99.96,126.36,71.93,98.152,126.36,60.13999999999999,0.4974,1.525943396226416,0,0,273
CELL_04,mild,274,2025-02-16 00:40:22,3.644,3.025,4.185,2.412,3.561,23.15,28.88,37.73,98.27,126.67,73.72,98.144,126.67,60.54,0.4824,1.0095735422106176,0,0,274
CELL_04,mild,275,2025-02-16 05:59:59,3.62,2.989,4.24,2.268,3.308,27.48,30.77,31.93,96.17,135.61,82.31,98.143,135.61,64.24000000000001,0.45359999999999995,1.2028846153846158,0,0,275
CELL_04,mild,276,2025-02-16 10:40:20,3.618,2.988,4.244,2.714,3.826,22.57,27.92,32.53,96.22,107.05,70.73,98.141,107.05,63.69,0.5428,1.1294964028776975,0,0,276
CELL_04,mild,277,2025-02-16 15:11:16,3.621,3.077,4.171,2.096,2.965,23.41,29.29,37.53,97.17,145.4,87.49,98.138,145.4,59.64,0.4192,1.258918296892981,0,0,277
CELL_04,mild,278,2025-02-16 19:29:15,3.625,2.9,4.264,3.323,4.676,22.05,28.04,34.61,97.39,92.41,58.46,98.115,92.41,62.78,0.6646,1.0081300813008132,0,0,278
CELL_04,mild,279,2025-02-16 23:56:25,3.649,3.097,4.178,3.128,4.41,26.59,31.92,35.62,96.68,94.66,55.54,98.098,94.66,61.06000000000001,0.6256,0.8432137285491419,0,0,279
CELL_04,mild,280,2025-02-17 03:20:29,3.663,3.098,4.235,3.393,5.059,26.0,30.81,43.95,98.43,87.59,48.63,98.097,87.59,54.480000000000004,0.6786,0.6824729891956784,0,0,280
CELL_04,mild,281,2025-02-17 07:16:50,3.654,3.04,4.237,2.901,3.86,28.44,32.61,32.25,99.68,98.01,67.11,98.096,98.01,67.43,0.5801999999999999,1.2481751824817517,0,0,281
CELL_04,mild,282,2025-02-17 11:43:57,3.571,2.901,4.218,3.361,4.804,23.6,29.35,33.34,97.5,95.8,59.7,98.095,95.8,64.16,0.6722,0.9126819126819128,0,0,282
CELL_04,mild,283,2025-02-17 15:48:54,3.633,3.013,4.25,2.747,3.605,27.73,34.65,37.31,98.82,108.98,68.25,98.081,108.98,61.50999999999999,0.5494,1.4417249417249416,0,0,283
CELL_04,mild,284,2025-02-17 18:51:30,3.662,3.006,4.25,3.466,4.7,23.27,28.21,39.53,96.39,87.12,50.93,98.059,87.12,56.86,0.6932,1.0081037277147489,0,0,284
CELL_04,mild,285,2025-02-17 22:21:54,3.592,2.929,4.187,2.72,3.857,27.64,33.55,47.54,98.54,105.6,55.89,98.053,105.6,51.00000000000001,0.544,1.1064204045734392,0,0,285
CELL_04,mild,286,2025-02-18 02:34:17,3.607,2.976,4.193,3.392,4.539,26.58,30.72,39.03,98.35,91.08,54.4,98.052,91.08,59.31999999999999,0.6784,1.0610287707061898,0,0,286
CELL_04,mild,287,2025-02-18 06:22:41,3.639,2.989,4.255,2.811,3.722,26.56,30.36,38.14,96.01,105.81,63.27,98.042,105.81,57.870000000000005,0.5622,1.389681668496158,0,0,287
CELL_04,mild,288,2025-02-18 09:46:16,3.6,3.002,4.212,4.052,5.46,29.65,33.63,44.15,99.64,76.01,43.86,98.041,76.01,55.49,0.8103999999999999,0.8593749999999998,0,0,288
CELL_04,mild,289,2025-02-18 14:22:05,3.563,2.975,4.177,3.196,3.914,28.44,34.32,30.14,97.25,94.81,67.29,98.04,94.81,67.11,0.6392,1.6740947075208907,0,0,289
CELL_04,mild,290,2025-02-18 19:02:02,3.599,2.903,4.266,2.973,4.314,22.8,27.57,38.57,99.25,100.64,62.7,98.037,100.64,60.68,0.5946,1.0164056674123787,0,0,290
CELL_04,mild,291,2025-02-18 23:46:44,3.552,2.962,4.192,2.086,2.723,19.96,26.32,36.27,96.35,140.57,87.31,98.033,140.57,60.07999999999999,0.41719999999999996,1.9309262166405023,0,0,291
CELL_04,mild,292,2025-02-19 04:18:57,3.643,2.991,4.234,2.524,3.616,26.68,30.31,45.01,98.41,117.37,62.02,98.002,117.37,53.4,0.5048,1.138278388278388,0,0,292
CELL_04,mild,293,2025-02-19 07:42:06,3.576,3.007,4.201,2.765,3.446,23.06,28.02,39.44,98.09,108.33,60.55,98.001,108.33,58.650000000000006,0.553,1.7533039647577084,0,0,293
CELL_04,mild,294,2025-02-19 11:02:09,3.608,2.974,4.211,2.859,4.182,27.45,33.91,49.52,98.97,101.73,51.65,97.988,101.73,49.449999999999996,0.5718,0.9349962207105063,0,0,294
CELL_04,mild,295,2025-02-19 14:43:59,3.55,2.958,4.177,2.867,3.978,23.48,27.4,42.97,98.63,107.6,59.17,97.985,107.6,55.66,0.5734,1.0972097209720966,0,0,295
CELL_04,mild,296,2025-02-19 18:05:00,3.671,3.048,4.259,4.295,5.332,23.73,29.04,47.98,97.26,65.52,36.3,97.969,65.52,49.28000000000001,0.859,1.1677917068466734,0,0,296
CELL_04,mild,297,2025-02-19 22:59:00,3.61,3.079,4.185,2.089,2.621,24.3,29.4,31.74,96.47,144.49,94.62,97.96,144.49,64.73,0.4178,2.0789473684210513,0,0,297
CELL_04,mild,298,2025-02-20 01:58:02,3.663,3.064,4.257,3.348,4.603,24.11,30.8,31.59,96.34,87.65,57.07,97.953,87.65,64.75,0.6696,0.9505976095617528,0,0,298
CELL_04,mild,299,2025-02-20 05:24:25,3.594,2.903,4.241,3.139,3.919,23.95,27.38,32.58,99.05,97.59,67.58,97.952,97.59,66.47,0.6277999999999999,1.7153846153846144,0,0,299
CELL_04,mild,300,2025-02-20 09:06:00,3.634,3.014,4.2,3.432,5.077,27.61,34.37,28.74,99.73,90.23,57.94,97.949,90.23,70.99000000000001,0.6864,0.7209726443768999,0,0,300
CELL_04,mild,301,2025-02-20 13:42:20,3.665,3.068,4.22,2.836,3.5,25.73,32.03,37.16,98.89,103.83,66.28,97.948,103.83,61.730000000000004,0.5671999999999999,1.7349397590361437,0,0,301
CELL_04,mild,302,2025-02-20 17:08:12,3.595,2.969,4.255,3.73,4.903,26.31,30.43,39.21,98.93,77.72,51.89,97.941,77.72,59.720000000000006,0.746,1.0963341858482527,0,0,302
CELL_04,mild,303,2025-02-20 21:44:42,3.627,3.027,4.228,3.196,4.023,24.01,29.62,28.4,96.82,97.26,68.23,97.94,97.26,68.41999999999999,0.6392,1.4522370012091903,0,0,303
CELL_04,mild,304,2025-02-21 02:31:30,3.669,3.09,4.261,2.393,3.576,25.0,31.31,40.7,99.08,122.74,75.0,97.939,122.74,58.379999999999995,0.47859999999999997,0.9898562975486053,0,0,304
CELL_04,mild,305,2025-02-21 06:28:10,3.604,2.926,4.269,2.754,3.667,24.63,28.76,44.62,99.06,103.63,61.09,97.927,103.63,54.440000000000005,0.5508,1.4709748083242062,0,0,305
CELL_04,mild,306,2025-02-21 10:12:35,3.675,3.074,4.256,3.027,4.076,27.29,32.71,42.48,99.68,98.82,55.99,97.913,98.82,57.20000000000001,0.6054,1.126787416587227,0,0,306
CELL_04,mild,307,2025-02-21 13:25:09,3.572,2.933,4.22,3.001,4.041,23.79,29.43,39.78,96.97,99.34,59.01,97.912,99.34,57.19,0.6002,1.2374999999999994,0,0,307
CELL_04,mild,308,2025-02-21 17:18:52,3.624,3.011,4.178,2.487,3.469,25.74,30.89,40.83,96.98,122.4,68.0,97.907,122.4,56.150000000000006,0.4974,1.1883910386965377,0,0,308
CELL_04,mild,309,2025-02-21 21:59:51,3.576,2.91,4.232,2.642,3.187,26.24,29.34,26.04,99.76,120.83,83.68,97.9,120.83,73.72,0.5284,2.425688073394496,0,0,309
CELL_04,mild,310,2025-02-22 02:14:51,3.655,3.099,4.201,2.966,4.204,21.18,24.26,40.3,99.6,96.67,61.88,97.898,96.67,59.3,0.5932000000000001,0.8901453957996768,0,0,310
CELL_04,mild,311,2025-02-22 07:10:53,3.626,3.07,4.248,2.693,3.542,24.59,28.3,37.23,98.78,113.28,65.4,97.892,113.28,61.550000000000004,0.5386,1.38751472320377,0,0,311
CELL_04,mild,312,2025-02-22 11:22:49,3.574,2.904,4.248,3.236,4.819,26.03,31.35,35.05,97.35,95.18,58.22,97.868,95.18,62.3,0.6472,0.8490208464939991,0,0,312
CELL_04,mild,313,2025-02-22 15:48:35,3.559,2.937,4.239,2.812,3.946,25.57,31.83,32.22,97.25,105.32,71.96,97.863,105.32,65.03,0.5624,1.148148148148148,0,0,313
CELL_04,mild,314,2025-02-22 20:19:58,3.598,2.958,4.258,3.328,4.667,24.54,31.31,35.07,99.62,92.27,61.3,97.855,92.27,64.55000000000001,0.6656,0.9708737864077669,0,0,314
CELL_04,mild,315,2025-02-22 23:52:34,3.624,3.024,4.237,3.246,4.247,24.75,29.43,34.8,96.44,94.02,55.74,97.854,94.02,61.64,0.6492,1.211788211788212,0,0,315
CELL_04,mild,316,2025-02-23 03:12:47,3.62,3.057,4.193,3.63,4.735,21.32,28.25,39.9,99.52,81.7,52.31,97.853,81.7,59.62,0.726,1.0280542986425332,0,0,316
CELL_04,mild,317,2025-02-23 07:06:50,3.655,3.017,4.265,3.61,4.525,24.64,30.27,38.33,98.86,87.66,53.36,97.852,87.66,60.53,0.722,1.3639344262295072,0,0,317
CELL_04,mild,318,2025-02-23 11:40:28,3.711,3.078,4.265,2.259,3.269,27.42,34.08,40.57,99.41,127.99,76.8,97.851,127.99,58.839999999999996,0.4518,1.1752475247524747,0,0,318
CELL_04,mild,319,2025-02-23 16:08:04,3.619,2.991,4.252,3.021,4.02,25.02,31.28,30.49,98.98,99.68,70.02,97.843,99.68,68.49000000000001,0.6042,1.2622622622622623,0,0,319
CELL_04,mild,320,2025-02-23 20:03:30,3.592,3.032,4.199,2.821,3.844,28.52,31.68,47.54,99.94,105.6,53.23,97.819,105.6,52.4,0.5642,1.1407624633431086,0,0,320
CELL_04,mild,321,2025-02-23 22:58:01,3.602,2.982,4.194,3.945,5.122,27.85,31.21,36.67,99.11,77.27,47.47,97.814,77.27,62.44,0.7889999999999999,1.029736618521665,0,0,321
CELL_04,mild,322,2025-02-24 02:58:22,3.657,3.099,4.198,3.406,4.679,25.35,30.38,35.56,98.44,88.14,58.21,97.813,88.14,62.879999999999995,0.6812,0.8633150039277299,0,0,322
CELL_04,mild,323,2025-02-24 06:59:20,3.659,3.088,4.195,2.393,3.128,21.81,28.31,36.46,96.61,125.58,79.89,97.797,125.58,60.15,0.47859999999999997,1.5061224489795915,0,0,323
CELL_04,mild,324,2025-02-24 09:51:05,3.562,2.927,4.202,3.276,4.664,22.81,29.24,38.51,97.6,87.27,52.08,97.791,87.27,59.089999999999996,0.6552,0.9185878962536023,0,0,324
CELL_04,mild,325,2025-02-24 13:26:47,3.555,2.916,4.192,3.584,5.089,23.49,26.73,28.41,97.89,82.65,56.73,97.783,82.65,69.48,0.7168,0.8478405315614618,0,0,325
CELL_04,mild,326,2025-02-24 17:18:05,3.636,3.076,4.188,3.225,4.6,24.94,30.91,32.56,96.86,90.87,59.69,97.77,90.87,64.3,0.645,0.8087272727272727,0,0,326
CELL_04,mild,327,2025-02-24 20:04:40,3.606,2.931,4.253,3.548,5.188,24.46,28.88,49.89,97.12,79.84,39.0,97.767,79.84,47.230000000000004,0.7096,0.8060975609756099,0,0,327
CELL_04,mild,328,2025-02-25 01:01:22,3.657,3.075,4.245,2.918,4.191,26.84,30.47,32.04,99.99,105.77,71.21,97.754,105.77,67.94999999999999,0.5836,0.9190887666928517,0,0,328
CELL_04,mild,329,2025-02-25 05:11:18,3.621,3.01,4.261,2.69,3.407,23.83,29.06,30.77,97.47,110.86,74.11,97.753,110.86,66.7,0.538,1.7447698744769877,0,0,329
CELL_04,mild,330,2025-02-25 07:54:23,3.63,3.065,4.205,4.147,5.855,24.52,29.87,30.98,97.35,72.04,47.0,97.752,72.04,66.36999999999999,0.8294,0.667447306791569,0,0,330
CELL_04,mild,331,2025-02-25 12:21:22,3.66,3.074,4.238,2.376,2.852,21.99,27.95,37.11,96.11,124.18,75.08,97.751,124.18,59.0,0.47519999999999996,2.4453781512605057,0,0,331
CELL_04,mild,332,2025-02-25 17:46:23,3.691,3.083,4.256,2.281,3.264,29.72,36.27,40.19,97.32,135.61,76.81,97.738,135.61,57.129999999999995,0.45620000000000005,1.1932858596134288,0,0,332
CELL_04,mild,333,2025-02-25 23:17:58,3.652,2.98,4.262,1.88,2.511,25.11,28.14,32.72,96.04,158.41,102.95,97.734,158.41,63.32000000000001,0.376,2.031695721077653,0,0,333
CELL_04,mild,334,2025-02-26 03:17:56,3.579,2.926,4.2,3.607,4.614,26.86,32.9,41.41,96.41,83.49,43.07,97.727,83.49,55.0,0.7214,1.2651439920556111,0,0,334
CELL_04,mild,335,2025-02-26 07:31:59,3.564,2.957,4.172,2.884,4.147,26.41,31.06,32.91,97.3,108.22,67.13,97.717,108.22,64.39,0.5768,0.9619952494061754,0,0,335
CELL_04,mild,336,2025-02-26 11:19:21,3.507,2.933,4.18,2.453,3.274,25.51,30.52,44.28,99.19,121.11,63.35,97.692,121.11,54.91,0.4906,1.5188794153471372,0,0,336
CELL_04,mild,337,2025-02-26 14:34:22,3.672,3.088,4.233,3.744,4.662,26.82,30.45,38.67,98.76,82.02,47.23,97.679,82.02,60.09,0.7488,1.247276688453159,0,0,337
CELL_04,mild,338,2025-02-26 17:55:40,3.594,2.938,4.237,3.134,3.801,26.43,30.96,42.39,98.94,97.74,56.03,97.678,97.74,56.55,0.6268,1.9475262368815585,0,0,338
CELL_04,mild,339,2025-02-26 20:50:34,3.615,3.055,4.236,3.399,4.443,27.79,33.65,46.51,96.12,87.01,42.68,97.677,87.01,49.61000000000001,0.6798,1.1312260536398469,0,0,339
CELL_04,mild,340,2025-02-27 01:11:38,3.631,3.015,4.253,2.837,4.055,29.23,33.54,41.42,98.19,110.51,57.93,97.662,110.51,56.769999999999996,0.5674,1.0164203612479479,0,0,340
CELL_04,mild,341,2025-02-27 05:11:13,3.695,3.074,4.27,3.547,4.805,26.71,30.09,32.32,98.78,88.54,57.27,97.656,88.54,66.46000000000001,0.7094,0.9507154213036567,0,0,341
CELL_04,mild,342,2025-02-27 10:19:03,3.577,2.948,4.239,2.577,3.68,24.26,30.36,35.45,97.18,118.15,72.45,97.649,118.15,61.730000000000004,0.5154,1.1704442429737079,0,0,342
CELL_04,mild,343,2025-02-27 15:35:15,3.591,2.982,4.239,2.139,3.071,26.38,30.8,42.55,99.6,140.43,80.64,97.646,140.43,57.05,0.42779999999999996,1.3487124463519304,0,0,343
CELL_04,mild,344,2025-02-27 20:37:11,3.66,2.999,4.237,2.414,3.02,26.36,32.68,43.06,97.74,124.74,67.88,97.636,124.74,54.67999999999999,0.4828,2.0429042904290435,0,0,344
CELL_04,mild,345,2025-02-28 00:45:41,3.583,3.027,4.207,3.423,4.417,25.58,29.06,39.44,97.63,90.52,51.71,97.635,90.52,58.19,0.6846,1.187122736418511,0,0,345
CELL_04,mild,346,2025-02-28 05:16:00,3.588,2.995,4.192,3.254,4.192,22.75,27.3,26.82,97.39,88.97,64.79,97.634,88.97,70.57,0.6508,1.2761194029850744,0,0,346
CELL_04,mild,347,2025-02-28 09:30:35,3.626,2.981,4.225,3.229,4.06,27.72,30.9,34.3,96.43,95.02,60.87,97.62,95.02,62.13000000000001,0.6458,1.4969915764139596,0,0,347
CELL_04,mild,348,2025-02-28 12:40:43,3.618,3.064,4.183,3.39,4.476,22.96,28.88,39.49,96.23,89.68,48.63,97.61,89.68,56.74,0.678,1.0303867403314917,0,0,348
CELL_04,mild,349,2025-02-28 16:23:40,3.655,3.085,4.214,2.779,3.583,22.3,26.43,37.57,98.06,108.62,61.64,97.609,108.62,60.49,0.5558,1.404228855721393,0,0,349
CELL_04,mild,350,2025-02-28 20:34:24,3.551,2.925,4.198,2.848,4.043,25.86,32.0,45.45,98.6,107.7,53.4,97.595,107.7,53.14999999999999,0.5696,1.0652719665271968,0,0,350
CELL_04,mild,351,2025-03-01 00:04:26,3.593,3.015,4.18,3.061,4.396,23.53,27.12,42.09,97.64,95.2,55.74,97.59,95.2,55.55,0.6122,0.8726591760299622,0,0,351
CELL_04,mild,352,2025-03-01 03:48:41,3.573,2.948,4.229,3.155,4.491,27.43,32.34,52.31,99.72,97.28,45.92,97.588,97.28,47.41,0.631,0.9588323353293415,0,0,352
CELL_04,mild,353,2025-03-01 07:38:50,3.548,2.929,4.225,3.575,4.364,24.23,29.3,39.64,98.19,81.34,49.97,97.587,81.34,58.55,0.7150000000000001,1.642585551330799,0,0,353
CELL_04,mild,354,2025-03-01 10:44:56,3.65,3.021,4.232,3.892,5.558,21.75,26.75,38.17,98.37,76.38,42.64,97.586,76.38,60.2,0.7784,0.7268907563025212,0,0,354
CELL_04,mild,355,2025-03-01 14:06:34,3.559,2.906,4.214,3.463,4.389,25.1,31.03,29.76,96.08,92.1,56.64,97.562,92.1,66.32,0.6926,1.4125269978401729,0,0,355
CELL_04,mild,356,2025-03-01 19:07:50,3.633,3.058,4.243,2.456,3.558,24.06,30.07,40.26,98.62,123.47,70.64,97.561,123.47,58.36000000000001,0.49119999999999997,1.0753176043557175,0,0,356
CELL_04,mild,357,2025-03-01 23:58:33,3.581,2.941,4.172,2.675,3.354,29.22,35.07,35.96,98.58,111.39,68.82,97.545,111.39,62.62,0.5349999999999999,1.8129602356406471,0,0,357
CELL_04,mild,358,2025-03-02 03:53:29,3.593,3.01,4.189,2.803,4.18,22.05,28.41,39.69,96.77,106.21,63.32,97.536,106.21,57.08,0.5606,0.8562091503267977,0,0,358
CELL_04,mild,359,2025-03-02 08:29:46,3.608,3.022,4.249,2.761,4.122,26.97,33.44,38.24,98.3,101.27,68.39,97.515,101.27,60.059999999999995,0.5522,0.9015429831006614,0,0,359
CELL_04,mild,360,2025-03-02 12:58:27,3.625,2.963,4.251,2.873,4.258,23.79,28.82,47.28,96.71,104.92,52.96,97.505,104.92,49.42999999999999,0.5746,0.9299638989169678,0,0,360
CELL_04,mild,361,2025-03-02 16:21:01,3.615,2.963,4.239,3.419,4.955,25.83,31.92,42.54,97.09,85.12,50.01,97.477,85.12,54.550000000000004,0.6838,0.8307291666666665,0,0,361
CELL_04,mild,362,2025-03-02 19:44:14,3.608,2.991,4.245,3.178,3.876,23.22,26.87,30.84,96.08,92.83,60.13,97.476,92.83,65.24,0.6355999999999999,1.7965616045845274,0,0,362
CELL_04,mild,363,2025-03-03 00:01:47,3.645,2.958,4.243,2.815,4.167,27.62,33.07,40.55,96.32,108.77,57.69,97.472,108.77,55.769999999999996,0.563,0.9504437869822487,0,0,363
CELL_04,mild,364,2025-03-03 04:38:25,3.601,2.975,4.235,2.231,3.012,26.85,30.44,34.54,97.28,131.56,84.33,97.449,131.56,62.74,0.4462,1.6133162612035852,0,0,364
CELL_04,mild,365,2025-03-03 08:28:12,3.571,2.916,4.23,2.725,3.384,24.73,28.62,40.73,99.74,105.98,64.95,97.433,105.98,59.01,0.545,1.99393019726859,0,0,365
CELL_04,mild,366,2025-03-03 11:33:18,3.603,2.982,4.221,3.841,5.372,23.99,28.82,41.71,99.17,80.79,45.28,97.429,80.79,57.46,0.7682,0.8092749836708035,0,0,366
CELL_04,mild,367,2025-03-03 14:54:31,3.552,2.922,4.217,3.192,4.766,24.75,28.05,35.01,99.52,91.77,61.77,97.428,91.77,64.50999999999999,0.6384000000000001,0.8227445997458701,0,0,367
CELL_04,mild,368,2025-03-03 18:08:17,3.633,3.06,4.184,3.54,4.847,24.07,29.28,36.07,96.23,79.86,53.99,97.422,79.86,60.160000000000004,0.708,0.8599846977811781,0,0,368
CELL_04,mild,369,2025-03-03 21:54:40,3.602,2.951,4.228,2.946,4.298,25.35,28.84,33.49,97.87,101.16,70.05,97.421,101.16,64.38,0.5892000000000001,0.9445266272189348,0,0,369
CELL_04,mild,370,2025-03-04 01:13:12,3.565,2.931,4.218,3.057,4.575,24.47,28.75,37.5,97.7,96.52,59.4,97.414,96.52,60.2,0.6113999999999999,0.8478260869565215,0,0,370
CELL_04,mild,371,2025-03-04 05:53:17,3.646,3.038,4.184,2.347,2.918,27.21,32.44,30.64,97.17,126.39,86.05,97.397,126.39,66.53,0.4694,2.0070052539404553,0,0,371
CELL_04,mild,372,2025-03-04 09:40:03,3.655,3.091,4.212,3.435,5.121,27.91,32.49,32.55,98.04,85.29,59.81,97.392,85.29,65.49000000000001,0.687,0.6648873072360613,0,0,372
CELL_04,mild,373,2025-03-04 14:55:59,3.598,3.016,4.207,2.373,3.072,25.34,31.49,35.41,96.64,132.02,73.65,97.391,132.02,61.230000000000004,0.4746,1.7038626609442062,0,0,373
CELL_04,mild,374,2025-03-04 18:56:43,3.582,3.022,4.173,3.192,3.851,24.44,27.49,43.63,96.06,91.5,50.23,97.387,91.5,52.43,0.6384000000000001,1.7465857359635821,0,0,374
CELL_04,mild,375,2025-03-04 23:46:02,3.597,2.953,4.244,2.197,3.144,23.39,29.79,37.36,98.19,138.16,83.96,97.386,138.16,60.83,0.4394,1.3632523759239703,0,0,375
CELL_04,mild,376,2025-03-05 04:30:49,3.657,3.064,4.223,2.376,3.23,21.92,26.88,38.93,98.04,124.39,72.31,97.371,124.39,59.11000000000001,0.47519999999999996,1.3571428571428568,0,0,376
CELL_04,mild,377,2025-03-05 08:13:09,3.669,3.092,4.22,3.859,5.619,24.17,30.81,44.27,99.65,82.17,39.01,97.369,82.17,55.38,0.7718,0.6409090909090908,0,0,377
CELL_04,mild,378,2025-03-05 11:42:02,3.62,2.999,4.247,3.034,4.46,23.53,29.75,41.69,96.8,96.41,53.14,97.361,96.41,55.11,0.6068,0.8751753155680222,0,0,378
CELL_04,mild,379,2025-03-05 15:51:57,3.639,2.981,4.253,3.12,4.229,25.37,32.26,42.0,99.31,93.0,57.54,97.36,93.0,57.31,0.624,1.146979260595131,0,0,379
CELL_04,mild,380,2025-03-05 20:02:30,3.611,2.976,4.259,2.708,3.84,26.41,32.63,39.21,96.26,113.4,59.94,97.352,113.4,57.050000000000004,0.5416000000000001,1.1333922261484106,0,0,380
CELL_04,mild,381,2025-03-05 23:12:57,3.618,3.017,4.23,3.724,4.503,26.9,31.14,37.96,96.32,81.68,46.64,97.351,81.68,58.35999999999999,0.7448,1.557124518613608,0,0,381
CELL_04,mild,382,2025-03-06 02:57:03,3.642,2.986,4.269,3.349,4.946,21.59,27.53,32.91,99.28,93.59,57.6,97.346,93.59,66.37,0.6698000000000001,0.8033813400125237,0,0,382
CELL_04,mild,383,2025-03-06 07:52:17,3.616,2.974,4.221,1.994,2.42,26.75,30.02,33.14,96.82,148.96,94.68,97.315,148.96,63.67999999999999,0.3988,2.927230046948357,0,0,383
CELL_04,mild,384,2025-03-06 11:31:17,3.6,2.918,4.18,3.468,5.126,25.52,30.87,39.74,99.43,81.06,50.26,97.314,81.06,59.690000000000005,0.6936,0.7611580217129067,0,0,384
CELL_04,mild,385,2025-03-06 14:57:07,3.692,3.092,4.26,3.191,4.176,25.31,28.75,37.45,96.95,88.91,59.73,97.298,88.91,59.5,0.6382,1.1857868020304563,0,0,385
CELL_04,mild,386,2025-03-06 19:21:20,3.572,2.946,4.211,2.739,3.707,24.66,29.15,40.89,98.63,108.78,65.32,97.287,108.78,57.739999999999995,0.5478,1.3068181818181819,0,0,386
CELL_04,mild,387,2025-03-06 23:07:50,3.595,2.991,4.265,3.255,4.863,24.81,30.53,35.19,97.18,93.14,56.74,97.266,93.14,61.99000000000001,0.651,0.7922885572139298,0,0,387
CELL_04,mild,388,2025-03-07 03:03:36,3.681,3.086,4.26,2.464,3.323,22.68,26.06,26.19,96.35,118.64,81.29,97.25,118.64,70.16,0.4928,1.3667054714784632,0,0,388
CELL_04,mild,389,2025-03-07 07:12:00,3.556,2.959,4.198,2.703,3.682,30.04,33.06,35.71,96.38,110.98,68.61,97.23,110.98,60.669999999999995,0.5406,1.265577119509704,0,0,389
CELL_04,mild,390,2025-03-07 11:01:55,3.595,3.083,4.191,3.717,4.975,26.66,29.74,29.97,96.44,82.14,49.45,97.221,82.14,66.47,0.7434000000000001,0.8807631160572338,0,0,390
CELL_04,mild,391,2025-03-07 14:19:33,3.559,2.93,4.217,4.064,5.534,23.74,28.14,39.71,98.72,74.01,44.81,97.216,74.01,59.01,0.8128,0.8755102040816325,0,0,391
CELL_04,mild,392,2025-03-07 18:03:24,3.652,2.989,4.27,2.845,3.433,24.94,28.91,39.61,97.81,105.21,62.88,97.215,105.21,58.2,0.5690000000000001,2.1785714285714293,0,0,392
CELL_04,mild,393,2025-03-07 21:47:10,3.582,3.006,4.211,2.699,3.879,29.63,34.69,44.75,99.32,112.11,60.82,97.209,112.11,54.56999999999999,0.5398,1.0211864406779665,0,0,393
CELL_04,mild,394,2025-03-08 00:20:12,3.626,3.098,4.222,4.085,5.754,27.32,30.38,39.62,99.13,76.66,42.55,97.205,76.66,59.51,0.817,0.6734571599760341,0,0,394
CELL_04,mild,395,2025-03-08 04:38:40,3.613,3.044,4.208,2.982,3.63,21.64,25.53,32.23,97.11,96.41,65.68,97.186,96.41,64.88,0.5964,1.7962962962962974,0,0,395
CELL_04,mild,396,2025-03-08 08:47:12,3.604,2.956,4.264,2.828,4.192,24.91,31.48,35.12,97.2,106.06,62.93,97.18,106.06,62.080000000000005,0.5656,0.9589442815249266,0,0,396
CELL_04,mild,397,2025-03-08 13:13:26,3.65,3.078,4.204,2.457,3.138,23.65,27.86,32.92,96.39,125.99,73.52,97.178,125.99,63.47,0.49139999999999995,1.6534508076358294,0,0,397
CELL_04,mild,398,2025-03-08 17:38:33,3.655,3.06,4.266,2.239,3.197,23.73,30.31,44.37,99.13,134.09,76.02,97.161,134.09,54.76,0.4478,1.2588726513569934,0,0,398
CELL_04,mild,399,2025-03-08 20:43:46,3.613,2.937,4.261,3.071,4.459,22.97,26.55,40.36,96.74,97.73,53.56,97.16,97.73,56.379999999999995,0.6142000000000001,0.9538904899135453,0,0,399
CELL_04,mild,400,2025-03-09 00:48:07,3.596,2.977,4.258,2.612,3.808,23.39,27.63,42.58,98.75,117.94,63.37,97.159,117.94,56.17,0.5224,1.0710702341137128,0,0,400
CELL_05,moderate,1,2025-01-01 12:48:46,3.567,2.948,4.254,6.103,8.581,32.73,38.53,13.65,97.39,51.48,39.3,99.998,51.48,83.74,1.2206,0.5270379338175947,0,1,1
CELL_05,moderate,2,2025-01-01 15:48:29,3.664,3.064,4.203,4.26,5.358,34.67,38.32,28.46,98.88,65.99,48.97,99.977,65.99,70.41999999999999,0.852,1.0373406193078327,0,1,2
CELL_05,moderate,3,2025-01-01 19:52:30,3.582,2.944,4.209,4.448,5.752,36.61,40.94,27.13,98.9,77.57,51.26,99.972,77.57,71.77000000000001,0.8896000000000001,0.9700920245398775,1,1,3
CELL_05,moderate,4,2025-01-02 00:00:52,3.664,3.049,4.258,4.428,5.817,36.19,40.56,13.92,99.22,71.22,59.0,99.951,71.22,85.3,0.8855999999999999,0.8704103671706263,2,2,4
CELL_05,moderate,5,2025-01-02 02:39:37,3.612,3.037,4.252,5.349,6.916,33.57,38.41,16.76,96.19,55.56,46.32,99.944,55.56,79.42999999999999,1.0698,0.7753669432035736,2,2,5
CELL_05,moderate,6,2025-01-02 05:25:39,3.589,2.928,4.217,5.21,7.179,36.9,41.12,15.08,97.32,59.09,50.02,99.936,59.09,82.24,1.042,0.6546470289487046,3,3,6
CELL_05,moderate,7,2025-01-02 08:25:15,3.608,2.989,4.242,5.505,7.914,34.55,37.91,22.35,97.05,56.95,36.94,99.914,56.95,74.69999999999999,1.101,0.5201328352013285,3,3,7
CELL_05,moderate,8,2025-01-02 11:06:33,3.646,3.077,4.204,5.774,7.21,37.28,42.76,24.36,99.48,55.44,37.08,99.903,55.44,75.12,1.1548,0.7848189415041782,4,3,8
CELL_05,moderate,9,2025-01-02 13:57:25,3.691,3.098,4.239,5.814,7.985,32.54,36.37,12.14,97.55,50.42,43.74,99.889,50.42,85.41,1.1628,0.5255642561031783,4,4,9
CELL_05,moderate,10,2025-01-02 17:42:41,3.622,3.011,4.193,4.596,6.267,32.76,38.06,22.81,96.71,65.09,50.06,99.881,65.09,73.89999999999999,0.9192,0.707360861759425,4,4,10
CELL_05,moderate,11,2025-01-02 20:25:10,3.605,3.056,4.174,4.875,5.917,30.69,34.71,15.54,96.97,56.25,51.46,99.88,56.25,81.43,0.975,1.0729366602687145,4,5,11
CELL_05,moderate,12,2025-01-02 23:11:01,3.652,3.052,4.225,5.064,6.132,33.67,39.86,16.36,96.16,58.86,49.27,99.855,58.86,79.8,1.0128,1.098314606741573,4,5,12
CELL_05,moderate,13,2025-01-03 01:51:15,3.622,2.948,4.213,4.714,6.535,37.32,42.77,0.0,96.74,62.79,63.73,99.853,62.79,96.74,0.9428000000000001,0.6946732564524988,5,6,13
CELL_05,moderate,14,2025-01-03 05:03:48,3.633,3.064,4.201,5.145,6.599,34.86,40.57,27.74,98.63,62.13,41.47,99.849,62.13,70.89,1.029,0.7819807427785413,6,6,14
CELL_05,moderate,15,2025-01-03 08:33:31,3.564,2.982,4.19,4.347,5.487,33.93,37.99,24.12,98.45,71.49,51.01,99.848,71.49,74.33,0.8694000000000001,1.059649122807018,6,6,15
CELL_05,moderate,16,2025-01-03 12:02:21,3.57,2.986,4.231,4.975,7.434,33.8,39.54,23.06,99.67,60.05,45.12,99.845,60.05,76.61,0.9949999999999999,0.5063033753558355,6,6,16
CELL_05,moderate,17,2025-01-03 15:03:05,3.56,2.938,4.208,5.276,6.736,35.1,41.62,18.28,96.87,56.03,46.61,99.844,56.03,78.59,1.0552,0.8698630136986302,7,6,17
CELL_05,moderate,18,2025-01-03 17:26:43,3.548,2.935,4.185,4.86,7.228,38.43,45.24,20.91,99.85,59.9,48.52,99.829,59.9,78.94,0.9720000000000001,0.5278716216216216,8,6,18
CELL_05,moderate,19,2025-01-03 20:08:39,3.585,2.977,4.19,5.003,6.567,36.18,40.89,17.52,97.43,61.66,42.26,99.824,61.66,79.91000000000001,1.0006,0.7755754475703328,9,6,19
CELL_05,moderate,20,2025-01-03 23:26:56,3.593,2.912,4.244,5.324,7.496,34.0,39.04,15.94,96.25,55.11,47.76,99.81,55.11,80.31,1.0648,0.6132596685082871,9,7,20
CELL_05,moderate,21,2025-01-04 02:01:38,3.551,2.916,4.188,4.637,6.441,34.22,41.0,22.4,98.01,62.17,50.66,99.796,62.17,75.61000000000001,0.9273999999999999,0.7050997782705097,10,7,21
CELL_05,moderate,22,2025-01-04 04:57:54,3.608,3.05,4.201,4.971,6.117,34.48,37.62,15.11,96.44,55.26,50.37,99.787,55.26,81.33,0.9942,1.0043630017452005,10,8,22
CELL_05,moderate,23,2025-01-04 08:19:27,3.583,3.024,4.175,4.56,6.312,36.49,41.56,15.88,99.71,69.9,51.96,99.766,69.9,83.83,0.9119999999999999,0.6569634703196343,11,9,23
CELL_05,moderate,24,2025-01-04 11:29:12,3.633,3.093,4.2,5.362,7.181,36.21,39.22,10.4,97.0,57.81,47.15,99.751,57.81,86.6,1.0724,0.6085761407366687,11,10,24
CELL_05,moderate,25,2025-01-04 14:32:09,3.543,2.904,4.224,5.205,6.918,36.97,42.47,25.38,98.39,58.64,40.97,99.732,58.64,73.01,1.041,0.7705779334500877,12,10,25
CELL_05,moderate,26,2025-01-04 16:58:54,3.597,2.945,4.186,5.855,7.821,31.7,37.8,12.71,99.65,51.82,43.07,99.728,51.82,86.94,1.171,0.6312309257375385,12,11,26
CELL_05,moderate,27,2025-01-04 20:09:05,3.622,2.967,4.27,4.561,6.753,35.65,41.69,23.17,97.33,64.63,48.85,99.711,64.63,74.16,0.9122,0.5944343065693428,13,11,27
CELL_05,moderate,28,2025-01-04 22:45:20,3.621,3.071,4.256,4.745,6.542,39.81,44.36,8.71,99.73,60.84,58.08,99.674,60.84,91.02000000000001,0.9490000000000001,0.6594323873121871,14,12,28
CELL_05,moderate,29,2025-01-05 02:14:05,3.604,2.918,4.266,5.861,7.789,35.2,41.56,19.72,98.59,48.88,44.12,99.667,48.88,78.87,1.1722,0.6991701244813278,15,12,29
CELL_05,moderate,30,2025-01-05 04:43:03,3.638,3.012,4.177,5.855,7.213,35.09,41.26,19.44,98.45,52.38,44.13,99.646,52.38,79.01,1.171,0.8578792341678939,16,12,30
CELL_05,moderate,31,2025-01-05 07:14:05,3.576,2.933,4.237,5.387,7.254,35.36,40.78,11.91,96.68,58.67,44.91,99.644,58.67,84.77000000000001,1.0774,0.6984467059453671,17,13,31
CELL_05,moderate,32,2025-01-05 10:47:00,3.591,2.994,4.211,4.938,6.6,34.3,38.87,17.03,98.58,67.53,46.83,99.61,67.53,81.55,0.9875999999999999,0.7322503008423586,17,14,32
CELL_05,moderate,33,2025-01-05 13:46:46,3.627,3.028,4.236,5.409,7.822,37.72,43.03,24.28,99.85,52.64,42.22,99.603,52.64,75.57,1.0817999999999999,0.5006216328222128,18,14,33
CELL_05,moderate,34,2025-01-05 17:11:28,3.589,2.938,4.242,4.987,6.225,31.3,37.94,16.92,98.37,59.5,47.69,99.602,59.5,81.45,0.9974000000000001,1.053311793214863,18,15,34
CELL_05,moderate,35,2025-01-05 19:58:45,3.547,2.912,4.21,5.07,7.007,32.53,36.53,18.23,97.47,56.44,43.37,99.601,56.44,79.24,1.014,0.6701084150748583,18,15,35
CELL_05,moderate,36,2025-01-05 22:33:31,3.677,3.046,4.225,4.456,5.754,36.48,42.67,16.1,98.02,70.07,54.6,99.585,70.07,81.91999999999999,0.8912000000000001,0.9083204930662563,19,16,36
CELL_05,moderate,37,2025-01-06 01:02:27,3.636,2.998,4.214,4.731,6.628,32.04,35.41,17.34,98.13,58.93,49.56,99.562,58.93,80.78999999999999,0.9461999999999999,0.6410121244069584,19,17,37
CELL_05,moderate,38,2025-01-06 03:27:18,3.622,2.982,4.249,6.007,7.483,32.33,35.7,14.81,97.72,50.46,42.69,99.553,50.46,82.91,1.2014,0.8584010840108398,19,18,38
CELL_05,moderate,39,2025-01-06 06:12:39,3.632,2.989,4.233,5.793,7.363,33.01,39.11,21.62,98.59,53.47,42.26,99.531,53.47,76.97,1.1586,0.7923566878980889,19,18,39
CELL_05,moderate,40,2025-01-06 09:22:10,3.594,3.015,4.187,4.968,6.968,33.49,39.17,13.51,96.72,62.02,49.44,99.53,62.02,83.21,0.9936,0.5860000000000001,19,19,40
CELL_05,moderate,41,2025-01-06 12:54:05,3.61,3.043,4.173,4.81,5.872,35.96,42.29,13.23,96.85,63.19,54.48,99.522,63.19,83.61999999999999,0.962,1.0640301318267416,20,20,41
CELL_05,moderate,42,2025-01-06 16:15:37,3.614,3.039,4.193,5.827,7.019,34.75,41.47,13.93,96.92,56.36,45.01,99.506,56.36,82.99000000000001,1.1654,0.9681208053691269,21,21,42
CELL_05,moderate,43,2025-01-06 19:39:20,3.576,2.921,4.197,5.275,7.38,36.08,43.01,18.91,99.79,56.28,43.72,99.493,56.28,80.88000000000001,1.0550000000000002,0.6061757719714966,22,22,43
CELL_05,moderate,44,2025-01-06 22:44:49,3.634,2.96,4.251,5.173,7.385,34.71,40.92,17.33,97.0,58.18,46.53,99.492,58.18,79.67,1.0346,0.5836347197106693,23,22,44
CELL_05,moderate,45,2025-01-07 01:07:19,3.582,2.943,4.232,5.153,7.305,36.72,42.14,13.51,96.98,57.66,46.19,99.491,57.66,83.47,1.0306,0.5989776951672863,24,23,45
CELL_05,moderate,46,2025-01-07 03:34:20,3.539,2.906,4.183,5.055,6.457,35.52,40.39,20.37,97.61,58.54,45.24,99.466,58.54,77.24,1.011,0.910841654778887,25,23,46
CELL_05,moderate,47,2025-01-07 06:47:04,3.547,2.906,4.233,4.84,6.614,34.4,40.59,20.42,97.46,64.93,50.15,99.465,64.93,77.03999999999999,0.968,0.7480270574971812,26,23,47
CELL_05,moderate,48,2025-01-07 09:26:23,3.656,3.037,4.207,5.843,8.138,37.39,41.94,12.82,96.33,51.41,41.98,99.435,51.41,83.50999999999999,1.1686,0.5098039215686274,27,24,48
CELL_05,moderate,49,2025-01-07 13:05:34,3.655,3.094,4.23,5.232,6.683,34.78,38.81,16.61,97.45,56.25,45.71,99.43,56.25,80.84,1.0464,0.7829083390764996,27,25,49
CELL_05,moderate,50,2025-01-07 16:07:32,3.676,3.073,4.266,5.348,7.489,36.42,41.96,24.67,99.57,50.64,42.59,99.405,50.64,74.89999999999999,1.0695999999999999,0.5572162540868754,28,25,50
CELL_05,moderate,51,2025-01-07 18:21:27,3.669,3.088,4.251,5.3,7.695,32.9,37.85,20.77,96.86,55.06,45.29,99.404,55.06,76.09,1.06,0.48559498956158664,28,25,51
CELL_05,moderate,52,2025-01-07 21:36:22,3.594,3.032,4.173,5.26,7.046,36.32,39.91,19.63,99.42,53.75,42.35,99.387,53.75,79.79,1.052,0.6388577827547591,28,25,52
CELL_05,moderate,53,2025-01-07 23:52:35,3.635,3.033,4.264,5.469,7.222,37.24,40.63,21.11,98.72,58.54,43.9,99.373,58.54,77.61,1.0938,0.7022247575584714,29,25,53
CELL_05,moderate,54,2025-01-08 03:44:39,3.653,3.075,4.201,4.864,6.693,31.25,35.02,11.92,97.92,59.99,53.88,99.372,59.99,86.0,0.9728,0.6156369600874793,29,26,54
CELL_05,moderate,55,2025-01-08 07:12:44,3.63,3.07,4.18,5.409,7.027,34.74,39.33,19.0,97.76,53.69,43.7,99.361,53.69,78.76,1.0817999999999999,0.6860321384425214,29,26,55
CELL_05,moderate,56,2025-01-08 10:22:05,3.655,3.067,4.211,5.54,7.574,33.78,37.75,21.36,96.18,52.35,40.99,99.343,52.35,74.82000000000001,1.108,0.5624385447394298,29,26,56
CELL_05,moderate,57,2025-01-08 13:58:59,3.723,3.076,4.26,4.843,6.565,38.37,43.35,16.45,96.51,55.72,45.64,99.302,55.72,80.06,0.9686,0.6875725900116141,30,27,57
CELL_05,moderate,58,2025-01-08 17:52:01,3.601,3.017,4.188,4.115,5.727,39.25,44.85,17.25,98.51,70.87,58.82,99.289,70.87,81.26,0.8230000000000001,0.726426799007444,31,28,58
CELL_05,moderate,59,2025-01-08 21:12:51,3.555,2.902,4.211,4.313,6.388,36.31,39.93,17.47,96.23,71.59,54.42,99.28,71.59,78.76,0.8625999999999999,0.6308433734939759,31,28,59
CELL_05,moderate,60,2025-01-08 23:48:50,3.53,2.932,4.198,4.938,5.999,33.86,37.6,13.26,99.49,62.21,54.74,99.26,62.21,86.22999999999999,0.9875999999999999,1.1932139491046188,31,29,60
CELL_05,moderate,61,2025-01-09 03:29:17,3.579,2.935,4.269,5.203,7.123,33.27,37.29,15.32,96.71,57.15,45.19,99.246,57.15,81.38999999999999,1.0406,0.6947916666666667,31,30,61
CELL_05,moderate,62,2025-01-09 06:08:56,3.634,3.039,4.207,5.314,7.173,33.04,38.33,18.13,97.74,51.93,39.25,99.227,51.93,79.61,1.0628,0.6282947821409358,31,30,62
CELL_05,moderate,63,2025-01-09 09:27:28,3.603,2.963,4.215,4.769,6.001,38.95,45.04,19.77,98.95,64.47,50.64,99.218,64.47,79.18,0.9538,1.016233766233766,32,30,63
CELL_05,moderate,64,2025-01-09 12:33:53,3.648,3.03,4.251,4.655,6.518,36.41,40.55,14.94,96.57,66.78,51.69,99.194,66.78,81.63,0.931,0.6553945249597428,33,31,64
CELL_05,moderate,65,2025-01-09 15:07:46,3.578,2.953,4.209,4.486,6.136,36.85,42.38,14.42,99.19,66.39,56.6,99.178,66.39,84.77,0.8972,0.7612121212121209,34,32,65
CELL_05,moderate,66,2025-01-09 17:58:16,3.576,2.908,4.239,4.073,6.027,37.72,42.6,18.62,97.62,73.65,55.56,99.171,73.65,79.0,0.8146000000000001,0.681166837256909,35,32,66
CELL_05,moderate,67,2025-01-09 22:00:17,3.629,3.051,4.239,4.51,5.586,40.86,47.75,9.39,98.62,66.85,58.42,99.148,66.85,89.23,0.9019999999999999,1.1040892193308542,36,33,67
CELL_05,moderate,68,2025-01-10 01:08:07,3.613,3.042,4.19,4.244,6.013,37.53,42.88,21.27,96.7,66.84,53.78,99.144,66.84,75.43,0.8488,0.648954211418881,37,33,68
CELL_05,moderate,69,2025-01-10 04:38:27,3.643,3.04,4.243,4.402,5.342,36.37,40.1,16.77,98.75,66.83,59.79,99.109,66.83,81.98,0.8804000000000001,1.2797872340425542,38,34,69
CELL_05,moderate,70,2025-01-10 07:47:15,3.621,3.055,4.207,4.583,6.113,36.29,41.96,20.97,97.76,67.56,48.91,99.106,67.56,76.79,0.9166000000000001,0.7529411764705879,39,34,70
CELL_05,moderate,71,2025-01-10 11:26:47,3.678,3.087,4.253,5.424,7.336,33.67,40.23,11.64,99.93,59.79,49.29,99.1,59.79,88.29,1.0848,0.6098326359832635,40,35,71
CELL_05,moderate,72,2025-01-10 13:28:34,3.647,3.071,4.23,5.627,8.246,32.4,35.63,26.29,97.55,48.07,34.46,99.099,48.07,71.25999999999999,1.1254,0.4425353188239786,40,35,72
CELL_05,moderate,73,2025-01-10 16:10:06,3.585,3.002,4.173,4.689,7.023,31.29,36.93,15.26,97.28,64.34,54.63,99.081,64.34,82.02,0.9378,0.5017137960582693,40,36,73
CELL_05,moderate,74,2025-01-10 19:36:53,3.622,2.948,4.257,5.744,7.37,37.01,42.64,17.55,99.57,53.59,42.07,99.068,53.59,82.02,1.1488,0.805043050430504,41,37,74
CELL_05,moderate,75,2025-01-10 23:06:21,3.612,3.004,4.228,6.139,7.558,40.57,44.9,12.07,96.97,51.19,39.79,99.042,51.19,84.9,1.2278,0.8625792811839325,42,38,75
CELL_05,moderate,76,2025-01-11 01:37:30,3.567,2.921,4.227,4.929,7.365,31.55,35.42,19.07,97.49,64.35,47.2,99.04,64.35,78.41999999999999,0.9858,0.5361247947454846,42,38,76
CELL_05,moderate,77,2025-01-11 04:03:39,3.582,2.98,4.227,5.143,6.374,35.17,41.05,16.49,98.61,58.8,45.88,99.031,58.8,82.12,1.0286,1.0129975629569459,43,39,77
CELL_05,moderate,78,2025-01-11 08:08:36,3.557,2.923,4.183,4.16,5.769,35.43,42.0,17.36,96.95,79.33,56.49,99.02,79.33,79.59,0.8320000000000001,0.7830950901180856,44,39,78
CELL_05,moderate,79,2025-01-11 11:01:41,3.605,3.001,4.226,5.021,6.491,34.47,41.4,9.44,97.83,55.09,53.48,99.016,55.09,88.39,1.0042,0.8333333333333335,45,40,79
CELL_05,moderate,80,2025-01-11 14:36:45,3.551,2.915,4.182,5.405,6.761,36.79,40.86,16.65,99.48,55.29,43.52,98.999,55.29,82.83000000000001,1.081,0.9343657817109148,46,41,80
CELL_05,moderate,81,2025-01-11 17:03:31,3.635,3.026,4.216,5.76,7.064,33.73,38.69,22.34,97.52,54.78,38.64,98.997,54.78,75.17999999999999,1.152,0.9125766871165645,46,41,81
CELL_05,moderate,82,2025-01-11 20:07:50,3.588,2.913,4.259,4.576,6.64,36.44,40.95,21.52,96.2,73.77,54.71,98.988,73.77,74.68,0.9151999999999999,0.6521317829457367,47,41,82
CELL_05,moderate,83,2025-01-12 00:06:09,3.684,3.084,4.224,4.649,6.761,35.06,39.4,8.72,99.31,61.81,60.84,98.972,61.81,90.59,0.9298,0.5397727272727273,47,42,83
CELL_05,moderate,84,2025-01-12 02:41:37,3.536,2.91,4.192,4.689,6.334,36.3,39.67,19.13,99.86,70.16,49.26,98.958,70.16,80.73,0.9378,0.7793313069908817,47,43,84
CELL_05,moderate,85,2025-01-12 06:12:50,3.593,2.94,4.236,5.093,6.228,35.24,41.79,21.16,98.11,57.47,41.8,98.957,57.47,76.95,1.0186,1.1418502202643173,48,43,85
CELL_05,moderate,86,2025-01-12 10:16:43,3.64,3.088,4.25,4.115,5.717,30.77,34.18,17.28,98.79,78.47,60.0,98.952,78.47,81.51,0.8230000000000001,0.725343320848939,48,44,86
CELL_05,moderate,87,2025-01-12 12:53:16,3.614,3.027,4.224,4.934,6.42,35.22,40.32,13.72,96.07,68.11,48.65,98.938,68.11,82.35,0.9868,0.8055181695827727,49,45,87
CELL_05,moderate,88,2025-01-12 15:56:38,3.55,2.956,4.209,4.768,6.526,31.07,34.35,9.13,97.08,64.62,55.53,98.933,64.62,87.95,0.9536,0.7127417519908985,49,46,88
CELL_05,moderate,89,2025-01-12 19:24:58,3.67,3.051,4.256,5.503,7.534,37.58,44.43,26.88,99.9,53.69,44.54,98.894,53.69,73.02000000000001,1.1006,0.5933037912358445,50,46,89
CELL_05,moderate,90,2025-01-12 22:04:17,3.652,3.081,4.232,4.282,5.778,37.85,42.27,17.91,96.83,70.71,55.76,98.873,70.71,78.92,0.8564,0.7693850267379683,51,46,90
CELL_05,moderate,91,2025-01-13 01:36:37,3.646,3.026,4.176,4.784,6.238,35.94,39.26,17.63,98.33,56.86,50.69,98.872,56.86,80.7,0.9568,0.7909215955983493,51,47,91
CELL_05,moderate,92,2025-01-13 04:42:48,3.589,2.982,4.199,5.537,8.174,33.09,39.83,19.21,99.54,54.44,41.66,98.853,54.44,80.33000000000001,1.1074,0.46150929086082665,51,48,92
CELL_05,moderate,93,2025-01-13 07:42:15,3.603,3.072,4.171,5.141,7.096,36.26,40.7,19.76,99.51,56.47,45.4,98.84,56.47,79.75,1.0282,0.562148337595908,52,48,93
CELL_05,moderate,94,2025-01-13 10:04:57,3.59,2.953,4.263,5.322,7.544,33.91,40.29,19.44,99.72,53.66,48.77,98.812,53.66,80.28,1.0644,0.5895589558955897,53,49,94
CELL_05,moderate,95,2025-01-13 13:25:19,3.59,2.981,4.233,4.399,5.343,36.64,42.56,14.14,96.92,72.32,56.16,98.791,72.32,82.78,0.8798,1.3262711864406778,54,50,95
CELL_05,moderate,96,2025-01-13 16:19:19,3.643,3.045,4.206,4.817,6.757,35.97,42.11,30.09,98.1,64.04,42.65,98.789,64.04,68.00999999999999,0.9634,0.5984536082474231,55,50,96
CELL_05,moderate,97,2025-01-13 20:27:45,3.57,2.944,4.223,3.333,4.578,34.98,41.2,19.37,99.19,89.15,71.82,98.765,89.15,79.82,0.6666000000000001,1.027309236947791,56,50,97
CELL_05,moderate,98,2025-01-13 23:54:15,3.64,3.051,4.203,5.099,7.108,32.65,37.18,19.6,96.43,58.43,45.18,98.751,58.43,76.83000000000001,1.0198,0.5734196117471381,56,50,98
CELL_05,moderate,99,2025-01-14 03:09:45,3.599,2.952,4.183,4.992,7.183,35.69,40.6,18.76,99.1,59.77,49.56,98.716,59.77,80.33999999999999,0.9984,0.5618439068918302,57,51,99
CELL_05,moderate,100,2025-01-14 05:55:32,3.568,2.982,4.18,4.592,5.742,35.03,38.56,12.19,99.89,60.71,54.59,98.701,60.71,87.7,0.9183999999999999,1.0417391304347818,57,52,100
CELL_05,moderate,101,2025-01-14 07:58:34,3.633,3.02,4.223,5.522,6.708,37.37,41.41,25.28,99.71,51.65,38.39,98.67,51.65,74.42999999999999,1.1044,1.0143338954468801,58,52,101
CELL_05,moderate,102,2025-01-14 11:28:48,3.589,2.988,4.206,4.894,6.329,36.3,41.57,19.65,98.49,61.0,52.62,98.654,61.0,78.84,0.9788,0.8487804878048786,59,52,102
CELL_05,moderate,103,2025-01-14 14:26:41,3.587,2.943,4.24,4.107,4.936,35.12,40.33,25.81,97.32,75.83,50.72,98.647,75.83,71.50999999999999,0.8214,1.5645355850422202,60,52,103
CELL_05,moderate,104,2025-01-14 17:02:37,3.587,2.942,4.204,5.232,7.561,34.81,40.93,23.47,97.03,60.13,46.01,98.636,60.13,73.56,1.0464,0.5418634607127522,61,52,104
CELL_05,moderate,105,2025-01-14 19:31:52,3.578,2.927,4.241,5.87,8.489,33.62,39.08,17.03,99.48,53.45,42.42,98.625,53.45,82.45,1.174,0.501718213058419,61,53,105
CELL_05,moderate,106,2025-01-14 22:52:57,3.608,2.995,4.227,5.012,6.676,34.59,38.0,20.76,96.89,58.25,45.69,98.614,58.25,76.13,1.0024,0.7403846153846152,61,53,106
CELL_05,moderate,107,2025-01-15 01:22:38,3.638,3.062,4.208,5.321,7.059,29.25,35.37,22.5,98.85,58.49,42.05,98.595,58.49,76.35,1.0642,0.6593785960874569,61,53,107
CELL_05,moderate,108,2025-01-15 04:59:21,3.607,3.066,4.225,4.412,6.188,32.64,36.56,14.16,99.56,67.45,59.28,98.594,67.45,85.4,0.8824,0.6525900900900901,61,54,108
CELL_05,moderate,109,2025-01-15 07:22:34,3.643,3.058,4.212,5.476,7.524,37.47,43.42,21.28,98.94,55.16,41.32,98.576,55.16,77.66,1.0952,0.5634765625,62,54,109
CELL_05,moderate,110,2025-01-15 09:58:09,3.648,2.984,4.236,5.506,7.535,36.51,39.63,18.49,97.06,53.45,42.49,98.558,53.45,78.57000000000001,1.1012,0.6170527353376046,62,54,110
CELL_05,moderate,111,2025-01-15 12:59:10,3.687,3.079,4.222,4.521,6.715,36.05,40.51,17.88,97.52,66.86,51.83,98.535,66.86,79.64,0.9042,0.5209662716499546,63,54,111
CELL_05,moderate,112,2025-01-15 16:27:45,3.647,2.983,4.252,5.407,6.542,37.06,40.94,19.33,98.61,54.31,40.78,98.534,54.31,79.28,1.0814,1.1180616740088105,64,54,112
CELL_05,moderate,113,2025-01-15 18:59:32,3.531,2.905,4.218,5.609,7.407,36.79,43.39,19.04,99.78,52.43,46.31,98.528,52.43,80.74000000000001,1.1218,0.7302558398220246,65,55,113
CELL_05,moderate,114,2025-01-15 21:41:06,3.634,2.974,4.268,6.207,8.146,33.58,37.79,20.81,97.35,45.72,35.88,98.497,45.72,76.53999999999999,1.2414,0.6673543063434755,65,55,114
CELL_05,moderate,115,2025-01-16 01:11:14,3.589,3.068,4.18,4.135,5.905,35.9,41.87,19.36,96.71,73.66,59.18,98.49,73.66,77.35,0.827,0.6282485875706211,66,55,115
CELL_05,moderate,116,2025-01-16 04:32:54,3.617,3.072,4.202,4.106,5.037,35.79,42.22,22.91,99.22,73.14,57.12,98.471,73.14,76.31,0.8211999999999999,1.2137486573576797,67,55,116
CELL_05,moderate,117,2025-01-16 07:28:46,3.64,3.006,4.235,4.906,5.996,38.59,43.4,19.58,96.51,59.22,48.76,98.446,59.22,76.93,0.9812,1.1275229357798162,68,55,117
CELL_05,moderate,118,2025-01-16 11:18:50,3.537,2.91,4.175,4.187,5.96,37.66,44.51,14.44,97.24,74.94,61.96,98.445,74.94,82.8,0.8374,0.7134799774393682,69,56,118
CELL_05,moderate,119,2025-01-16 14:19:08,3.561,2.948,4.191,5.626,7.637,33.91,40.74,20.95,98.36,52.44,43.35,98.444,52.44,77.41,1.1252,0.6181004475385382,70,56,119
CELL_05,moderate,120,2025-01-16 17:44:58,3.669,3.027,4.22,4.555,6.396,36.12,40.66,17.81,98.73,69.06,53.94,98.418,69.06,80.92,0.9109999999999999,0.6480173818576858,71,57,120
CELL_05,moderate,121,2025-01-16 20:57:09,3.623,2.922,4.26,5.159,6.581,34.16,38.2,22.17,99.68,62.34,44.57,98.395,62.34,77.51,1.0318,0.9409282700421935,71,57,121
CELL_05,moderate,122,2025-01-17 00:19:22,3.558,3.0,4.199,4.744,6.162,33.29,39.41,18.37,97.28,65.21,48.17,98.369,65.21,78.91,0.9488,0.8455571227080393,71,57,122
CELL_05,moderate,123,2025-01-17 03:57:30,3.638,3.1,4.181,4.903,6.77,33.71,36.79,21.79,96.43,61.4,45.5,98.347,61.4,74.64000000000001,0.9805999999999999,0.5790037493304767,71,57,123
CELL_05,moderate,124,2025-01-17 07:28:43,3.67,3.056,4.243,4.865,7.169,37.75,41.21,20.62,97.63,58.17,47.66,98.335,58.17,77.00999999999999,0.9730000000000001,0.5151909722222224,72,57,124
CELL_05,moderate,125,2025-01-17 10:37:04,3.672,3.055,4.263,4.267,6.052,34.76,38.27,18.73,98.44,71.58,58.84,98.332,71.58,79.71,0.8534,0.6767507002801122,72,57,125
CELL_05,moderate,126,2025-01-17 13:07:38,3.621,3.046,4.254,4.967,6.651,36.72,41.64,21.41,96.51,56.75,50.62,98.324,56.75,75.10000000000001,0.9934,0.717339667458432,73,57,126
CELL_05,moderate,127,2025-01-17 16:44:59,3.577,2.985,4.225,5.024,6.697,34.65,40.81,11.58,98.82,54.78,51.29,98.311,54.78,87.24,1.0048,0.7411835026897787,74,58,127
CELL_05,moderate,128,2025-01-17 19:19:54,3.625,3.057,4.18,4.891,6.534,39.49,46.25,16.78,97.93,58.62,51.31,98.297,58.62,81.15,0.9782,0.6835057821059037,75,59,128
CELL_05,moderate,129,2025-01-17 21:45:07,3.585,2.999,4.224,4.952,6.637,33.62,39.89,18.72,97.19,60.38,50.47,98.291,60.38,78.47,0.9904,0.7270029673590507,75,59,129
CELL_05,moderate,130,2025-01-18 00:44:56,3.617,2.957,4.203,5.197,6.481,36.31,42.13,17.26,97.04,60.72,44.24,98.282,60.72,79.78,1.0394,0.9704049844236765,76,59,130
CELL_05,moderate,131,2025-01-18 03:11:42,3.685,3.051,4.243,5.177,7.15,35.01,39.11,14.07,96.77,60.06,43.26,98.247,60.06,82.69999999999999,1.0353999999999999,0.6041561074505827,76,60,131
CELL_05,moderate,132,2025-01-18 06:48:13,3.567,2.932,4.208,4.334,5.409,36.52,41.19,22.42,96.37,64.06,51.59,98.242,64.06,73.95,0.8667999999999999,1.1869767441860466,77,60,132
CELL_05,moderate,133,2025-01-18 09:15:28,3.608,3.026,4.204,5.129,6.918,32.83,36.91,15.61,96.67,59.57,44.15,98.22,59.57,81.06,1.0257999999999998,0.6584684181106761,77,61,133
CELL_05,moderate,134,2025-01-18 12:05:17,3.678,3.06,4.268,4.2,5.161,32.35,37.82,12.39,98.24,72.91,61.51,98.215,72.91,85.85,0.8400000000000001,1.257023933402706,77,62,134
CELL_05,moderate,135,2025-01-18 14:50:36,3.645,2.989,4.253,5.198,6.799,35.69,40.17,12.98,96.76,56.94,47.03,98.203,56.94,83.78,1.0396,0.7895065584009995,78,63,135
CELL_05,moderate,136,2025-01-18 17:30:38,3.615,2.907,4.253,5.129,7.51,36.54,40.36,19.47,98.55,62.87,44.27,98.2,62.87,79.08,1.0257999999999998,0.5653086938261235,79,63,136
CELL_05,moderate,137,2025-01-18 20:58:00,3.641,3.032,4.205,4.997,6.545,34.25,40.54,22.55,96.82,57.53,47.15,98.199,57.53,74.27,0.9994,0.7577519379844961,80,63,137
CELL_05,moderate,138,2025-01-19 00:48:08,3.632,2.983,4.27,4.846,6.555,33.74,39.96,1.74,98.78,62.94,57.9,98.178,62.94,97.04,0.9692000000000001,0.7530719719133995,80,64,138
CELL_05,moderate,139,2025-01-19 04:23:40,3.613,3.01,4.197,4.617,6.587,32.53,38.94,22.01,97.58,64.81,52.96,98.177,64.81,75.57,0.9234,0.6025380710659901,80,64,139
CELL_05,moderate,140,2025-01-19 07:54:02,3.605,2.928,4.21,4.114,6.083,35.44,39.66,19.85,98.7,75.62,56.6,98.17,75.62,78.85,0.8228,0.6510919248349415,80,64,140
CELL_05,moderate,141,2025-01-19 11:25:29,3.598,3.053,4.21,4.953,6.749,38.17,43.57,15.67,96.09,53.29,51.54,98.149,53.29,80.42,0.9906,0.6442093541202675,81,65,141
CELL_05,moderate,142,2025-01-19 14:06:49,3.653,3.061,4.229,4.744,5.949,34.61,39.43,18.35,96.61,64.88,49.46,98.129,64.88,78.25999999999999,0.9488,0.9692946058091287,81,65,142
CELL_05,moderate,143,2025-01-19 16:52:08,3.579,2.914,4.216,5.746,8.036,33.64,38.76,12.41,98.44,55.23,42.4,98.123,55.23,86.03,1.1492,0.5685589519650658,81,66,143
CELL_05,moderate,144,2025-01-19 19:37:05,3.636,3.08,4.209,4.096,4.932,34.25,41.2,17.65,98.97,76.11,57.84,98.116,76.11,81.32,0.8192,1.3504784688995206,82,67,144
CELL_05,moderate,145,2025-01-19 23:07:38,3.56,2.931,4.19,4.256,5.917,33.18,39.48,17.38,99.11,73.22,58.05,98.104,73.22,81.73,0.8512000000000001,0.7579771222155332,82,68,145
CELL_05,moderate,146,2025-01-20 02:09:48,3.591,2.919,4.208,5.129,7.131,35.0,39.69,17.23,96.39,55.63,41.85,98.095,55.63,79.16,1.0257999999999998,0.6438561438561438,82,68,146
CELL_05,moderate,147,2025-01-20 06:13:57,3.631,2.987,4.269,4.363,5.766,34.72,38.71,9.66,98.48,70.84,62.01,98.079,70.84,88.82000000000001,0.8726,0.9137562366357808,82,69,147
CELL_05,moderate,148,2025-01-20 09:48:02,3.569,2.968,4.202,4.854,6.08,36.06,39.27,10.15,98.33,65.3,51.99,98.065,65.3,88.17999999999999,0.9708,1.0065252854812399,82,70,148
CELL_05,moderate,149,2025-01-20 13:33:27,3.648,3.09,4.213,5.04,6.619,31.4,34.63,24.62,99.72,62.07,43.54,98.047,62.07,75.1,1.008,0.7112096263457888,82,70,149
CELL_05,moderate,150,2025-01-20 16:51:23,3.663,3.093,4.267,5.692,7.159,31.75,36.82,19.04,97.55,49.62,43.43,98.046,49.62,78.50999999999999,1.1384,0.8002726653033406,82,70,150
CELL_05,moderate,151,2025-01-20 20:07:20,3.596,2.941,4.22,5.403,6.582,34.5,41.31,22.32,98.8,50.2,40.06,98.035,50.2,76.47999999999999,1.0806,1.0848176420695501,83,70,151
CELL_05,moderate,152,2025-01-20 22:29:43,3.66,3.082,4.222,5.29,7.162,33.68,37.26,7.43,96.92,55.58,48.65,98.021,55.58,89.49000000000001,1.058,0.6089743589743594,83,71,152
CELL_05,moderate,153,2025-01-21 01:09:24,3.573,2.918,4.217,5.472,7.431,34.37,38.85,27.86,99.56,56.33,38.37,98.011,56.33,71.7,1.0944,0.6630934150076568,83,71,153
CELL_05,moderate,154,2025-01-21 04:10:59,3.593,3.027,4.224,4.709,6.196,33.72,37.94,20.71,98.73,62.4,50.32,98.0,62.4,78.02000000000001,0.9418,0.8049764626765299,83,71,154
CELL_05,moderate,155,2025-01-21 07:58:31,3.582,2.971,4.217,4.898,7.316,32.45,36.48,15.42,96.88,65.22,52.46,97.983,65.22,81.46,0.9795999999999999,0.5153019023986763,83,72,155
CELL_05,moderate,156,2025-01-21 10:30:02,3.57,2.906,4.24,4.975,7.074,32.32,37.82,15.58,97.52,61.25,50.66,97.967,61.25,81.94,0.9949999999999999,0.635540733682706,83,73,156
CELL_05,moderate,157,2025-01-21 14:00:44,3.629,3.035,4.222,5.298,7.123,34.56,38.76,18.22,99.12,58.43,45.53,97.962,58.43,80.9,1.0596,0.6504109589041097,83,74,157
CELL_05,moderate,158,2025-01-21 17:56:54,3.61,2.956,4.231,3.957,4.755,32.76,37.75,13.36,96.53,75.37,64.15,97.944,75.37,83.17,0.7914,1.5977443609022555,83,75,158
CELL_05,moderate,159,2025-01-21 21:00:58,3.612,2.982,4.188,4.347,5.943,34.71,38.56,22.37,97.15,67.3,51.92,97.938,67.3,74.78,0.8694000000000001,0.755639097744361,83,75,159
CELL_05,moderate,160,2025-01-22 00:40:31,3.629,3.02,4.242,4.856,6.769,37.21,43.48,19.98,98.0,64.11,46.91,97.933,64.11,78.02,0.9712,0.6387872451646628,84,75,160
CELL_05,moderate,161,2025-01-22 02:56:59,3.547,2.98,4.193,5.212,7.776,33.98,38.0,17.79,96.42,56.44,44.53,97.916,56.44,78.63,1.0424,0.4730889235569421,84,75,161
CELL_05,moderate,162,2025-01-22 05:38:35,3.605,2.994,4.204,5.693,8.01,33.6,40.59,3.91,97.43,51.11,48.96,97.915,51.11,93.52000000000001,1.1385999999999998,0.5222270176952954,85,76,162
CELL_05,moderate,163,2025-01-22 08:33:32,3.653,3.049,4.234,4.55,6.229,36.18,40.81,23.87,99.13,67.8,52.61,97.903,67.8,75.25999999999999,0.9099999999999999,0.7057772483621202,86,76,163
CELL_05,moderate,164,2025-01-22 11:55:51,3.646,3.059,4.26,4.757,6.626,35.0,40.28,14.73,97.92,64.09,53.38,97.88,64.09,83.19,0.9513999999999999,0.6425896201177096,87,77,164
CELL_05,moderate,165,2025-01-22 14:59:02,3.643,2.991,4.232,4.832,6.717,34.72,38.68,16.86,98.05,63.42,49.53,97.858,63.42,81.19,0.9663999999999999,0.6583554376657826,87,78,165
CELL_05,moderate,166,2025-01-22 17:34:01,3.677,3.04,4.248,4.309,5.816,36.36,40.65,23.07,97.34,66.71,49.57,97.836,66.71,74.27000000000001,0.8618,0.8015925680159259,88,78,166
CELL_05,moderate,167,2025-01-22 21:01:55,3.706,3.095,4.266,5.134,7.466,35.62,41.22,12.76,96.24,60.64,47.86,97.827,60.64,83.47999999999999,1.0268000000000002,0.5021440823327615,89,79,167
CELL_05,moderate,168,2025-01-22 23:49:32,3.554,2.981,4.175,4.825,5.799,35.21,38.66,12.57,98.78,62.52,54.93,97.815,62.52,86.21000000000001,0.9650000000000001,1.225872689938398,89,80,168
CELL_05,moderate,169,2025-01-23 02:07:25,3.552,2.956,4.198,5.633,7.687,30.9,36.97,13.13,99.47,53.66,43.59,97.805,53.66,86.34,1.1266,0.6046738072054529,89,81,169
CELL_05,moderate,170,2025-01-23 05:49:22,3.589,2.936,4.264,4.65,6.632,33.61,38.51,12.08,99.81,59.57,51.82,97.799,59.57,87.73,0.93,0.670030272452069,89,82,170
CELL_05,moderate,171,2025-01-23 09:00:52,3.654,3.041,4.227,4.632,6.505,36.69,40.65,28.21,99.19,70.44,48.77,97.784,70.44,70.97999999999999,0.9263999999999999,0.6332087560064069,90,82,171
CELL_05,moderate,172,2025-01-23 11:48:37,3.632,3.098,4.198,4.827,6.192,33.82,38.57,18.77,96.14,62.73,48.76,97.772,62.73,77.37,0.9654,0.8058608058608061,90,82,172
CELL_05,moderate,173,2025-01-23 14:25:25,3.581,2.957,4.257,4.909,6.36,31.62,37.32,15.46,99.38,58.46,47.65,97.771,58.46,83.91999999999999,0.9818,0.8959338387319086,90,83,173
CELL_05,moderate,174,2025-01-23 18:06:48,3.67,3.063,4.256,4.638,6.29,35.99,41.07,24.41,96.22,63.86,43.63,97.748,63.86,71.81,0.9276,0.7221549636803873,91,83,174
CELL_05,moderate,175,2025-01-23 20:56:09,3.686,3.026,4.265,5.689,7.493,34.84,38.87,16.16,96.72,51.77,42.3,97.743,51.77,80.56,1.1378,0.6868070953436806,91,84,175
CELL_05,moderate,176,2025-01-23 23:54:04,3.563,2.947,4.202,4.487,6.528,31.24,37.28,27.36,99.31,65.43,44.24,97.738,65.43,71.95,0.8974,0.6148946594806468,91,84,176
CELL_05,moderate,177,2025-01-24 03:06:53,3.563,2.966,4.191,5.348,7.285,36.29,43.21,13.88,96.3,51.07,45.15,97.727,51.07,82.42,1.0695999999999999,0.6324212700051624,92,85,177
CELL_05,moderate,178,2025-01-24 06:54:52,3.611,3.009,4.218,4.435,6.171,37.33,43.01,21.22,98.05,72.0,46.07,97.726,72.0,76.83,0.8869999999999999,0.6964285714285712,93,85,178
CELL_05,moderate,179,2025-01-24 09:46:31,3.56,2.907,4.21,4.799,7.197,37.78,43.17,14.42,98.57,66.64,51.92,97.718,66.64,84.14999999999999,0.9598000000000001,0.5433694745621351,94,86,179
CELL_05,moderate,180,2025-01-24 12:04:23,3.587,3.095,4.182,5.218,6.856,36.69,40.7,11.89,97.81,56.67,48.64,97.708,56.67,85.92,1.0436,0.6636141636141638,95,87,180
CELL_05,moderate,181,2025-01-24 14:26:24,3.577,2.918,4.204,5.803,8.544,35.54,41.8,13.35,98.09,51.13,43.34,97.694,51.13,84.74000000000001,1.1606,0.4691718350966798,96,88,181
CELL_05,moderate,182,2025-01-24 17:12:17,3.566,2.968,4.186,4.742,5.815,36.27,43.01,17.0,98.5,59.45,56.42,97.689,59.45,81.5,0.9484,1.1351351351351346,97,89,182
CELL_05,moderate,183,2025-01-24 19:42:17,3.585,2.946,4.235,5.398,7.692,33.51,39.99,26.67,98.57,58.04,39.94,97.684,58.04,71.89999999999999,1.0796,0.561900610287707,97,89,183
CELL_05,moderate,184,2025-01-24 22:37:21,3.598,2.976,4.178,3.858,5.236,35.61,40.99,23.97,98.81,74.85,58.73,97.657,74.85,74.84,0.7716000000000001,0.8722786647314951,98,89,184
CELL_05,moderate,185,2025-01-25 02:16:42,3.604,3.029,4.173,4.259,5.545,37.95,42.6,21.62,98.01,72.5,50.63,97.652,72.5,76.39,0.8518000000000001,0.8895800933125976,99,89,185
CELL_05,moderate,186,2025-01-25 05:37:56,3.63,3.017,4.262,5.828,7.208,35.82,41.41,10.62,96.11,56.36,43.76,97.639,56.36,85.49,1.1656,0.902173913043478,100,90,186
CELL_05,moderate,187,2025-01-25 09:07:01,3.632,3.047,4.262,4.636,6.602,33.15,37.68,19.74,99.73,57.45,52.39,97.62,57.45,79.99000000000001,0.9272,0.6180061037639875,100,90,187
CELL_05,moderate,188,2025-01-25 12:04:54,3.594,2.912,4.239,4.801,5.795,34.88,41.21,16.15,97.73,59.54,50.32,97.602,59.54,81.58000000000001,0.9602,1.3350100603621733,101,91,188
CELL_05,moderate,189,2025-01-25 15:11:19,3.635,3.04,4.174,4.79,6.468,36.86,41.69,17.68,99.23,63.75,51.59,97.578,63.75,81.55000000000001,0.958,0.6758045292014305,102,92,189
CELL_05,moderate,190,2025-01-25 18:12:12,3.612,2.959,4.24,4.64,6.772,33.5,39.44,18.81,96.4,64.53,48.55,97.577,64.53,77.59,0.9279999999999999,0.6008442776735459,102,92,190
CELL_05,moderate,191,2025-01-25 21:28:58,3.639,3.025,4.243,4.461,5.751,34.55,41.3,14.49,97.84,65.57,56.13,97.573,65.57,83.35000000000001,0.8922000000000001,0.9441860465116282,103,93,191
CELL_05,moderate,192,2025-01-26 00:47:54,3.571,2.919,4.211,5.138,7.45,35.24,41.1,10.86,96.87,59.47,49.73,97.57,59.47,86.01,1.0276,0.5588235294117647,104,94,192
CELL_05,moderate,193,2025-01-26 04:27:48,3.621,3.065,4.198,4.844,7.023,35.42,40.41,29.6,98.41,65.51,44.4,97.569,65.51,68.81,0.9688000000000001,0.5199632859109687,105,94,193
CELL_05,moderate,194,2025-01-26 07:35:20,3.613,2.945,4.27,4.574,6.706,34.75,40.46,16.33,98.97,62.78,52.0,97.539,62.78,82.64,0.9148,0.6214821763602248,106,95,194
CELL_05,moderate,195,2025-01-26 11:00:22,3.58,2.976,4.18,4.868,6.984,35.59,40.58,12.52,96.51,63.19,48.39,97.513,63.19,83.99000000000001,0.9736,0.5689981096408318,107,96,195
CELL_05,moderate,196,2025-01-26 14:08:28,3.549,2.907,4.255,3.853,5.292,37.54,44.51,22.73,99.22,78.94,58.81,97.509,78.94,76.49,0.7706000000000001,0.9367616400277973,108,96,196
CELL_05,moderate,197,2025-01-26 16:48:59,3.642,3.087,4.223,5.968,8.265,34.9,39.14,18.82,97.27,49.84,36.48,97.5,49.84,78.44999999999999,1.1936,0.494558119286025,108,96,197
CELL_05,moderate,198,2025-01-26 20:38:10,3.546,2.952,4.252,5.119,6.401,35.82,40.51,16.64,99.79,60.88,50.92,97.472,60.88,83.15,1.0238,1.0140405616224648,109,97,198
CELL_05,moderate,199,2025-01-27 00:00:32,3.64,3.024,4.209,5.791,8.637,33.04,38.21,7.12,99.23,55.65,49.86,97.457,55.65,92.11,1.1582000000000001,0.4163738580463807,109,98,199
CELL_05,moderate,200,2025-01-27 02:41:18,3.525,2.918,4.214,5.741,7.394,34.36,39.35,21.23,99.93,54.56,42.27,97.455,54.56,78.7,1.1481999999999999,0.7840290381125227,109,98,200
CELL_05,moderate,201,2025-01-27 06:17:50,3.683,3.076,4.205,4.206,6.146,37.52,43.56,14.54,97.5,65.36,61.1,97.454,65.36,82.96000000000001,0.8412000000000001,0.5819587628865981,110,99,201
CELL_05,moderate,202,2025-01-27 08:34:36,3.677,3.074,4.206,5.219,7.112,37.4,44.15,23.25,98.32,62.88,40.25,97.438,62.88,75.07,1.0438,0.597992604331749,111,99,202
CELL_05,moderate,203,2025-01-27 11:06:55,3.588,3.03,4.18,4.76,6.716,32.97,37.23,17.79,98.65,63.76,48.73,97.43,63.76,80.86000000000001,0.952,0.5879345603271982,111,100,203
CELL_05,moderate,204,2025-01-27 13:54:52,3.608,2.986,4.258,4.719,7.071,31.72,38.7,16.96,99.32,67.29,52.29,97.402,67.29,82.35999999999999,0.9438000000000001,0.5408163265306123,111,101,204
CELL_05,moderate,205,2025-01-27 16:55:54,3.545,2.91,4.252,5.046,7.441,33.78,37.78,17.75,98.89,61.23,50.76,97.401,61.23,81.14,1.0092,0.5603340292275574,111,102,205
CELL_05,moderate,206,2025-01-27 19:32:33,3.571,2.909,4.244,5.361,7.914,34.29,40.38,20.17,96.7,55.85,43.95,97.396,55.85,76.53,1.0722,0.5229142185663925,112,102,206
CELL_05,moderate,207,2025-01-27 21:47:20,3.664,3.033,4.247,5.306,6.887,38.57,42.41,21.91,97.43,58.08,39.8,97.376,58.08,75.52000000000001,1.0612,0.7678684376976599,113,102,207
CELL_05,moderate,208,2025-01-28 00:56:59,3.655,3.065,4.176,5.589,7.691,36.8,42.14,18.81,96.79,58.67,44.17,97.351,58.67,77.98,1.1178000000000001,0.5285442435775455,114,102,208
CELL_05,moderate,209,2025-01-28 03:51:16,3.645,3.02,4.224,5.716,7.269,34.28,39.76,18.57,96.07,47.44,40.16,97.339,47.44,77.5,1.1432,0.7752736638763684,114,102,209
CELL_05,moderate,210,2025-01-28 06:24:34,3.528,2.934,4.195,5.597,7.971,36.69,39.83,20.12,96.91,48.29,39.64,97.316,48.29,76.78999999999999,1.1194000000000002,0.5311710193765797,114,102,210
CELL_05,moderate,211,2025-01-28 08:59:04,3.593,2.922,4.252,5.721,7.811,35.41,40.69,17.65,98.58,54.1,43.8,97.308,54.1,80.93,1.1442,0.6363636363636362,115,103,211
CELL_05,moderate,212,2025-01-28 12:43:25,3.65,3.041,4.256,4.509,5.769,33.35,38.38,18.27,96.73,69.64,51.44,97.288,69.64,78.46000000000001,0.9018,0.9642857142857146,115,103,212
CELL_05,moderate,213,2025-01-28 16:17:27,3.575,2.931,4.233,5.154,6.538,37.28,40.95,17.41,97.0,63.59,47.47,97.281,63.59,79.59,1.0308,0.9407514450867047,116,103,213
CELL_05,moderate,214,2025-01-28 18:46:44,3.564,3.013,4.184,5.921,8.829,33.57,38.57,19.14,96.95,50.03,37.55,97.265,50.03,77.81,1.1842000000000001,0.40268225584594225,116,103,214
CELL_05,moderate,215,2025-01-28 22:09:47,3.669,3.093,4.205,5.653,7.982,33.53,38.9,15.5,98.8,52.93,44.01,97.259,52.93,83.3,1.1305999999999998,0.47745813653928715,116,104,215
CELL_05,moderate,216,2025-01-29 00:23:57,3.623,3.046,4.209,5.441,7.929,35.56,41.15,14.16,96.12,53.97,41.1,97.24,53.97,81.96000000000001,1.0882,0.46744372990353683,117,105,216
CELL_05,moderate,217,2025-01-29 03:09:25,3.621,3.037,4.189,5.123,7.568,34.47,39.51,13.74,96.53,52.71,48.21,97.221,52.71,82.79,1.0246,0.4711656441717793,117,106,217
CELL_05,moderate,218,2025-01-29 06:16:47,3.591,2.967,4.174,5.533,7.127,35.35,41.16,20.09,98.93,53.72,43.37,97.214,53.72,78.84,1.1066,0.7572145545796742,118,106,218
CELL_05,moderate,219,2025-01-29 08:48:34,3.625,3.034,4.243,4.531,6.166,34.94,39.72,21.75,96.86,64.63,52.45,97.2,64.63,75.11,0.9061999999999999,0.7394495412844037,118,106,219
CELL_05,moderate,220,2025-01-29 11:51:10,3.582,2.983,4.217,4.897,6.15,36.65,41.23,15.66,96.25,58.65,44.65,97.174,58.65,80.59,0.9794,0.9848363926576212,119,107,220
CELL_05,moderate,221,2025-01-29 14:02:56,3.638,2.989,4.22,5.23,7.537,32.98,38.44,24.73,97.96,59.4,39.77,97.147,59.4,73.22999999999999,1.046,0.5335934113567404,119,107,221
CELL_05,moderate,222,2025-01-29 17:43:40,3.604,3.001,4.176,5.044,6.478,32.19,36.94,17.42,99.51,58.4,47.37,97.142,58.4,82.09,1.0088,0.8193863319386333,119,108,222
CELL_05,moderate,223,2025-01-29 21:21:13,3.587,2.962,4.254,5.023,6.697,36.03,42.48,16.05,99.0,59.55,48.13,97.138,59.55,82.95,1.0046,0.7718040621266422,120,109,223
CELL_05,moderate,224,2025-01-30 00:41:09,3.648,3.011,4.265,6.443,9.191,33.49,39.08,17.01,98.6,49.71,38.38,97.126,49.71,81.58999999999999,1.2886,0.4563318777292573,120,110,224
CELL_05,moderate,225,2025-01-30 03:27:30,3.611,3.021,4.264,4.936,6.76,32.73,37.07,20.62,99.07,62.69,49.93,97.104,62.69,78.44999999999999,0.9872,0.6814692982456143,120,110,225
CELL_05,moderate,226,2025-01-30 06:42:04,3.598,2.975,4.226,5.234,7.014,35.58,39.42,17.63,98.69,63.04,44.41,97.103,63.04,81.06,1.0468,0.7028089887640447,120,111,226
CELL_05,moderate,227,2025-01-30 10:13:00,3.617,3.016,4.21,4.684,5.808,35.24,41.78,16.41,98.23,68.27,52.81,97.094,68.27,81.82000000000001,0.9368000000000001,1.0622775800711746,121,112,227
CELL_05,moderate,228,2025-01-30 14:01:41,3.569,3.005,4.215,4.704,6.737,32.88,37.1,15.94,99.92,59.44,57.91,97.082,59.44,83.98,0.9408,0.5951795376291195,121,113,228
CELL_05,moderate,229,2025-01-30 16:41:32,3.634,3.083,4.216,5.037,6.464,36.59,43.39,11.55,97.14,61.37,50.37,97.063,61.37,85.59,1.0074,0.7939733707077783,122,114,229
CELL_05,moderate,230,2025-01-30 20:03:40,3.628,3.04,4.212,4.727,6.293,34.72,40.04,9.81,96.52,62.56,54.43,97.05,62.56,86.71,0.9454,0.7484035759897828,123,115,230
CELL_05,moderate,231,2025-01-30 22:16:12,3.648,3.067,4.237,5.725,7.146,38.13,41.41,12.99,96.09,46.18,43.94,97.01,46.18,83.10000000000001,1.145,0.8233638282899365,124,116,231
CELL_05,moderate,232,2025-01-31 01:38:09,3.62,2.979,4.265,4.971,6.447,34.98,38.16,18.59,96.54,59.67,42.04,97.009,59.67,77.95,0.9942,0.8712737127371271,124,116,232
CELL_05,moderate,233,2025-01-31 05:29:17,3.605,2.924,4.246,4.115,5.438,34.8,38.44,20.44,99.63,76.65,54.41,96.995,76.65,79.19,0.8230000000000001,0.9992441421012858,124,116,233
CELL_05,moderate,234,2025-01-31 09:14:04,3.607,2.916,4.249,4.791,7.072,32.62,36.87,18.5,97.62,60.91,48.72,96.984,60.91,79.12,0.9582,0.5843928101709777,124,116,234
CELL_05,moderate,235,2025-01-31 11:30:56,3.626,3.045,4.199,5.639,8.435,35.36,41.87,20.14,96.32,56.32,42.67,96.962,56.32,76.17999999999999,1.1278000000000001,0.41273247496423454,125,116,235
CELL_05,moderate,236,2025-01-31 14:58:15,3.686,3.088,4.261,5.067,7.54,35.89,39.33,15.71,97.86,55.44,50.48,96.939,55.44,82.15,1.0134,0.4743226849979782,125,117,236
CELL_05,moderate,237,2025-01-31 17:34:48,3.645,3.063,4.187,4.463,6.025,32.69,39.23,17.54,97.35,67.43,55.35,96.924,67.43,79.81,0.8926000000000001,0.7195902688860435,125,117,237
CELL_05,moderate,238,2025-01-31 20:29:03,3.64,3.084,4.233,5.695,7.666,33.6,38.54,15.34,96.75,50.89,45.37,96.918,50.89,81.41,1.139,0.582952815829528,125,118,238
CELL_05,moderate,239,2025-02-01 00:03:45,3.526,2.902,4.177,5.252,7.363,35.67,41.5,27.75,98.94,61.78,38.19,96.904,61.78,71.19,1.0504,0.6039791567977257,126,118,239
CELL_05,moderate,240,2025-02-01 03:11:10,3.599,2.981,4.174,5.492,6.827,38.51,43.98,23.1,98.36,57.94,40.4,96.893,57.94,75.25999999999999,1.0984,0.8936329588014985,127,118,240
CELL_05,moderate,241,2025-02-01 06:45:26,3.611,2.948,4.214,5.483,7.306,31.8,38.49,15.93,96.22,55.78,43.62,96.884,55.78,80.28999999999999,1.0966,0.6944596818431158,127,119,241
CELL_05,moderate,242,2025-02-01 09:15:59,3.58,2.935,4.221,4.904,6.717,34.9,39.22,14.01,98.11,63.64,53.07,96.883,63.64,84.1,0.9808,0.7093215664644237,127,120,242
CELL_05,moderate,243,2025-02-01 11:45:23,3.67,3.093,4.187,5.056,6.629,36.02,42.15,4.16,96.12,60.68,50.66,96.842,60.68,91.96000000000001,1.0112,0.6954863318499687,128,121,243
CELL_05,moderate,244,2025-02-01 15:13:19,3.599,3.03,4.185,5.318,6.856,37.72,43.37,9.99,96.36,59.2,49.06,96.831,59.2,86.37,1.0635999999999999,0.7509752925877761,129,122,244
CELL_05,moderate,245,2025-02-01 18:49:53,3.599,2.959,4.172,4.238,6.233,36.78,42.62,16.34,98.08,70.4,57.53,96.809,70.4,81.74,0.8476000000000001,0.6080200501253133,130,123,245
CELL_05,moderate,246,2025-02-01 21:12:35,3.632,3.073,4.203,5.741,7.512,33.95,37.62,17.94,98.05,55.07,40.71,96.783,55.07,80.11,1.1481999999999999,0.638057594579334,130,124,246
CELL_05,moderate,247,2025-02-01 23:27:19,3.6,3.043,4.212,5.179,6.223,35.64,41.34,21.32,97.46,55.71,45.33,96.771,55.71,76.13999999999999,1.0358,1.1197318007662835,131,124,247
CELL_05,moderate,248,2025-02-02 02:11:04,3.649,3.06,4.224,5.264,7.234,35.17,39.51,12.03,98.18,56.04,53.93,96.753,56.04,86.15,1.0528,0.5908629441624367,131,125,248
CELL_05,moderate,249,2025-02-02 05:00:58,3.615,2.978,4.222,4.841,5.827,35.36,40.01,18.45,97.39,59.05,49.11,96.746,59.05,78.94,0.9682000000000001,1.2616632860040573,132,125,249
CELL_05,moderate,250,2025-02-02 08:41:53,3.592,2.982,4.212,4.806,5.906,37.3,41.66,27.88,99.58,59.68,45.38,96.729,59.68,71.7,0.9612,1.1181818181818182,133,125,250
CELL_05,moderate,251,2025-02-02 11:56:21,3.589,2.972,4.259,5.239,7.787,38.47,43.2,10.98,97.37,52.69,47.02,96.696,52.69,86.39,1.0478,0.5051020408163267,134,126,251
CELL_05,moderate,252,2025-02-02 14:18:37,3.64,3.012,4.227,5.012,6.535,34.39,39.31,19.68,97.22,62.12,48.39,96.692,62.12,77.53999999999999,1.0024,0.7977675640183847,134,126,252
CELL_05,moderate,253,2025-02-02 17:19:14,3.577,2.945,4.233,5.907,7.153,33.89,39.81,16.61,98.11,53.94,40.67,96.677,53.94,81.5,1.1814,1.0337078651685396,134,127,253
CELL_05,moderate,254,2025-02-02 20:45:19,3.622,2.99,4.241,5.529,7.005,31.6,36.28,15.81,96.14,52.44,39.65,96.66,52.44,80.33,1.1058,0.8475609756097557,134,128,254
CELL_05,moderate,255,2025-02-02 22:54:50,3.564,3.007,4.178,5.493,7.799,37.29,43.57,24.46,98.96,53.18,37.91,96.64,53.18,74.5,1.0986,0.507805724197745,135,128,255
CELL_05,moderate,256,2025-02-03 01:33:06,3.625,3.068,4.216,5.475,7.745,35.52,40.73,23.71,98.28,53.0,42.97,96.633,53.0,74.57,1.095,0.505726872246696,136,128,256
CELL_05,moderate,257,2025-02-03 05:23:15,3.621,3.043,4.172,4.092,5.424,37.58,40.87,10.51,97.15,72.0,62.12,96.613,72.0,86.64,0.8183999999999999,0.8475975975975968,137,129,257
CELL_05,moderate,258,2025-02-03 07:51:06,3.598,2.975,4.247,4.745,6.225,30.42,33.61,16.18,99.45,61.22,51.93,96.612,61.22,83.27000000000001,0.9490000000000001,0.8594594594594596,137,130,258
CELL_05,moderate,259,2025-02-03 10:03:04,3.55,2.912,4.208,5.878,7.155,38.4,43.46,17.04,96.29,52.94,37.13,96.605,52.94,79.25,1.1756,1.014878621769773,138,130,259
CELL_05,moderate,260,2025-02-03 12:26:59,3.601,2.94,4.239,5.075,6.407,37.92,41.87,19.45,97.09,61.12,47.55,96.589,61.12,77.64,1.0150000000000001,0.9752252252252253,139,130,260
CELL_05,moderate,261,2025-02-03 15:55:41,3.64,3.086,4.21,4.771,6.453,34.39,38.88,23.61,97.67,60.43,44.58,96.566,60.43,74.06,0.9541999999999999,0.6682520808561235,139,130,261
CELL_05,moderate,262,2025-02-03 19:12:24,3.588,3.028,4.174,4.447,6.581,33.15,38.5,22.4,96.5,69.08,53.93,96.564,69.08,74.1,0.8894,0.5370196813495783,139,130,262
CELL_05,moderate,263,2025-02-03 21:38:36,3.628,2.97,4.23,5.65,7.024,36.17,41.36,20.74,96.12,50.04,40.18,96.563,50.04,75.38000000000001,1.1300000000000001,0.9170305676855899,140,130,263
CELL_05,moderate,264,2025-02-04 01:00:39,3.596,2.971,4.191,4.841,5.83,38.39,44.63,16.96,96.16,63.36,47.94,96.555,63.36,79.19999999999999,0.9682000000000001,1.2335692618806875,141,130,264
CELL_05,moderate,265,2025-02-04 03:56:50,3.639,3.065,4.179,5.074,7.428,36.05,40.83,26.28,96.51,58.03,40.63,96.54,58.03,70.23,1.0148,0.4732370433305014,142,130,265
CELL_05,moderate,266,2025-02-04 06:33:25,3.598,2.902,4.204,4.85,6.11,35.37,38.79,18.42,99.72,56.57,50.02,96.539,56.57,81.3,0.97,1.0333333333333325,142,131,266
CELL_05,moderate,267,2025-02-04 08:56:31,3.69,3.066,4.221,5.139,6.837,36.49,40.93,12.13,97.28,57.26,47.52,96.522,57.26,85.15,1.0278,0.680212014134276,143,132,267
CELL_05,moderate,268,2025-02-04 12:51:26,3.643,3.046,4.177,4.844,6.685,37.51,43.11,13.19,99.68,69.7,54.3,96.508,69.7,86.49000000000001,0.9688000000000001,0.6143400325909832,144,133,268
CELL_05,moderate,269,2025-02-04 15:15:36,3.638,3.052,4.189,5.259,6.448,36.85,43.25,15.84,98.57,52.86,46.08,96.506,52.86,82.72999999999999,1.0518,0.9562657695542472,145,134,269
CELL_05,moderate,270,2025-02-04 18:38:48,3.62,3.064,4.213,4.804,7.007,32.65,36.83,19.18,99.07,62.92,51.9,96.499,62.92,79.88999999999999,0.9608000000000001,0.5215615070358604,145,134,270
CELL_05,moderate,271,2025-02-04 20:55:02,3.579,2.96,4.179,5.589,8.005,35.95,39.58,13.25,99.41,48.88,45.74,96.471,48.88,86.16,1.1178000000000001,0.5045529801324504,145,135,271
CELL_05,moderate,272,2025-02-04 23:49:39,3.615,3.038,4.173,5.339,6.644,32.76,38.97,20.02,98.82,58.93,42.73,96.446,58.93,78.8,1.0678,0.8697318007662839,145,135,272
CELL_05,moderate,273,2025-02-05 02:07:55,3.576,2.924,4.188,5.325,7.308,37.21,44.08,16.02,99.55,57.88,48.03,96.443,57.88,83.53,1.065,0.6374180534543621,146,136,273
CELL_05,moderate,274,2025-02-05 05:55:59,3.58,3.004,4.208,3.67,4.524,39.1,43.41,22.09,99.72,77.26,63.56,96.426,77.26,77.63,0.734,1.4098360655737705,147,136,274
CELL_05,moderate,275,2025-02-05 08:32:23,3.596,3.05,4.177,4.999,7.062,33.12,36.4,22.39,97.14,57.13,42.32,96.418,57.13,74.75,0.9997999999999999,0.5462918080465339,147,136,275
CELL_05,moderate,276,2025-02-05 12:10:32,3.632,3.079,4.186,5.505,6.848,33.41,38.95,19.58,98.99,56.03,43.21,96.417,56.03,79.41,1.101,0.8242740134028294,147,136,276
CELL_05,moderate,277,2025-02-05 15:01:32,3.655,3.034,4.246,5.279,7.236,33.98,39.28,12.24,98.49,55.75,48.43,96.396,55.75,86.25,1.0558,0.6193152784874812,147,137,277
CELL_05,moderate,278,2025-02-05 18:44:30,3.589,2.957,4.218,4.305,6.367,35.91,42.83,19.55,97.51,68.38,51.6,96.376,68.38,77.96000000000001,0.861,0.6115421920465567,148,137,278
CELL_05,moderate,279,2025-02-05 21:56:20,3.694,3.082,4.244,4.6,5.574,33.38,37.08,14.16,98.4,59.91,54.9,96.364,59.91,84.24000000000001,0.9199999999999999,1.1930184804928128,148,138,279
CELL_05,moderate,280,2025-02-06 00:23:30,3.595,2.954,4.214,4.661,6.405,34.82,39.88,13.98,97.2,63.5,51.13,96.353,63.5,83.22,0.9321999999999999,0.7224770642201833,148,139,280
CELL_05,moderate,281,2025-02-06 03:05:18,3.655,3.057,4.246,5.201,7.066,32.32,37.66,18.24,97.63,54.93,42.61,96.34,54.93,79.39,1.0402,0.6375335120643434,148,139,281
CELL_05,moderate,282,2025-02-06 05:59:08,3.63,3.065,4.217,4.727,6.475,35.96,42.13,22.7,98.18,59.33,49.81,96.325,59.33,75.48,0.9454,0.6590389016018308,149,139,282
CELL_05,moderate,283,2025-02-06 08:38:28,3.64,3.04,4.206,4.572,6.383,34.25,40.49,14.77,97.13,63.7,49.13,96.315,63.7,82.36,0.9144,0.643843180563225,150,140,283
CELL_05,moderate,284,2025-02-06 12:08:49,3.593,2.958,4.217,5.527,8.094,35.71,40.17,13.56,99.7,52.28,47.12,96.314,52.28,86.14,1.1054,0.49045578496299175,151,141,284
CELL_05,moderate,285,2025-02-06 15:27:47,3.654,3.083,4.271,4.611,6.021,34.39,41.01,30.3,99.21,69.7,44.66,96.286,69.7,68.91,0.9221999999999999,0.8425531914893615,152,141,285
CELL_05,moderate,286,2025-02-06 18:08:06,3.542,2.902,4.2,5.81,8.149,32.36,37.29,22.3,98.86,48.9,38.7,96.266,48.9,76.56,1.162,0.5549380076955965,152,141,286
CELL_05,moderate,287,2025-02-06 20:11:38,3.63,3.042,4.203,5.59,6.866,35.96,41.84,24.91,97.32,50.55,39.11,96.246,50.55,72.41,1.1179999999999999,0.9098746081504707,153,141,287
CELL_05,moderate,288,2025-02-06 22:57:44,3.7,3.068,4.266,5.3,6.772,33.93,37.33,6.23,98.92,54.31,52.46,96.231,54.31,92.69,1.06,0.8138586956521736,153,142,288
CELL_05,moderate,289,2025-02-07 01:16:19,3.654,3.079,4.255,5.319,6.56,36.27,40.41,24.94,98.61,56.99,40.6,96.214,56.99,73.67,1.0638,0.9476228847703465,154,142,289
CELL_05,moderate,290,2025-02-07 04:21:34,3.534,2.975,4.185,5.169,7.095,34.3,37.92,25.54,96.89,56.58,42.83,96.199,56.58,71.35,1.0337999999999998,0.6282450674974036,154,142,290
CELL_05,moderate,291,2025-02-07 07:35:13,3.677,3.09,4.228,4.776,6.707,30.96,34.89,22.94,96.12,60.81,42.96,96.188,60.81,73.18,0.9551999999999999,0.589331952356292,154,142,291
CELL_05,moderate,292,2025-02-07 10:11:39,3.574,2.986,4.172,5.388,7.435,35.91,40.61,14.73,97.13,49.35,46.29,96.173,49.35,82.39999999999999,1.0776,0.5793844650708352,155,143,292
CELL_05,moderate,293,2025-02-07 12:49:29,3.554,2.91,4.173,4.316,5.316,35.28,39.91,16.76,96.73,64.31,51.89,96.155,64.31,79.97,0.8632,1.263,155,143,293
CELL_05,moderate,294,2025-02-07 15:18:42,3.593,2.99,4.2,5.036,6.509,33.79,40.45,21.82,99.85,56.81,50.01,96.136,56.81,78.03,1.0071999999999999,0.8214528173794972,156,143,294
CELL_05,moderate,295,2025-02-07 17:58:52,3.678,3.091,4.255,4.875,6.751,37.83,41.95,17.12,97.11,60.26,48.87,96.114,60.26,79.99,0.975,0.6204690831556501,157,143,295
CELL_05,moderate,296,2025-02-07 21:11:49,3.586,2.926,4.192,4.919,7.236,35.93,39.68,19.74,99.6,61.88,47.79,96.078,61.88,79.86,0.9837999999999999,0.5463962019853258,157,143,296
CELL_05,moderate,297,2025-02-08 01:04:58,3.625,3.015,4.229,4.061,5.53,34.9,41.87,20.95,96.35,77.04,55.05,96.069,77.04,75.39999999999999,0.8122,0.8264125255275696,158,143,297
CELL_05,moderate,298,2025-02-08 03:55:43,3.649,3.097,4.203,5.393,6.722,35.02,39.06,18.95,96.04,51.16,42.85,96.056,51.16,77.09,1.0786,0.8322046651617756,158,143,298
CELL_05,moderate,299,2025-02-08 07:18:11,3.609,3.021,4.23,4.198,5.34,34.57,39.96,21.73,96.25,72.67,51.16,96.054,72.67,74.52,0.8396000000000001,1.0586690017513145,158,143,299
CELL_05,moderate,300,2025-02-08 10:16:09,3.605,2.923,4.248,4.674,6.976,33.64,38.49,10.88,96.38,63.6,54.19,96.048,63.6,85.5,0.9348000000000001,0.5755864465682018,158,144,300
CELL_05,moderate,301,2025-02-08 12:42:13,3.585,2.954,4.222,4.473,5.656,35.97,41.12,22.43,96.62,61.06,48.66,96.041,61.06,74.19,0.8946,1.07185122569738,159,144,301
CELL_05,moderate,302,2025-02-08 15:32:17,3.59,2.958,4.241,4.632,6.218,33.1,39.66,14.26,97.4,67.11,55.4,96.04,67.11,83.14,0.9263999999999999,0.8089533417402265,159,145,302
CELL_05,moderate,303,2025-02-08 17:55:07,3.559,2.943,4.207,5.157,6.879,33.52,39.0,16.78,98.05,58.13,45.49,96.028,58.13,81.27,1.0314,0.7340301974448317,159,146,303
CELL_05,moderate,304,2025-02-08 21:03:42,3.62,3.045,4.226,4.165,5.914,35.62,41.91,12.55,97.11,68.96,59.23,96.018,68.96,84.56,0.833,0.6752429959977131,160,147,304
CELL_05,moderate,305,2025-02-09 00:14:23,3.613,3.057,4.173,4.81,6.774,36.84,41.17,14.37,96.93,67.48,54.66,95.991,67.48,82.56,0.962,0.5682281059063136,161,148,305
CELL_05,moderate,306,2025-02-09 02:37:45,3.663,3.095,4.209,5.056,7.185,33.66,39.37,26.68,98.43,58.45,42.86,95.988,58.45,71.75,1.0112,0.5232503522780647,161,148,306
CELL_05,moderate,307,2025-02-09 05:17:06,3.578,2.98,4.173,5.97,7.711,32.27,35.77,18.32,98.35,55.89,37.59,95.973,55.89,80.03,1.194,0.6852383687535897,161,149,307
CELL_05,moderate,308,2025-02-09 09:01:07,3.585,2.941,4.255,4.92,6.69,36.32,40.37,16.55,98.62,59.7,48.51,95.964,59.7,82.07000000000001,0.984,0.742372881355932,162,150,308
CELL_05,moderate,309,2025-02-09 12:41:31,3.619,2.991,4.2,3.352,4.085,38.33,45.14,10.77,96.92,87.3,75.3,95.961,87.3,86.15,0.6704,1.6493860845839017,163,151,309
CELL_05,moderate,310,2025-02-09 15:14:10,3.596,2.971,4.216,5.355,8.019,32.3,39.21,19.31,99.92,58.04,46.1,95.96,58.04,80.61,1.0710000000000002,0.46734234234234245,163,152,310
CELL_05,moderate,311,2025-02-09 17:58:19,3.586,2.917,4.227,4.819,5.908,32.67,36.65,19.46,96.02,59.53,47.38,95.959,59.53,76.56,0.9638,1.2029384756657484,163,152,311
CELL_05,moderate,312,2025-02-09 20:30:41,3.636,3.062,4.255,4.875,6.193,36.08,40.78,13.37,96.17,56.05,52.82,95.95,56.05,82.8,0.975,0.9051593323216999,164,153,312
CELL_05,moderate,313,2025-02-09 23:12:11,3.585,3.05,4.204,4.777,6.657,36.28,42.59,25.83,97.45,66.96,41.42,95.946,66.96,71.62,0.9554,0.6138297872340426,165,153,313
CELL_05,moderate,314,2025-02-10 02:21:15,3.627,2.992,4.213,5.474,6.738,36.03,40.73,18.97,99.86,56.2,45.13,95.923,56.2,80.89,1.0948,0.9659810126582278,166,154,314
CELL_05,moderate,315,2025-02-10 04:49:39,3.58,2.932,4.23,5.882,7.724,34.73,41.06,17.03,99.69,46.84,41.76,95.908,46.84,82.66,1.1764,0.7046688382193269,167,155,315
CELL_05,moderate,316,2025-02-10 08:16:29,3.579,2.944,4.214,4.91,7.215,34.24,38.91,19.97,96.01,63.87,44.49,95.886,63.87,76.04,0.982,0.5509761388286337,167,155,316
CELL_05,moderate,317,2025-02-10 11:23:30,3.643,3.093,4.186,4.663,5.686,32.41,37.27,19.44,98.59,62.05,52.92,95.885,62.05,79.15,0.9326000000000001,1.068426197458456,167,155,317
CELL_05,moderate,318,2025-02-10 13:52:21,3.55,2.922,4.21,4.954,6.927,34.3,39.58,13.04,97.14,57.2,52.41,95.87,57.2,84.1,0.9907999999999999,0.6528129751647237,167,156,318
CELL_05,moderate,319,2025-02-10 16:53:30,3.551,2.934,4.18,4.794,6.044,39.05,42.5,18.33,99.67,66.9,50.86,95.851,66.9,81.34,0.9587999999999999,0.9967999999999997,168,157,319
CELL_05,moderate,320,2025-02-10 20:07:44,3.635,3.003,4.238,4.602,5.924,34.74,38.41,22.6,97.99,64.33,51.07,95.841,64.33,75.38999999999999,0.9204000000000001,0.9341906202723149,168,157,320
CELL_05,moderate,321,2025-02-10 22:36:10,3.616,3.039,4.221,5.007,6.854,30.95,36.98,15.67,97.26,59.06,44.31,95.836,59.06,81.59,1.0013999999999998,0.6399566865186788,168,158,321
CELL_05,moderate,322,2025-02-11 01:38:57,3.604,3.01,4.189,5.218,7.55,34.64,41.07,12.23,99.24,60.15,47.78,95.835,60.15,87.00999999999999,1.0436,0.5055746140651802,169,159,322
CELL_05,moderate,323,2025-02-11 04:57:14,3.654,3.096,4.255,5.273,7.193,34.19,37.32,18.44,98.89,52.9,49.33,95.826,52.9,80.45,1.0546,0.6036458333333332,169,160,323
CELL_05,moderate,324,2025-02-11 08:26:31,3.64,3.064,4.232,4.968,6.369,33.18,38.67,25.8,99.21,61.56,44.1,95.818,61.56,73.41,0.9936,0.8336902212705213,169,160,324
CELL_05,moderate,325,2025-02-11 12:26:35,3.643,3.04,4.204,4.316,6.264,32.79,38.38,5.61,97.86,73.37,64.03,95.797,73.37,92.25,0.8632,0.5975359342915808,169,161,325
CELL_05,moderate,326,2025-02-11 16:09:57,3.641,3.052,4.229,4.798,6.105,35.82,41.44,15.21,99.85,60.67,51.93,95.776,60.67,84.63999999999999,0.9596,0.9005355776587602,170,162,326
CELL_05,moderate,327,2025-02-11 19:19:57,3.617,2.996,4.252,5.67,7.708,34.84,38.48,19.59,99.35,51.9,44.87,95.76,51.9,79.75999999999999,1.134,0.6162904808635916,170,162,327
CELL_05,moderate,328,2025-02-11 22:08:44,3.563,2.921,4.185,4.32,5.68,33.44,40.04,15.16,97.73,72.83,58.69,95.753,72.83,82.57000000000001,0.8640000000000001,0.9294117647058826,171,163,328
CELL_05,moderate,329,2025-02-12 01:33:41,3.658,3.006,4.248,4.768,6.923,36.9,43.26,15.88,97.49,60.66,51.67,95.718,60.66,81.61,0.9536,0.5763341067285385,172,164,329
CELL_05,moderate,330,2025-02-12 05:10:36,3.642,3.024,4.26,5.337,6.599,36.98,43.65,22.61,99.3,53.76,45.99,95.717,53.76,76.69,1.0674,0.979397781299524,173,164,330
CELL_05,moderate,331,2025-02-12 08:27:39,3.632,3.0,4.223,4.612,6.898,35.72,39.05,23.58,96.87,61.18,47.98,95.716,61.18,73.29,0.9224,0.5349956255468067,173,164,331
CELL_05,moderate,332,2025-02-12 11:08:45,3.56,2.933,4.203,4.393,5.855,31.43,37.08,19.17,99.16,70.51,54.05,95.715,70.51,79.99,0.8785999999999999,0.868673050615595,173,164,332
CELL_05,moderate,333,2025-02-12 14:42:11,3.61,2.944,4.244,5.36,7.745,35.43,39.14,26.46,99.34,52.42,43.52,95.699,52.42,72.88,1.072,0.5450733752620545,173,164,333
CELL_05,moderate,334,2025-02-12 17:02:15,3.592,2.997,4.243,4.715,6.328,33.64,36.81,27.82,99.23,65.94,42.82,95.681,65.94,71.41,0.943,0.7724736515809052,173,164,334
CELL_05,moderate,335,2025-02-12 19:22:16,3.62,3.013,4.208,5.491,6.905,34.25,38.66,19.49,97.17,54.98,47.2,95.668,54.98,77.68,1.0981999999999998,0.8451202263083449,173,164,335
CELL_05,moderate,336,2025-02-12 22:20:18,3.589,2.96,4.271,4.823,6.597,35.09,40.6,22.09,96.47,58.2,45.38,95.65,58.2,74.38,0.9646000000000001,0.7390078917700112,174,164,336
CELL_05,moderate,337,2025-02-13 00:39:45,3.57,2.936,4.199,5.034,6.543,29.31,35.49,22.21,96.87,53.81,45.81,95.644,53.81,74.66,1.0068,0.8369781312127234,174,164,337
CELL_05,moderate,338,2025-02-13 03:03:16,3.661,3.06,4.247,5.55,8.111,33.96,37.99,15.03,96.91,47.01,46.36,95.631,47.01,81.88,1.1099999999999999,0.46349082389691504,174,165,338
CELL_05,moderate,339,2025-02-13 05:38:50,3.615,3.034,4.236,5.687,7.931,36.93,42.31,18.97,99.68,51.58,41.58,95.63,51.58,80.71000000000001,1.1374,0.535650623885918,175,166,339
CELL_05,moderate,340,2025-02-13 08:51:08,3.682,3.078,4.271,5.12,7.011,32.87,39.0,15.59,97.58,56.02,48.71,95.609,56.02,81.99,1.024,0.6308831306187203,175,167,340
CELL_05,moderate,341,2025-02-13 11:43:42,3.601,3.033,4.228,5.215,6.823,33.98,38.51,29.15,99.65,55.31,41.96,95.608,55.31,70.5,1.043,0.7431592039800992,175,167,341
CELL_05,moderate,342,2025-02-13 14:28:35,3.62,3.028,4.191,5.69,7.309,34.16,39.77,15.69,96.14,55.28,44.33,95.595,55.28,80.45,1.1380000000000001,0.7183446571957999,175,168,342
CELL_05,moderate,343,2025-02-13 16:55:41,3.606,3.042,4.236,4.458,5.739,36.44,41.73,23.24,97.34,63.68,45.71,95.594,63.68,74.10000000000001,0.8916000000000001,0.9320843091334896,176,168,343
CELL_05,moderate,344,2025-02-13 20:39:53,3.7,3.089,4.254,4.037,5.323,33.26,37.34,16.53,99.1,75.5,64.69,95.59,75.5,82.57,0.8074,0.9059097978227054,176,169,344
CELL_05,moderate,345,2025-02-13 23:51:09,3.645,3.068,4.25,5.776,8.45,38.9,43.67,17.75,98.1,50.95,42.87,95.576,50.95,80.35,1.1552,0.4420344053851908,177,170,345
CELL_05,moderate,346,2025-02-14 03:25:14,3.566,3.029,4.192,4.589,5.887,32.28,37.84,9.47,98.2,65.83,60.17,95.575,65.83,88.73,0.9178000000000001,0.8959938366718035,177,171,346
CELL_05,moderate,347,2025-02-14 06:32:13,3.587,2.992,4.199,5.495,7.228,34.65,39.22,7.07,96.13,54.26,48.2,95.57,54.26,89.06,1.099,0.6964800923254473,177,172,347
CELL_05,moderate,348,2025-02-14 09:17:40,3.655,2.971,4.265,5.381,7.263,39.28,44.47,15.88,99.09,53.55,43.78,95.526,53.55,83.21000000000001,1.0762,0.6875664187035068,178,173,348
CELL_05,moderate,349,2025-02-14 12:29:37,3.654,3.014,4.227,5.345,7.184,32.51,35.94,16.8,97.16,55.26,43.89,95.513,55.26,80.36,1.069,0.6595976073953237,178,174,349
CELL_05,moderate,350,2025-02-14 15:59:32,3.578,2.961,4.185,5.745,8.429,36.74,41.59,13.76,96.22,55.36,42.14,95.487,55.36,82.46,1.149,0.45603576751117725,179,175,350
CELL_05,moderate,351,2025-02-14 18:23:33,3.642,3.053,4.235,5.107,6.356,36.59,42.07,29.73,99.92,63.3,44.59,95.475,63.3,70.19,1.0214,0.9463570856685354,180,175,351
CELL_05,moderate,352,2025-02-14 21:49:29,3.644,3.092,4.182,4.973,6.844,36.8,40.64,18.43,96.94,56.77,45.98,95.454,56.77,78.50999999999999,0.9945999999999999,0.5825761624799572,181,175,352
CELL_05,moderate,353,2025-02-15 00:37:03,3.585,2.906,4.269,6.063,7.94,32.88,37.99,21.47,98.75,47.12,42.41,95.438,47.12,77.28,1.2126,0.7261587639850823,181,175,353
CELL_05,moderate,354,2025-02-15 03:37:19,3.659,3.048,4.245,4.717,6.005,32.4,36.23,15.24,97.29,60.38,51.41,95.414,60.38,82.05000000000001,0.9433999999999999,0.9293478260869564,181,176,354
CELL_05,moderate,355,2025-02-15 07:08:11,3.593,2.94,4.212,6.138,8.371,33.25,38.13,15.18,98.61,49.39,43.79,95.408,49.39,83.43,1.2276,0.5696372592924315,181,177,355
CELL_05,moderate,356,2025-02-15 09:52:36,3.569,2.908,4.189,4.44,6.161,38.74,42.18,19.94,96.91,68.32,49.7,95.392,68.32,76.97,0.8880000000000001,0.7443346891342247,182,177,356
CELL_05,moderate,357,2025-02-15 13:36:08,3.572,2.94,4.211,4.414,5.877,34.09,38.34,18.91,99.22,67.44,50.23,95.379,67.44,80.31,0.8827999999999999,0.8687628161312374,182,178,357
CELL_05,moderate,358,2025-02-15 16:22:49,3.61,2.971,4.183,6.064,8.392,36.4,42.44,16.21,96.01,49.14,38.7,95.36,49.14,79.80000000000001,1.2128,0.520618556701031,183,178,358
CELL_05,moderate,359,2025-02-15 20:00:10,3.611,3.088,4.214,4.792,6.968,34.14,37.71,12.59,97.13,62.73,50.2,95.333,62.73,84.53999999999999,0.9583999999999999,0.5174632352941178,183,179,359
CELL_05,moderate,360,2025-02-15 22:27:45,3.629,3.052,4.214,5.101,7.05,34.87,41.33,12.73,98.04,55.25,48.98,95.315,55.25,85.31,1.0202,0.5962031811185226,184,180,360
CELL_05,moderate,361,2025-02-16 01:01:34,3.565,2.944,4.193,5.303,6.8,33.27,36.77,14.43,98.8,57.04,48.03,95.293,57.04,84.37,1.0606,0.8343353373413492,184,181,361
CELL_05,moderate,362,2025-02-16 03:59:42,3.62,2.995,4.243,5.166,7.499,36.0,40.55,14.23,98.64,60.66,50.6,95.276,60.66,84.41,1.0332000000000001,0.5349335619374199,185,182,362
CELL_05,moderate,363,2025-02-16 06:41:42,3.625,2.992,4.266,5.198,6.375,36.68,39.76,30.58,97.99,59.47,39.49,95.275,59.47,67.41,1.0396,1.0824129141886154,185,182,363
CELL_05,moderate,364,2025-02-16 08:52:29,3.598,2.993,4.227,5.537,7.238,36.31,39.67,21.98,98.67,51.2,42.78,95.264,51.2,76.69,1.1074,0.7254556143445032,185,182,364
CELL_05,moderate,365,2025-02-16 12:08:16,3.573,2.924,4.219,4.446,5.407,32.54,35.78,17.52,99.59,71.64,57.7,95.249,71.64,82.07000000000001,0.8892,1.347554630593132,185,183,365
CELL_05,moderate,366,2025-02-16 14:46:40,3.592,2.942,4.201,5.533,8.089,33.04,37.9,19.55,96.59,52.61,44.07,95.232,52.61,77.04,1.1066,0.49256651017214376,185,183,366
CELL_05,moderate,367,2025-02-16 17:22:13,3.654,3.099,4.213,5.274,7.738,35.23,39.4,24.05,98.76,56.24,42.31,95.228,56.24,74.71000000000001,1.0548,0.45211038961038946,185,183,367
CELL_05,moderate,368,2025-02-16 21:10:12,3.588,2.97,4.225,4.937,6.534,35.8,39.02,23.67,96.36,67.06,44.79,95.227,67.06,72.69,0.9874,0.7858484658735128,185,183,368
CELL_05,moderate,369,2025-02-17 00:14:15,3.586,2.93,4.246,4.295,5.8,32.66,37.73,16.31,97.58,70.34,55.27,95.214,70.34,81.27,0.859,0.8744186046511631,185,184,369
CELL_05,moderate,370,2025-02-17 02:27:41,3.568,2.908,4.266,5.724,6.929,36.74,39.93,26.56,99.63,54.61,39.74,95.195,54.61,73.07,1.1448,1.1269709543568465,185,184,370
CELL_05,moderate,371,2025-02-17 06:27:50,3.595,3.014,4.184,3.606,4.34,33.73,38.71,14.43,99.15,85.74,68.92,95.172,85.74,84.72,0.7212,1.5940054495912812,185,185,371
CELL_05,moderate,372,2025-02-17 09:43:49,3.665,3.022,4.253,4.792,6.012,37.72,41.79,12.82,96.05,60.46,49.57,95.157,60.46,83.22999999999999,0.9583999999999999,1.0090163934426235,186,186,372
CELL_05,moderate,373,2025-02-17 13:04:45,3.586,2.952,4.208,4.534,5.956,35.1,39.76,16.79,96.04,65.82,47.94,95.156,65.82,79.25,0.9067999999999999,0.8832630098452882,186,186,373
CELL_05,moderate,374,2025-02-17 16:26:31,3.603,2.973,4.236,4.23,5.792,35.63,42.04,18.37,98.59,69.74,56.33,95.144,69.74,80.22,0.8460000000000001,0.8085787451984637,187,187,374
CELL_05,moderate,375,2025-02-17 19:38:52,3.662,3.015,4.26,4.186,5.337,37.44,40.9,16.33,99.96,72.46,64.14,95.143,72.46,83.63,0.8371999999999999,1.0816681146828844,188,188,375
CELL_05,moderate,376,2025-02-17 23:14:39,3.647,3.048,4.205,4.743,6.906,31.83,37.65,23.13,97.48,67.31,50.36,95.122,67.31,74.35000000000001,0.9486000000000001,0.5349052242256127,188,188,376
CELL_05,moderate,377,2025-02-18 01:38:25,3.612,3.014,4.177,5.632,7.236,36.04,41.36,26.0,99.77,52.79,37.54,95.104,52.79,73.77,1.1263999999999998,0.7250623441396508,189,188,377
CELL_05,moderate,378,2025-02-18 05:28:55,3.615,3.029,4.184,4.765,6.045,35.54,41.05,17.75,97.17,63.94,51.75,95.091,63.94,79.42,0.953,0.90234375,190,188,378
CELL_05,moderate,379,2025-02-18 08:25:17,3.584,2.962,4.203,5.373,6.832,34.46,38.81,3.87,98.86,51.66,48.5,95.077,51.66,94.99,1.0746,0.8505825908156275,190,189,379
CELL_05,moderate,380,2025-02-18 11:50:04,3.6,3.003,4.2,5.006,6.806,33.55,36.81,17.0,99.92,58.17,49.67,95.067,58.17,82.92,1.0012,0.6650000000000001,190,190,380
CELL_05,moderate,381,2025-02-18 14:12:38,3.622,3.008,4.225,5.339,6.782,38.94,43.09,10.93,99.26,55.28,47.09,95.048,55.28,88.33000000000001,1.0678,0.8433818433818434,191,191,381
CELL_05,moderate,382,2025-02-18 17:39:23,3.652,3.033,4.248,4.229,5.612,36.11,41.44,22.72,97.76,70.81,52.78,95.039,70.81,75.04,0.8458,0.8785249457700652,192,191,382
CELL_05,moderate,383,2025-02-18 20:17:44,3.599,2.923,4.218,4.46,6.267,33.09,38.8,22.82,98.41,65.98,48.99,95.014,65.98,75.59,0.892,0.7166574432761481,192,191,383
CELL_05,moderate,384,2025-02-19 00:08:37,3.602,3.045,4.196,3.922,5.693,37.21,40.31,19.65,99.27,77.22,62.56,95.013,77.22,79.62,0.7844,0.6499153020892152,193,191,384
CELL_05,moderate,385,2025-02-19 02:32:44,3.592,2.964,4.191,5.24,7.199,35.93,41.34,15.88,97.72,55.36,43.54,94.998,55.36,81.84,1.048,0.6263399693721287,194,192,385
CELL_05,moderate,386,2025-02-19 06:14:02,3.62,2.972,4.219,4.416,5.941,30.77,36.99,19.3,98.98,68.22,55.23,94.983,68.22,79.68,0.8832000000000001,0.8177049180327874,194,192,386
CELL_05,moderate,387,2025-02-19 09:29:35,3.638,3.046,4.193,5.91,8.609,31.32,37.73,17.84,98.39,50.68,41.66,94.963,50.68,80.55,1.182,0.4249722119303445,194,193,387
CELL_05,moderate,388,2025-02-19 12:24:25,3.676,3.06,4.248,4.488,5.968,35.17,40.84,25.23,98.57,60.74,46.94,94.952,60.74,73.33999999999999,0.8976000000000001,0.802702702702703,195,193,388
CELL_05,moderate,389,2025-02-19 15:55:07,3.6,3.063,4.194,5.114,6.364,34.44,38.59,13.46,97.41,59.42,47.29,94.94,59.42,83.94999999999999,1.0228,0.9047999999999998,195,194,389
CELL_05,moderate,390,2025-02-19 18:14:23,3.596,2.953,4.25,5.271,7.398,35.79,41.87,12.25,96.4,54.27,46.17,94.93,54.27,84.15,1.0542,0.6097790314997651,196,195,390
CELL_05,moderate,391,2025-02-19 20:59:49,3.645,2.999,4.271,5.051,6.16,38.93,43.81,13.09,98.65,54.29,53.65,94.919,54.29,85.56,1.0102,1.1469792605951306,197,196,391
CELL_05,moderate,392,2025-02-19 23:22:07,3.586,2.97,4.184,5.522,8.269,36.43,40.98,21.99,99.4,53.01,40.89,94.911,53.01,77.41000000000001,1.1044,0.4419366581725519,198,196,392
CELL_05,moderate,393,2025-02-20 01:58:13,3.609,3.05,4.224,5.886,8.197,33.76,40.19,20.49,99.44,51.51,44.84,94.908,51.51,78.95,1.1772,0.5080051925573349,199,196,393
CELL_05,moderate,394,2025-02-20 05:14:44,3.659,3.067,4.179,5.364,7.09,37.62,41.7,28.57,98.16,52.13,42.38,94.907,52.13,69.59,1.0728,0.6442641946697567,200,196,394
CELL_05,moderate,395,2025-02-20 08:44:27,3.673,3.093,4.2,5.278,7.165,36.32,42.91,20.56,98.6,54.51,43.41,94.906,54.51,78.03999999999999,1.0555999999999999,0.5866454689984102,201,196,395
CELL_05,moderate,396,2025-02-20 10:57:09,3.583,2.952,4.221,5.314,6.472,35.87,40.51,19.51,97.25,53.49,45.01,94.874,53.49,77.74,1.0628,1.0958549222797924,202,196,396
CELL_05,moderate,397,2025-02-20 14:29:31,3.621,3.041,4.254,5.753,7.097,33.5,40.03,18.98,99.01,54.66,40.61,94.859,54.66,80.03,1.1506,0.9025297619047614,203,197,397
CELL_05,moderate,398,2025-02-20 17:48:33,3.61,3.066,4.198,4.693,5.999,31.56,38.24,13.57,99.69,67.6,53.9,94.848,67.6,86.12,0.9385999999999999,0.8667687595712102,203,198,398
CELL_05,moderate,399,2025-02-20 21:20:18,3.655,3.082,4.223,4.618,6.585,34.29,39.54,21.01,98.33,65.69,51.14,94.823,65.69,77.32,0.9236000000000001,0.5800711743772243,203,198,399
CELL_05,moderate,400,2025-02-21 01:03:01,3.592,3.024,4.214,5.139,7.55,37.26,41.3,11.43,97.18,58.18,53.42,94.796,58.18,85.75,1.0278,0.49357113231024496,204,199,400
CELL_06,aggressive,1,2025-01-01 13:46:45,3.65,3.019,4.264,8.68,12.6,49.25,56.24,0.94,96.59,31.49,33.63,99.938,31.49,95.65,1.736,0.31760204081632654,1,1,1
CELL_06,aggressive,2,2025-01-01 16:17:21,3.614,3.01,4.269,9.308,11.302,45.14,50.4,0.0,96.06,33.42,28.97,99.874,33.42,96.06,1.8616,0.6313941825476431,2,2,2
CELL_06,aggressive,3,2025-01-01 18:08:42,3.65,3.023,4.255,9.499,13.354,44.85,50.51,7.68,97.97,34.06,28.06,99.803,34.06,90.28999999999999,1.8998000000000002,0.3195849546044099,3,3,3
CELL_06,aggressive,4,2025-01-01 20:44:30,3.61,2.946,4.196,9.229,13.82,44.13,50.84,0.0,97.59,34.77,31.2,99.728,34.77,97.59,1.8457999999999999,0.27227183620126316,4,4,4
CELL_06,aggressive,5,2025-01-01 23:52:42,3.6,3.092,4.203,8.981,12.436,48.48,54.49,0.0,96.74,38.18,32.97,99.645,38.18,96.74,1.7962,0.321562952243126,5,5,5
CELL_06,aggressive,6,2025-01-02 02:12:13,3.673,3.068,4.243,9.005,12.483,42.38,45.88,5.58,97.28,36.46,30.39,99.594,36.46,91.7,1.8010000000000002,0.33783783783783794,6,6,6
CELL_06,aggressive,7,2025-01-02 03:47:34,3.603,3.001,4.171,9.6,13.658,45.17,51.78,1.27,96.86,27.77,28.15,99.518,27.77,95.59,1.92,0.28831936914736334,7,7,7
CELL_06,aggressive,8,2025-01-02 05:44:51,3.608,3.05,4.205,8.375,12.212,45.41,52.21,3.55,96.86,31.32,34.55,99.472,31.32,93.31,1.675,0.3010164190774043,8,8,8
CELL_06,aggressive,9,2025-01-02 07:50:16,3.596,2.982,4.202,8.11,11.436,45.73,49.85,0.0,96.97,37.22,36.48,99.424,37.22,96.97,1.6219999999999999,0.36680697534576057,9,9,9
CELL_06,aggressive,10,2025-01-02 09:32:45,3.6,2.991,4.221,8.793,12.348,42.17,46.04,0.26,99.07,33.95,33.38,99.382,33.95,98.80999999999999,1.7586,0.3459915611814344,10,10,10
CELL_06,aggressive,11,2025-01-02 11:18:40,3.55,2.914,4.203,8.856,11.322,44.55,49.02,4.53,97.57,32.62,31.92,99.335,32.62,93.03999999999999,1.7711999999999999,0.5227088402270886,11,11,11
CELL_06,aggressive,12,2025-01-02 12:52:00,3.588,2.926,4.215,9.338,13.183,42.94,46.84,8.48,96.42,30.19,32.39,99.263,30.19,87.94,1.8676,0.3352405721716514,12,12,12
CELL_06,aggressive,13,2025-01-02 15:40:20,3.589,2.968,4.261,8.952,12.882,45.41,48.98,2.39,97.19,40.53,28.17,99.198,40.53,94.8,1.7904,0.32900763358778634,13,13,13
CELL_06,aggressive,14,2025-01-02 17:49:31,3.654,3.03,4.248,8.221,11.292,45.31,49.28,1.07,99.61,32.8,34.87,99.137,32.8,98.54,1.6442,0.39661348095083054,14,14,14
CELL_06,aggressive,15,2025-01-02 19:46:47,3.644,2.969,4.247,9.428,13.148,43.41,47.54,5.45,96.72,28.69,29.44,99.071,28.69,91.27,1.8856000000000002,0.3435483870967743,15,15,15
CELL_06,aggressive,16,2025-01-02 22:43:48,3.646,3.084,4.214,9.244,11.855,41.46,47.63,0.19,96.7,34.83,32.53,99.01,34.83,96.51,1.8488,0.43278437380314055,16,16,16
CELL_06,aggressive,17,2025-01-03 01:26:59,3.56,2.923,4.185,9.15,13.47,44.2,50.55,9.48,98.31,32.66,27.65,98.96,32.66,88.83,1.83,0.2921296296296295,17,17,17
CELL_06,aggressive,18,2025-01-03 04:20:11,3.583,2.916,4.171,9.024,10.996,42.31,48.25,3.68,98.52,33.02,33.55,98.901,33.02,94.83999999999999,1.8047999999999997,0.6364097363083162,18,18,18
CELL_06,aggressive,19,2025-01-03 07:05:16,3.584,3.036,4.195,8.383,10.366,44.66,49.35,5.57,99.37,37.57,31.02,98.83,37.57,93.80000000000001,1.6765999999999999,0.5844679778113968,19,19,19
CELL_06,aggressive,20,2025-01-03 10:02:30,3.573,2.952,4.217,9.671,12.956,44.35,47.97,0.0,96.36,29.92,31.61,98.761,29.92,96.36,1.9342,0.385083713850837,20,20,20
CELL_06,aggressive,21,2025-01-03 12:38:21,3.625,2.981,4.239,9.833,14.235,42.02,47.58,5.87,97.84,25.16,26.89,98.704,25.16,91.97,1.9666000000000001,0.2857791912766925,21,21,21
CELL_06,aggressive,22,2025-01-03 15:23:13,3.622,2.987,4.213,8.637,12.829,47.87,50.97,0.69,97.16,30.28,34.98,98.634,30.28,96.47,1.7274,0.2924618320610687,22,22,22
CELL_06,aggressive,23,2025-01-03 17:24:55,3.623,2.968,4.268,9.039,13.521,43.09,48.62,4.0,96.36,31.66,30.58,98.572,31.66,92.36,1.8077999999999999,0.290049085229808,23,23,23
CELL_06,aggressive,24,2025-01-03 19:04:32,3.646,3.083,4.207,9.211,12.662,43.3,47.64,9.31,99.07,34.99,29.83,98.506,34.99,89.75999999999999,1.8422,0.32570269487105175,24,24,24
CELL_06,aggressive,25,2025-01-03 21:54:14,3.55,2.909,4.184,8.816,12.741,47.66,52.9,0.0,96.26,29.88,34.56,98.436,29.88,96.26,1.7632,0.3248407643312104,25,25,25
CELL_06,aggressive,26,2025-01-03 23:50:04,3.61,2.967,4.251,8.066,10.65,43.04,47.91,0.0,97.04,37.81,36.77,98.408,37.81,97.04,1.6132000000000002,0.49690402476780204,26,26,26
CELL_06,aggressive,27,2025-01-04 01:42:13,3.67,3.033,4.263,9.389,12.015,46.16,52.77,0.0,96.8,33.21,32.07,98.343,33.21,96.8,1.8778,0.4683929931454682,27,27,27
CELL_06,aggressive,28,2025-01-04 03:59:27,3.59,2.938,4.238,7.765,9.421,47.15,50.62,3.77,96.68,37.6,34.25,98.288,37.6,92.91000000000001,1.553,0.7850241545893722,28,28,28
CELL_06,aggressive,29,2025-01-04 05:55:12,3.613,2.962,4.253,9.135,13.061,42.35,48.34,7.18,96.3,32.34,28.87,98.226,32.34,89.12,1.827,0.3288334182373917,29,29,29
CELL_06,aggressive,30,2025-01-04 07:41:04,3.634,2.984,4.242,8.994,11.669,44.52,51.15,0.8,99.8,33.49,31.39,98.164,33.49,99.0,1.7988,0.47028037383177557,30,30,30
CELL_06,aggressive,31,2025-01-04 09:26:06,3.582,2.947,4.193,9.276,12.519,42.95,49.31,6.15,96.77,32.29,28.82,98.097,32.29,90.61999999999999,1.8552,0.3842121492445265,31,31,31
CELL_06,aggressive,32,2025-01-04 11:49:11,3.633,3.088,4.22,9.164,13.446,45.09,50.38,0.73,97.24,29.41,28.0,98.033,29.41,96.50999999999999,1.8328,0.26436244745446047,32,32,32
CELL_06,aggressive,33,2025-01-04 14:51:37,3.642,2.971,4.248,8.32,10.134,42.15,45.54,0.19,99.19,39.97,32.59,97.969,39.97,99.0,1.6640000000000001,0.7039691289966924,33,33,33
CELL_06,aggressive,34,2025-01-04 16:28:17,3.676,3.055,4.262,9.681,14.221,42.67,48.26,3.4,98.87,33.84,29.28,97.898,33.84,95.47,1.9362,0.26585903083700424,34,34,34
CELL_06,aggressive,35,2025-01-04 18:55:40,3.635,3.014,4.223,8.725,11.53,46.89,50.59,1.5,98.65,32.99,32.85,97.819,32.99,97.15,1.7449999999999999,0.43101604278074873,35,35,35
CELL_06,aggressive,36,2025-01-04 20:47:52,3.675,3.042,4.258,8.613,12.532,43.28,49.33,2.43,97.3,44.18,33.36,97.753,44.18,94.86999999999999,1.7226,0.3102832355192651,36,36,36
CELL_06,aggressive,37,2025-01-04 22:30:35,3.686,3.092,4.265,8.94,13.056,42.57,45.65,0.0,96.27,32.15,31.67,97.69,32.15,96.27,1.7879999999999998,0.2849854227405247,37,37,37
CELL_06,aggressive,38,2025-01-05 00:25:37,3.642,2.988,4.217,9.094,12.479,49.5,55.21,0.0,98.44,27.89,31.28,97.613,27.89,98.44,1.8188,0.3630723781388478,38,38,38
CELL_06,aggressive,39,2025-01-05 02:41:50,3.619,3.081,4.212,8.695,10.71,43.6,50.08,9.01,98.02,36.6,29.7,97.572,36.6,89.00999999999999,1.739,0.5612903225806449,39,39,39
CELL_06,aggressive,40,2025-01-05 05:32:22,3.614,3.066,4.208,8.461,11.404,46.8,53.07,8.47,99.38,35.33,31.53,97.507,35.33,90.91,1.6922000000000001,0.3880394155623515,40,40,40
CELL_06,aggressive,41,2025-01-05 07:50:41,3.569,2.975,4.207,8.651,12.427,42.57,48.89,13.01,96.71,30.58,30.36,97.461,30.58,83.69999999999999,1.7302,0.32627118644067793,41,41,41
CELL_06,aggressive,42,2025-01-05 10:00:47,3.667,3.087,4.237,8.046,11.371,45.2,49.23,6.33,99.71,34.45,36.28,97.417,34.45,93.38,1.6092,0.3458646616541352,42,42,42
CELL_06,aggressive,43,2025-01-05 12:01:51,3.605,3.011,4.216,9.112,12.189,44.27,49.84,10.26,97.25,35.81,28.93,97.358,35.81,86.99,1.8224,0.39161520961975954,43,43,43
CELL_06,aggressive,44,2025-01-05 13:54:02,3.636,3.032,4.249,9.957,12.619,46.63,51.05,0.0,98.75,32.19,33.88,97.282,32.19,98.75,1.9914,0.4571750563486101,44,44,44
CELL_06,aggressive,45,2025-01-05 16:38:57,3.632,2.984,4.258,9.325,13.544,43.32,47.11,5.37,99.06,38.5,25.35,97.227,38.5,93.69,1.8649999999999998,0.30196729082721013,45,45,45
CELL_06,aggressive,46,2025-01-05 19:34:28,3.664,3.085,4.238,8.645,10.916,46.39,51.11,9.1,99.3,37.55,33.16,97.149,37.55,90.2,1.7289999999999999,0.5077058564509027,46,46,46
CELL_06,aggressive,47,2025-01-05 21:25:35,3.6,2.921,4.257,9.103,10.945,45.62,51.15,0.69,99.69,28.77,33.66,97.092,28.77,99.0,1.8206,0.7252985884907707,47,47,47
CELL_06,aggressive,48,2025-01-06 00:00:07,3.646,3.044,4.26,8.543,12.28,46.23,52.28,2.45,99.22,38.59,33.56,97.021,38.59,96.77,1.7086,0.3253947016323253,48,48,48
CELL_06,aggressive,49,2025-01-06 02:22:45,3.582,2.957,4.233,9.338,11.341,44.33,47.76,3.38,99.14,30.15,28.6,96.958,30.15,95.76,1.8676,0.6370444333499748,49,49,49
CELL_06,aggressive,50,2025-01-06 04:10:07,3.597,2.959,4.206,9.434,12.565,44.68,50.24,7.83,99.93,33.37,29.35,96.875,33.37,92.10000000000001,1.8867999999999998,0.39827531140210803,50,50,50
CELL_06,aggressive,51,2025-01-06 06:49:31,3.651,3.084,4.225,8.855,11.647,45.01,50.93,9.96,99.0,30.33,27.85,96.815,30.33,89.03999999999999,1.7710000000000001,0.4086676217765042,51,51,51
CELL_06,aggressive,52,2025-01-06 09:31:03,3.583,2.914,4.256,9.003,12.848,42.8,49.67,10.11,98.73,38.53,32.09,96.753,38.53,88.62,1.8006,0.34902470741222363,52,52,52
CELL_06,aggressive,53,2025-01-06 12:03:10,3.622,2.988,4.209,8.658,12.335,45.99,50.75,6.43,98.18,34.43,32.2,96.68,34.43,91.75,1.7315999999999998,0.3320641827576827,53,53,53
CELL_06,aggressive,54,2025-01-06 14:07:25,3.634,2.969,4.225,8.865,12.012,42.03,46.13,8.38,96.2,33.33,29.06,96.599,33.33,87.82000000000001,1.7730000000000001,0.39911026374324743,54,54,54
CELL_06,aggressive,55,2025-01-06 16:10:01,3.663,3.0,4.267,9.202,11.786,43.06,48.51,9.12,96.67,30.29,32.68,96.533,30.29,87.55,1.8404,0.490325077399381,55,55,55
CELL_06,aggressive,56,2025-01-06 19:01:14,3.653,3.089,4.217,8.659,10.63,45.65,51.97,11.57,99.65,39.82,30.95,96.473,39.82,88.08000000000001,1.7318000000000002,0.5722983257229831,56,56,56
CELL_06,aggressive,57,2025-01-06 21:33:15,3.622,2.987,4.267,9.674,12.481,44.45,49.13,7.19,96.41,29.74,27.83,96.399,29.74,89.22,1.9347999999999999,0.45600285001781266,57,57,57
CELL_06,aggressive,58,2025-01-07 00:19:21,3.564,2.902,4.253,8.651,10.625,46.59,52.49,3.86,99.13,39.58,36.3,96.332,39.58,95.27,1.7302,0.6843971631205673,58,58,58
CELL_06,aggressive,59,2025-01-07 03:16:33,3.603,2.999,4.229,9.39,13.552,46.1,49.72,0.0,96.93,34.72,30.25,96.256,34.72,96.93,1.8780000000000001,0.29553099471407984,59,59,59
CELL_06,aggressive,60,2025-01-07 05:22:00,3.605,3.033,4.214,8.91,12.923,43.7,49.87,6.48,98.55,37.17,29.52,96.18,37.17,92.07,1.782,0.2942935459755795,60,60,60
CELL_06,aggressive,61,2025-01-07 07:50:05,3.673,2.965,4.258,9.826,13.571,42.76,49.3,0.4,96.75,29.02,33.03,96.118,29.02,96.35,1.9652,0.3452603471295061,61,61,61
CELL_06,aggressive,62,2025-01-07 09:40:36,3.545,2.986,4.181,9.598,12.17,45.61,50.81,0.0,96.87,28.18,33.68,96.051,28.18,96.87,1.9196000000000002,0.4646189735614309,62,62,62
CELL_06,aggressive,63,2025-01-07 11:42:27,3.571,2.935,4.196,9.297,11.544,42.35,48.14,3.47,96.5,29.02,28.41,95.993,29.02,93.03,1.8594000000000002,0.5611927013796172,63,63,63
CELL_06,aggressive,64,2025-01-07 13:48:37,3.577,2.974,4.25,9.017,11.972,45.13,49.12,2.28,98.07,30.89,30.34,95.913,30.89,95.78999999999999,1.8034,0.43181049069373934,64,64,64
CELL_06,aggressive,65,2025-01-07 15:35:52,3.658,3.091,4.248,9.095,13.231,45.17,51.15,8.24,97.09,38.87,33.02,95.847,38.87,88.85000000000001,1.8190000000000002,0.27973887814313353,65,65,65
CELL_06,aggressive,66,2025-01-07 18:28:18,3.631,2.979,4.266,8.279,10.548,44.93,50.43,3.45,99.12,35.08,37.68,95.8,35.08,95.67,1.6558,0.5672102247686205,66,66,66
CELL_06,aggressive,67,2025-01-07 20:34:50,3.572,2.916,4.244,9.021,11.432,43.89,49.54,0.0,96.38,33.23,35.65,95.72,33.23,96.38,1.8042000000000002,0.550808793031937,67,67,67
CELL_06,aggressive,68,2025-01-07 23:25:04,3.58,2.945,4.234,9.216,12.504,46.76,50.81,10.67,99.26,33.43,24.62,95.625,33.43,88.59,1.8432,0.39203163017031634,68,68,68
CELL_06,aggressive,69,2025-01-08 01:56:25,3.581,2.998,4.188,8.304,10.528,43.29,50.11,1.26,96.02,40.49,32.02,95.572,40.49,94.75999999999999,1.6608,0.535071942446043,69,69,69
CELL_06,aggressive,70,2025-01-08 04:56:42,3.623,3.052,4.19,9.177,11.509,41.06,44.63,0.0,97.11,30.71,31.23,95.514,30.71,97.11,1.8354,0.4879931389365352,70,70,70
CELL_06,aggressive,71,2025-01-08 06:41:00,3.633,3.078,4.188,8.586,12.194,46.1,49.82,5.7,99.28,40.04,31.86,95.441,40.04,93.58,1.7172,0.3076496674057649,71,71,71
CELL_06,aggressive,72,2025-01-08 09:25:38,3.603,2.902,4.242,8.975,12.463,46.96,50.67,0.0,97.37,34.88,34.49,95.374,34.88,97.37,1.795,0.3841743119266055,72,72,72
CELL_06,aggressive,73,2025-01-08 12:00:46,3.568,2.977,4.201,9.27,12.494,42.85,46.71,0.05,98.67,34.36,31.94,95.3,34.36,98.62,1.8539999999999999,0.379652605459057,73,73,73
CELL_06,aggressive,74,2025-01-08 13:50:40,3.618,2.982,4.244,8.722,11.177,45.17,52.0,0.42,99.42,36.06,33.3,95.247,36.06,99.0,1.7444,0.5140529531568226,74,74,74
CELL_06,aggressive,75,2025-01-08 15:50:04,3.618,2.942,4.232,8.917,12.102,43.72,48.67,8.69,96.0,34.06,26.88,95.183,34.06,87.31,1.7833999999999999,0.40502354788069067,75,75,75
CELL_06,aggressive,76,2025-01-08 18:36:04,3.64,3.048,4.23,8.476,11.892,42.85,47.22,1.3,97.37,36.59,30.42,95.127,36.59,96.07000000000001,1.6952000000000003,0.34601873536299793,76,76,76
CELL_06,aggressive,77,2025-01-08 20:53:21,3.635,3.073,4.232,9.049,13.194,46.07,51.26,2.35,97.31,29.69,34.74,95.062,29.69,94.96000000000001,1.8097999999999999,0.27961399276236426,77,77,77
CELL_06,aggressive,78,2025-01-08 23:27:43,3.69,3.071,4.255,9.176,11.353,47.92,53.64,0.0,96.09,30.73,27.9,94.978,30.73,96.09,1.8352,0.5438677078548461,78,78,78
CELL_06,aggressive,79,2025-01-09 02:13:05,3.592,2.977,4.204,8.656,12.22,45.85,51.29,8.71,99.11,34.74,31.34,94.914,34.74,90.4,1.7312,0.34427609427609424,79,79,79
CELL_06,aggressive,80,2025-01-09 05:11:02,3.629,2.991,4.268,8.822,11.581,48.67,54.68,0.19,99.19,33.7,33.32,94.836,33.7,99.0,1.7643999999999997,0.4628488582819861,80,80,80
CELL_06,aggressive,81,2025-01-09 07:14:39,3.629,3.056,4.18,9.519,13.686,43.02,49.3,6.48,97.11,29.99,28.1,94.773,29.99,90.63,1.9038,0.26973842092632583,81,81,81
CELL_06,aggressive,82,2025-01-09 09:05:25,3.636,3.03,4.239,8.05,10.131,43.91,49.14,3.01,97.34,40.38,35.28,94.706,40.38,94.33,1.61,0.5809706871696302,82,82,82
CELL_06,aggressive,83,2025-01-09 11:50:31,3.577,2.952,4.216,8.832,12.652,45.02,48.95,2.49,97.42,31.32,33.15,94.648,31.32,94.93,1.7664000000000002,0.33089005235602115,83,83,83
CELL_06,aggressive,84,2025-01-09 14:01:50,3.54,2.919,4.198,9.459,12.01,47.71,51.67,0.87,99.87,34.03,27.88,94.559,34.03,99.0,1.8918,0.501372010976088,84,84,84
CELL_06,aggressive,85,2025-01-09 16:31:49,3.604,2.915,4.234,9.209,13.302,46.52,51.03,1.08,96.17,31.87,31.74,94.494,31.87,95.09,1.8417999999999999,0.3222575128267774,85,85,85
CELL_06,aggressive,86,2025-01-09 19:27:50,3.612,2.971,4.235,8.853,10.743,42.69,46.21,11.36,99.42,33.01,30.94,94.432,33.01,88.06,1.7706,0.6687830687830687,86,86,86
CELL_06,aggressive,87,2025-01-09 21:14:15,3.647,3.027,4.241,7.96,11.445,48.4,53.1,8.88,97.71,39.41,31.3,94.38,39.41,88.83,1.592,0.3483500717360113,87,87,87
CELL_06,aggressive,88,2025-01-10 00:07:46,3.55,2.957,4.187,9.115,13.524,46.08,51.19,9.08,97.39,26.43,30.54,94.306,26.43,88.31,1.823,0.27897482422318004,88,88,88
CELL_06,aggressive,89,2025-01-10 03:12:54,3.55,2.98,4.188,9.685,12.712,48.87,55.65,12.69,99.96,37.66,29.89,94.23,37.66,87.27,1.937,0.3990749917409977,89,89,89
CELL_06,aggressive,90,2025-01-10 05:51:56,3.581,3.01,4.19,8.98,11.14,42.29,48.15,0.0,98.3,28.42,29.14,94.171,28.42,98.3,1.796,0.5462962962962965,90,90,90
CELL_06,aggressive,91,2025-01-10 08:54:59,3.565,2.916,4.206,8.974,12.429,43.77,50.12,0.92,96.75,37.66,31.82,94.105,37.66,95.83,1.7948,0.37337192474674397,91,91,91
CELL_06,aggressive,92,2025-01-10 11:48:15,3.644,3.072,4.231,8.218,10.407,46.74,53.67,0.34,99.34,34.24,36.55,94.027,34.24,99.0,1.6436,0.5294655093650068,92,92,92
CELL_06,aggressive,93,2025-01-10 14:43:10,3.586,2.908,4.201,9.595,13.493,41.43,48.25,3.7,99.06,33.79,29.5,93.967,33.79,95.36,1.919,0.3317085684966649,93,93,93
CELL_06,aggressive,94,2025-01-10 16:39:02,3.597,2.936,4.246,9.141,13.38,47.72,52.9,6.68,98.53,32.76,28.63,93.901,32.76,91.85,1.8282,0.30903514979948105,94,94,94
CELL_06,aggressive,95,2025-01-10 18:44:13,3.686,3.029,4.26,9.518,12.087,44.25,47.45,1.17,96.06,29.94,31.48,93.833,29.94,94.89,1.9036000000000002,0.4791747761775011,95,95,95
CELL_06,aggressive,96,2025-01-10 21:21:45,3.577,2.975,4.182,9.501,13.353,45.15,50.18,9.54,99.93,36.32,25.86,93.766,36.32,90.39000000000001,1.9002,0.31334371754932505,96,96,96
CELL_06,aggressive,97,2025-01-11 00:03:31,3.692,3.095,4.233,8.731,12.666,45.83,48.91,9.11,97.59,31.31,29.71,93.7,31.31,88.48,1.7462,0.28919949174078763,97,97,97
CELL_06,aggressive,98,2025-01-11 02:12:35,3.616,2.958,4.271,9.344,13.047,47.24,53.44,6.77,99.49,30.66,30.96,93.62,30.66,92.72,1.8687999999999998,0.35457736970024284,98,98,98
CELL_06,aggressive,99,2025-01-11 04:19:36,3.602,2.977,4.213,8.618,10.501,45.17,50.16,8.6,96.85,32.26,28.44,93.571,32.26,88.25,1.7236,0.6563993627190657,99,99,99
CELL_06,aggressive,100,2025-01-11 07:20:03,3.65,2.964,4.266,8.467,11.06,44.07,50.68,0.0,96.57,32.31,33.58,93.505,32.31,96.57,1.6934,0.5021210952564598,100,100,100
CELL_06,aggressive,101,2025-01-11 09:14:31,3.584,3.026,4.173,9.114,11.885,44.25,48.45,2.98,97.34,35.73,33.6,93.443,35.73,94.36,1.8228000000000002,0.41392998917358376,101,101,101
CELL_06,aggressive,102,2025-01-11 12:30:32,3.596,2.934,4.208,7.809,11.389,43.74,49.44,0.0,96.19,40.11,40.18,93.367,40.11,96.19,1.5618,0.3558659217877096,102,102,102
CELL_06,aggressive,103,2025-01-11 15:21:20,3.608,2.941,4.256,8.051,10.927,39.02,43.01,0.0,96.4,39.49,34.61,93.303,39.49,96.4,1.6102,0.4572322670375524,103,103,103
CELL_06,aggressive,104,2025-01-11 18:07:31,3.666,3.073,4.269,9.565,13.034,46.78,50.61,3.15,96.87,29.03,27.75,93.231,29.03,93.72,1.9129999999999998,0.3447679446526376,104,104,104
CELL_06,aggressive,105,2025-01-11 20:55:27,3.59,2.999,4.256,8.687,12.016,47.51,51.99,0.2,97.64,37.34,33.51,93.151,37.34,97.44,1.7373999999999998,0.3775908681285671,105,105,105
CELL_06,aggressive,106,2025-01-11 23:46:08,3.615,3.016,4.209,8.444,12.298,47.67,50.97,2.88,96.63,36.53,31.91,93.09,36.53,93.75,1.6888,0.30954852101712504,106,106,106
CELL_06,aggressive,107,2025-01-12 01:51:48,3.581,2.959,4.263,8.919,13.172,42.66,48.81,1.5,97.23,35.43,30.33,93.036,35.43,95.73,1.7838,0.3066071008699741,107,107,107
CELL_06,aggressive,108,2025-01-12 03:49:33,3.633,3.039,4.242,9.524,13.499,44.18,48.31,0.82,99.82,34.66,32.52,92.971,34.66,99.0,1.9047999999999998,0.3026415094339621,108,108,108
CELL_06,aggressive,109,2025-01-12 05:30:13,3.608,3.033,4.183,9.016,13.478,45.15,49.35,0.1,99.1,28.11,33.17,92.902,28.11,99.0,1.8032,0.25773195876288657,109,109,109
CELL_06,aggressive,110,2025-01-12 08:35:31,3.658,3.039,4.255,9.009,11.385,45.71,49.01,0.0,96.17,32.48,34.2,92.839,32.48,96.17,1.8018,0.5117845117845118,110,110,110
CELL_06,aggressive,111,2025-01-12 10:19:16,3.664,3.092,4.242,8.448,11.833,45.03,50.86,4.5,99.81,39.49,33.17,92.777,39.49,95.31,1.6896,0.3397341211225997,111,111,111
CELL_06,aggressive,112,2025-01-12 12:40:39,3.636,3.023,4.272,8.996,11.069,45.75,52.57,0.0,98.19,35.76,30.23,92.707,35.76,98.19,1.7992000000000001,0.6025084418716835,112,112,112
CELL_06,aggressive,113,2025-01-12 14:56:18,3.6,2.944,4.253,9.53,12.862,47.61,50.81,2.43,96.35,30.98,30.26,92.636,30.98,93.91999999999999,1.906,0.3928571428571428,113,113,113
CELL_06,aggressive,114,2025-01-12 17:38:34,3.569,2.959,4.22,8.725,10.495,43.97,47.17,1.88,96.86,39.4,32.07,92.568,39.4,94.98,1.7449999999999999,0.7124293785310735,114,114,114
CELL_06,aggressive,115,2025-01-12 19:48:47,3.665,3.089,4.247,8.303,10.195,42.97,47.96,6.05,99.56,33.02,31.52,92.494,33.02,93.51,1.6606,0.6120507399577169,115,115,115
CELL_06,aggressive,116,2025-01-12 22:30:14,3.638,3.011,4.267,8.903,12.862,45.59,48.75,1.66,98.09,36.44,34.28,92.441,36.44,96.43,1.7806000000000002,0.3172518312705229,116,116,116
CELL_06,aggressive,117,2025-01-13 00:38:12,3.68,3.093,4.235,8.452,11.257,47.65,51.38,2.37,97.34,40.22,35.0,92.372,40.22,94.97,1.6904,0.40713012477718374,117,117,117
CELL_06,aggressive,118,2025-01-13 02:39:43,3.543,2.904,4.185,8.619,11.664,42.69,49.69,7.9,98.5,34.47,34.28,92.329,34.47,90.6,1.7238,0.4206896551724137,118,118,118
CELL_06,aggressive,119,2025-01-13 04:16:16,3.57,2.971,4.229,8.72,12.72,44.12,51.0,4.85,99.18,36.9,27.73,92.271,36.9,94.33000000000001,1.7440000000000002,0.3145,119,119,119
CELL_06,aggressive,120,2025-01-13 06:02:39,3.621,2.982,4.246,8.5,11.999,49.41,55.66,3.78,98.32,30.06,31.61,92.191,30.06,94.53999999999999,1.7,0.3612460703058017,120,120,120
CELL_06,aggressive,121,2025-01-13 08:45:52,3.615,3.005,4.213,9.708,12.365,46.07,49.86,15.16,99.81,27.21,27.09,92.145,27.21,84.65,1.9416,0.45464809936018075,121,121,121
CELL_06,aggressive,122,2025-01-13 11:10:36,3.522,2.911,4.202,9.787,13.66,46.18,52.64,8.99,98.12,29.28,26.75,92.08,29.28,89.13000000000001,1.9574000000000003,0.33333333333333337,122,122,122
CELL_06,aggressive,123,2025-01-13 14:01:11,3.617,2.992,4.225,8.973,13.333,44.86,51.29,2.26,98.02,36.0,33.27,92.025,36.0,95.75999999999999,1.7946000000000002,0.28279816513761463,123,123,123
CELL_06,aggressive,124,2025-01-13 16:43:29,3.678,3.06,4.262,8.938,12.476,48.65,55.44,4.35,99.46,34.58,33.86,91.966,34.58,95.11,1.7876,0.3397399660825323,124,124,124
CELL_06,aggressive,125,2025-01-13 18:38:25,3.579,2.975,4.239,8.259,10.918,43.85,48.1,5.47,99.08,35.35,31.05,91.909,35.35,93.61,1.6518000000000002,0.4753666792027079,125,125,125
CELL_06,aggressive,126,2025-01-13 21:15:53,3.625,3.029,4.264,8.235,11.234,44.04,48.85,1.39,99.96,34.32,35.09,91.863,34.32,98.57,1.6469999999999998,0.41180393464488163,126,126,126
CELL_06,aggressive,127,2025-01-13 23:48:09,3.642,3.084,4.174,8.847,11.483,44.29,50.12,0.28,96.81,29.97,32.06,91.788,29.97,96.53,1.7693999999999999,0.4135053110773899,127,127,127
CELL_06,aggressive,128,2025-01-14 02:32:58,3.566,2.99,4.174,8.476,11.789,47.69,54.21,3.6,98.9,31.62,33.07,91.722,31.62,95.30000000000001,1.6952000000000003,0.35738001811047404,128,128,128
CELL_06,aggressive,129,2025-01-14 04:31:52,3.648,3.072,4.222,9.085,11.29,44.43,49.47,0.81,99.81,34.21,32.49,91.662,34.21,99.0,1.8170000000000002,0.5215419501133792,129,129,129
CELL_06,aggressive,130,2025-01-14 06:45:11,3.603,3.068,4.199,8.775,11.041,46.17,52.29,10.88,98.73,31.9,28.38,91.598,31.9,87.85000000000001,1.7550000000000001,0.49911738746690193,130,130,130
CELL_06,aggressive,131,2025-01-14 09:33:50,3.635,3.098,4.176,8.933,12.115,46.55,49.85,5.99,99.32,31.27,26.83,91.542,31.27,93.33,1.7866,0.3387806411062226,131,131,131
CELL_06,aggressive,132,2025-01-14 12:09:37,3.565,2.961,4.182,9.409,12.477,42.58,45.66,6.21,97.53,31.15,27.8,91.478,31.15,91.32000000000001,1.8818000000000001,0.39797913950456343,132,132,132
CELL_06,aggressive,133,2025-01-14 13:53:05,3.709,3.09,4.257,9.917,13.01,46.28,50.99,3.45,96.69,29.96,26.38,91.407,29.96,93.24,1.9834,0.37730358874878756,133,133,133
CELL_06,aggressive,134,2025-01-14 15:59:26,3.63,3.094,4.202,9.562,13.909,47.68,52.62,2.87,96.55,33.56,26.27,91.339,33.56,93.67999999999999,1.9123999999999999,0.2548884288014722,134,134,134
CELL_06,aggressive,135,2025-01-14 17:52:09,3.578,2.931,4.234,9.214,13.094,46.63,53.3,6.65,99.79,34.61,32.02,91.264,34.61,93.14,1.8428,0.3358247422680413,135,135,135
CELL_06,aggressive,136,2025-01-14 20:49:16,3.639,2.995,4.246,9.141,12.788,42.79,49.58,5.0,96.75,33.35,27.56,91.216,33.35,91.75,1.8282,0.34302166163970393,136,136,136
CELL_06,aggressive,137,2025-01-14 23:00:53,3.599,2.935,4.19,9.134,11.767,44.01,50.96,0.92,96.63,32.59,29.53,91.149,32.59,95.71,1.8268,0.47664261298898625,137,137,137
CELL_06,aggressive,138,2025-01-15 01:03:00,3.608,3.079,4.204,7.884,10.564,47.05,51.68,1.27,98.42,36.83,38.31,91.084,36.83,97.15,1.5768,0.4197761194029849,138,138,138
CELL_06,aggressive,139,2025-01-15 03:16:46,3.638,3.065,4.208,8.318,10.782,43.94,49.44,2.36,99.88,38.26,36.99,91.008,38.26,97.52,1.6636,0.46387987012987014,139,139,139
CELL_06,aggressive,140,2025-01-15 05:20:45,3.625,3.031,4.222,9.256,12.917,45.01,50.08,6.64,97.09,33.45,32.21,90.937,33.45,90.45,1.8512,0.3253209505599564,140,140,140
CELL_06,aggressive,141,2025-01-15 07:08:25,3.61,3.037,4.18,8.48,10.887,48.27,54.85,6.82,96.71,36.23,33.21,90.87,36.23,89.88999999999999,1.6960000000000002,0.47486497714997916,141,141,141
CELL_06,aggressive,142,2025-01-15 09:56:16,3.56,2.965,4.201,9.374,12.513,45.23,49.88,1.17,96.4,29.37,36.26,90.799,29.37,95.23,1.8748,0.3937559732398853,142,142,142
CELL_06,aggressive,143,2025-01-15 12:00:12,3.545,2.904,4.176,8.798,12.409,47.65,53.95,2.65,97.27,34.28,30.43,90.733,34.28,94.61999999999999,1.7596,0.35225699252284687,143,143,143
CELL_06,aggressive,144,2025-01-15 14:55:03,3.717,3.089,4.266,8.963,11.927,45.37,49.86,9.71,98.31,32.36,31.43,90.676,32.36,88.6,1.7925999999999997,0.3970985155195681,144,144,144
CELL_06,aggressive,145,2025-01-15 16:38:06,3.593,2.992,4.215,8.465,12.55,43.14,48.42,1.76,99.74,34.5,35.78,90.618,34.5,97.97999999999999,1.693,0.29938800489596074,145,145,145
CELL_06,aggressive,146,2025-01-15 19:00:35,3.612,3.091,4.178,8.862,10.898,47.22,52.0,4.12,97.57,32.3,30.97,90.547,32.3,93.44999999999999,1.7724,0.5338899803536346,146,146,146
CELL_06,aggressive,147,2025-01-15 22:10:34,3.632,3.064,4.257,8.865,13.236,43.8,47.15,2.44,98.93,36.82,33.31,90.49,36.82,96.49000000000001,1.7730000000000001,0.2729352550903682,147,147,147
CELL_06,aggressive,148,2025-01-16 00:57:48,3.633,2.971,4.231,9.331,12.786,47.62,51.74,9.46,96.45,31.66,32.48,90.432,31.66,86.99000000000001,1.8661999999999999,0.3646888567293776,148,148,148
CELL_06,aggressive,149,2025-01-16 03:54:05,3.663,3.066,4.248,8.635,12.604,43.87,48.84,13.78,99.45,34.11,32.97,90.361,34.11,85.67,1.7269999999999999,0.29780801209372654,149,149,149
CELL_06,aggressive,150,2025-01-16 06:46:07,3.622,3.01,4.238,8.929,10.987,44.69,51.25,0.0,96.41,34.22,30.86,90.299,34.22,96.41,1.7858,0.5966958211856175,150,150,150
CELL_06,aggressive,151,2025-01-16 08:51:05,3.665,3.064,4.225,9.274,13.881,43.56,50.53,0.0,98.65,29.19,34.91,90.212,29.19,98.65,1.8547999999999998,0.2520078141957889,151,151,151
CELL_06,aggressive,152,2025-01-16 11:45:09,3.586,2.949,4.176,9.103,11.248,47.46,52.17,0.05,99.05,33.33,28.56,90.133,33.33,99.0,1.8206,0.5720279720279723,152,152,152
CELL_06,aggressive,153,2025-01-16 14:47:01,3.565,2.9,4.184,8.923,13.381,45.27,51.11,4.82,97.23,32.16,32.41,90.069,32.16,92.41,1.7846,0.28802153432032307,153,153,153
CELL_06,aggressive,154,2025-01-16 17:06:31,3.635,3.031,4.212,8.818,11.284,46.15,51.66,0.0,97.18,36.7,35.82,90.0,36.7,97.18,1.7635999999999998,0.4789132197891318,154,154,154
CELL_06,aggressive,155,2025-01-16 19:03:21,3.619,2.952,4.216,8.587,11.972,46.03,52.39,1.72,98.04,35.69,35.73,89.912,35.69,96.32000000000001,1.7174,0.37341211225997056,155,155,155
CELL_06,aggressive,156,2025-01-16 21:49:29,3.614,3.033,4.186,9.04,11.795,44.03,47.26,0.0,96.14,25.65,29.71,89.847,25.65,96.14,1.8079999999999998,0.4185117967332122,156,156,156
CELL_06,aggressive,157,2025-01-17 00:52:18,3.632,2.97,4.233,8.547,11.312,45.23,51.62,8.7,99.95,36.81,33.55,89.77,36.81,91.25,1.7094,0.45678119349005425,157,157,157
CELL_06,aggressive,158,2025-01-17 02:25:56,3.578,2.925,4.222,9.7,12.173,43.74,50.43,0.0,98.13,32.07,28.28,89.674,32.07,98.13,1.94,0.5244642135058634,158,158,158
CELL_06,aggressive,159,2025-01-17 04:04:08,3.638,3.06,4.196,8.478,12.511,42.41,45.62,8.39,98.54,32.37,26.0,89.609,32.37,90.15,1.6956,0.2816761715844284,159,159,159
CELL_06,aggressive,160,2025-01-17 05:51:07,3.549,2.921,4.235,7.752,9.81,43.98,48.64,9.87,99.45,34.71,33.92,89.567,34.71,89.58,1.5504,0.6384839650145773,160,160,160
CELL_06,aggressive,161,2025-01-17 08:49:46,3.665,3.05,4.256,9.472,12.159,44.14,51.0,2.09,97.37,33.43,28.9,89.489,33.43,95.28,1.8943999999999999,0.4488276888723483,161,161,161
CELL_06,aggressive,162,2025-01-17 11:13:11,3.586,3.03,4.219,9.202,12.461,45.88,50.78,2.25,96.87,34.48,33.95,89.418,34.48,94.62,1.8404,0.3648358392144831,162,162,162
CELL_06,aggressive,163,2025-01-17 13:53:21,3.569,2.917,4.239,8.918,10.954,46.68,51.03,8.26,99.26,32.75,32.53,89.37,32.75,91.0,1.7835999999999999,0.6493123772102157,163,163,163
CELL_06,aggressive,164,2025-01-17 15:30:24,3.595,2.978,4.22,9.577,13.418,45.3,50.8,0.0,96.67,26.59,31.93,89.282,26.59,96.67,1.9154,0.3233532934131736,164,164,164
CELL_06,aggressive,165,2025-01-17 18:05:57,3.61,2.982,4.262,9.453,13.954,49.47,54.1,7.92,97.56,29.78,27.24,89.208,29.78,89.64,1.8905999999999998,0.28438124861141945,165,165,165
CELL_06,aggressive,166,2025-01-17 20:32:58,3.663,3.039,4.266,8.399,10.306,44.2,49.24,0.56,99.56,37.35,34.46,89.158,37.35,99.0,1.6797999999999997,0.6434189826953329,166,166,166
CELL_06,aggressive,167,2025-01-17 23:19:37,3.529,2.918,4.194,8.209,11.506,41.87,47.57,1.25,97.07,36.11,34.64,89.098,36.11,95.82,1.6418,0.3870185016681831,167,167,167
CELL_06,aggressive,168,2025-01-18 02:04:53,3.629,3.034,4.265,8.982,11.231,42.42,48.06,8.14,99.84,37.94,32.03,89.025,37.94,91.7,1.7963999999999998,0.5473543797243218,168,168,168
CELL_06,aggressive,169,2025-01-18 04:27:19,3.622,3.056,4.189,8.489,10.409,43.72,48.11,1.42,98.55,34.22,35.08,88.948,34.22,97.13,1.6978000000000002,0.5901041666666667,169,169,169
CELL_06,aggressive,170,2025-01-18 06:29:27,3.556,2.911,4.239,9.044,11.435,48.18,53.45,0.0,96.89,29.85,32.43,88.876,29.85,96.89,1.8088000000000002,0.5554161438728564,170,170,170
CELL_06,aggressive,171,2025-01-18 08:45:14,3.628,3.004,4.254,9.1,12.923,45.24,48.27,0.51,97.01,35.4,29.78,88.78,35.4,96.5,1.8199999999999998,0.32696834946377173,171,171,171
CELL_06,aggressive,172,2025-01-18 11:27:49,3.675,3.037,4.242,8.537,12.593,47.73,51.45,4.71,96.04,35.01,33.45,88.713,35.01,91.33000000000001,1.7074000000000003,0.2970907297830376,172,172,172
CELL_06,aggressive,173,2025-01-18 13:58:43,3.577,2.951,4.246,8.931,12.045,46.94,53.37,6.53,99.61,32.24,32.64,88.648,32.24,93.08,1.7861999999999998,0.4158638407193321,173,173,173
CELL_06,aggressive,174,2025-01-18 16:04:31,3.668,3.082,4.258,9.133,12.455,42.78,48.2,0.47,99.47,29.96,35.16,88.572,29.96,99.0,1.8265999999999998,0.3540036122817579,174,174,174
CELL_06,aggressive,175,2025-01-18 19:07:06,3.674,3.053,4.249,8.59,11.617,44.53,47.86,0.0,96.57,36.64,37.62,88.509,36.64,96.57,1.718,0.39511067063098754,175,175,175
CELL_06,aggressive,176,2025-01-18 21:36:03,3.565,2.948,4.223,8.956,11.373,42.97,49.75,6.1,97.03,34.3,30.9,88.442,34.3,90.93,1.7912,0.5275134464211833,176,176,176
CELL_06,aggressive,177,2025-01-18 23:50:29,3.575,2.906,4.243,8.224,11.595,44.63,48.59,1.22,98.07,35.19,39.12,88.376,35.19,96.85,1.6448,0.3966182141797686,177,177,177
CELL_06,aggressive,178,2025-01-19 01:32:07,3.654,3.058,4.254,8.78,12.701,44.96,51.89,1.89,97.82,31.69,29.77,88.303,31.69,95.92999999999999,1.7559999999999998,0.30502422851313427,178,178,178
CELL_06,aggressive,179,2025-01-19 03:42:28,3.68,3.072,4.27,9.02,11.951,48.24,53.48,0.13,99.13,30.17,33.36,88.223,30.17,99.0,1.8039999999999998,0.40873422040259266,179,179,179
CELL_06,aggressive,180,2025-01-19 06:17:42,3.684,3.075,4.254,8.354,11.619,47.89,53.51,9.21,99.97,38.59,33.48,88.173,38.59,90.75999999999999,1.6707999999999998,0.3611026033690656,180,180,180
CELL_06,aggressive,181,2025-01-19 08:10:27,3.576,2.945,4.204,9.18,13.643,42.79,46.9,0.1,97.15,31.35,31.52,88.115,31.35,97.05000000000001,1.8359999999999999,0.28209724400627373,181,181,181
CELL_06,aggressive,182,2025-01-19 09:47:47,3.583,2.952,4.196,9.563,13.148,43.23,47.63,1.43,99.14,31.42,31.8,88.045,31.42,97.71,1.9126,0.3470013947001395,182,182,182
CELL_06,aggressive,183,2025-01-19 12:05:57,3.581,2.957,4.186,8.558,10.851,44.72,49.62,8.96,99.26,32.25,33.67,87.98,32.25,90.30000000000001,1.7116,0.5359790667248144,183,183,183
CELL_06,aggressive,184,2025-01-19 14:07:06,3.636,3.084,4.18,8.657,10.408,44.0,48.3,0.0,98.07,32.27,37.39,87.914,32.27,98.07,1.7314,0.6259280411193604,184,184,184
CELL_06,aggressive,185,2025-01-19 15:46:58,3.567,2.911,4.24,9.084,11.66,45.66,50.78,1.24,97.41,33.0,31.14,87.84,33.0,96.17,1.8168,0.515916149068323,185,185,185
CELL_06,aggressive,186,2025-01-19 18:35:58,3.616,2.961,4.214,8.868,12.037,43.69,50.16,6.91,99.04,38.23,29.41,87.767,38.23,92.13000000000001,1.7736,0.3953928684127486,186,186,186
CELL_06,aggressive,187,2025-01-19 20:17:05,3.668,3.073,4.233,9.353,11.915,42.72,47.28,0.0,96.48,32.02,31.01,87.683,32.02,96.48,1.8706,0.4527712724434036,187,187,187
CELL_06,aggressive,188,2025-01-19 22:04:16,3.662,3.086,4.242,10.203,15.174,42.43,47.27,0.0,96.18,29.65,28.82,87.621,29.65,96.18,2.0406,0.23254878294105816,188,188,188
CELL_06,aggressive,189,2025-01-20 01:05:37,3.562,2.968,4.175,9.235,12.065,45.86,48.93,0.0,98.98,31.99,30.42,87.556,31.99,98.98,1.847,0.42650176678445223,189,189,189
CELL_06,aggressive,190,2025-01-20 02:43:20,3.645,3.094,4.18,8.721,10.654,46.96,53.77,3.57,97.01,33.94,33.22,87.489,33.94,93.44000000000001,1.7442,0.561821003621314,190,190,190
CELL_06,aggressive,191,2025-01-20 04:26:00,3.66,3.06,4.207,8.705,10.864,44.94,49.77,10.58,98.34,32.12,32.18,87.431,32.12,87.76,1.741,0.5312644742936542,191,191,191
CELL_06,aggressive,192,2025-01-20 06:14:18,3.64,3.04,4.186,8.705,12.974,42.73,49.58,7.69,99.56,31.3,31.54,87.371,31.3,91.87,1.741,0.2684469430780042,192,192,192
CELL_06,aggressive,193,2025-01-20 08:02:47,3.614,3.035,4.191,9.211,11.964,45.17,50.99,0.0,97.49,31.44,32.81,87.294,31.44,97.49,1.8422,0.41990555757355597,193,193,193
CELL_06,aggressive,194,2025-01-20 10:10:52,3.667,3.088,4.265,9.249,11.892,46.85,50.82,5.56,99.28,39.48,29.28,87.233,39.48,93.72,1.8498,0.4453272796065078,194,194,194
CELL_06,aggressive,195,2025-01-20 11:59:53,3.653,3.079,4.22,9.978,13.919,42.56,45.65,1.89,98.28,36.14,29.48,87.173,36.14,96.39,1.9956,0.28952042628774405,195,195,195
CELL_06,aggressive,196,2025-01-20 14:09:19,3.572,3.02,4.177,8.2,11.013,47.37,53.03,4.34,97.97,37.3,33.62,87.115,37.3,93.63,1.64,0.41130465694987534,196,196,196
CELL_06,aggressive,197,2025-01-20 17:01:47,3.613,3.027,4.184,9.46,11.973,43.83,49.2,10.31,98.69,35.53,32.48,87.058,35.53,88.38,1.8920000000000001,0.46040588937524873,197,197,197
CELL_06,aggressive,198,2025-01-20 19:48:39,3.644,3.065,4.194,8.945,12.68,42.36,45.96,0.0,98.02,30.72,31.54,87.01,30.72,98.02,1.7890000000000001,0.3022757697456493,198,198,198
CELL_06,aggressive,199,2025-01-20 22:02:45,3.645,3.015,4.21,8.476,10.342,46.49,53.48,4.81,99.12,32.19,36.07,86.929,32.19,94.31,1.6952000000000003,0.6404072883172562,199,199,199
CELL_06,aggressive,200,2025-01-21 00:16:19,3.615,2.978,4.267,8.973,11.322,44.53,48.13,1.06,99.21,34.87,31.72,86.876,34.87,98.14999999999999,1.7946000000000002,0.5487441464452963,200,200,200
CELL_06,aggressive,201,2025-01-21 02:11:16,3.682,3.028,4.217,7.664,9.353,45.42,48.82,6.86,98.43,34.44,39.24,86.824,34.44,91.57000000000001,1.5328,0.7039668442865599,201,201,201
CELL_06,aggressive,202,2025-01-21 03:57:24,3.661,3.071,4.212,9.894,14.071,45.07,49.02,0.18,99.03,29.62,29.02,86.76,29.62,98.85,1.9788000000000001,0.2731625568589896,202,202,202
CELL_06,aggressive,203,2025-01-21 06:32:35,3.639,3.061,4.264,9.723,12.675,44.65,48.5,0.0,98.77,32.07,31.51,86.674,32.07,98.77,1.9446,0.40752032520325215,203,203,203
CELL_06,aggressive,204,2025-01-21 09:26:19,3.615,2.93,4.272,9.105,12.044,45.64,49.44,7.72,98.78,30.67,32.02,86.605,30.67,91.06,1.8210000000000002,0.45661789724396057,204,204,204
CELL_06,aggressive,205,2025-01-21 11:32:46,3.619,3.028,4.211,9.243,12.379,45.67,52.38,0.63,98.21,35.02,34.43,86.529,35.02,97.58,1.8486,0.377232142857143,205,205,205
CELL_06,aggressive,206,2025-01-21 13:31:44,3.615,2.992,4.253,9.292,12.775,49.67,55.25,3.68,99.81,26.69,28.86,86.45,26.69,96.13,1.8584,0.362044214757393,206,206,206
CELL_06,aggressive,207,2025-01-21 15:15:02,3.65,3.073,4.256,9.047,12.515,47.18,50.91,5.42,97.39,31.9,29.08,86.383,31.9,91.97,1.8094000000000001,0.3411188004613611,207,207,207
CELL_06,aggressive,208,2025-01-21 18:10:21,3.628,2.993,4.2,8.713,12.057,45.21,50.15,0.31,98.29,34.7,35.06,86.338,34.7,97.98,1.7426,0.36094497607655496,208,208,208
CELL_06,aggressive,209,2025-01-21 21:07:02,3.643,3.004,4.227,9.422,13.837,45.3,49.69,9.63,98.81,35.4,26.37,86.279,35.4,89.18,1.8844,0.2770101925254814,209,209,209
CELL_06,aggressive,210,2025-01-21 23:53:51,3.604,2.993,4.225,8.821,12.917,42.65,48.87,10.62,98.24,29.27,27.69,86.237,29.27,87.61999999999999,1.7642,0.30078124999999994,210,210,210
CELL_06,aggressive,211,2025-01-22 01:39:44,3.567,2.922,4.242,8.807,10.996,48.64,52.39,1.45,98.62,30.74,34.39,86.157,30.74,97.17,1.7614,0.6030150753768844,211,211,211
CELL_06,aggressive,212,2025-01-22 04:06:12,3.578,3.049,4.188,8.446,12.491,46.81,52.11,10.43,97.27,32.2,30.32,86.112,32.2,86.84,1.6892,0.28158220024721875,212,212,212
CELL_06,aggressive,213,2025-01-22 06:12:31,3.66,3.034,4.225,8.411,11.86,42.03,47.68,2.87,97.34,41.18,32.99,86.057,41.18,94.47,1.6822,0.345317483328501,213,213,213
CELL_06,aggressive,214,2025-01-22 08:00:28,3.616,3.037,4.219,9.706,14.035,44.83,48.08,5.8,96.37,33.92,27.08,85.989,33.92,90.57000000000001,1.9411999999999998,0.2730422730422731,214,214,214
CELL_06,aggressive,215,2025-01-22 10:51:53,3.661,3.074,4.226,9.415,12.965,46.04,51.59,2.37,97.76,31.95,35.39,85.902,31.95,95.39,1.8829999999999998,0.3245070422535211,215,215,215
CELL_06,aggressive,216,2025-01-22 13:20:22,3.572,2.908,4.218,9.353,13.225,46.03,49.14,0.0,98.8,33.93,28.85,85.818,33.93,98.8,1.8706,0.33832644628099173,216,216,216
CELL_06,aggressive,217,2025-01-22 15:43:08,3.649,3.063,4.231,9.348,13.764,46.49,52.56,0.0,97.72,33.06,27.71,85.739,33.06,97.72,1.8696000000000002,0.2644927536231884,217,217,217
CELL_06,aggressive,218,2025-01-22 18:04:20,3.609,2.912,4.263,9.395,12.502,41.67,45.65,2.57,98.11,36.16,27.74,85.658,36.16,95.54,1.879,0.43482458963630494,218,218,218
CELL_06,aggressive,219,2025-01-22 20:09:08,3.618,3.033,4.217,8.312,10.194,43.85,48.95,8.33,99.16,33.72,33.52,85.602,33.72,90.83,1.6623999999999999,0.6291179596174277,219,219,219
CELL_06,aggressive,220,2025-01-22 22:43:25,3.623,3.029,4.206,8.277,10.724,42.07,48.8,6.97,99.84,35.96,31.96,85.54,35.96,92.87,1.6553999999999998,0.48099713935431143,220,220,220
CELL_06,aggressive,221,2025-01-23 01:01:22,3.562,2.97,4.238,8.511,12.419,42.21,47.67,0.0,97.04,32.86,33.52,85.467,32.86,97.04,1.7022,0.3244626407369498,221,221,221
CELL_06,aggressive,222,2025-01-23 03:36:57,3.601,3.046,4.205,9.557,14.15,46.4,50.74,0.0,98.76,32.01,27.85,85.392,32.01,98.76,1.9114,0.25234051817983894,222,222,222
CELL_06,aggressive,223,2025-01-23 05:32:23,3.594,2.933,4.206,8.605,12.656,45.37,51.27,0.0,97.21,34.84,37.6,85.332,34.84,97.21,1.721,0.3142433966921749,223,223,223
CELL_06,aggressive,224,2025-01-23 07:43:16,3.642,2.986,4.269,8.396,11.745,46.36,50.57,0.0,97.72,31.22,32.61,85.256,31.22,97.72,1.6792000000000002,0.38309943266646773,224,224,224
CELL_06,aggressive,225,2025-01-23 10:00:07,3.531,2.926,4.188,8.899,11.805,42.83,47.74,4.78,97.55,36.58,33.95,85.174,36.58,92.77,1.7797999999999998,0.4342739160357878,225,225,225
CELL_06,aggressive,226,2025-01-23 12:18:22,3.589,2.949,4.19,9.206,11.926,46.19,52.38,4.15,98.21,32.75,27.55,85.098,32.75,94.05999999999999,1.8412,0.4562500000000001,226,226,226
CELL_06,aggressive,227,2025-01-23 14:49:50,3.583,3.019,4.183,8.458,10.449,42.47,47.28,4.24,99.98,35.74,34.24,85.049,35.74,95.74000000000001,1.6916,0.5846308387744852,227,227,227
CELL_06,aggressive,228,2025-01-23 17:23:05,3.572,3.026,4.175,9.054,11.617,45.26,51.52,0.21,99.21,32.71,31.68,84.971,32.71,99.0,1.8108,0.4483027701911821,228,228,228
CELL_06,aggressive,229,2025-01-23 19:10:46,3.588,2.9,4.2,9.249,12.756,46.76,52.7,0.0,97.16,33.55,31.66,84.906,33.55,97.16,1.8498,0.37068719703450254,229,229,229
CELL_06,aggressive,230,2025-01-23 22:08:02,3.607,3.013,4.21,9.052,11.741,44.48,48.32,0.0,97.3,42.56,34.32,84.845,42.56,97.3,1.8104,0.44514689475641506,230,230,230
CELL_06,aggressive,231,2025-01-24 00:24:28,3.602,2.902,4.253,9.172,12.435,41.94,45.43,2.88,99.75,30.18,32.96,84.789,30.18,96.87,1.8344,0.4140361630401471,231,231,231
CELL_06,aggressive,232,2025-01-24 03:28:34,3.569,2.982,4.187,9.023,11.426,44.02,48.16,3.23,98.27,31.19,33.91,84.71,31.19,95.03999999999999,1.8046,0.5014565126924677,232,232,232
CELL_06,aggressive,233,2025-01-24 06:06:24,3.596,2.933,4.256,9.439,11.346,46.09,51.68,0.77,96.34,33.59,31.01,84.617,33.59,95.57000000000001,1.8878,0.6937598321971685,233,233,233
CELL_06,aggressive,234,2025-01-24 08:45:20,3.604,3.034,4.196,9.34,12.223,45.94,52.12,2.3,96.17,32.14,31.41,84.548,32.14,93.87,1.8679999999999999,0.403052375997225,234,234,234
CELL_06,aggressive,235,2025-01-24 11:04:01,3.645,3.083,4.229,9.131,12.014,47.52,52.27,5.49,96.69,28.94,27.36,84.475,28.94,91.2,1.8262,0.39750260145681593,235,235,235
CELL_06,aggressive,236,2025-01-24 13:03:10,3.652,2.986,4.271,8.54,11.005,42.97,49.17,4.61,96.39,32.53,33.51,84.423,32.53,91.78,1.7079999999999997,0.5212981744421902,236,236,236
CELL_06,aggressive,237,2025-01-24 15:52:20,3.665,3.084,4.195,9.495,11.947,46.05,50.42,12.14,99.43,35.42,25.94,84.364,35.42,87.29,1.8989999999999998,0.453099510603589,237,237,237
CELL_06,aggressive,238,2025-01-24 18:59:09,3.663,3.052,4.26,8.704,12.24,40.72,44.28,1.87,96.22,34.47,32.9,84.323,34.47,94.35,1.7408000000000001,0.34162895927601805,238,238,238
CELL_06,aggressive,239,2025-01-24 21:21:41,3.62,2.952,4.266,8.56,10.338,46.51,49.63,2.68,99.49,35.76,35.11,84.247,35.76,96.80999999999999,1.7120000000000002,0.7390326209223853,239,239,239
CELL_06,aggressive,240,2025-01-24 23:30:05,3.666,3.078,4.228,8.768,11.273,44.82,48.64,5.78,96.03,37.96,31.3,84.186,37.96,90.25,1.7536,0.45908183632734545,240,240,240
CELL_06,aggressive,241,2025-01-25 02:36:27,3.659,3.099,4.231,8.695,11.959,46.79,50.56,0.0,97.56,34.67,33.04,84.114,34.67,97.56,1.739,0.34681372549019607,241,241,241
CELL_06,aggressive,242,2025-01-25 04:24:52,3.645,3.038,4.254,7.985,11.223,42.72,49.23,0.48,98.21,37.5,35.18,84.049,37.5,97.72999999999999,1.597,0.3755404570722667,242,242,242
CELL_06,aggressive,243,2025-01-25 05:58:56,3.615,3.037,4.215,9.507,11.722,45.84,49.2,9.96,97.69,32.75,25.01,83.967,32.75,87.72999999999999,1.9014,0.5318284424379233,243,243,243
CELL_06,aggressive,244,2025-01-25 07:43:19,3.666,3.094,4.23,9.835,12.812,47.01,53.31,0.0,96.05,31.77,31.16,83.866,31.77,96.05,1.967,0.38159220691971824,244,244,244
CELL_06,aggressive,245,2025-01-25 10:36:20,3.578,2.932,4.195,8.832,12.782,47.41,53.43,0.0,96.98,37.28,33.51,83.786,37.28,96.98,1.7664000000000002,0.3197468354430381,245,245,245
CELL_06,aggressive,246,2025-01-25 12:45:28,3.563,2.934,4.206,9.435,13.368,44.08,47.48,0.0,98.86,28.26,33.46,83.726,28.26,98.86,1.887,0.3234172387490466,246,246,246
CELL_06,aggressive,247,2025-01-25 14:57:11,3.564,2.91,4.185,9.172,11.614,47.17,50.49,14.83,99.89,26.58,27.91,83.662,26.58,85.06,1.8344,0.5221130221130219,247,247,247
CELL_06,aggressive,248,2025-01-25 17:52:15,3.602,2.997,4.233,9.115,12.648,45.28,51.06,13.59,99.74,38.39,29.29,83.595,38.39,86.14999999999999,1.823,0.34984432493631473,248,248,248
CELL_06,aggressive,249,2025-01-25 20:47:06,3.62,3.059,4.19,9.094,12.452,43.5,49.21,0.0,98.09,33.66,35.77,83.53,33.66,98.09,1.8188,0.33680762358546756,249,249,249
CELL_06,aggressive,250,2025-01-25 22:41:30,3.583,2.928,4.2,8.928,11.003,46.14,49.82,5.36,99.43,37.42,31.99,83.485,37.42,94.07000000000001,1.7856,0.6130120481927714,250,250,250
CELL_06,aggressive,251,2025-01-26 01:36:11,3.541,2.924,4.177,9.383,14.021,43.74,48.38,5.38,98.36,33.64,28.54,83.431,33.64,92.98,1.8765999999999998,0.2701595515308321,251,251,251
CELL_06,aggressive,252,2025-01-26 03:24:33,3.574,2.963,4.213,8.491,12.324,41.73,47.36,6.02,97.94,37.62,31.69,83.377,37.62,91.92,1.6982,0.32611531437516306,252,252,252
CELL_06,aggressive,253,2025-01-26 05:14:54,3.642,2.982,4.226,8.869,13.058,44.22,50.31,3.8,98.56,39.59,32.46,83.319,39.59,94.76,1.7738,0.29696825017904027,253,253,253
CELL_06,aggressive,254,2025-01-26 07:48:48,3.589,2.968,4.197,9.133,13.405,43.03,47.76,8.14,98.52,32.23,31.0,83.268,32.23,90.38,1.8265999999999998,0.287687265917603,254,254,254
CELL_06,aggressive,255,2025-01-26 09:52:43,3.596,2.978,4.254,9.586,14.353,48.82,54.09,0.19,99.19,28.41,29.33,83.182,28.41,99.0,1.9172,0.26767358925949225,255,255,255
CELL_06,aggressive,256,2025-01-26 12:05:16,3.6,3.01,4.2,7.868,10.862,41.99,47.51,1.14,98.25,40.03,37.33,83.137,40.03,97.11,1.5736,0.39746158984635954,256,256,256
CELL_06,aggressive,257,2025-01-26 13:40:52,3.628,3.013,4.232,9.427,13.117,40.88,45.91,2.78,97.39,31.78,32.9,83.065,31.78,94.61,1.8854,0.3303523035230352,257,257,257
CELL_06,aggressive,258,2025-01-26 15:31:16,3.573,3.026,4.191,8.69,12.203,45.55,52.03,0.86,97.67,39.43,33.66,82.993,39.43,96.81,1.738,0.33162539140335895,258,258,258
CELL_06,aggressive,259,2025-01-26 18:45:45,3.612,3.008,4.213,8.329,10.264,49.75,53.94,3.22,99.81,40.04,38.76,82.918,40.04,96.59,1.6658000000000002,0.6227390180878557,259,259,259
CELL_06,aggressive,260,2025-01-26 21:08:10,3.604,2.989,4.237,9.077,11.318,42.91,49.82,1.23,96.84,39.59,32.72,82.857,39.59,95.61,1.8154,0.5568942436412317,260,260,260
CELL_06,aggressive,261,2025-01-27 00:00:36,3.577,2.951,4.195,8.251,11.174,41.98,48.93,4.16,97.9,40.01,30.17,82.799,40.01,93.74000000000001,1.6502,0.4255901471091345,261,261,261
CELL_06,aggressive,262,2025-01-27 02:20:32,3.603,3.063,4.192,10.043,12.221,44.15,48.51,4.17,99.62,32.98,27.65,82.712,32.98,95.45,2.0086,0.5183654729109273,262,262,262
CELL_06,aggressive,263,2025-01-27 05:27:41,3.638,3.04,4.244,8.428,11.2,46.96,53.07,0.0,96.96,38.93,33.21,82.654,38.93,96.96,1.6856000000000002,0.4343434343434345,263,263,263
CELL_06,aggressive,264,2025-01-27 07:11:02,3.618,2.972,4.218,9.298,12.38,47.89,52.26,0.63,99.63,35.03,29.32,82.571,35.03,99.0,1.8596,0.4042829331602854,264,264,264
CELL_06,aggressive,265,2025-01-27 10:18:31,3.657,3.054,4.25,8.504,10.586,47.24,53.84,3.15,98.06,33.96,34.45,82.495,33.96,94.91,1.7007999999999999,0.5744476464937559,265,265,265
CELL_06,aggressive,266,2025-01-27 13:06:42,3.612,2.967,4.252,9.106,12.671,46.24,52.7,13.05,98.28,32.94,27.71,82.439,32.94,85.23,1.8212,0.3604488078541374,266,266,266
CELL_06,aggressive,267,2025-01-27 15:26:29,3.604,2.961,4.225,9.185,11.531,45.07,48.71,8.92,99.58,33.97,32.37,82.378,33.97,90.66,1.8370000000000002,0.5387894288150041,267,267,267
CELL_06,aggressive,268,2025-01-27 18:15:31,3.658,3.093,4.175,9.872,12.035,44.33,47.96,0.56,98.96,30.82,27.59,82.309,30.82,98.39999999999999,1.9744,0.5002311604253351,268,268,268
CELL_06,aggressive,269,2025-01-27 20:07:31,3.592,2.972,4.249,9.244,13.724,49.24,53.63,0.0,96.07,29.38,29.45,82.22,29.38,96.07,1.8488,0.28504464285714276,269,269,269
CELL_06,aggressive,270,2025-01-27 22:13:21,3.628,3.066,4.207,8.986,11.771,44.01,48.14,1.6,97.48,33.12,29.05,82.154,33.12,95.88000000000001,1.7972000000000001,0.40969479353680427,270,270,270
CELL_06,aggressive,271,2025-01-28 00:40:45,3.623,2.953,4.192,9.05,11.45,42.53,48.15,5.87,97.16,31.46,30.56,82.104,31.46,91.28999999999999,1.81,0.5162500000000004,271,271,271
CELL_06,aggressive,272,2025-01-28 03:02:42,3.644,3.056,4.273,8.599,10.438,45.98,52.91,4.02,98.93,32.53,32.42,82.039,32.53,94.91000000000001,1.7198,0.6617727025557365,272,272,272
CELL_06,aggressive,273,2025-01-28 05:18:54,3.598,3.023,4.203,9.288,11.7,38.98,42.77,6.85,97.45,38.47,30.32,81.968,38.47,90.60000000000001,1.8576000000000001,0.4892205638474298,273,273,273
CELL_06,aggressive,274,2025-01-28 07:54:49,3.555,3.006,4.182,9.86,14.284,43.4,49.69,2.99,99.51,36.73,31.14,81.889,36.73,96.52000000000001,1.972,0.26582278481012667,274,274,274
CELL_06,aggressive,275,2025-01-28 09:48:01,3.595,2.925,4.195,8.385,11.981,47.4,50.83,0.0,96.77,44.57,35.49,81.825,44.57,96.77,1.677,0.353170189098999,275,275,275
CELL_06,aggressive,276,2025-01-28 12:53:49,3.555,2.907,4.246,8.568,10.951,41.91,45.06,3.64,99.45,35.89,32.82,81.775,35.89,95.81,1.7136,0.5618967687788502,276,276,276
CELL_06,aggressive,277,2025-01-28 15:18:36,3.65,3.034,4.209,8.541,11.063,46.83,50.65,2.23,96.47,37.01,29.63,81.716,37.01,94.24,1.7082000000000002,0.46590007930214106,277,277,277
CELL_06,aggressive,278,2025-01-28 16:56:50,3.558,2.952,4.233,9.627,12.175,47.07,50.16,0.0,96.77,33.17,31.14,81.632,33.17,96.77,1.9254000000000002,0.5027472527472526,278,278,278
CELL_06,aggressive,279,2025-01-28 19:38:25,3.606,2.967,4.208,9.962,12.432,48.53,53.87,8.89,96.08,31.64,25.29,81.541,31.64,87.19,1.9924,0.5024291497975708,279,279,279
CELL_06,aggressive,280,2025-01-28 22:07:58,3.553,2.913,4.18,8.724,12.313,45.5,51.17,0.0,98.97,36.19,34.32,81.466,36.19,98.97,1.7448000000000001,0.35302312621900245,280,280,280
CELL_06,aggressive,281,2025-01-29 00:14:02,3.647,3.082,4.192,8.924,10.815,47.15,53.0,9.61,98.7,34.77,31.4,81.392,34.77,89.09,1.7848,0.586991010047594,281,281,281
CELL_06,aggressive,282,2025-01-29 02:12:40,3.681,3.037,4.268,8.719,11.748,43.96,50.14,2.69,98.71,33.93,27.91,81.333,33.93,96.02,1.7437999999999998,0.406404754044239,282,282,282
CELL_06,aggressive,283,2025-01-29 04:09:10,3.587,2.962,4.221,9.553,12.959,46.47,50.94,5.66,99.67,29.91,26.36,81.267,29.91,94.01,1.9106,0.36964180857310636,283,283,283
CELL_06,aggressive,284,2025-01-29 06:19:15,3.622,2.993,4.192,8.597,11.289,43.82,49.32,0.95,99.95,33.09,33.12,81.208,33.09,99.0,1.7193999999999998,0.4453937592867757,284,284,284
CELL_06,aggressive,285,2025-01-29 08:50:07,3.508,2.927,4.188,9.268,12.556,45.89,52.72,0.62,99.62,29.15,30.28,81.132,29.15,99.0,1.8536000000000001,0.38351581508515825,285,285,285
CELL_06,aggressive,286,2025-01-29 11:36:04,3.681,3.086,4.247,9.54,13.477,40.45,45.47,5.5,97.51,34.81,30.54,81.081,34.81,92.01,1.908,0.2948945897891795,286,286,286
CELL_06,aggressive,287,2025-01-29 14:26:43,3.585,2.947,4.247,9.541,13.779,49.5,55.54,0.27,99.27,31.91,32.82,80.982,31.91,99.0,1.9082000000000001,0.3067484662576687,287,287,287
CELL_06,aggressive,288,2025-01-29 17:20:12,3.593,2.948,4.25,9.229,11.916,45.04,51.54,0.0,96.7,33.61,31.1,80.903,33.61,96.7,1.8457999999999999,0.4845552660960177,288,288,288
CELL_06,aggressive,289,2025-01-29 19:39:55,3.584,3.013,4.214,8.59,10.546,44.42,48.55,6.21,96.04,34.52,31.49,80.837,34.52,89.83000000000001,1.718,0.6140081799591006,289,289,289
CELL_06,aggressive,290,2025-01-29 21:26:32,3.64,3.042,4.232,9.422,11.315,46.04,52.91,2.26,97.78,31.47,31.72,80.76,31.47,95.52,1.8844,0.6286318013734818,290,290,290
CELL_06,aggressive,291,2025-01-29 23:17:50,3.66,3.086,4.226,8.535,11.527,46.22,50.06,0.9,99.06,35.13,30.26,80.685,35.13,98.16,1.707,0.3810160427807488,291,291,291
CELL_06,aggressive,292,2025-01-30 01:32:12,3.601,2.983,4.232,8.388,12.441,45.47,50.08,3.22,98.16,39.19,35.42,80.614,39.19,94.94,1.6776,0.308166790032075,292,292,292
CELL_06,aggressive,293,2025-01-30 04:01:18,3.614,2.939,4.27,9.001,13.114,45.02,49.45,8.38,97.07,34.98,30.71,80.556,34.98,88.69,1.8001999999999998,0.32360807196693386,293,293,293
CELL_06,aggressive,294,2025-01-30 06:00:07,3.664,3.063,4.257,9.185,12.534,40.14,46.3,10.53,99.27,34.68,27.45,80.503,34.68,88.74,1.8370000000000002,0.35652433562257374,294,294,294
CELL_06,aggressive,295,2025-01-30 08:05:56,3.593,2.983,4.273,9.298,12.877,45.35,48.95,4.4,98.75,29.31,29.86,80.414,29.31,94.35,1.8596,0.36043587594300064,295,295,295
CELL_06,aggressive,296,2025-01-30 10:33:14,3.56,2.943,4.186,9.301,12.408,42.93,46.32,2.94,97.37,31.2,29.94,80.362,31.2,94.43,1.8602,0.4000643707756679,296,296,296
CELL_06,aggressive,297,2025-01-30 13:27:22,3.624,2.998,4.235,8.8,11.421,44.8,50.45,0.0,96.67,34.51,31.12,80.288,34.51,96.67,1.7600000000000002,0.4719572682182376,297,297,297
CELL_06,aggressive,298,2025-01-30 16:03:55,3.602,2.998,4.249,9.089,11.596,44.72,50.08,6.57,96.8,29.38,29.56,80.227,29.38,90.22999999999999,1.8178,0.49900279218189053,298,298,298
CELL_06,aggressive,299,2025-01-30 18:59:36,3.619,3.018,4.251,9.058,11.017,44.87,50.64,8.26,96.91,26.92,29.08,80.166,26.92,88.64999999999999,1.8115999999999999,0.629402756508423,299,299,299
CELL_06,aggressive,300,2025-01-30 20:43:26,3.57,2.956,4.189,9.655,11.854,46.55,50.18,0.49,99.49,30.28,32.18,80.079,30.28,99.0,1.9309999999999998,0.5607094133697136,300,300,300
CELL_06,aggressive,301,2025-01-30 22:22:07,3.631,3.047,4.203,8.916,12.554,46.54,52.92,10.59,97.54,32.91,29.12,80.026,32.91,86.95,1.7832000000000001,0.31775700934579443,301,301,301
CELL_06,aggressive,302,2025-01-31 00:06:59,3.618,2.929,4.255,9.304,12.307,46.61,52.82,0.12,99.12,27.92,31.56,79.952,27.92,99.0,1.8608,0.44155844155844154,302,302,302
CELL_06,aggressive,303,2025-01-31 02:12:46,3.593,2.958,4.215,8.218,10.794,45.96,50.58,0.0,97.97,36.51,33.53,79.902,36.51,97.97,1.6436,0.4879658385093166,303,303,303
CELL_06,aggressive,304,2025-01-31 04:21:20,3.639,3.083,4.216,8.691,12.618,42.06,49.06,0.66,96.7,33.26,34.57,79.851,33.26,96.04,1.7382000000000002,0.288515406162465,304,304,304
CELL_06,aggressive,305,2025-01-31 07:03:23,3.565,2.927,4.227,7.529,9.171,41.71,46.35,10.49,98.84,38.87,36.13,79.804,38.87,88.35000000000001,1.5058,0.7917174177831916,305,305,305
CELL_06,aggressive,306,2025-01-31 08:53:24,3.633,3.017,4.203,8.816,12.293,44.94,49.35,1.88,96.83,36.45,32.88,79.751,36.45,94.95,1.7632,0.34109864825999453,306,306,306
CELL_06,aggressive,307,2025-01-31 10:57:10,3.672,3.075,4.227,9.308,12.143,46.94,53.24,8.74,97.28,38.84,28.41,79.671,38.84,88.54,1.8616,0.4063492063492063,307,307,307
CELL_06,aggressive,308,2025-01-31 13:27:21,3.593,3.035,4.184,9.012,11.316,44.68,47.83,2.36,97.47,32.19,31.36,79.604,32.19,95.11,1.8024,0.49869791666666663,308,308,308
CELL_06,aggressive,309,2025-01-31 16:20:00,3.535,2.9,4.247,8.82,12.283,44.7,48.4,0.0,96.41,39.28,32.76,79.526,39.28,96.41,1.764,0.38896910193473877,309,309,309
CELL_06,aggressive,310,2025-01-31 19:19:50,3.585,2.993,4.22,8.88,11.753,44.11,51.05,0.0,96.35,34.24,34.22,79.447,34.24,96.35,1.7760000000000002,0.4270797076226941,310,310,310
CELL_06,aggressive,311,2025-01-31 22:10:56,3.567,2.947,4.225,9.327,12.652,45.31,51.28,15.08,96.91,30.96,30.11,79.374,30.96,81.83,1.8654,0.38436090225563907,311,311,311
CELL_06,aggressive,312,2025-02-01 00:39:34,3.628,3.061,4.257,8.855,10.807,46.25,51.01,6.02,97.35,32.79,29.87,79.303,32.79,91.33,1.7710000000000001,0.6127049180327867,312,312,312
CELL_06,aggressive,313,2025-02-01 02:15:30,3.589,2.941,4.265,8.843,12.387,43.32,46.4,7.0,98.31,30.25,29.02,79.251,30.25,91.31,1.7686,0.37358916478555293,313,313,313
CELL_06,aggressive,314,2025-02-01 04:50:56,3.576,2.991,4.199,9.404,11.581,43.38,47.56,2.38,99.5,27.19,28.81,79.198,27.19,97.12,1.8808,0.5548920532843362,314,314,314
CELL_06,aggressive,315,2025-02-01 07:42:06,3.593,2.973,4.218,9.08,11.792,44.74,50.25,3.96,98.29,27.37,32.39,79.146,27.37,94.33000000000001,1.816,0.45907079646017707,315,315,315
CELL_06,aggressive,316,2025-02-01 10:14:22,3.591,3.05,4.25,9.659,12.274,43.66,47.89,7.81,97.74,30.09,33.35,79.078,30.09,89.92999999999999,1.9318000000000002,0.4588910133843216,316,316,316
CELL_06,aggressive,317,2025-02-01 11:48:55,3.675,3.076,4.265,9.6,13.469,48.37,51.49,4.2,98.37,30.46,27.34,78.989,30.46,94.17,1.92,0.30731455156371146,317,317,317
CELL_06,aggressive,318,2025-02-01 14:46:49,3.552,2.916,4.187,9.576,13.959,45.64,50.87,0.0,98.4,34.14,33.26,78.92,34.14,98.4,1.9152,0.2899840292037419,318,318,318
CELL_06,aggressive,319,2025-02-01 17:20:14,3.645,3.005,4.245,9.156,11.631,47.02,51.15,0.0,97.16,29.27,33.48,78.844,29.27,97.16,1.8312000000000002,0.5010101010101011,319,319,319
CELL_06,aggressive,320,2025-02-01 19:32:45,3.553,2.942,4.21,8.853,11.949,44.78,48.37,1.69,98.7,26.25,33.37,78.782,26.25,97.01,1.7706,0.4095607235142118,320,320,320
CELL_06,aggressive,321,2025-02-01 21:43:04,3.62,3.016,4.269,8.479,11.69,47.79,53.41,3.25,96.47,36.48,33.88,78.713,36.48,93.22,1.6957999999999998,0.3902211149174712,321,321,321
CELL_06,aggressive,322,2025-02-01 23:55:36,3.687,3.092,4.233,9.336,13.58,45.35,49.21,0.0,97.55,33.56,31.51,78.631,33.56,97.55,1.8672,0.2688501413760602,322,322,322
CELL_06,aggressive,323,2025-02-02 02:44:36,3.548,2.937,4.194,8.708,12.842,44.39,49.92,0.0,98.54,34.32,32.31,78.58,34.32,98.54,1.7416,0.30406386066763424,323,323,323
CELL_06,aggressive,324,2025-02-02 04:50:04,3.647,3.098,4.246,8.981,12.334,47.26,52.62,0.46,96.26,32.12,30.03,78.516,32.12,95.80000000000001,1.7962,0.34237995824634676,324,324,324
CELL_06,aggressive,325,2025-02-02 06:25:00,3.603,2.967,4.205,9.387,12.604,46.16,52.14,1.62,98.59,32.22,31.43,78.432,32.22,96.97,1.8774000000000002,0.38483058750388577,325,325,325
CELL_06,aggressive,326,2025-02-02 09:07:12,3.591,2.948,4.198,9.498,13.079,45.32,51.5,2.89,99.74,32.09,30.83,78.365,32.09,96.85,1.8996,0.34906450712091597,326,326,326
CELL_06,aggressive,327,2025-02-02 11:11:37,3.616,3.041,4.23,9.147,12.864,42.24,46.03,5.88,96.79,34.23,29.59,78.303,34.23,90.91000000000001,1.8294000000000001,0.3198816249663708,327,327,327
CELL_06,aggressive,328,2025-02-02 13:28:27,3.687,3.036,4.269,9.204,12.426,45.95,49.37,6.23,97.18,35.93,31.5,78.247,35.93,90.95,1.8408000000000002,0.3826815642458101,328,328,328
CELL_06,aggressive,329,2025-02-02 15:19:37,3.612,3.079,4.226,8.853,12.499,44.37,49.25,0.0,97.73,31.39,32.99,78.2,31.39,97.73,1.7706,0.31459133296763564,329,329,329
CELL_06,aggressive,330,2025-02-02 17:21:34,3.606,3.024,4.183,9.273,11.839,47.67,50.82,3.17,99.37,34.29,33.38,78.129,34.29,96.2,1.8546,0.4516757599376459,330,330,330
CELL_06,aggressive,331,2025-02-02 19:21:32,3.667,3.068,4.257,9.614,12.311,46.13,49.83,5.74,96.63,34.19,32.05,78.059,34.19,90.89,1.9228,0.44086021505376344,331,331,331
CELL_06,aggressive,332,2025-02-02 21:19:23,3.638,3.083,4.191,8.392,11.576,44.19,47.79,11.91,98.92,25.54,29.7,77.989,25.54,87.01,1.6784,0.3479899497487435,332,332,332
CELL_06,aggressive,333,2025-02-03 00:02:25,3.571,2.955,4.186,8.403,12.046,42.84,45.9,11.14,96.33,31.94,29.06,77.951,31.94,85.19,1.6806,0.33790831732088944,333,333,333
CELL_06,aggressive,334,2025-02-03 01:39:50,3.666,3.093,4.177,8.89,12.815,42.79,49.16,4.88,98.54,30.25,30.45,77.88,30.25,93.66000000000001,1.778,0.27617834394904456,334,334,334
CELL_06,aggressive,335,2025-02-03 03:33:44,3.609,2.952,4.223,8.81,10.607,42.54,48.48,4.16,98.97,38.61,30.44,77.803,38.61,94.81,1.762,0.7072899276572069,335,335,335
CELL_06,aggressive,336,2025-02-03 05:46:28,3.623,2.998,4.247,8.868,10.938,50.19,55.68,0.0,98.76,34.15,30.43,77.714,34.15,98.76,1.7736,0.603381642512077,336,336,336
CELL_06,aggressive,337,2025-02-03 08:20:49,3.575,3.005,4.224,9.224,12.642,44.57,49.03,0.69,99.69,31.73,33.53,77.627,31.73,99.0,1.8448,0.3566413107080165,337,337,337
CELL_06,aggressive,338,2025-02-03 09:52:02,3.633,3.075,4.216,9.757,13.968,39.89,43.16,3.29,98.63,28.56,30.86,77.562,28.56,95.33999999999999,1.9514,0.2709570173355497,338,338,338
CELL_06,aggressive,339,2025-02-03 12:38:21,3.563,2.943,4.218,9.566,11.611,44.43,47.56,6.71,98.52,30.44,26.87,77.503,30.44,91.81,1.9132000000000002,0.6234718826405867,339,339,339
CELL_06,aggressive,340,2025-02-03 14:56:44,3.612,3.005,4.189,9.359,12.682,46.44,50.99,2.45,96.03,32.02,28.63,77.436,32.02,93.58,1.8718,0.3563045440866687,340,340,340
CELL_06,aggressive,341,2025-02-03 16:42:21,3.525,2.925,4.194,8.999,13.259,44.89,50.23,0.9,96.01,37.83,29.5,77.36,37.83,95.11,1.7998,0.297887323943662,341,341,341
CELL_06,aggressive,342,2025-02-03 18:37:42,3.64,2.978,4.26,8.56,12.155,45.02,49.83,12.36,99.98,32.44,30.65,77.31,32.44,87.62,1.7120000000000002,0.35660639777468706,342,342,342
CELL_06,aggressive,343,2025-02-03 20:47:33,3.681,3.087,4.244,9.131,13.399,41.36,44.95,3.3,99.98,33.01,33.83,77.259,33.01,96.68,1.8262,0.27108716026241797,343,343,343
CELL_06,aggressive,344,2025-02-03 23:34:06,3.598,2.962,4.249,9.258,13.214,45.38,50.16,3.56,99.5,33.75,28.51,77.175,33.75,95.94,1.8516,0.325328614762386,344,344,344
CELL_06,aggressive,345,2025-02-04 02:36:08,3.568,2.972,4.244,9.856,12.228,46.7,50.51,7.36,98.18,36.75,31.16,77.094,36.75,90.82000000000001,1.9712,0.536256323777403,345,345,345
CELL_06,aggressive,346,2025-02-04 04:31:39,3.547,2.946,4.199,7.993,10.319,45.03,49.47,0.0,96.38,35.77,40.15,77.034,35.77,96.38,1.5986,0.5386930352536541,346,346,346
CELL_06,aggressive,347,2025-02-04 06:32:14,3.679,3.054,4.272,9.291,12.79,43.2,49.69,8.55,99.95,33.26,27.31,76.968,33.26,91.4,1.8582,0.348099456987711,347,347,347
CELL_06,aggressive,348,2025-02-04 09:31:17,3.622,2.986,4.247,9.5,12.821,42.65,49.29,0.0,96.02,35.17,31.13,76.886,35.17,96.02,1.9,0.37970490816019264,348,348,348
CELL_06,aggressive,349,2025-02-04 12:38:06,3.683,3.036,4.239,8.711,12.096,44.14,48.96,0.0,96.4,32.92,35.06,76.827,32.92,96.4,1.7422,0.3553914327917282,349,349,349
CELL_06,aggressive,350,2025-02-04 15:34:38,3.677,3.06,4.201,9.152,11.955,50.89,55.02,0.0,96.5,36.38,32.22,76.731,36.38,96.5,1.8303999999999998,0.4070638601498392,350,350,350
CELL_06,aggressive,351,2025-02-04 17:50:01,3.601,2.986,4.263,9.497,13.442,48.11,54.03,6.23,97.2,35.46,30.88,76.661,35.46,90.97,1.8994,0.32370088719898593,351,351,351
CELL_06,aggressive,352,2025-02-04 20:30:14,3.629,3.047,4.251,9.106,12.22,42.23,48.17,5.94,97.23,29.89,30.02,76.61,29.89,91.29,1.8212,0.3866409762363519,352,352,352
CELL_06,aggressive,353,2025-02-04 23:01:12,3.69,3.073,4.272,9.484,13.541,44.71,50.39,11.45,99.86,27.48,23.7,76.525,27.48,88.41,1.8968,0.29553857530194727,353,353,353
CELL_06,aggressive,354,2025-02-05 01:22:19,3.589,2.944,4.249,8.659,10.993,43.99,50.47,15.57,99.93,32.12,26.82,76.477,32.12,84.36000000000001,1.7318000000000002,0.5591259640102827,354,354,354
CELL_06,aggressive,355,2025-02-05 03:02:14,3.579,2.987,4.223,8.45,10.78,43.68,47.46,15.13,99.07,35.6,30.82,76.425,35.6,83.94,1.69,0.5304721030042917,355,355,355
CELL_06,aggressive,356,2025-02-05 05:42:31,3.7,3.089,4.219,8.747,12.694,46.62,52.07,1.26,97.56,30.64,30.98,76.357,30.64,96.3,1.7494,0.2862933873828224,356,356,356
CELL_06,aggressive,357,2025-02-05 07:46:57,3.621,2.995,4.213,9.946,12.28,44.02,49.27,5.61,98.69,29.74,28.69,76.285,29.74,93.08,1.9891999999999999,0.5218508997429306,357,357,357
CELL_06,aggressive,358,2025-02-05 10:40:09,3.63,3.041,4.221,8.981,12.988,43.44,49.67,9.92,98.77,35.19,26.26,76.228,35.19,88.85,1.7962,0.2944846518592464,358,358,358
CELL_06,aggressive,359,2025-02-05 12:32:26,3.691,3.056,4.255,9.415,12.121,42.71,46.42,3.05,97.51,31.8,28.25,76.16,31.8,94.46000000000001,1.8829999999999998,0.4430894308943087,359,359,359
CELL_06,aggressive,360,2025-02-05 14:30:12,3.63,3.047,4.239,8.396,11.298,46.19,51.63,0.0,97.9,38.36,31.84,76.105,38.36,97.9,1.6792000000000002,0.41075120606478294,360,360,360
CELL_06,aggressive,361,2025-02-05 16:32:28,3.597,2.91,4.252,9.103,12.537,46.98,50.48,0.0,98.6,32.43,36.11,76.028,32.43,98.6,1.8206,0.3907979033197435,361,361,361
CELL_06,aggressive,362,2025-02-05 18:18:28,3.618,2.967,4.264,8.99,11.826,47.76,51.32,1.39,96.49,35.4,31.72,75.95,35.4,95.1,1.798,0.4573342736248237,362,362,362
CELL_06,aggressive,363,2025-02-05 20:17:18,3.583,2.946,4.225,8.936,12.37,43.82,48.67,5.87,98.87,32.57,31.49,75.866,32.57,93.0,1.7872,0.3724519510774606,363,363,363
CELL_06,aggressive,364,2025-02-05 22:21:16,3.6,2.919,4.263,9.44,13.106,46.17,50.29,0.13,98.32,32.0,34.05,75.789,32.0,98.19,1.888,0.3666121112929623,364,364,364
CELL_06,aggressive,365,2025-02-06 01:14:41,3.613,2.957,4.251,9.135,11.895,45.33,49.84,4.2,96.81,35.23,31.44,75.734,35.23,92.61,1.827,0.46884057971014514,365,365,365
CELL_06,aggressive,366,2025-02-06 03:20:38,3.703,3.048,4.263,10.481,15.181,46.28,52.28,0.0,98.28,27.38,28.61,75.64,27.38,98.28,2.0962,0.25851063829787235,366,366,366
CELL_06,aggressive,367,2025-02-06 05:17:58,3.619,3.018,4.266,8.631,11.087,46.46,49.53,0.79,96.85,36.81,30.8,75.569,36.81,96.05999999999999,1.7262,0.5081433224755703,367,367,367
CELL_06,aggressive,368,2025-02-06 07:02:54,3.648,3.061,4.208,9.413,11.704,46.9,51.35,0.0,98.31,29.35,33.8,75.496,29.35,98.31,1.8826,0.5006547359231777,368,368,368
CELL_06,aggressive,369,2025-02-06 09:14:02,3.663,3.083,4.2,9.897,14.296,43.75,49.21,5.76,98.4,30.78,26.57,75.423,30.78,92.64,1.9794,0.25392134576040015,369,369,369
CELL_06,aggressive,370,2025-02-06 11:34:56,3.603,2.938,4.205,8.897,10.898,43.35,49.38,9.63,99.49,36.81,30.32,75.361,36.81,89.86,1.7794,0.6331834082958522,370,370,370
CELL_06,aggressive,371,2025-02-06 13:17:27,3.583,2.932,4.209,9.678,13.242,41.66,48.38,10.67,98.74,31.12,26.61,75.286,31.12,88.07,1.9356000000000002,0.35830527497194153,371,371,371
CELL_06,aggressive,372,2025-02-06 15:38:47,3.6,3.032,4.211,9.55,13.771,44.24,47.5,0.0,96.71,31.51,29.69,75.201,31.51,96.71,1.9100000000000001,0.27931769722814503,372,372,372
CELL_06,aggressive,373,2025-02-06 17:59:46,3.636,3.039,4.236,8.96,13.315,45.12,50.65,2.71,96.84,27.95,30.13,75.128,27.95,94.13000000000001,1.7920000000000003,0.2748564867967853,373,373,373
CELL_06,aggressive,374,2025-02-06 19:40:05,3.597,2.915,4.234,8.629,10.536,47.73,52.75,7.38,98.2,31.66,32.11,75.056,31.66,90.82000000000001,1.7258,0.6916622968012585,374,374,374
CELL_06,aggressive,375,2025-02-06 22:36:30,3.641,3.004,4.268,8.782,12.927,45.25,48.4,6.53,98.96,33.21,29.63,74.992,33.21,92.42999999999999,1.7564,0.30494571773220747,375,375,375
CELL_06,aggressive,376,2025-02-07 00:14:12,3.575,2.906,4.211,9.101,11.412,48.09,51.93,5.98,98.35,37.17,29.08,74.927,37.17,92.36999999999999,1.8202000000000003,0.5646906101254869,376,376,376
CELL_06,aggressive,377,2025-02-07 02:46:51,3.66,3.08,4.247,8.754,11.017,43.86,49.29,11.3,99.94,35.1,29.66,74.874,35.1,88.64,1.7508,0.5156871409633229,377,377,377
CELL_06,aggressive,378,2025-02-07 04:59:04,3.637,3.099,4.18,9.1,11.038,45.9,50.96,10.43,98.54,31.4,28.35,74.803,31.4,88.11000000000001,1.8199999999999998,0.5577915376676982,378,378,378
CELL_06,aggressive,379,2025-02-07 06:44:16,3.574,2.923,4.228,9.325,13.35,42.52,48.29,1.95,99.14,34.54,31.04,74.737,34.54,97.19,1.8649999999999998,0.32422360248447196,379,379,379
CELL_06,aggressive,380,2025-02-07 08:53:43,3.589,2.977,4.199,9.387,13.015,47.51,51.1,2.48,98.96,32.47,32.44,74.659,32.47,96.47999999999999,1.8774000000000002,0.3368246968026461,380,380,380
CELL_06,aggressive,381,2025-02-07 11:47:54,3.661,3.055,4.272,9.0,12.472,44.43,51.33,3.65,97.7,31.63,30.06,74.597,31.63,94.05,1.8,0.3505184331797236,381,381,381
CELL_06,aggressive,382,2025-02-07 13:57:28,3.606,2.979,4.226,9.152,12.293,47.65,50.82,3.54,96.71,30.24,31.52,74.53,30.24,93.16999999999999,1.8303999999999998,0.39700732250875514,382,382,382
CELL_06,aggressive,383,2025-02-07 16:39:31,3.583,2.941,4.26,9.068,12.578,49.41,53.48,9.34,99.07,36.79,32.81,74.448,36.79,89.72999999999999,1.8135999999999999,0.3757834757834758,383,383,383
CELL_06,aggressive,384,2025-02-07 18:37:59,3.655,3.092,4.187,8.898,11.813,44.99,49.52,0.0,96.68,34.91,33.72,74.369,34.91,96.68,1.7795999999999998,0.3756432246998284,384,384,384
CELL_06,aggressive,385,2025-02-07 20:35:10,3.597,3.022,4.208,9.337,12.85,41.6,46.89,2.84,98.76,28.98,31.57,74.323,28.98,95.92,1.8674,0.3376031881582694,385,385,385
CELL_06,aggressive,386,2025-02-07 22:50:41,3.629,3.001,4.23,8.995,13.093,46.88,51.27,1.79,99.05,38.04,30.68,74.255,38.04,97.25999999999999,1.799,0.29990239141044417,386,386,386
CELL_06,aggressive,387,2025-02-08 01:14:41,3.602,2.954,4.237,8.605,10.696,43.81,47.86,0.86,99.72,37.66,32.8,74.195,37.66,98.86,1.721,0.6135820181731231,387,387,387
CELL_06,aggressive,388,2025-02-08 02:54:37,3.6,3.028,4.199,9.354,11.54,45.41,50.48,3.43,97.79,34.76,29.4,74.118,34.76,94.36,1.8707999999999998,0.5356816102470264,388,388,388
CELL_06,aggressive,389,2025-02-08 04:37:21,3.656,3.084,4.226,9.674,13.195,45.27,50.62,5.54,98.65,35.03,28.02,74.035,35.03,93.11,1.9347999999999999,0.32433967622834414,389,389,389
CELL_06,aggressive,390,2025-02-08 06:42:21,3.634,2.952,4.269,9.42,12.571,44.57,49.83,0.0,98.37,35.77,30.48,73.973,35.77,98.37,1.884,0.41796255157092993,390,390,390
CELL_06,aggressive,391,2025-02-08 09:09:18,3.598,2.989,4.271,8.148,12.14,43.51,47.33,6.84,99.08,32.0,32.38,73.908,32.0,92.24,1.6296,0.32114228456913824,391,391,391
CELL_06,aggressive,392,2025-02-08 12:01:08,3.628,3.06,4.203,9.73,13.402,40.55,44.54,1.11,96.03,31.34,30.36,73.84,31.34,94.92,1.9460000000000002,0.31127450980392174,392,392,392
CELL_06,aggressive,393,2025-02-08 14:42:28,3.611,2.977,4.241,8.98,12.093,45.09,48.61,6.56,97.84,31.04,29.26,73.773,31.04,91.28,1.796,0.4060391904914873,393,393,393
CELL_06,aggressive,394,2025-02-08 17:16:43,3.555,2.979,4.194,8.847,10.884,45.68,51.77,0.0,97.55,28.85,31.9,73.69,28.85,97.55,1.7693999999999999,0.5964653902798229,394,394,394
CELL_06,aggressive,395,2025-02-08 18:59:31,3.581,2.961,4.195,9.176,12.035,46.67,50.04,3.63,98.75,27.48,31.13,73.622,27.48,95.12,1.8352,0.43161944735921665,395,395,395
CELL_06,aggressive,396,2025-02-08 21:52:22,3.57,2.9,4.238,9.374,13.795,46.59,50.67,3.91,96.99,35.93,31.5,73.554,35.93,93.08,1.8748,0.3026464600769058,396,396,396
CELL_06,aggressive,397,2025-02-09 00:24:24,3.544,2.901,4.212,9.384,11.695,41.86,47.26,2.71,97.06,31.72,33.93,73.485,31.72,94.35000000000001,1.8768,0.5672868887927304,397,397,397
CELL_06,aggressive,398,2025-02-09 03:30:28,3.565,2.959,4.219,8.275,10.092,47.27,52.93,7.2,98.47,35.6,39.1,73.405,35.6,91.27,1.655,0.693450742982939,398,398,398
CELL_06,aggressive,399,2025-02-09 05:59:38,3.614,3.009,4.186,8.808,11.238,45.98,49.0,13.85,97.24,34.98,24.61,73.335,34.98,83.39,1.7616,0.48436213991769556,399,399,399
CELL_06,aggressive,400,2025-02-09 08:22:10,3.596,2.96,4.213,9.214,11.569,43.98,48.77,0.0,98.98,26.49,31.28,73.259,26.49,98.98,1.8428,0.5320594479830149,400,400,400
CELL_07,mild,1,2025-01-01 19:43:12,3.632,2.985,4.233,2.147,2.856,23.42,28.29,29.76,96.26,144.79,89.26,99.996,144.79,66.5,0.42939999999999995,1.7602256699576864,0,0,1
CELL_07,mild,2,2025-01-02 00:52:35,3.579,2.98,4.199,2.247,2.719,24.75,30.83,35.88,96.94,134.22,80.82,99.994,134.22,61.059999999999995,0.44939999999999997,2.5826271186440675,0,0,2
CELL_07,mild,3,2025-01-02 04:28:23,3.644,3.072,4.202,3.015,3.792,24.35,30.34,39.26,97.1,95.87,55.57,99.993,95.87,57.839999999999996,0.603,1.4543114543114548,0,0,3
CELL_07,mild,4,2025-01-02 08:25:24,3.668,3.041,4.251,3.508,4.82,26.04,29.16,39.47,96.99,82.71,48.14,99.99,82.71,57.519999999999996,0.7016,0.9222560975609757,0,0,4
CELL_07,mild,5,2025-01-02 12:31:56,3.562,2.959,4.239,3.008,3.794,29.42,36.17,33.1,98.24,96.52,68.87,99.989,96.52,65.13999999999999,0.6016,1.6284987277353686,0,0,5
CELL_07,mild,6,2025-01-02 16:36:59,3.581,2.987,4.205,3.894,5.149,27.05,33.16,35.88,97.53,80.07,48.26,99.975,80.07,61.65,0.7788,0.9705179282868527,0,0,6
CELL_07,mild,7,2025-01-02 20:05:29,3.585,2.925,4.24,2.887,4.123,24.39,31.05,37.94,97.03,104.05,62.62,99.963,104.05,59.09,0.5774,1.0639158576051782,0,0,7
CELL_07,mild,8,2025-01-02 23:49:40,3.645,3.029,4.252,2.552,3.109,29.75,34.71,47.24,99.09,119.73,61.72,99.962,119.73,51.85,0.5104,2.1956912028725313,0,0,8
CELL_07,mild,9,2025-01-03 04:02:22,3.588,3.022,4.191,3.078,3.895,25.62,32.02,40.53,96.27,94.44,54.57,99.953,94.44,55.739999999999995,0.6155999999999999,1.4308445532435738,0,0,9
CELL_07,mild,10,2025-01-03 07:20:48,3.559,2.954,4.196,3.437,4.61,26.62,30.68,40.8,99.41,86.82,51.41,99.946,86.82,58.61,0.6874,1.0588235294117638,0,0,10
CELL_07,mild,11,2025-01-03 10:47:03,3.594,2.921,4.244,2.895,4.267,26.57,32.81,27.8,96.16,106.73,67.14,99.94,106.73,68.36,0.579,0.964285714285714,0,0,11
CELL_07,mild,12,2025-01-03 14:58:00,3.589,2.964,4.204,3.336,4.263,23.54,28.54,32.47,99.97,91.49,60.97,99.937,91.49,67.5,0.6672,1.3376483279395897,0,0,12
CELL_07,mild,13,2025-01-03 19:45:16,3.672,3.059,4.267,2.685,3.883,26.33,31.85,40.3,96.9,106.38,61.36,99.911,106.38,56.60000000000001,0.537,1.0083472454090152,0,0,13
CELL_07,mild,14,2025-01-03 22:53:27,3.613,2.965,4.268,3.11,4.203,23.88,29.28,38.22,97.59,95.83,60.81,99.89,95.83,59.370000000000005,0.622,1.1921317474839885,0,0,14
CELL_07,mild,15,2025-01-04 02:42:39,3.608,3.022,4.193,2.533,3.153,29.36,36.28,32.4,96.16,123.42,75.7,99.885,123.42,63.76,0.5065999999999999,1.8887096774193541,0,0,15
CELL_07,mild,16,2025-01-04 06:05:15,3.577,2.939,4.233,3.038,3.875,21.97,28.42,37.81,99.42,95.81,63.03,99.883,95.81,61.61,0.6075999999999999,1.5459976105137387,0,0,16
CELL_07,mild,17,2025-01-04 09:40:49,3.628,3.086,4.172,2.705,3.652,23.17,26.98,36.15,96.94,112.14,69.54,99.882,112.14,60.79,0.541,1.1467793030623017,0,0,17
CELL_07,mild,18,2025-01-04 12:56:27,3.616,2.955,4.245,3.146,4.47,24.21,29.78,46.9,99.33,96.43,47.7,99.881,96.43,52.43,0.6292,0.9743202416918431,0,0,18
CELL_07,mild,19,2025-01-04 17:20:45,3.65,3.049,4.268,2.802,3.397,22.53,28.44,34.88,96.24,108.18,66.66,99.873,108.18,61.35999999999999,0.5604,2.04873949579832,0,0,19
CELL_07,mild,20,2025-01-04 21:13:32,3.58,2.906,4.255,2.934,4.149,25.1,29.59,38.1,97.45,101.56,61.03,99.867,101.56,59.35,0.5868,1.1102880658436214,0,0,20
CELL_07,mild,21,2025-01-05 01:01:10,3.687,3.093,4.217,2.954,4.11,29.14,35.14,25.23,97.37,101.04,74.96,99.866,101.04,72.14,0.5908,0.9723183391003456,0,0,21
CELL_07,mild,22,2025-01-05 05:08:48,3.648,3.09,4.17,3.387,4.996,26.31,29.45,42.98,98.43,92.7,48.13,99.86,92.7,55.45000000000001,0.6774,0.6712243629583591,0,0,22
CELL_07,mild,23,2025-01-05 08:19:09,3.599,2.956,4.267,3.632,5.344,20.96,25.78,42.72,98.61,83.48,47.98,99.858,83.48,55.89,0.7264,0.7657710280373833,0,0,23
CELL_07,mild,24,2025-01-05 12:04:06,3.604,3.017,4.184,2.922,4.351,24.12,28.33,36.8,97.67,103.14,62.53,99.835,103.14,60.870000000000005,0.5844,0.8166550034989506,0,0,24
CELL_07,mild,25,2025-01-05 16:17:13,3.597,3.004,4.201,2.771,3.455,25.71,32.36,38.95,98.05,106.56,63.88,99.826,106.56,59.099999999999994,0.5542,1.7499999999999991,0,0,25
CELL_07,mild,26,2025-01-05 21:20:10,3.609,2.985,4.224,1.859,2.637,25.59,31.49,39.23,98.92,164.95,97.62,99.816,164.95,59.690000000000005,0.3718,1.59254498714653,0,0,26
CELL_07,mild,27,2025-01-06 01:49:30,3.589,2.931,4.228,2.321,3.172,26.15,30.6,37.04,97.18,134.69,74.86,99.815,134.69,60.14000000000001,0.46420000000000006,1.5240893066980021,0,0,27
CELL_07,mild,28,2025-01-06 06:43:16,3.518,2.919,4.17,2.65,3.394,23.73,28.72,34.91,98.84,113.29,73.28,99.81,113.29,63.93000000000001,0.53,1.681451612903225,0,0,28
CELL_07,mild,29,2025-01-06 10:46:14,3.569,2.989,4.225,3.179,4.764,24.25,28.83,48.21,98.92,94.41,50.69,99.809,94.41,50.71,0.6357999999999999,0.7798107255520501,0,0,29
CELL_07,mild,30,2025-01-06 13:55:46,3.616,3.046,4.239,3.343,4.083,23.93,28.59,37.06,98.26,89.3,56.53,99.801,89.3,61.2,0.6686,1.6121621621621618,0,0,30
CELL_07,mild,31,2025-01-06 17:53:23,3.645,3.068,4.201,2.523,3.722,26.35,29.72,37.01,96.35,119.16,72.01,99.8,119.16,59.339999999999996,0.5046,0.9449541284403667,0,0,31
CELL_07,mild,32,2025-01-06 21:47:37,3.657,3.066,4.214,3.189,4.223,26.91,30.75,23.5,96.13,93.07,67.02,99.799,93.07,72.63,0.6378,1.1102514506769834,0,0,32
CELL_07,mild,33,2025-01-07 01:53:23,3.664,3.073,4.259,2.268,3.394,32.38,36.28,37.35,98.06,133.74,78.54,99.781,133.74,60.71,0.45359999999999995,1.0532859680284192,0,0,33
CELL_07,mild,34,2025-01-07 06:03:52,3.594,3.045,4.2,2.762,4.13,25.54,30.52,44.1,97.51,111.16,59.2,99.774,111.16,53.410000000000004,0.5524,0.8442982456140353,0,0,34
CELL_07,mild,35,2025-01-07 09:51:18,3.677,3.064,4.248,3.271,4.884,24.32,29.42,30.33,98.78,94.0,61.82,99.752,94.0,68.45,0.6542,0.7340359578425294,0,0,35
CELL_07,mild,36,2025-01-07 13:45:19,3.634,3.091,4.193,2.395,3.276,21.24,27.63,42.3,99.0,125.24,72.37,99.751,125.24,56.7,0.479,1.2508513053348465,0,0,36
CELL_07,mild,37,2025-01-07 16:51:05,3.579,2.939,4.221,3.095,4.55,21.89,25.53,45.68,99.44,98.08,54.52,99.745,98.08,53.76,0.619,0.8810996563573885,0,0,37
CELL_07,mild,38,2025-01-07 19:56:00,3.59,2.909,4.267,3.311,4.643,26.75,31.67,37.75,99.48,88.71,53.94,99.727,88.71,61.730000000000004,0.6622,1.0195195195195201,0,0,38
CELL_07,mild,39,2025-01-08 00:10:44,3.648,3.032,4.225,3.075,4.324,20.77,25.18,37.89,98.58,93.06,57.27,99.717,93.06,60.69,0.615,0.955164131305044,0,0,39
CELL_07,mild,40,2025-01-08 03:55:22,3.634,3.039,4.211,3.758,4.807,24.51,29.83,35.13,98.94,78.08,51.95,99.716,78.08,63.809999999999995,0.7516,1.1172545281220208,0,0,40
CELL_07,mild,41,2025-01-08 07:41:45,3.606,3.075,4.199,3.165,4.585,29.11,35.12,30.35,99.42,93.72,64.99,99.712,93.72,69.07,0.633,0.7915492957746477,0,0,41
CELL_07,mild,42,2025-01-08 12:29:06,3.554,2.922,4.205,2.809,3.856,26.33,29.39,37.64,98.36,106.54,65.74,99.711,106.54,60.72,0.5618000000000001,1.2254059216809936,0,0,42
CELL_07,mild,43,2025-01-08 15:37:38,3.652,3.039,4.267,3.048,3.827,27.38,32.74,43.01,96.6,95.59,52.24,99.71,95.59,53.589999999999996,0.6096,1.5763799743260596,0,0,43
CELL_07,mild,44,2025-01-08 19:54:17,3.574,2.964,4.205,3.575,4.446,23.61,29.21,35.58,99.7,87.72,53.01,99.706,87.72,64.12,0.7150000000000001,1.4247990815155003,0,0,44
CELL_07,mild,45,2025-01-09 01:49:41,3.638,3.097,4.195,1.77,2.255,25.34,31.64,38.53,97.56,168.2,100.09,99.705,168.2,59.03,0.354,2.263917525773197,0,0,45
CELL_07,mild,46,2025-01-09 05:19:02,3.574,2.943,4.242,2.967,3.669,23.56,28.01,39.95,98.36,96.9,58.06,99.697,96.9,58.41,0.5934,1.8504273504273505,0,0,46
CELL_07,mild,47,2025-01-09 09:22:34,3.579,2.93,4.237,3.726,4.687,27.81,33.77,34.37,97.93,78.41,54.42,99.696,78.41,63.56000000000001,0.7452,1.3600416233090526,0,0,47
CELL_07,mild,48,2025-01-09 12:58:40,3.633,2.985,4.269,3.104,3.758,22.68,27.36,41.22,96.72,97.46,55.44,99.682,97.46,55.5,0.6208,1.9633027522935786,0,0,48
CELL_07,mild,49,2025-01-09 16:28:02,3.588,2.945,4.225,2.915,3.61,25.97,29.74,42.85,97.67,97.91,56.47,99.677,97.91,54.82,0.583,1.841726618705036,0,0,49
CELL_07,mild,50,2025-01-09 21:10:42,3.576,2.948,4.221,2.975,4.007,21.15,28.07,30.33,98.8,98.17,72.95,99.676,98.17,68.47,0.595,1.2335271317829464,0,0,50
CELL_07,mild,51,2025-01-10 01:55:25,3.593,2.984,4.207,2.333,2.989,24.23,30.08,45.14,99.26,127.51,67.83,99.668,127.51,54.120000000000005,0.4666,1.8643292682926835,0,0,51
CELL_07,mild,52,2025-01-10 05:32:05,3.639,3.05,4.229,3.902,5.331,24.91,29.33,45.01,99.5,77.8,41.36,99.667,77.8,54.49,0.7804,0.8250524842547237,0,0,52
CELL_07,mild,53,2025-01-10 09:07:23,3.655,3.042,4.244,3.607,4.416,24.18,28.2,24.23,97.9,84.07,58.4,99.661,84.07,73.67,0.7214,1.4857849196538933,0,0,53
CELL_07,mild,54,2025-01-10 13:26:59,3.582,2.942,4.244,2.821,3.593,31.36,36.21,38.2,97.05,108.87,64.58,99.66,108.87,58.849999999999994,0.5642,1.6865284974093264,0,0,54
CELL_07,mild,55,2025-01-10 16:45:28,3.63,2.992,4.248,2.899,3.948,27.07,31.45,43.36,98.35,101.77,57.24,99.657,101.77,54.989999999999995,0.5798,1.1973307912297428,0,0,55
CELL_07,mild,56,2025-01-10 19:55:14,3.603,2.946,4.211,3.155,4.317,28.2,32.18,34.27,97.69,96.07,57.71,99.656,96.07,63.419999999999995,0.631,1.088640275387263,0,0,56
CELL_07,mild,57,2025-01-10 22:56:22,3.588,2.973,4.203,3.38,4.271,23.63,27.97,41.37,98.72,88.31,52.1,99.655,88.31,57.35,0.6759999999999999,1.3804713804713808,0,0,57
CELL_07,mild,58,2025-01-11 03:16:16,3.597,2.914,4.253,2.755,3.416,24.06,30.48,46.04,98.47,109.22,51.79,99.654,109.22,52.43,0.5509999999999999,2.02571860816944,0,0,58
CELL_07,mild,59,2025-01-11 07:10:24,3.539,2.928,4.173,3.23,4.612,28.02,31.48,36.23,96.26,94.18,57.42,99.653,94.18,60.03000000000001,0.646,0.9008683068017366,0,0,59
CELL_07,mild,60,2025-01-11 11:35:44,3.656,3.094,4.261,2.163,2.741,26.29,32.32,36.31,97.26,135.94,84.22,99.64,135.94,60.95,0.4326,2.0190311418685116,0,0,60
CELL_07,mild,61,2025-01-11 15:50:20,3.605,2.951,4.245,3.095,4.148,26.16,29.55,49.8,98.29,95.84,43.1,99.639,95.84,48.49000000000001,0.619,1.228869895536563,0,0,61
CELL_07,mild,62,2025-01-11 19:21:56,3.584,2.912,4.265,2.995,4.37,21.54,25.58,34.71,97.9,98.29,60.75,99.638,98.29,63.190000000000005,0.599,0.9839999999999999,0,0,62
CELL_07,mild,63,2025-01-12 00:03:30,3.613,2.969,4.244,2.973,3.742,23.2,29.5,36.27,98.17,102.89,64.78,99.633,102.89,61.9,0.5946,1.6579973992197656,0,0,63
CELL_07,mild,64,2025-01-12 04:48:02,3.645,3.009,4.269,2.745,3.836,23.52,26.95,35.9,97.26,106.63,68.5,99.632,106.63,61.36000000000001,0.549,1.1549037580201655,0,0,64
CELL_07,mild,65,2025-01-12 09:01:19,3.6,3.04,4.179,2.526,3.623,27.73,32.53,34.4,96.41,119.69,75.52,99.626,119.69,62.01,0.5052,1.0382862351868731,0,0,65
CELL_07,mild,66,2025-01-12 13:43:05,3.672,3.098,4.245,2.88,4.162,28.85,35.4,33.62,99.13,104.08,66.79,99.625,104.08,65.50999999999999,0.576,0.8946957878315134,0,0,66
CELL_07,mild,67,2025-01-12 18:23:44,3.645,3.041,4.247,2.742,3.482,25.35,29.62,45.66,97.98,110.91,53.96,99.624,110.91,52.32000000000001,0.5484,1.6297297297297293,0,0,67
CELL_07,mild,68,2025-01-12 21:27:25,3.556,2.955,4.171,3.221,4.596,24.6,31.08,47.03,99.74,89.06,51.78,99.611,89.06,52.709999999999994,0.6442,0.8843636363636365,0,0,68
CELL_07,mild,69,2025-01-13 00:22:06,3.629,3.047,4.188,3.808,4.894,23.9,27.85,26.88,96.55,76.37,57.32,99.61,76.37,69.67,0.7615999999999999,1.0506445672191522,0,0,69
CELL_07,mild,70,2025-01-13 04:12:51,3.585,2.949,4.224,2.781,3.996,26.74,29.91,39.28,97.78,106.37,61.36,99.609,106.37,58.5,0.5562,1.0493827160493832,0,0,70
CELL_07,mild,71,2025-01-13 07:47:23,3.627,3.094,4.234,3.022,4.415,26.58,31.24,32.24,96.47,96.16,66.44,99.593,96.16,64.22999999999999,0.6043999999999999,0.8183776022972002,0,0,71
CELL_07,mild,72,2025-01-13 11:45:52,3.665,3.062,4.269,2.625,3.771,22.01,26.08,39.18,98.47,118.49,66.01,99.588,118.49,59.29,0.525,1.0532286212914488,0,0,72
CELL_07,mild,73,2025-01-13 15:57:45,3.597,2.963,4.243,3.479,4.209,24.6,31.54,41.91,99.6,84.43,48.44,99.581,84.43,57.69,0.6958,1.753424657534248,0,0,73
CELL_07,mild,74,2025-01-13 20:09:39,3.563,2.971,4.184,2.477,3.162,27.0,30.53,46.39,99.52,120.79,65.87,99.58,120.79,53.129999999999995,0.49539999999999995,1.7708029197080293,0,0,74
CELL_07,mild,75,2025-01-14 00:30:36,3.577,2.917,4.252,2.878,4.277,24.53,31.12,37.3,96.27,106.77,60.94,99.566,106.77,58.97,0.5756,0.954253037884203,0,0,75
CELL_07,mild,76,2025-01-14 04:25:17,3.61,3.002,4.231,3.379,4.192,22.63,28.75,41.4,98.75,89.03,48.29,99.552,89.03,57.35,0.6758,1.5116851168511682,0,0,76
CELL_07,mild,77,2025-01-14 08:08:41,3.489,2.907,4.179,3.338,4.01,23.45,28.64,44.96,99.52,95.61,48.78,99.544,95.61,54.559999999999995,0.6676,1.8928571428571441,0,0,77
CELL_07,mild,78,2025-01-14 11:30:58,3.59,2.94,4.246,3.331,4.684,22.45,25.8,30.86,97.15,88.37,61.41,99.543,88.37,66.29,0.6662,0.9652623798965264,0,0,78
CELL_07,mild,79,2025-01-14 14:28:46,3.554,2.945,4.186,3.794,5.313,26.83,30.13,32.48,98.64,79.57,53.68,99.533,79.57,66.16,0.7588,0.8169848584595131,0,0,79
CELL_07,mild,80,2025-01-14 18:12:49,3.632,3.033,4.26,3.097,4.627,25.54,31.8,46.16,96.17,104.25,47.29,99.525,104.25,50.010000000000005,0.6194,0.8019607843137255,0,0,80
CELL_07,mild,81,2025-01-14 22:52:24,3.567,2.963,4.181,2.593,3.714,22.74,27.51,38.26,96.34,115.91,68.9,99.523,115.91,58.080000000000005,0.5186,1.0865298840321143,0,0,81
CELL_07,mild,82,2025-01-15 03:58:17,3.622,3.086,4.171,2.447,3.522,25.7,28.82,36.92,96.92,125.08,70.53,99.518,125.08,60.0,0.4894,1.009302325581396,0,0,82
CELL_07,mild,83,2025-01-15 08:56:34,3.636,3.027,4.239,2.581,3.413,22.34,28.47,33.05,96.81,120.29,74.99,99.509,120.29,63.760000000000005,0.5162,1.4567307692307692,0,0,83
CELL_07,mild,84,2025-01-15 12:10:50,3.634,3.035,4.225,3.433,4.473,24.39,28.03,45.32,98.43,89.47,47.72,99.508,89.47,53.11000000000001,0.6866,1.1442307692307687,0,0,84
CELL_07,mild,85,2025-01-15 14:44:21,3.642,3.049,4.227,3.767,4.812,23.58,26.63,47.35,99.88,79.43,42.69,99.482,79.43,52.529999999999994,0.7534,1.1272727272727272,0,0,85
CELL_07,mild,86,2025-01-15 19:05:59,3.642,2.997,4.227,3.217,4.73,24.83,29.04,36.7,98.15,90.29,54.37,99.481,90.29,61.45,0.6434,0.8129543952412427,0,0,86
CELL_07,mild,87,2025-01-15 22:44:24,3.69,3.095,4.232,4.104,5.85,24.8,29.39,37.64,96.38,76.68,44.23,99.48,76.68,58.739999999999995,0.8208,0.6512027491408936,0,0,87
CELL_07,mild,88,2025-01-16 02:54:22,3.697,3.077,4.244,3.2,4.579,23.64,28.9,45.33,98.52,89.11,51.46,99.477,89.11,53.19,0.64,0.8462654097171866,0,0,88
CELL_07,mild,89,2025-01-16 07:06:00,3.645,3.087,4.199,2.773,3.657,29.8,36.76,35.79,99.94,116.41,70.65,99.476,116.41,64.15,0.5546,1.2579185520361988,0,0,89
CELL_07,mild,90,2025-01-16 11:39:05,3.553,2.929,4.181,2.818,3.605,26.17,32.06,33.24,96.66,108.74,67.27,99.475,108.74,63.419999999999995,0.5636,1.5908513341804325,0,0,90
CELL_07,mild,91,2025-01-16 15:51:41,3.61,2.962,4.214,2.707,3.435,27.5,32.57,30.27,97.52,106.89,75.52,99.468,106.89,67.25,0.5414,1.7197802197802197,0,0,91
CELL_07,mild,92,2025-01-16 19:34:03,3.6,2.949,4.207,3.668,5.205,26.88,33.06,42.0,98.42,85.5,46.02,99.467,85.5,56.42,0.7336,0.8184775536759923,0,0,92
CELL_07,mild,93,2025-01-16 23:45:30,3.588,2.964,4.202,3.163,3.989,27.02,30.08,37.69,99.72,93.22,59.46,99.46,93.22,62.03,0.6325999999999999,1.4987893462469732,0,0,93
CELL_07,mild,94,2025-01-17 04:17:42,3.607,2.921,4.251,3.114,4.659,25.33,31.63,33.38,97.99,98.6,65.93,99.451,98.6,64.60999999999999,0.6228,0.8608414239482204,0,0,94
CELL_07,mild,95,2025-01-17 07:30:45,3.616,3.052,4.219,3.451,4.634,24.06,27.12,39.05,96.53,87.35,48.02,99.44,87.35,57.480000000000004,0.6902,0.9864750633981403,0,0,95
CELL_07,mild,96,2025-01-17 12:07:43,3.527,2.948,4.187,2.723,3.766,26.54,30.86,35.89,98.99,116.55,71.11,99.439,116.55,63.099999999999994,0.5446,1.1879194630872485,0,0,96
CELL_07,mild,97,2025-01-17 16:42:12,3.618,2.943,4.256,2.713,4.0,22.42,28.66,35.68,99.67,109.97,70.54,99.424,109.97,63.99,0.5426,1.0202020202020203,0,0,97
CELL_07,mild,98,2025-01-17 20:14:42,3.697,3.045,4.261,3.436,4.995,22.14,28.67,48.78,97.44,87.64,43.49,99.409,87.64,48.66,0.6872,0.7799871712636306,0,0,98
CELL_07,mild,99,2025-01-17 23:56:02,3.646,3.089,4.206,3.476,4.713,28.15,31.74,36.76,98.46,89.43,49.64,99.392,89.43,61.699999999999996,0.6952,0.9029911075181895,0,0,99
CELL_07,mild,100,2025-01-18 03:24:37,3.583,2.919,4.193,3.396,4.166,23.81,28.42,29.31,96.09,88.82,58.36,99.388,88.82,66.78,0.6792,1.654545454545453,0,0,100
CELL_07,mild,101,2025-01-18 06:41:38,3.651,3.022,4.256,2.799,3.932,26.09,31.1,43.04,99.06,106.89,58.81,99.378,106.89,56.02,0.5598,1.0891438658428954,0,0,101
CELL_07,mild,102,2025-01-18 10:24:06,3.596,3.03,4.175,2.624,3.337,25.17,29.13,31.86,97.29,110.26,72.43,99.377,110.26,65.43,0.5248,1.6058906030855538,0,0,102
CELL_07,mild,103,2025-01-18 14:58:20,3.674,3.076,4.241,2.826,3.688,27.35,32.0,41.08,98.34,109.5,62.37,99.374,109.5,57.260000000000005,0.5652,1.3515081206496513,0,0,103
CELL_07,mild,104,2025-01-18 19:05:54,3.64,3.007,4.195,3.25,4.024,25.55,30.19,42.71,98.15,91.57,50.05,99.361,91.57,55.440000000000005,0.65,1.5348837209302328,0,0,104
CELL_07,mild,105,2025-01-18 22:57:46,3.687,3.056,4.269,2.758,3.447,27.27,32.92,37.84,98.03,108.1,66.35,99.36,108.1,60.19,0.5516,1.760522496371553,0,0,105
CELL_07,mild,106,2025-01-19 02:48:52,3.662,3.086,4.229,3.085,4.202,27.51,33.08,35.25,99.06,94.47,62.49,99.331,94.47,63.81,0.617,1.0232766338406447,0,0,106
CELL_07,mild,107,2025-01-19 06:47:23,3.541,2.923,4.189,2.68,3.747,27.47,31.74,38.58,97.85,112.05,65.15,99.33,112.05,59.269999999999996,0.536,1.1865042174320528,0,0,107
CELL_07,mild,108,2025-01-19 10:17:47,3.686,3.09,4.206,2.805,4.03,26.94,33.68,38.06,98.39,109.59,63.14,99.322,109.59,60.33,0.561,0.9110204081632657,0,0,108
CELL_07,mild,109,2025-01-19 13:52:59,3.619,2.991,4.235,2.638,3.692,25.9,32.45,44.11,98.53,108.41,63.55,99.302,108.41,54.42,0.5276,1.1802656546489563,0,0,109
CELL_07,mild,110,2025-01-19 17:50:18,3.614,3.026,4.202,2.629,3.871,20.93,25.52,31.85,98.83,115.96,79.45,99.301,115.96,66.97999999999999,0.5258,0.9468599033816426,0,0,110
CELL_07,mild,111,2025-01-19 21:06:53,3.646,3.067,4.241,3.362,4.763,26.1,32.18,42.57,99.16,89.81,48.64,99.286,89.81,56.589999999999996,0.6724,0.8379728765167734,0,0,111
CELL_07,mild,112,2025-01-20 01:20:42,3.607,2.943,4.247,3.883,4.795,27.23,33.17,27.08,97.47,81.14,54.81,99.277,81.14,70.39,0.7766,1.4298245614035088,0,0,112
CELL_07,mild,113,2025-01-20 04:37:10,3.622,3.019,4.218,3.093,4.497,25.36,29.81,32.39,97.93,99.77,62.0,99.264,99.77,65.54,0.6186,0.8539886039886039,0,0,113
CELL_07,mild,114,2025-01-20 08:22:12,3.602,2.988,4.239,2.947,4.328,24.08,30.79,43.38,98.7,96.8,58.08,99.263,96.8,55.32,0.5894,0.905865314989138,0,0,114
CELL_07,mild,115,2025-01-20 12:46:14,3.583,2.943,4.226,3.108,4.095,29.13,34.68,42.61,98.34,94.87,55.39,99.262,94.87,55.730000000000004,0.6216,1.2998986828774066,0,0,115
CELL_07,mild,116,2025-01-20 15:34:54,3.61,3.026,4.173,3.572,4.516,25.4,28.76,44.1,96.28,82.2,44.03,99.247,82.2,52.18,0.7144,1.2150423728813562,0,0,116
CELL_07,mild,117,2025-01-20 19:28:44,3.634,3.059,4.221,2.45,3.61,20.36,27.24,43.75,99.96,116.19,67.22,99.243,116.19,56.209999999999994,0.49000000000000005,1.0017241379310347,0,0,117
CELL_07,mild,118,2025-01-20 23:20:50,3.537,2.918,4.221,3.182,4.087,26.66,29.68,46.35,98.53,101.19,53.55,99.242,101.19,52.18,0.6364,1.439779005524862,0,0,118
CELL_07,mild,119,2025-01-21 05:44:50,3.617,2.965,4.227,1.728,2.487,24.44,28.01,40.48,98.77,172.91,101.48,99.228,172.91,58.29,0.3456,1.6627140974967065,0,0,119
CELL_07,mild,120,2025-01-21 09:24:56,3.673,3.083,4.225,3.484,5.168,26.24,32.28,39.54,97.37,83.43,49.12,99.227,83.43,57.830000000000005,0.6968,0.6781472684085507,0,0,120
CELL_07,mild,121,2025-01-21 12:59:49,3.627,2.999,4.211,4.255,6.174,24.76,30.99,39.45,97.18,73.93,43.83,99.215,73.93,57.730000000000004,0.851,0.631578947368421,0,0,121
CELL_07,mild,122,2025-01-21 16:54:30,3.679,3.099,4.253,2.97,3.592,27.36,33.06,44.73,99.14,99.28,55.07,99.209,99.28,54.410000000000004,0.5940000000000001,1.8553054662379422,0,0,122
CELL_07,mild,123,2025-01-21 23:51:35,3.609,3.008,4.195,1.286,1.66,23.36,28.19,46.11,99.1,230.82,125.33,99.208,230.82,52.989999999999995,0.2572,3.173796791443852,0,0,123
CELL_07,mild,124,2025-01-22 03:36:19,3.601,3.026,4.221,3.785,4.69,24.7,30.26,39.47,97.2,75.69,47.26,99.207,75.69,57.730000000000004,0.757,1.320441988950276,0,0,124
CELL_07,mild,125,2025-01-22 07:41:26,3.613,3.065,4.193,2.842,3.704,25.76,28.97,43.96,98.2,103.23,57.64,99.206,103.23,54.24,0.5684,1.3085846867749416,0,0,125
CELL_07,mild,126,2025-01-22 13:37:51,3.66,3.096,4.2,1.931,2.331,27.07,33.17,34.81,96.59,158.57,99.15,99.191,158.57,61.78,0.3862,2.7600000000000007,0,0,126
CELL_07,mild,127,2025-01-22 17:28:50,3.571,2.961,4.234,3.888,4.874,24.72,28.9,39.74,96.28,77.83,45.7,99.171,77.83,56.54,0.7776,1.2910750507099396,0,0,127
CELL_07,mild,128,2025-01-22 21:23:53,3.646,3.055,4.254,3.909,5.72,26.59,32.95,37.08,97.09,80.29,44.41,99.169,80.29,60.010000000000005,0.7817999999999999,0.6620651573716175,0,0,128
CELL_07,mild,129,2025-01-23 00:17:30,3.594,2.967,4.223,3.794,5.567,26.97,30.28,43.31,97.64,82.57,40.26,99.164,82.57,54.33,0.7588,0.7084038353073885,0,0,129
CELL_07,mild,130,2025-01-23 04:37:48,3.645,3.098,4.173,3.127,4.309,21.21,26.27,42.35,99.48,94.8,55.87,99.163,94.8,57.13,0.6254,0.9094754653130286,0,0,130
CELL_07,mild,131,2025-01-23 08:28:49,3.582,2.953,4.227,4.067,5.622,20.02,26.64,34.05,96.37,78.74,47.33,99.162,78.74,62.32000000000001,0.8134,0.8192926045016081,0,0,131
CELL_07,mild,132,2025-01-23 12:22:18,3.643,3.047,4.258,2.783,3.543,26.69,31.49,44.01,98.22,106.81,57.56,99.149,106.81,54.21,0.5566,1.5934210526315782,0,0,132
CELL_07,mild,133,2025-01-23 15:04:36,3.599,3.001,4.196,3.743,4.842,24.23,28.16,45.82,98.66,82.39,42.43,99.148,82.39,52.839999999999996,0.7485999999999999,1.0873521383075524,0,0,133
CELL_07,mild,134,2025-01-23 18:01:57,3.641,3.059,4.202,3.166,3.961,23.43,26.54,50.26,99.86,92.15,49.38,99.142,92.15,49.6,0.6332,1.4377358490566037,0,0,134
CELL_07,mild,135,2025-01-23 22:18:01,3.6,2.907,4.266,3.038,4.237,27.43,33.42,30.02,96.44,104.29,69.32,99.141,104.29,66.42,0.6075999999999999,1.1334445371142616,0,0,135
CELL_07,mild,136,2025-01-24 02:58:19,3.681,3.084,4.252,2.776,3.86,22.06,27.87,36.78,99.38,112.71,66.44,99.136,112.71,62.599999999999994,0.5551999999999999,1.0774907749077487,0,0,136
CELL_07,mild,137,2025-01-24 06:00:16,3.59,2.963,4.223,4.283,6.227,25.43,31.03,30.21,98.8,65.83,47.86,99.135,65.83,68.59,0.8566,0.648148148148148,0,0,137
CELL_07,mild,138,2025-01-24 10:23:43,3.664,3.098,4.235,3.255,4.367,23.81,27.64,35.15,96.69,96.39,54.6,99.132,96.39,61.54,0.651,1.0224820143884896,0,0,138
CELL_07,mild,139,2025-01-24 14:13:05,3.625,3.045,4.199,3.507,4.656,24.51,28.71,42.71,99.98,88.14,48.81,99.131,88.14,57.27,0.7014,1.0043516100957357,0,0,139
CELL_07,mild,140,2025-01-24 17:44:02,3.562,2.937,4.217,2.785,3.468,26.56,31.18,38.6,98.2,104.35,60.3,99.128,104.35,59.6,0.557,1.874084919472914,0,0,140
CELL_07,mild,141,2025-01-24 21:27:34,3.608,2.953,4.211,2.983,3.585,24.51,30.17,36.41,97.67,96.32,59.52,99.126,96.32,61.260000000000005,0.5966,2.0897009966777422,0,0,141
CELL_07,mild,142,2025-01-25 00:55:11,3.544,2.909,4.206,3.941,5.043,26.37,32.41,37.34,96.54,80.89,42.24,99.116,80.89,59.2,0.7882,1.1769509981851183,0,0,142
CELL_07,mild,143,2025-01-25 05:40:32,3.565,2.972,4.183,2.768,3.739,26.63,33.13,37.45,99.44,102.91,65.25,99.115,102.91,61.989999999999995,0.5536,1.2471678681771368,0,0,143
CELL_07,mild,144,2025-01-25 10:20:23,3.538,2.903,4.183,2.663,3.753,24.61,30.72,28.88,96.82,117.44,76.47,99.114,117.44,67.94,0.5326,1.174311926605504,0,0,144
CELL_07,mild,145,2025-01-25 16:13:51,3.552,2.937,4.202,2.13,3.14,28.16,31.26,32.51,98.16,142.95,91.89,99.113,142.95,65.65,0.426,1.2524752475247523,0,0,145
CELL_07,mild,146,2025-01-25 20:29:07,3.617,2.957,4.233,3.085,4.207,25.07,31.37,39.08,96.3,99.0,56.29,99.112,99.0,57.22,0.617,1.1372549019607843,0,0,146
CELL_07,mild,147,2025-01-26 01:04:10,3.584,2.917,4.234,2.918,3.822,27.57,31.1,39.11,98.94,103.01,60.4,99.101,103.01,59.83,0.5836,1.4568584070796464,0,0,147
CELL_07,mild,148,2025-01-26 04:42:04,3.601,3.023,4.207,2.934,4.098,26.05,31.23,32.38,97.59,101.26,61.34,99.084,101.26,65.21000000000001,0.5868,1.0171821305841924,0,0,148
CELL_07,mild,149,2025-01-26 08:22:51,3.581,2.922,4.265,3.336,4.238,21.84,25.21,37.59,96.45,90.4,51.77,99.079,90.4,58.86,0.6672,1.48891352549889,0,0,149
CELL_07,mild,150,2025-01-26 11:27:54,3.613,2.981,4.263,3.997,4.957,23.77,27.04,45.26,97.0,75.36,36.16,99.078,75.36,51.74,0.7994,1.3354166666666667,0,0,150
CELL_07,mild,151,2025-01-26 15:29:17,3.61,2.987,4.249,3.019,3.726,26.02,30.62,28.95,98.95,102.18,69.16,99.059,102.18,70.0,0.6038,1.7850070721357847,0,0,151
CELL_07,mild,152,2025-01-26 19:57:45,3.623,3.016,4.257,2.761,3.315,24.73,29.98,43.5,98.99,104.17,58.03,99.05,104.17,55.489999999999995,0.5522,2.2400722021660653,0,0,152
CELL_07,mild,153,2025-01-26 23:14:59,3.551,2.918,4.219,4.223,5.124,27.25,31.16,45.36,96.17,74.66,37.12,99.048,74.66,50.81,0.8446,1.4439511653718096,0,0,153
CELL_07,mild,154,2025-01-27 03:08:34,3.623,2.969,4.248,3.351,4.221,26.16,31.13,39.77,99.84,90.82,55.51,99.036,90.82,60.07,0.6702,1.4701149425287359,0,0,154
CELL_07,mild,155,2025-01-27 06:47:06,3.623,3.085,4.173,2.457,3.027,21.25,25.87,50.19,98.48,119.27,58.7,99.035,119.27,48.290000000000006,0.49139999999999995,1.9087719298245607,0,0,155
CELL_07,mild,156,2025-01-27 09:58:26,3.597,3.022,4.242,3.364,4.711,21.95,25.47,33.28,96.42,85.71,55.92,99.016,85.71,63.14,0.6728,0.9057164068299924,0,0,156
CELL_07,mild,157,2025-01-27 15:08:20,3.554,2.912,4.239,2.01,2.781,27.89,32.79,39.71,97.2,153.3,84.85,99.015,153.3,57.49,0.40199999999999997,1.721141374837872,0,0,157
CELL_07,mild,158,2025-01-27 19:23:58,3.583,2.95,4.192,2.344,3.252,26.61,31.16,37.67,97.84,126.65,78.81,99.008,126.65,60.17,0.4688,1.36784140969163,0,0,158
CELL_07,mild,159,2025-01-27 22:08:29,3.583,3.003,4.259,3.522,4.473,27.19,33.76,38.17,99.33,83.8,46.95,99.007,83.8,61.16,0.7043999999999999,1.320715036803365,0,0,159
CELL_07,mild,160,2025-01-28 02:36:53,3.561,2.916,4.225,2.193,2.939,28.56,34.44,41.5,99.8,137.1,81.29,98.982,137.1,58.3,0.4386,1.7546916890080426,0,0,160
CELL_07,mild,161,2025-01-28 05:57:34,3.596,2.997,4.242,3.345,4.066,23.46,27.85,37.93,98.09,89.11,56.0,98.974,89.11,60.160000000000004,0.669,1.7267683772538152,0,0,161
CELL_07,mild,162,2025-01-28 10:31:38,3.625,3.072,4.224,3.316,4.527,25.24,31.99,32.36,99.61,90.99,65.11,98.973,90.99,67.25,0.6632,0.9512799339388933,0,0,162
CELL_07,mild,163,2025-01-28 14:39:22,3.631,3.035,4.251,2.752,3.307,26.37,31.95,33.41,97.39,108.28,68.88,98.972,108.28,63.980000000000004,0.5504,2.190990990990991,0,0,163
CELL_07,mild,164,2025-01-28 18:38:18,3.622,3.025,4.204,2.867,4.116,23.02,27.08,33.95,97.34,103.64,68.79,98.952,103.64,63.39,0.5734,0.9439551641313052,0,0,164
CELL_07,mild,165,2025-01-28 23:59:11,3.648,3.025,4.25,2.115,3.129,24.67,30.86,40.18,99.32,141.63,83.88,98.951,141.63,59.13999999999999,0.42300000000000004,1.2080867850098622,0,0,165
CELL_07,mild,166,2025-01-29 03:34:38,3.685,3.098,4.266,2.728,3.869,26.69,32.32,34.3,96.45,113.52,71.17,98.937,113.52,62.150000000000006,0.5456000000000001,1.023663453111306,0,0,166
CELL_07,mild,167,2025-01-29 08:51:24,3.665,3.07,4.263,2.15,2.834,25.42,28.45,43.98,99.64,138.41,78.2,98.915,138.41,55.660000000000004,0.43,1.7441520467836253,0,0,167
CELL_07,mild,168,2025-01-29 12:40:34,3.583,2.927,4.232,3.17,3.904,28.26,32.16,46.25,96.38,97.2,45.59,98.909,97.2,50.129999999999995,0.634,1.7779291553133518,0,0,168
CELL_07,mild,169,2025-01-29 16:18:59,3.584,2.937,4.262,3.248,4.779,23.54,28.99,29.92,97.24,90.42,63.03,98.908,90.42,67.32,0.6496000000000001,0.8654474199869366,0,0,169
CELL_07,mild,170,2025-01-29 20:21:01,3.672,2.99,4.262,3.03,4.13,23.48,29.49,35.86,96.74,101.93,59.53,98.907,101.93,60.879999999999995,0.606,1.1563636363636356,0,0,170
CELL_07,mild,171,2025-01-30 00:17:48,3.632,3.022,4.206,2.694,3.919,27.44,31.9,29.63,96.3,114.71,77.7,98.893,114.71,66.67,0.5388,0.9665306122448983,0,0,171
CELL_07,mild,172,2025-01-30 03:39:15,3.617,3.015,4.203,2.869,3.468,26.12,32.89,31.59,96.88,97.99,65.47,98.888,97.99,65.28999999999999,0.5738000000000001,1.9833055091819711,0,0,172
CELL_07,mild,173,2025-01-30 07:09:54,3.678,3.083,4.231,2.997,3.97,23.66,29.65,41.94,99.12,94.85,58.34,98.883,94.85,57.18000000000001,0.5993999999999999,1.179856115107913,0,0,173
CELL_07,mild,174,2025-01-30 10:03:51,3.659,3.095,4.177,3.436,5.073,24.48,30.18,37.67,97.66,89.52,50.92,98.87,89.52,59.989999999999995,0.6872,0.6609651802076965,0,0,174
CELL_07,mild,175,2025-01-30 14:05:23,3.623,3.066,4.205,3.037,3.883,25.87,30.28,31.47,96.66,104.14,65.05,98.855,104.14,65.19,0.6073999999999999,1.3463356973995273,0,0,175
CELL_07,mild,176,2025-01-30 17:30:03,3.643,2.996,4.251,2.771,3.74,25.26,31.65,43.27,97.82,103.63,59.38,98.85,103.63,54.54999999999999,0.5542,1.2951496388028896,0,0,176
CELL_07,mild,177,2025-01-30 21:22:38,3.617,3.037,4.218,3.68,5.333,27.11,30.19,50.39,98.06,80.26,39.89,98.849,80.26,47.67,0.736,0.7144585601935874,0,0,177
CELL_07,mild,178,2025-01-31 00:39:32,3.619,3.075,4.194,3.361,4.994,22.27,29.17,35.18,97.18,89.54,55.3,98.839,89.54,62.00000000000001,0.6722,0.685241886099204,0,0,178
CELL_07,mild,179,2025-01-31 04:59:30,3.585,2.972,4.227,3.08,4.168,22.45,27.45,27.1,96.39,96.83,66.7,98.838,96.83,69.28999999999999,0.616,1.1534926470588238,0,0,179
CELL_07,mild,180,2025-01-31 08:26:41,3.529,2.932,4.188,2.944,4.235,22.52,26.61,33.45,97.18,106.81,64.43,98.819,106.81,63.730000000000004,0.5888,0.9728892331525945,0,0,180
CELL_07,mild,181,2025-01-31 11:55:23,3.515,2.94,4.17,2.911,3.721,24.54,30.43,30.69,99.31,104.59,70.58,98.818,104.59,68.62,0.5822,1.5185185185185184,0,0,181
CELL_07,mild,182,2025-01-31 15:39:04,3.628,3.056,4.177,3.416,4.13,24.66,30.34,40.27,99.35,82.88,52.91,98.81,82.88,59.07999999999999,0.6832,1.5700280112044813,0,0,182
CELL_07,mild,183,2025-01-31 20:39:55,3.685,3.093,4.259,2.509,3.335,24.77,29.68,38.67,98.6,116.44,68.14,98.802,116.44,59.92999999999999,0.5018,1.411622276029056,0,0,183
CELL_07,mild,184,2025-02-01 00:04:12,3.628,2.985,4.24,2.804,3.909,24.7,30.95,43.07,98.38,111.4,60.59,98.798,111.4,55.309999999999995,0.5608,1.135746606334842,0,0,184
CELL_07,mild,185,2025-02-01 03:37:40,3.581,2.941,4.226,3.363,4.2,22.79,26.88,32.6,96.37,85.15,59.47,98.781,85.15,63.77,0.6726,1.5352449223416964,0,0,185
CELL_07,mild,186,2025-02-01 08:26:58,3.598,2.955,4.232,2.485,3.277,24.35,29.64,32.74,98.62,122.42,82.35,98.777,122.42,65.88,0.497,1.612373737373737,0,0,186
CELL_07,mild,187,2025-02-01 13:25:26,3.582,3.014,4.19,2.694,3.65,25.11,29.11,32.36,98.78,109.04,75.47,98.766,109.04,66.42,0.5388,1.230125523012553,0,0,187
CELL_07,mild,188,2025-02-01 17:30:12,3.583,2.954,4.241,3.438,4.407,26.0,30.23,37.81,99.83,89.9,57.07,98.755,89.9,62.019999999999996,0.6876,1.3281733746130027,0,0,188
CELL_07,mild,189,2025-02-01 21:56:20,3.648,3.099,4.18,3.052,4.22,24.38,30.01,37.3,97.91,94.45,61.35,98.754,94.45,60.61,0.6104,0.9255136986301368,0,0,189
CELL_07,mild,190,2025-02-02 01:57:01,3.582,2.935,4.256,2.677,3.659,22.37,27.69,37.84,96.3,114.74,65.75,98.753,114.74,58.459999999999994,0.5354,1.3452138492871695,0,0,190
CELL_07,mild,191,2025-02-02 05:26:00,3.62,2.936,4.265,2.726,3.336,26.79,31.19,37.2,97.34,110.52,63.97,98.752,110.52,60.14,0.5452,2.178688524590164,0,0,191
CELL_07,mild,192,2025-02-02 08:48:27,3.627,3.037,4.261,2.84,4.058,26.11,32.41,42.92,99.34,105.11,59.53,98.751,105.11,56.42,0.568,1.0049261083743843,0,0,192
CELL_07,mild,193,2025-02-02 11:35:15,3.597,2.968,4.269,3.726,4.863,24.35,29.12,36.59,96.71,85.96,48.64,98.728,85.96,60.11999999999999,0.7452,1.1442392260334209,0,0,193
CELL_07,mild,194,2025-02-02 15:01:56,3.586,2.926,4.262,3.706,4.777,27.46,30.78,42.63,96.22,82.16,42.69,98.701,82.16,53.589999999999996,0.7412,1.247432306255835,0,0,194
CELL_07,mild,195,2025-02-02 18:25:07,3.572,2.959,4.19,3.245,4.079,22.46,28.58,49.27,96.88,92.35,43.81,98.689,92.35,47.60999999999999,0.649,1.4760191846522792,0,0,195
CELL_07,mild,196,2025-02-02 21:30:12,3.664,3.089,4.194,3.42,4.963,26.3,33.24,31.05,96.77,86.99,59.32,98.688,86.99,65.72,0.6839999999999999,0.7161373946856772,0,0,196
CELL_07,mild,197,2025-02-03 01:31:38,3.581,2.903,4.219,2.972,4.224,29.08,35.74,33.27,98.17,105.56,65.65,98.673,105.56,64.9,0.5944,1.0511182108626198,0,0,197
CELL_07,mild,198,2025-02-03 05:22:49,3.539,2.908,4.206,3.215,4.315,23.85,26.86,34.59,96.65,93.37,59.48,98.672,93.37,62.06,0.643,1.18,0,0,198
CELL_07,mild,199,2025-02-03 08:59:00,3.624,3.092,4.214,3.183,4.163,27.26,33.05,35.54,99.38,99.71,60.04,98.655,99.71,63.839999999999996,0.6365999999999999,1.1448979591836732,0,0,199
CELL_07,mild,200,2025-02-03 13:01:42,3.629,3.037,4.208,3.289,4.017,19.78,26.4,34.77,97.73,92.12,58.29,98.654,92.12,62.96,0.6578,1.6085164835164834,0,0,200
CELL_07,mild,201,2025-02-03 17:04:29,3.698,3.099,4.237,3.073,4.55,26.13,30.05,23.19,96.94,90.1,70.58,98.65,90.1,73.75,0.6146,0.7704807041299933,0,0,201
CELL_07,mild,202,2025-02-03 22:25:30,3.586,2.928,4.194,2.214,3.26,24.85,31.08,40.87,98.22,133.6,80.48,98.649,133.6,57.35,0.44279999999999997,1.2103250478011474,0,0,202
CELL_07,mild,203,2025-02-04 01:16:29,3.576,2.946,4.201,3.39,5.001,24.02,29.07,40.69,97.64,81.94,48.25,98.645,81.94,56.95,0.678,0.7790192427063931,0,0,203
CELL_07,mild,204,2025-02-04 04:58:01,3.605,2.961,4.244,3.42,4.226,27.83,32.58,31.53,98.58,84.15,58.04,98.638,84.15,67.05,0.6839999999999999,1.5918114143920594,0,0,204
CELL_07,mild,205,2025-02-04 09:47:57,3.604,3.001,4.263,2.795,3.797,25.13,29.93,38.1,99.31,106.95,65.16,98.629,106.95,61.21,0.5589999999999999,1.2594810379241514,0,0,205
CELL_07,mild,206,2025-02-04 14:55:38,3.602,2.934,4.251,2.325,3.36,20.43,25.58,29.08,99.88,126.83,93.1,98.605,126.83,70.8,0.465,1.2724637681159425,0,0,206
CELL_07,mild,207,2025-02-04 18:37:17,3.672,3.065,4.242,3.238,4.323,23.85,27.88,34.97,96.78,92.91,61.02,98.604,92.91,61.81,0.6476,1.0847926267281103,0,0,207
CELL_07,mild,208,2025-02-05 01:00:59,3.621,3.085,4.202,1.669,2.117,22.86,29.04,52.5,97.72,182.39,81.73,98.602,182.39,45.22,0.3338,2.4933035714285716,0,0,208
CELL_07,mild,209,2025-02-05 05:23:17,3.662,3.04,4.196,2.97,4.249,22.99,27.24,39.32,97.31,102.24,59.58,98.59,102.24,57.99,0.5940000000000001,0.9038311180609853,0,0,209
CELL_07,mild,210,2025-02-05 09:02:53,3.68,3.077,4.183,3.41,4.456,25.32,30.71,37.07,98.08,93.98,50.11,98.579,93.98,61.01,0.682,1.0573613766730399,0,0,210
CELL_07,mild,211,2025-02-05 13:01:17,3.587,2.977,4.252,3.419,4.835,26.26,31.89,41.59,99.43,94.65,52.13,98.578,94.65,57.84,0.6838,0.9004237288135593,0,0,211
CELL_07,mild,212,2025-02-05 16:47:07,3.64,3.068,4.219,2.716,3.766,25.84,30.19,47.78,97.9,107.24,51.29,98.561,107.24,50.120000000000005,0.5432,1.0961904761904766,0,0,212
CELL_07,mild,213,2025-02-05 20:58:34,3.569,2.935,4.208,2.785,3.83,21.49,25.33,33.88,96.56,103.55,69.08,98.553,103.55,62.68,0.557,1.2181818181818185,0,0,213
CELL_07,mild,214,2025-02-06 01:17:44,3.699,3.071,4.268,2.155,3.19,27.01,32.68,35.33,96.46,140.15,85.39,98.545,140.15,61.129999999999995,0.43099999999999994,1.1565217391304343,0,0,214
CELL_07,mild,215,2025-02-06 06:04:39,3.595,3.047,4.205,2.537,3.339,25.06,32.05,41.56,99.52,116.37,69.43,98.544,116.37,57.959999999999994,0.5074,1.4438902743142144,0,0,215
CELL_07,mild,216,2025-02-06 09:58:04,3.675,3.073,4.232,2.937,4.096,24.84,30.18,27.76,98.02,98.29,74.92,98.538,98.29,70.25999999999999,0.5873999999999999,1.0,0,0,216
CELL_07,mild,217,2025-02-06 16:09:02,3.565,2.935,4.204,1.823,2.373,23.65,28.27,30.28,99.04,158.48,110.83,98.537,158.48,68.76,0.3646,2.3072727272727254,0,0,217
CELL_07,mild,218,2025-02-06 20:03:21,3.639,3.077,4.179,2.579,3.826,28.92,34.48,39.34,96.32,116.17,66.45,98.516,116.17,56.97999999999999,0.5158,0.8837209302325585,0,0,218
CELL_07,mild,219,2025-02-07 00:27:57,3.605,3.007,4.199,2.955,3.596,26.93,33.05,42.62,98.11,100.78,55.4,98.515,100.78,55.49,0.591,1.8595943837753506,0,0,219
CELL_07,mild,220,2025-02-07 03:39:23,3.605,2.978,4.227,3.595,4.628,27.39,32.78,38.53,98.0,82.3,50.79,98.5,82.3,59.47,0.7190000000000001,1.2090997095837368,0,0,220
CELL_07,mild,221,2025-02-07 07:28:42,3.583,2.957,4.208,3.661,4.445,23.58,28.15,36.34,99.04,81.35,52.27,98.499,81.35,62.7,0.7322,1.5956632653061225,0,0,221
CELL_07,mild,222,2025-02-07 11:58:49,3.623,3.051,4.207,2.979,4.392,23.55,29.53,33.5,96.81,98.14,64.29,98.497,98.14,63.31,0.5958,0.8181174805378624,0,0,222
CELL_07,mild,223,2025-02-07 16:56:42,3.59,2.989,4.232,2.632,3.238,24.93,29.63,34.07,98.16,114.65,73.3,98.496,114.65,64.09,0.5264,2.051155115511552,0,0,223
CELL_07,mild,224,2025-02-07 20:23:08,3.535,2.958,4.192,3.6,5.391,27.21,33.99,28.95,97.18,83.01,56.5,98.484,83.01,68.23,0.72,0.689000558347292,0,0,224
CELL_07,mild,225,2025-02-07 23:54:08,3.65,3.039,4.263,3.301,4.536,23.6,29.63,38.02,99.07,96.48,53.94,98.48,96.48,61.04999999999999,0.6602,0.9910931174089072,0,0,225
CELL_07,mild,226,2025-02-08 04:28:56,3.557,3.002,4.18,3.057,3.795,26.06,31.14,43.9,98.69,99.49,55.44,98.471,99.49,54.79,0.6113999999999999,1.5962059620596205,0,0,226
CELL_07,mild,227,2025-02-08 08:29:17,3.604,3.006,4.197,2.739,3.651,23.35,27.06,38.95,98.39,108.08,63.75,98.458,108.08,59.44,0.5478,1.3059210526315794,0,0,227
CELL_07,mild,228,2025-02-08 11:51:28,3.573,2.919,4.247,2.671,3.967,23.08,28.62,48.92,98.69,112.71,53.42,98.443,112.71,49.769999999999996,0.5342,1.024691358024691,0,0,228
CELL_07,mild,229,2025-02-08 14:59:16,3.645,3.046,4.249,3.391,4.739,27.95,33.07,36.46,96.67,85.96,53.59,98.442,85.96,60.21,0.6782,0.8924332344213649,0,0,229
CELL_07,mild,230,2025-02-08 19:46:44,3.633,2.992,4.247,2.557,3.106,24.32,30.45,39.59,97.14,114.46,70.67,98.43,114.46,57.55,0.5114,2.2859744990892534,0,0,230
CELL_07,mild,231,2025-02-09 00:46:29,3.636,3.019,4.225,2.643,3.245,29.81,33.18,39.02,96.82,117.82,68.76,98.429,117.82,57.79999999999999,0.5286,2.003322259136211,0,0,231
CELL_07,mild,232,2025-02-09 04:01:18,3.577,3.011,4.209,3.363,4.06,25.27,30.4,46.69,99.48,92.74,49.55,98.428,92.74,52.790000000000006,0.6726,1.7187948350071738,0,0,232
CELL_07,mild,233,2025-02-09 08:30:15,3.604,2.982,4.254,3.077,3.923,24.99,31.9,39.6,96.26,94.87,56.52,98.415,94.87,56.660000000000004,0.6154,1.5035460992907792,0,0,233
CELL_07,mild,234,2025-02-09 12:17:30,3.63,3.093,4.214,3.263,4.138,25.02,29.96,29.63,97.27,94.6,62.89,98.414,94.6,67.64,0.6526,1.2811428571428576,0,0,234
CELL_07,mild,235,2025-02-09 16:13:39,3.546,2.977,4.175,2.834,3.775,22.4,27.46,31.1,97.18,106.03,68.36,98.404,106.03,66.08000000000001,0.5668,1.273113708820404,0,0,235
CELL_07,mild,236,2025-02-09 20:34:11,3.572,2.942,4.227,2.561,3.686,26.96,32.55,41.11,97.26,119.17,63.96,98.403,119.17,56.150000000000006,0.5122,1.1422222222222222,0,0,236
CELL_07,mild,237,2025-02-10 00:15:59,3.632,3.049,4.233,2.844,3.673,23.18,26.21,35.12,98.72,101.81,67.86,98.402,101.81,63.6,0.5688,1.4282267792521104,0,0,237
CELL_07,mild,238,2025-02-10 04:14:20,3.626,3.051,4.19,3.094,4.166,28.06,33.77,42.23,98.67,89.79,51.4,98.401,89.79,56.440000000000005,0.6188,1.0624999999999998,0,0,238
CELL_07,mild,239,2025-02-10 08:07:11,3.56,2.905,4.216,2.743,3.484,28.46,32.08,36.25,98.92,109.95,68.88,98.382,109.95,62.67,0.5486,1.7692307692307696,0,0,239
CELL_07,mild,240,2025-02-10 12:42:34,3.615,2.92,4.242,2.812,3.845,25.01,30.25,42.07,96.29,107.99,57.44,98.38,107.99,54.220000000000006,0.5624,1.279767666989351,0,0,240
CELL_07,mild,241,2025-02-10 17:09:38,3.584,2.958,4.174,2.34,3.301,23.81,29.28,37.69,97.17,134.96,70.2,98.371,134.96,59.480000000000004,0.46799999999999997,1.2653485952133192,0,0,241
CELL_07,mild,242,2025-02-10 20:49:51,3.649,3.083,4.236,2.831,3.841,25.75,30.55,48.99,98.97,101.54,52.05,98.37,101.54,49.98,0.5662,1.1415841584158408,0,0,242
CELL_07,mild,243,2025-02-11 00:34:26,3.594,3.02,4.229,2.529,3.413,25.81,28.86,42.3,97.63,119.79,67.69,98.363,119.79,55.33,0.5058,1.3676470588235297,0,0,243
CELL_07,mild,244,2025-02-11 04:46:35,3.678,3.051,4.258,3.091,3.942,26.06,32.91,37.64,98.07,95.48,61.59,98.362,95.48,60.42999999999999,0.6182000000000001,1.418331374853114,0,0,244
CELL_07,mild,245,2025-02-11 09:08:25,3.64,3.063,4.257,2.823,3.986,23.56,26.87,33.47,99.28,113.79,65.96,98.356,113.79,65.81,0.5646,1.026655202063628,0,0,245
CELL_07,mild,246,2025-02-11 15:06:00,3.636,3.099,4.204,1.848,2.408,27.31,32.05,39.22,97.46,164.74,91.95,98.349,164.74,58.239999999999995,0.36960000000000004,1.9732142857142856,0,0,246
CELL_07,mild,247,2025-02-11 21:05:34,3.604,3.03,4.211,1.884,2.476,25.26,31.94,36.32,96.94,163.68,93.54,98.348,163.68,60.62,0.37679999999999997,1.994932432432433,0,0,247
CELL_07,mild,248,2025-02-12 00:37:16,3.561,2.993,4.193,2.955,4.19,22.29,27.69,46.82,98.7,102.01,53.41,98.339,102.01,51.88,0.591,0.9716599190283396,0,0,248
CELL_07,mild,249,2025-02-12 04:27:11,3.685,3.087,4.218,3.729,4.878,26.4,32.24,43.0,98.39,77.71,43.89,98.337,77.71,55.39,0.7458,0.9843342036553523,0,0,249
CELL_07,mild,250,2025-02-12 08:23:16,3.52,2.901,4.173,2.438,3.107,25.13,30.57,43.05,97.86,123.14,66.79,98.336,123.14,54.81,0.48760000000000003,1.9013452914798208,0,0,250
CELL_07,mild,251,2025-02-12 12:51:31,3.653,3.033,4.25,3.01,4.129,24.58,29.32,36.97,97.16,101.39,62.78,98.335,101.39,60.19,0.602,1.087578194816801,0,0,251
CELL_07,mild,252,2025-02-12 17:01:53,3.633,3.086,4.223,2.442,2.992,23.32,29.78,38.08,98.73,121.13,75.49,98.334,121.13,60.650000000000006,0.48840000000000006,2.067272727272728,0,0,252
CELL_07,mild,253,2025-02-12 21:00:23,3.663,3.097,4.248,3.063,4.061,27.54,32.68,37.12,96.98,99.72,57.33,98.333,99.72,59.86000000000001,0.6126,1.1533066132264533,0,0,253
CELL_07,mild,254,2025-02-13 01:24:38,3.656,3.09,4.248,2.975,4.157,29.32,32.85,38.84,96.16,100.63,57.71,98.325,100.63,57.31999999999999,0.595,0.9796954314720816,0,0,254
CELL_07,mild,255,2025-02-13 05:40:39,3.568,2.949,4.191,3.551,4.849,26.61,33.4,29.1,96.92,89.39,59.92,98.324,89.39,67.82,0.7102,0.9568567026194145,0,0,255
CELL_07,mild,256,2025-02-13 10:00:45,3.616,2.929,4.237,3.129,3.782,30.1,35.74,37.96,96.2,94.37,55.76,98.323,94.37,58.24,0.6258,2.0030627871362943,0,0,256
CELL_07,mild,257,2025-02-13 13:43:16,3.615,2.943,4.256,3.053,3.766,26.12,32.77,34.13,98.86,98.29,64.36,98.321,98.29,64.72999999999999,0.6106,1.8415147265077139,0,0,257
CELL_07,mild,258,2025-02-13 16:34:44,3.561,2.907,4.257,3.594,4.408,23.08,28.14,28.81,96.01,86.99,53.21,98.318,86.99,67.2,0.7188,1.658476658476657,0,0,258
CELL_07,mild,259,2025-02-13 19:58:49,3.573,3.006,4.208,3.071,4.584,25.71,32.57,42.23,98.57,97.4,55.8,98.305,97.4,56.339999999999996,0.6142000000000001,0.7944481163251823,0,0,259
CELL_07,mild,260,2025-02-14 00:37:56,3.623,2.957,4.264,2.651,3.486,27.26,32.5,45.91,99.58,115.04,59.19,98.298,115.04,53.67,0.5302,1.565269461077844,0,0,260
CELL_07,mild,261,2025-02-14 05:33:19,3.579,2.912,4.27,2.631,3.341,22.94,27.92,34.07,99.78,117.3,75.05,98.289,117.3,65.71000000000001,0.5262,1.9126760563380265,0,0,261
CELL_07,mild,262,2025-02-14 10:13:10,3.654,3.037,4.26,2.224,3.322,28.48,34.86,39.71,98.54,134.09,81.62,98.276,134.09,58.830000000000005,0.44480000000000003,1.1138433515482695,0,0,262
CELL_07,mild,263,2025-02-14 14:20:00,3.61,3.001,4.224,3.326,4.948,24.1,28.32,36.7,98.43,95.4,55.02,98.266,95.4,61.730000000000004,0.6652,0.7540073982737362,0,0,263
CELL_07,mild,264,2025-02-14 17:10:01,3.576,2.947,4.197,3.561,4.97,23.49,27.47,35.03,96.95,82.88,51.91,98.265,82.88,61.92,0.7121999999999999,0.887154009936125,0,0,264
CELL_07,mild,265,2025-02-14 20:44:48,3.61,3.037,4.214,3.681,4.75,23.77,30.48,43.88,96.97,79.06,44.53,98.264,79.06,53.089999999999996,0.7362,1.1010289990645468,0,0,265
CELL_07,mild,266,2025-02-14 23:42:36,3.66,3.091,4.229,3.804,5.631,20.78,25.62,29.33,97.49,78.64,52.18,98.263,78.64,68.16,0.7607999999999999,0.62287903667214,0,0,266
CELL_07,mild,267,2025-02-15 02:45:44,3.653,3.087,4.209,3.313,4.222,24.05,30.87,35.63,96.78,89.29,56.27,98.262,89.29,61.15,0.6626000000000001,1.2343234323432333,0,0,267
CELL_07,mild,268,2025-02-15 05:55:16,3.638,3.094,4.176,4.049,5.262,23.68,27.3,43.19,99.16,74.68,40.77,98.255,74.68,55.97,0.8098000000000001,0.8920032976092341,0,0,268
CELL_07,mild,269,2025-02-15 09:02:22,3.622,3.017,4.185,3.465,4.431,18.59,22.97,32.1,98.31,85.49,57.89,98.241,85.49,66.21000000000001,0.693,1.2091097308488608,0,0,269
CELL_07,mild,270,2025-02-15 12:46:41,3.652,2.998,4.266,2.855,3.581,26.51,33.17,41.02,97.15,105.91,55.81,98.228,105.91,56.13,0.571,1.7465564738292008,0,0,270
CELL_07,mild,271,2025-02-15 17:36:51,3.666,3.093,4.26,2.624,3.365,27.87,30.87,38.25,98.81,113.57,68.56,98.212,113.57,60.56,0.5248,1.5748987854251006,0,0,271
CELL_07,mild,272,2025-02-15 21:46:36,3.613,3.019,4.224,3.73,4.559,21.51,28.37,33.69,96.57,80.16,52.35,98.211,80.16,62.879999999999995,0.746,1.4535585042219539,0,0,272
CELL_07,mild,273,2025-02-16 00:59:19,3.648,3.015,4.185,3.388,4.734,24.84,29.3,32.06,97.39,87.07,59.21,98.21,87.07,65.33,0.6776,0.8692421991084691,0,0,273
CELL_07,mild,274,2025-02-16 05:08:15,3.592,2.957,4.255,2.928,4.236,28.95,31.98,39.63,97.93,99.51,60.49,98.201,99.51,58.300000000000004,0.5856,0.9923547400611622,0,0,274
CELL_07,mild,275,2025-02-16 08:41:50,3.613,3.072,4.189,2.771,3.71,24.38,29.64,41.38,96.2,101.83,58.66,98.188,101.83,54.82,0.5542,1.189563365282215,0,0,275
CELL_07,mild,276,2025-02-16 12:49:45,3.561,2.968,4.172,3.005,4.12,22.08,28.17,42.86,98.51,100.86,52.94,98.187,100.86,55.650000000000006,0.601,1.07982062780269,0,0,276
CELL_07,mild,277,2025-02-16 17:42:45,3.551,2.919,4.198,2.699,3.632,25.78,31.54,33.71,98.43,111.09,73.13,98.172,111.09,64.72,0.5398,1.3708467309753483,0,0,277
CELL_07,mild,278,2025-02-16 20:35:43,3.547,2.911,4.2,3.275,4.828,24.4,31.04,42.21,96.36,90.81,49.59,98.163,90.81,54.15,0.655,0.8300064391500321,0,0,278
CELL_07,mild,279,2025-02-17 01:05:33,3.556,2.912,4.198,2.149,3.192,24.74,30.4,31.76,96.96,142.53,90.93,98.142,142.53,65.19999999999999,0.4298,1.232981783317354,0,0,279
CELL_07,mild,280,2025-02-17 05:21:55,3.618,2.947,4.244,3.098,4.352,27.22,30.29,38.03,97.52,94.19,57.33,98.141,94.19,59.489999999999995,0.6195999999999999,1.0342902711323758,0,0,280
CELL_07,mild,281,2025-02-17 09:53:31,3.592,2.936,4.263,2.205,3.152,23.24,29.42,47.2,98.54,134.82,70.57,98.14,134.82,51.34,0.441,1.4012671594508974,0,0,281
CELL_07,mild,282,2025-02-17 13:47:50,3.651,3.095,4.171,2.73,3.363,24.38,28.27,41.4,99.47,107.97,64.61,98.133,107.97,58.07,0.546,1.6998420221169037,0,0,282
CELL_07,mild,283,2025-02-17 17:12:57,3.656,3.046,4.236,3.522,4.827,23.31,27.56,30.09,96.46,82.67,52.13,98.132,82.67,66.36999999999999,0.7043999999999999,0.9118773946360151,0,0,283
CELL_07,mild,284,2025-02-17 21:03:45,3.589,2.905,4.248,3.584,5.032,26.12,31.1,34.26,98.06,78.78,51.12,98.116,78.78,63.800000000000004,0.7168,0.9274861878453042,0,0,284
CELL_07,mild,285,2025-02-18 00:46:47,3.577,2.95,4.216,2.753,3.85,27.83,32.78,28.59,96.03,107.82,71.61,98.095,107.82,67.44,0.5506,1.154056517775752,0,0,285
CELL_07,mild,286,2025-02-18 04:33:59,3.616,2.966,4.184,2.95,3.704,24.87,28.4,33.25,98.67,99.23,67.74,98.084,99.23,65.42,0.5900000000000001,1.6153846153846154,0,0,286
CELL_07,mild,287,2025-02-18 07:37:21,3.59,3.003,4.185,3.819,4.683,28.41,34.82,44.93,97.02,79.23,44.01,98.073,79.23,52.089999999999996,0.7638,1.3680555555555551,0,0,287
CELL_07,mild,288,2025-02-18 11:04:01,3.614,3.031,4.206,2.951,3.832,24.12,27.88,31.0,96.28,101.89,65.29,98.072,101.89,65.28,0.5902000000000001,1.3337116912599325,0,0,288
CELL_07,mild,289,2025-02-18 14:53:58,3.603,2.99,4.263,3.108,4.251,24.57,31.4,42.28,99.94,98.83,57.26,98.071,98.83,57.66,0.6216,1.113735783027121,0,0,289
CELL_07,mild,290,2025-02-18 19:44:06,3.618,2.991,4.222,2.728,3.483,21.7,25.9,39.49,96.97,114.3,62.66,98.065,114.3,57.48,0.5456000000000001,1.630463576158941,0,0,290
CELL_07,mild,291,2025-02-18 23:53:41,3.629,3.003,4.197,3.211,4.002,24.49,29.22,43.39,97.42,91.84,51.88,98.064,91.84,54.03,0.6422,1.5094816687737043,0,0,291
CELL_07,mild,292,2025-02-19 02:48:43,3.656,3.089,4.217,3.913,5.67,20.7,24.05,30.15,97.7,79.41,45.55,98.047,79.41,67.55000000000001,0.7826,0.6420034149117813,0,0,292
CELL_07,mild,293,2025-02-19 06:46:39,3.569,2.912,4.214,2.592,3.864,26.55,32.86,43.86,97.2,116.31,64.65,98.045,116.31,53.34,0.5184,1.0235849056603779,0,0,293
CELL_07,mild,294,2025-02-19 11:08:11,3.604,2.967,4.213,3.299,4.579,22.96,27.21,35.88,99.61,93.44,57.84,98.036,93.44,63.73,0.6597999999999999,0.9734375000000002,0,0,294
CELL_07,mild,295,2025-02-19 15:25:18,3.579,2.906,4.217,2.888,3.789,23.61,29.78,48.25,98.66,107.1,50.47,98.035,107.1,50.41,0.5776,1.4550499445061034,0,0,295
CELL_07,mild,296,2025-02-19 18:58:21,3.631,2.998,4.231,3.741,5.448,24.6,27.84,40.54,96.17,82.88,47.15,98.024,82.88,55.63,0.7482,0.7223198594024601,0,0,296
CELL_07,mild,297,2025-02-19 22:41:49,3.605,3.034,4.188,2.59,3.28,22.38,28.99,43.3,99.88,113.47,65.22,98.019,113.47,56.58,0.518,1.672463768115942,0,0,297
CELL_07,mild,298,2025-02-20 03:22:55,3.609,2.964,4.261,2.985,3.786,25.09,28.6,37.36,99.89,101.66,63.4,98.002,101.66,62.53,0.597,1.6192259675405742,0,0,298
CELL_07,mild,299,2025-02-20 07:01:24,3.557,2.905,4.193,3.051,3.896,24.88,31.4,45.46,99.26,98.98,53.95,97.991,98.98,53.800000000000004,0.6102000000000001,1.5242603550295861,0,0,299
CELL_07,mild,300,2025-02-20 11:07:36,3.589,2.955,4.255,3.222,4.319,24.26,28.5,54.14,99.66,98.86,40.8,97.988,98.86,45.519999999999996,0.6444,1.185050136736554,0,0,300
CELL_07,mild,301,2025-02-20 15:08:46,3.552,2.982,4.189,3.373,4.065,24.53,28.53,43.25,97.02,90.29,47.98,97.987,90.29,53.769999999999996,0.6746000000000001,1.74421965317919,0,0,301
CELL_07,mild,302,2025-02-20 19:26:25,3.61,3.056,4.185,2.664,3.993,25.66,30.32,36.33,99.05,113.48,66.76,97.986,113.48,62.72,0.5328,0.8495109104589915,0,0,302
CELL_07,mild,303,2025-02-20 23:13:45,3.615,2.983,4.252,3.07,4.596,25.25,30.34,33.22,96.29,98.07,62.48,97.979,98.07,63.07000000000001,0.614,0.831585845347313,0,0,303
CELL_07,mild,304,2025-02-21 03:44:03,3.641,3.049,4.241,2.122,2.598,21.86,27.03,38.58,98.5,141.21,86.7,97.978,141.21,59.92,0.4244,2.5042016806722684,0,0,304
CELL_07,mild,305,2025-02-21 07:56:12,3.674,3.082,4.263,3.004,3.821,24.16,28.66,35.65,96.33,103.31,60.88,97.977,103.31,60.68,0.6008,1.445532435740514,0,0,305
CELL_07,mild,306,2025-02-21 11:25:26,3.645,3.045,4.251,3.726,4.764,23.57,29.8,33.3,96.93,77.61,50.92,97.957,77.61,63.63000000000001,0.7452,1.161849710982659,0,0,306
CELL_07,mild,307,2025-02-21 16:06:39,3.637,3.069,4.201,2.476,3.597,27.65,33.87,34.37,97.12,121.62,74.33,97.941,121.62,62.75000000000001,0.4952,1.0098126672613734,0,0,307
CELL_07,mild,308,2025-02-21 20:16:36,3.608,2.982,4.23,2.879,3.553,27.35,33.85,32.16,96.15,106.24,65.73,97.94,106.24,63.99000000000001,0.5758,1.8516320474777452,0,0,308
CELL_07,mild,309,2025-02-21 23:46:42,3.553,2.918,4.202,4.085,5.147,26.22,32.27,37.15,97.75,75.93,43.06,97.939,75.93,60.6,0.817,1.2090395480225984,0,0,309
CELL_07,mild,310,2025-02-22 03:14:08,3.635,3.003,4.265,3.589,4.793,24.13,29.59,45.17,99.6,80.3,46.83,97.938,80.3,54.42999999999999,0.7178,1.0481727574750825,0,0,310
CELL_07,mild,311,2025-02-22 06:50:47,3.656,3.086,4.209,3.563,5.142,22.63,29.16,27.38,97.71,84.56,57.39,97.936,84.56,70.33,0.7126,0.7112096263457882,0,0,311
CELL_07,mild,312,2025-02-22 11:19:59,3.605,2.985,4.263,2.073,3.105,27.89,32.63,34.97,96.21,142.47,90.66,97.923,142.47,61.239999999999995,0.41459999999999997,1.2383720930232558,0,0,312
CELL_07,mild,313,2025-02-22 16:04:51,3.688,3.036,4.26,2.896,4.294,22.84,26.72,33.53,98.94,100.85,66.56,97.922,100.85,65.41,0.5791999999999999,0.8755364806866953,0,0,313
CELL_07,mild,314,2025-02-22 19:37:00,3.53,2.901,4.221,3.803,5.195,23.73,30.58,38.47,99.12,76.91,49.12,97.921,76.91,60.650000000000006,0.7605999999999999,0.9482758620689655,0,0,314
CELL_07,mild,315,2025-02-22 23:11:50,3.669,3.076,4.207,3.014,3.959,25.9,30.59,41.03,97.41,103.0,56.15,97.912,103.0,56.379999999999995,0.6028,1.1968253968253961,0,0,315
CELL_07,mild,316,2025-02-23 02:36:10,3.612,3.072,4.198,2.865,4.159,22.45,26.04,39.79,98.95,107.31,63.34,97.906,107.31,59.160000000000004,0.5730000000000001,0.8701700154559511,0,0,316
CELL_07,mild,317,2025-02-23 06:37:11,3.642,2.967,4.268,2.665,3.689,26.55,32.64,34.66,99.98,115.26,73.82,97.9,115.26,65.32000000000001,0.533,1.2705078124999998,0,0,317
CELL_07,mild,318,2025-02-23 10:49:35,3.582,2.981,4.182,2.948,4.164,25.18,30.5,29.74,97.52,99.36,67.97,97.892,99.36,67.78,0.5896,0.9876644736842112,0,0,318
CELL_07,mild,319,2025-02-23 14:43:22,3.624,3.068,4.203,4.104,5.967,22.85,27.46,37.53,99.02,72.67,49.47,97.891,72.67,61.489999999999995,0.8208,0.609232420826624,0,0,319
CELL_07,mild,320,2025-02-23 19:09:13,3.577,2.914,4.209,2.922,4.177,22.95,26.42,37.23,97.54,101.96,60.2,97.89,101.96,60.31000000000001,0.5844,1.0318725099601593,0,0,320
CELL_07,mild,321,2025-02-23 23:25:42,3.676,3.086,4.252,3.372,4.945,25.46,30.18,36.14,98.29,87.08,56.17,97.884,87.08,62.150000000000006,0.6744,0.741258741258741,0,0,321
CELL_07,mild,322,2025-02-24 03:08:24,3.65,3.06,4.176,4.281,6.295,25.33,30.37,44.57,99.85,70.4,37.12,97.883,70.4,55.279999999999994,0.8562,0.5541211519364448,0,0,322
CELL_07,mild,323,2025-02-24 07:30:13,3.604,3.084,4.206,2.65,3.827,24.23,31.01,29.88,97.71,112.94,78.66,97.882,112.94,67.83,0.53,0.9532710280373834,0,0,323
CELL_07,mild,324,2025-02-24 12:10:21,3.66,3.046,4.204,3.023,4.383,23.39,28.07,37.58,97.97,99.03,61.76,97.881,99.03,60.39,0.6046,0.8514705882352941,0,0,324
CELL_07,mild,325,2025-02-24 17:21:42,3.594,2.973,4.231,2.369,2.938,22.17,26.17,30.98,96.84,122.58,83.76,97.88,122.58,65.86,0.47380000000000005,2.2108963093145872,0,0,325
CELL_07,mild,326,2025-02-24 21:07:40,3.499,2.951,4.187,2.731,4.077,24.01,29.03,41.24,99.89,112.26,62.8,97.879,112.26,58.65,0.5462,0.9182763744427935,0,0,326
CELL_07,mild,327,2025-02-25 01:09:04,3.679,3.071,4.216,2.733,3.52,25.36,32.09,41.42,96.55,116.05,57.67,97.873,116.05,55.129999999999995,0.5466,1.454891994917408,0,0,327
CELL_07,mild,328,2025-02-25 04:57:34,3.604,2.908,4.235,3.007,4.312,23.48,26.82,37.17,96.83,106.22,55.91,97.872,106.22,59.66,0.6014,1.016858237547893,0,0,328
CELL_07,mild,329,2025-02-25 08:18:31,3.522,2.912,4.196,3.366,4.857,23.31,29.7,35.02,98.97,87.77,54.68,97.871,87.77,63.949999999999996,0.6732,0.8611670020120722,0,0,329
CELL_07,mild,330,2025-02-25 12:29:20,3.588,2.989,4.19,2.375,3.235,30.45,35.52,43.86,97.06,125.08,66.1,97.87,125.08,53.2,0.475,1.3965116279069776,0,0,330
CELL_07,mild,331,2025-02-25 16:21:01,3.627,3.077,4.18,2.72,3.531,28.5,33.42,34.76,96.25,110.81,68.19,97.856,110.81,61.49,0.544,1.3600493218249072,0,0,331
CELL_07,mild,332,2025-02-25 20:24:17,3.628,3.069,4.222,3.143,4.051,24.0,27.97,40.72,97.44,94.82,54.83,97.847,94.82,56.72,0.6285999999999999,1.2698237885462555,0,0,332
CELL_07,mild,333,2025-02-25 23:34:43,3.654,3.084,4.237,3.526,4.374,25.02,30.05,33.39,96.47,78.35,56.31,97.846,78.35,63.08,0.7051999999999999,1.359669811320755,0,0,333
CELL_07,mild,334,2025-02-26 03:50:38,3.65,3.047,4.227,3.352,4.186,23.98,28.52,39.22,98.1,90.43,52.52,97.834,90.43,58.879999999999995,0.6704,1.4148681055155876,0,0,334
CELL_07,mild,335,2025-02-26 08:41:07,3.584,2.958,4.231,2.661,3.462,27.5,32.14,35.11,96.35,113.72,68.18,97.829,113.72,61.239999999999995,0.5322,1.589263420724094,0,0,335
CELL_07,mild,336,2025-02-26 12:51:57,3.639,2.989,4.26,2.76,3.536,24.92,28.62,44.64,99.63,108.47,59.94,97.818,108.47,54.989999999999995,0.5519999999999999,1.6378865979381436,0,0,336
CELL_07,mild,337,2025-02-26 16:38:07,3.543,2.93,4.193,3.07,3.91,26.81,31.06,40.79,97.25,92.7,55.22,97.817,92.7,56.46,0.614,1.5035714285714274,0,0,337
CELL_07,mild,338,2025-02-26 19:56:11,3.571,3.001,4.223,3.031,4.384,24.63,30.78,34.42,96.4,102.25,61.79,97.816,102.25,61.980000000000004,0.6062000000000001,0.9031781226903176,0,0,338
CELL_07,mild,339,2025-02-26 23:59:14,3.576,3.001,4.211,2.979,3.708,28.17,32.6,33.73,96.87,99.11,65.53,97.807,99.11,63.14000000000001,0.5958,1.6598079561042527,0,0,339
CELL_07,mild,340,2025-02-27 03:52:36,3.629,3.066,4.236,3.646,5.048,24.49,29.86,42.29,97.96,82.77,42.14,97.806,82.77,55.669999999999995,0.7292,0.8345221112696147,0,0,340
CELL_07,mild,341,2025-02-27 06:35:18,3.604,3.009,4.23,3.846,5.102,27.67,33.89,38.0,96.24,74.67,44.87,97.774,74.67,58.239999999999995,0.7692,0.9721337579617837,0,0,341
CELL_07,mild,342,2025-02-27 09:53:29,3.608,3.052,4.227,2.896,3.605,25.91,31.93,34.11,97.55,102.31,63.24,97.773,102.31,63.44,0.5791999999999999,1.6572637517630469,0,0,342
CELL_07,mild,343,2025-02-27 14:14:51,3.647,3.05,4.203,2.936,3.692,26.92,33.11,36.08,96.11,100.68,59.97,97.772,100.68,60.03,0.5871999999999999,1.5251322751322753,0,0,343
CELL_07,mild,344,2025-02-27 17:25:27,3.535,2.913,4.207,3.673,5.246,24.94,29.82,37.91,97.76,79.98,53.6,97.771,79.98,59.85000000000001,0.7346,0.8226319135410043,0,0,344
CELL_07,mild,345,2025-02-27 20:39:09,3.602,2.907,4.253,4.104,5.652,26.08,30.77,40.25,97.78,70.36,40.81,97.762,70.36,57.53,0.8208,0.8695090439276486,0,0,345
CELL_07,mild,346,2025-02-28 00:39:21,3.584,2.961,4.191,3.146,4.254,23.72,29.74,40.98,97.21,98.97,54.75,97.761,98.97,56.23,0.6292,1.1101083032490977,0,0,346
CELL_07,mild,347,2025-02-28 04:23:05,3.596,2.935,4.26,3.602,4.553,23.09,27.1,43.31,99.77,83.26,48.97,97.76,83.26,56.459999999999994,0.7203999999999999,1.393270241850683,0,0,347
CELL_07,mild,348,2025-02-28 08:27:48,3.595,2.944,4.22,3.589,4.729,24.44,30.63,41.94,96.61,80.59,47.99,97.758,80.59,54.67,0.7178,1.1192982456140348,0,0,348
CELL_07,mild,349,2025-02-28 12:47:01,3.611,3.017,4.172,2.935,3.669,23.14,28.72,43.89,99.08,98.23,56.2,97.757,98.23,55.19,0.587,1.5735694822888282,0,0,349
CELL_07,mild,350,2025-02-28 16:33:46,3.648,3.034,4.255,3.355,4.15,22.36,28.06,37.53,97.09,85.94,52.95,97.752,85.94,59.56,0.671,1.535849056603773,0,0,350
CELL_07,mild,351,2025-02-28 22:17:26,3.581,2.948,4.196,2.134,3.155,24.04,28.64,39.04,99.14,139.74,86.06,97.728,139.74,60.1,0.42679999999999996,1.2223310479921645,0,0,351
CELL_07,mild,352,2025-03-01 01:53:52,3.589,2.965,4.242,2.723,3.458,25.17,31.3,36.55,98.99,112.21,67.48,97.72,112.21,62.44,0.5446,1.737414965986394,0,0,352
CELL_07,mild,353,2025-03-01 05:35:41,3.576,2.912,4.178,3.5,5.239,29.27,34.97,45.37,99.98,88.29,42.83,97.718,88.29,54.61000000000001,0.7,0.7280046003450259,0,0,353
CELL_07,mild,354,2025-03-01 10:30:38,3.636,3.01,4.263,2.55,3.571,23.8,30.32,36.74,97.18,118.13,70.0,97.717,118.13,60.440000000000005,0.51,1.2272282076395686,0,0,354
CELL_07,mild,355,2025-03-01 15:45:45,3.607,3.063,4.211,2.373,2.903,24.61,30.86,33.17,97.12,126.19,77.37,97.697,126.19,63.95,0.4746,2.1660377358490575,0,0,355
CELL_07,mild,356,2025-03-01 20:20:51,3.617,3.054,4.189,2.986,3.589,25.14,32.02,36.24,97.18,102.12,61.51,97.688,102.12,60.940000000000005,0.5972000000000001,1.8822553897180774,0,0,356
CELL_07,mild,357,2025-03-01 23:24:48,3.693,3.099,4.204,3.334,4.48,28.66,34.71,36.79,98.75,89.25,56.07,97.682,89.25,61.96,0.6668000000000001,0.9642233856893536,0,0,357
CELL_07,mild,358,2025-03-02 03:04:32,3.593,2.961,4.214,3.072,4.582,22.05,27.53,36.49,96.86,98.22,58.94,97.681,98.22,60.37,0.6144000000000001,0.8298013245033118,0,0,358
CELL_07,mild,359,2025-03-02 07:51:43,3.7,3.094,4.255,2.87,3.936,27.97,31.93,36.42,99.05,102.57,69.37,97.674,102.57,62.629999999999995,0.5740000000000001,1.0891181988742966,0,0,359
CELL_07,mild,360,2025-03-02 12:04:07,3.563,2.922,4.262,3.265,4.756,25.09,31.42,45.39,98.7,89.81,46.51,97.657,89.81,53.31,0.653,0.8987256874580813,0,0,360
CELL_07,mild,361,2025-03-02 16:14:36,3.542,2.915,4.178,2.806,3.893,30.8,36.11,35.29,97.5,112.13,69.12,97.652,112.13,62.21,0.5612,1.1619135234590618,0,0,361
CELL_07,mild,362,2025-03-02 20:12:17,3.718,3.085,4.26,3.49,5.018,23.85,29.04,42.2,97.73,89.25,42.85,97.647,89.25,55.53,0.6980000000000001,0.7689790575916231,0,0,362
CELL_07,mild,363,2025-03-03 00:39:08,3.604,3.019,4.203,2.894,3.853,23.23,27.74,39.63,97.15,103.62,56.79,97.646,103.62,57.52,0.5788,1.2346193952033369,0,0,363
CELL_07,mild,364,2025-03-03 05:27:06,3.615,3.058,4.198,2.356,2.938,28.01,32.68,25.92,96.49,127.66,90.46,97.645,127.66,70.57,0.47119999999999995,1.958762886597938,0,0,364
CELL_07,mild,365,2025-03-03 09:31:31,3.595,3.013,4.201,3.362,4.101,27.58,32.11,30.38,96.88,84.02,59.42,97.638,84.02,66.5,0.6724,1.6075778078484437,0,0,365
CELL_07,mild,366,2025-03-03 12:27:54,3.595,3.01,4.223,3.884,5.245,26.66,32.06,42.73,99.7,77.81,42.53,97.637,77.81,56.970000000000006,0.7767999999999999,0.8912564290962527,0,0,366
CELL_07,mild,367,2025-03-03 17:24:18,3.614,3.002,4.195,2.679,3.66,26.45,31.72,37.35,96.39,111.01,65.63,97.635,111.01,59.04,0.5357999999999999,1.216106014271152,0,0,367
CELL_07,mild,368,2025-03-03 21:23:39,3.575,2.955,4.222,3.551,4.427,24.0,28.61,37.92,98.67,90.99,51.34,97.634,90.99,60.75,0.7102,1.4463470319634717,0,0,368
CELL_07,mild,369,2025-03-04 01:06:21,3.544,2.916,4.248,2.522,3.353,24.65,29.53,40.94,99.99,115.88,71.96,97.607,115.88,59.05,0.5044,1.6028880866425987,0,0,369
CELL_07,mild,370,2025-03-04 06:25:03,3.611,2.967,4.269,2.419,3.295,23.94,30.5,35.33,99.19,122.89,77.02,97.605,122.89,63.86,0.4838,1.4863013698630139,0,0,370
CELL_07,mild,371,2025-03-04 09:55:27,3.612,3.028,4.194,4.085,5.634,26.38,30.97,44.93,99.33,73.0,38.94,97.604,73.0,54.4,0.817,0.7527437056165266,0,0,371
CELL_07,mild,372,2025-03-04 13:42:01,3.64,3.053,4.265,2.873,4.178,29.65,33.48,44.88,98.46,104.92,54.51,97.599,104.92,53.57999999999999,0.5746,0.9287356321839081,0,0,372
CELL_07,mild,373,2025-03-04 17:29:41,3.617,2.981,4.237,3.195,4.473,28.09,34.24,43.99,99.37,96.94,51.11,97.598,96.94,55.38,0.639,0.9827856025039126,0,0,373
CELL_07,mild,374,2025-03-04 21:20:13,3.62,3.015,4.199,3.185,4.011,22.41,25.62,38.92,96.53,94.65,53.89,97.592,94.65,57.61,0.637,1.4334140435835347,0,0,374
CELL_07,mild,375,2025-03-05 01:11:18,3.642,3.003,4.254,3.084,4.095,25.7,32.51,33.97,96.26,98.14,60.9,97.591,98.14,62.290000000000006,0.6168,1.237388724035608,0,0,375
CELL_07,mild,376,2025-03-05 04:11:49,3.591,2.926,4.229,3.522,4.268,27.23,33.77,32.9,96.26,81.9,54.09,97.577,81.9,63.36000000000001,0.7043999999999999,1.7466487935656836,0,0,376
CELL_07,mild,377,2025-03-05 08:36:14,3.621,3.026,4.268,2.255,3.162,24.73,30.34,32.37,98.26,136.51,87.64,97.552,136.51,65.89000000000001,0.45099999999999996,1.3693495038588754,0,0,377
CELL_07,mild,378,2025-03-05 13:13:23,3.601,2.921,4.228,3.02,4.151,25.0,32.0,35.43,99.87,99.19,64.91,97.551,99.19,64.44,0.604,1.1556145004420868,0,0,378
CELL_07,mild,379,2025-03-05 18:38:21,3.634,3.036,4.26,2.224,2.826,24.01,30.85,34.99,98.78,136.38,87.35,97.55,136.38,63.79,0.44480000000000003,2.0332225913621262,0,0,379
CELL_07,mild,380,2025-03-05 22:38:41,3.643,3.091,4.2,2.604,3.21,26.34,30.63,43.62,98.63,113.78,63.28,97.549,113.78,55.01,0.5208,1.8300330033003305,0,0,380
CELL_07,mild,381,2025-03-06 02:52:08,3.611,3.026,4.27,3.255,4.202,27.0,31.76,40.75,97.16,88.28,51.57,97.545,88.28,56.41,0.651,1.3136219640971485,0,0,381
CELL_07,mild,382,2025-03-06 06:44:31,3.633,3.026,4.172,2.665,3.26,23.83,26.88,30.14,96.62,111.4,75.18,97.543,111.4,66.48,0.533,1.926050420168068,0,0,382
CELL_07,mild,383,2025-03-06 10:28:24,3.624,3.08,4.18,3.501,4.67,25.89,29.69,35.01,98.86,84.82,55.35,97.542,84.82,63.85,0.7001999999999999,0.9409751924721981,0,0,383
CELL_07,mild,384,2025-03-06 14:47:40,3.65,3.088,4.183,2.701,3.358,26.84,31.37,36.49,97.12,109.67,67.95,97.541,109.67,60.63,0.5402,1.6666666666666663,0,0,384
CELL_07,mild,385,2025-03-06 19:29:54,3.594,2.989,4.251,2.691,3.301,31.53,36.75,33.24,99.8,109.98,73.64,97.54,109.98,66.56,0.5382,2.068852459016393,0,0,385
CELL_07,mild,386,2025-03-06 23:25:00,3.618,3.031,4.215,3.588,4.588,24.48,30.62,36.56,98.03,86.6,52.88,97.539,86.6,61.47,0.7176,1.1839999999999997,0,0,386
CELL_07,mild,387,2025-03-07 02:58:10,3.621,3.031,4.217,3.545,4.673,22.91,29.24,33.47,98.32,84.93,53.89,97.512,84.93,64.85,0.709,1.0514184397163115,0,0,387
CELL_07,mild,388,2025-03-07 06:54:03,3.555,2.917,4.191,2.826,3.98,21.8,28.19,34.08,97.61,103.7,69.32,97.507,103.7,63.53,0.5652,1.1039861351819757,0,0,388
CELL_07,mild,389,2025-03-07 10:42:23,3.632,2.967,4.255,2.956,3.754,25.18,30.39,44.92,98.84,98.48,55.44,97.506,98.48,53.92,0.5912,1.614035087719298,0,0,389
CELL_07,mild,390,2025-03-07 14:36:51,3.556,2.903,4.238,2.529,3.443,29.56,35.2,42.63,98.74,119.08,66.96,97.484,119.08,56.10999999999999,0.5058,1.4606126914660833,0,0,390
CELL_07,mild,391,2025-03-07 19:14:25,3.622,3.069,4.188,2.656,3.867,29.15,35.83,32.52,98.97,112.07,75.35,97.483,112.07,66.44999999999999,0.5312,0.9240297274979355,0,0,391
CELL_07,mild,392,2025-03-08 00:15:20,3.612,3.0,4.201,2.418,3.485,26.12,30.23,42.35,98.08,121.77,70.43,97.482,121.77,55.73,0.48360000000000003,1.1255857544517338,0,0,392
CELL_07,mild,393,2025-03-08 04:03:12,3.551,2.971,4.185,3.621,5.063,23.82,30.39,37.01,97.4,85.5,54.25,97.479,85.5,60.39000000000001,0.7242,0.8418862690707349,0,0,393
CELL_07,mild,394,2025-03-08 07:55:57,3.658,3.062,4.235,3.354,4.946,27.29,30.5,40.08,98.53,90.73,52.74,97.462,90.73,58.45,0.6708000000000001,0.7368090452261311,0,0,394
CELL_07,mild,395,2025-03-08 11:45:12,3.6,2.979,4.203,2.54,3.061,24.8,29.01,43.58,97.73,117.74,65.39,97.461,117.74,54.150000000000006,0.508,2.34932821497121,0,0,395
CELL_07,mild,396,2025-03-08 15:46:36,3.594,2.953,4.216,4.066,4.914,27.42,32.89,37.96,96.85,77.77,44.21,97.46,77.77,58.88999999999999,0.8131999999999999,1.4893867924528308,0,0,396
CELL_07,mild,397,2025-03-08 18:36:53,3.601,2.98,4.225,3.747,5.41,26.97,33.61,32.68,97.35,80.7,48.79,97.454,80.7,64.66999999999999,0.7494,0.7486470234515932,0,0,397
CELL_07,mild,398,2025-03-08 22:36:30,3.609,2.982,4.27,2.554,3.508,22.97,27.35,36.55,99.49,115.17,71.24,97.453,115.17,62.94,0.5107999999999999,1.3501048218029341,0,0,398
CELL_07,mild,399,2025-03-09 02:20:41,3.549,2.931,4.187,3.243,4.351,20.07,25.63,37.41,98.06,95.34,57.4,97.452,95.34,60.650000000000006,0.6486,1.1335740072202167,0,0,399
CELL_07,mild,400,2025-03-09 06:02:37,3.584,2.935,4.236,3.51,4.257,25.13,30.68,36.36,97.11,82.27,49.45,97.437,82.27,60.75,0.702,1.7416331994645247,0,0,400
CELL_08,moderate,1,2025-01-01 19:19:22,3.636,3.058,4.234,5.576,7.926,31.96,38.55,8.68,98.77,50.16,45.42,99.995,50.16,90.09,1.1152,0.5004255319148936,0,1,1
CELL_08,moderate,2,2025-01-01 22:19:33,3.588,3.025,4.195,6.159,8.755,35.73,40.21,18.16,98.08,47.52,36.98,99.984,47.52,79.92,1.2318,0.45069337442218793,1,1,2
CELL_08,moderate,3,2025-01-02 01:36:44,3.63,3.054,4.188,4.988,6.426,34.51,38.05,13.85,98.34,57.59,49.2,99.968,57.59,84.49000000000001,0.9976,0.7885952712100139,1,2,3
CELL_08,moderate,4,2025-01-02 04:43:19,3.567,3.003,4.186,4.764,5.959,35.9,39.68,7.44,99.73,61.45,57.59,99.946,61.45,92.29,0.9528000000000001,0.9899581589958163,1,3,4
CELL_08,moderate,5,2025-01-02 07:26:05,3.587,2.955,4.249,5.043,6.699,37.05,43.09,17.52,96.23,53.57,47.01,99.927,53.57,78.71000000000001,1.0086,0.7814009661835748,2,3,5
CELL_08,moderate,6,2025-01-02 10:11:02,3.611,2.965,4.266,5.234,6.702,33.31,36.46,10.44,96.48,56.51,49.33,99.926,56.51,86.04,1.0468,0.8862397820163489,2,4,6
CELL_08,moderate,7,2025-01-02 13:38:45,3.67,3.09,4.212,4.771,6.344,38.68,43.3,16.53,98.93,56.89,51.14,99.925,56.89,82.4,0.9541999999999999,0.713286713286713,3,5,7
CELL_08,moderate,8,2025-01-02 17:09:42,3.603,2.953,4.216,5.304,7.271,37.31,44.03,16.68,96.61,58.79,45.85,99.898,58.79,79.93,1.0608,0.6420945602440268,4,5,8
CELL_08,moderate,9,2025-01-02 19:57:38,3.575,2.966,4.232,5.334,7.821,36.84,41.73,20.55,98.01,54.37,45.75,99.897,54.37,77.46000000000001,1.0668,0.5090470446320868,5,5,9
CELL_08,moderate,10,2025-01-02 23:19:56,3.566,2.95,4.174,4.938,6.596,34.35,37.71,26.26,98.66,60.06,44.44,99.873,60.06,72.39999999999999,0.9875999999999999,0.738238841978287,5,5,10
CELL_08,moderate,11,2025-01-03 02:07:20,3.648,3.03,4.255,5.098,7.26,31.31,37.68,14.01,100.0,58.76,47.92,99.861,58.76,85.99,1.0196,0.5666049953746531,5,6,11
CELL_08,moderate,12,2025-01-03 04:38:07,3.633,3.056,4.251,4.965,6.806,35.14,41.27,18.05,98.73,61.19,45.66,99.851,61.19,80.68,0.993,0.6491037479630637,6,7,12
CELL_08,moderate,13,2025-01-03 07:42:17,3.56,3.013,4.175,4.704,6.855,33.63,39.28,9.87,96.3,63.71,53.54,99.84,63.71,86.42999999999999,0.9408,0.5402138540213852,6,8,13
CELL_08,moderate,14,2025-01-03 10:59:20,3.608,3.039,4.184,5.137,7.046,40.78,43.92,17.44,98.53,61.74,48.02,99.809,61.74,81.09,1.0273999999999999,0.5997904662126766,7,9,14
CELL_08,moderate,15,2025-01-03 13:51:47,3.576,2.963,4.218,4.924,7.147,34.27,40.26,14.99,98.39,60.23,55.59,99.808,60.23,83.4,0.9848000000000001,0.5645524066576698,8,10,15
CELL_08,moderate,16,2025-01-03 17:08:44,3.563,2.951,4.189,5.449,7.899,35.33,42.01,23.44,98.89,56.93,40.71,99.799,56.93,75.45,1.0897999999999999,0.5053061224489795,9,10,16
CELL_08,moderate,17,2025-01-03 20:20:26,3.613,2.985,4.177,4.899,6.76,35.45,39.06,19.33,96.25,62.93,48.61,99.788,62.93,76.92,0.9798,0.6405158516926382,9,10,17
CELL_08,moderate,18,2025-01-03 23:36:09,3.591,3.011,4.24,5.351,7.049,34.13,39.55,11.19,99.87,60.55,52.52,99.762,60.55,88.68,1.0702,0.7237926972909304,9,11,18
CELL_08,moderate,19,2025-01-04 03:03:39,3.608,2.992,4.181,5.414,6.746,35.06,41.6,26.74,99.47,58.03,39.15,99.742,58.03,72.73,1.0828,0.8926426426426421,10,11,19
CELL_08,moderate,20,2025-01-04 05:52:26,3.541,2.926,4.188,5.662,7.095,36.13,42.15,7.24,97.28,52.8,48.88,99.724,52.8,90.04,1.1324,0.8806699232379621,11,12,20
CELL_08,moderate,21,2025-01-04 09:48:00,3.637,3.055,4.192,4.419,5.39,37.46,41.34,21.18,99.32,70.67,56.11,99.723,70.67,78.13999999999999,0.8837999999999999,1.1709577754891862,12,12,21
CELL_08,moderate,22,2025-01-04 13:25:04,3.628,3.079,4.194,5.123,7.603,37.22,43.29,5.79,98.27,57.65,54.44,99.722,57.65,92.47999999999999,1.0246,0.4495967741935484,13,13,22
CELL_08,moderate,23,2025-01-04 16:22:58,3.623,2.918,4.208,5.124,6.236,32.57,39.25,21.81,96.32,55.22,43.49,99.695,55.22,74.50999999999999,1.0248,1.160071942446043,13,13,23
CELL_08,moderate,24,2025-01-04 20:09:28,3.594,2.941,4.211,4.727,6.982,36.79,41.31,19.54,97.68,63.95,51.67,99.694,63.95,78.14000000000001,0.9454,0.5631929046563195,14,13,24
CELL_08,moderate,25,2025-01-04 22:43:40,3.677,3.099,4.257,5.406,7.682,33.42,36.88,17.6,99.65,54.02,48.49,99.693,54.02,82.05000000000001,1.0812,0.5087873462214407,14,14,25
CELL_08,moderate,26,2025-01-05 02:11:16,3.588,2.949,4.19,5.0,6.613,34.66,39.25,15.2,98.31,63.27,50.72,99.692,63.27,83.11,1.0,0.769373837569746,14,15,26
CELL_08,moderate,27,2025-01-05 05:21:30,3.566,2.906,4.189,4.422,6.386,34.66,40.58,21.25,98.74,67.27,53.33,99.678,67.27,77.49,0.8844,0.6532586558044805,15,15,27
CELL_08,moderate,28,2025-01-05 08:40:13,3.704,3.095,4.257,5.534,8.054,35.42,41.71,21.49,99.98,56.29,41.75,99.673,56.29,78.49000000000001,1.1068,0.4611111111111108,16,15,28
CELL_08,moderate,29,2025-01-05 11:08:12,3.616,2.949,4.205,5.427,6.834,36.5,41.16,15.85,98.18,59.83,47.05,99.651,59.83,82.33000000000001,1.0854,0.8926794598436391,17,16,29
CELL_08,moderate,30,2025-01-05 14:54:13,3.576,2.905,4.206,4.845,5.939,32.63,39.62,17.27,98.17,60.95,52.68,99.642,60.95,80.9,0.969,1.1892138939670935,17,17,30
CELL_08,moderate,31,2025-01-05 17:50:48,3.629,2.99,4.27,4.677,7.005,33.69,39.42,18.55,96.87,60.6,47.1,99.633,60.6,78.32000000000001,0.9353999999999999,0.5498281786941578,17,17,31
CELL_08,moderate,32,2025-01-05 20:55:42,3.654,3.087,4.244,5.768,6.925,36.22,39.53,15.15,96.25,54.3,45.85,99.63,54.3,81.1,1.1536,0.9999999999999997,17,18,32
CELL_08,moderate,33,2025-01-06 00:17:54,3.604,2.991,4.172,4.325,6.179,33.37,40.31,9.38,96.27,71.55,57.79,99.62,71.55,86.89,0.865,0.6370010787486513,18,19,33
CELL_08,moderate,34,2025-01-06 02:26:49,3.642,3.061,4.232,5.498,7.731,34.23,37.43,16.39,97.17,53.37,43.74,99.602,53.37,80.78,1.0996000000000001,0.5244066278549039,18,20,34
CELL_08,moderate,35,2025-01-06 04:51:29,3.654,3.058,4.235,5.566,7.464,33.02,39.98,17.44,99.48,58.61,43.03,99.595,58.61,82.04,1.1132,0.6201264488935723,18,21,35
CELL_08,moderate,36,2025-01-06 08:34:26,3.603,2.968,4.24,5.261,7.179,33.98,37.87,7.79,97.26,57.74,49.61,99.566,57.74,89.47,1.0522,0.6631908237747655,18,22,36
CELL_08,moderate,37,2025-01-06 11:53:06,3.639,3.005,4.27,4.434,5.701,34.78,38.66,20.24,99.07,66.44,51.29,99.565,66.44,78.83,0.8868,0.9984214680347279,18,22,37
CELL_08,moderate,38,2025-01-06 14:33:02,3.629,3.09,4.207,5.127,7.415,34.94,39.81,14.03,96.8,64.84,49.8,99.564,64.84,82.77,1.0253999999999999,0.4881993006993006,18,23,38
CELL_08,moderate,39,2025-01-06 18:01:58,3.668,3.052,4.236,5.956,7.637,36.97,43.52,12.68,98.27,52.16,44.05,99.558,52.16,85.59,1.1912,0.7043426531826296,19,24,39
CELL_08,moderate,40,2025-01-06 20:32:39,3.639,3.059,4.249,5.224,7.655,35.84,40.31,17.06,96.58,58.19,50.51,99.539,58.19,79.52,1.0448,0.4895104895104893,20,24,40
CELL_08,moderate,41,2025-01-06 23:49:06,3.578,2.903,4.228,5.298,6.561,39.49,46.09,15.51,97.12,60.92,46.75,99.519,60.92,81.61,1.0596,1.0490894695170228,21,25,41
CELL_08,moderate,42,2025-01-07 03:09:29,3.631,3.018,4.232,4.778,6.51,37.35,40.46,17.84,99.05,70.13,49.56,99.511,70.13,81.21,0.9555999999999999,0.7009237875288685,22,26,42
CELL_08,moderate,43,2025-01-07 06:32:00,3.688,3.097,4.219,4.802,6.017,33.48,37.97,12.06,97.57,60.28,54.06,99.499,60.28,85.50999999999999,0.9603999999999999,0.9234567901234565,22,27,43
CELL_08,moderate,44,2025-01-07 09:08:10,3.569,2.989,4.229,4.794,6.562,38.44,42.13,22.82,97.55,61.29,46.8,99.492,61.29,74.72999999999999,0.9587999999999999,0.7013574660633483,23,27,44
CELL_08,moderate,45,2025-01-07 12:36:36,3.565,2.909,4.261,5.554,7.673,36.75,42.63,15.74,98.57,51.51,44.75,99.465,51.51,82.83,1.1108,0.6380368098159511,24,28,45
CELL_08,moderate,46,2025-01-07 15:15:37,3.617,3.08,4.216,5.355,7.209,35.1,41.86,7.24,96.35,51.18,49.12,99.461,51.18,89.11,1.0710000000000002,0.6127292340884577,25,29,46
CELL_08,moderate,47,2025-01-07 17:57:05,3.635,3.033,4.207,4.437,6.538,36.91,42.33,10.14,97.59,65.34,62.55,99.441,65.34,87.45,0.8874000000000001,0.5587815326035221,26,30,47
CELL_08,moderate,48,2025-01-07 21:31:09,3.603,3.0,4.221,5.095,6.577,33.57,38.3,20.91,97.77,58.34,45.83,99.438,58.34,76.86,1.019,0.8238866396761133,26,30,48
CELL_08,moderate,49,2025-01-08 00:49:14,3.578,2.945,4.232,4.603,5.94,35.38,41.94,13.58,99.22,69.72,59.33,99.419,69.72,85.64,0.9206,0.9626028421839938,27,31,49
CELL_08,moderate,50,2025-01-08 03:54:10,3.621,3.047,4.262,4.515,5.59,33.84,38.73,11.44,99.52,63.04,57.31,99.399,63.04,88.08,0.9029999999999999,1.130232558139534,27,32,50
CELL_08,moderate,51,2025-01-08 06:46:19,3.681,3.052,4.218,4.832,6.756,35.4,38.78,12.9,97.32,61.77,52.3,99.396,61.77,84.41999999999999,0.9663999999999999,0.6060291060291059,27,33,51
CELL_08,moderate,52,2025-01-08 10:09:10,3.604,3.085,4.179,4.884,6.012,33.85,38.55,30.14,99.74,60.76,44.05,99.395,60.76,69.6,0.9768000000000001,0.9698581560283698,27,33,52
CELL_08,moderate,53,2025-01-08 12:26:01,3.632,2.988,4.249,5.888,7.133,34.81,40.84,15.94,98.91,50.73,44.42,99.378,50.73,82.97,1.1776,1.0128514056224895,28,34,53
CELL_08,moderate,54,2025-01-08 15:41:41,3.574,2.952,4.18,4.352,5.275,35.31,39.29,20.36,97.1,72.16,52.71,99.356,72.16,76.74,0.8704000000000001,1.33044420368364,28,34,54
CELL_08,moderate,55,2025-01-08 18:39:05,3.669,3.057,4.214,5.466,6.739,34.4,38.99,15.32,97.38,54.97,43.5,99.355,54.97,82.06,1.0932,0.9088766692851538,28,35,55
CELL_08,moderate,56,2025-01-08 21:40:46,3.689,3.081,4.27,4.856,6.54,37.46,42.35,17.09,96.5,60.84,48.24,99.329,60.84,79.41,0.9712,0.7060570071258905,29,35,56
CELL_08,moderate,57,2025-01-09 01:31:55,3.663,3.098,4.261,4.693,5.785,33.19,40.11,24.59,99.56,65.42,51.61,99.326,65.42,74.97,0.9385999999999999,1.0650183150183148,30,35,57
CELL_08,moderate,58,2025-01-09 04:37:06,3.662,3.04,4.258,4.596,6.002,36.3,41.41,19.43,98.41,60.22,54.03,99.313,60.22,78.97999999999999,0.9192,0.8662873399715507,31,35,58
CELL_08,moderate,59,2025-01-09 07:53:03,3.635,2.993,4.242,5.277,7.877,35.71,42.34,17.47,96.62,56.94,43.45,99.311,56.94,79.15,1.0554000000000001,0.48038461538461547,32,35,59
CELL_08,moderate,60,2025-01-09 11:35:43,3.631,3.041,4.187,5.305,7.429,33.25,39.11,17.2,97.98,59.98,47.55,99.289,59.98,80.78,1.061,0.5395480225988701,32,36,60
CELL_08,moderate,61,2025-01-09 15:15:00,3.636,2.962,4.256,3.992,5.204,34.21,40.53,15.65,97.01,79.84,61.42,99.267,79.84,81.36,0.7984,1.0676567656765679,33,37,61
CELL_08,moderate,62,2025-01-09 18:36:48,3.646,3.03,4.222,4.836,6.422,30.65,37.4,20.04,96.77,62.91,43.54,99.255,62.91,76.72999999999999,0.9672000000000001,0.7515762925598998,33,37,62
CELL_08,moderate,63,2025-01-09 22:23:49,3.591,3.068,4.193,5.27,7.754,35.22,38.25,14.38,97.16,57.7,51.36,99.239,57.7,82.78,1.0539999999999998,0.4528985507246375,33,38,63
CELL_08,moderate,64,2025-01-10 00:42:43,3.607,3.022,4.242,5.41,7.031,34.96,39.28,21.7,99.74,59.22,40.61,99.227,59.22,78.03999999999999,1.082,0.752621838371376,33,38,64
CELL_08,moderate,65,2025-01-10 04:14:43,3.639,3.044,4.184,5.83,8.045,37.91,43.14,14.36,99.74,56.12,46.48,99.214,56.12,85.38,1.166,0.5146726862302484,34,39,65
CELL_08,moderate,66,2025-01-10 07:38:28,3.637,3.099,4.196,4.84,6.151,33.66,40.08,20.33,99.56,60.77,52.23,99.209,60.77,79.23,0.968,0.8367658276125092,35,39,66
CELL_08,moderate,67,2025-01-10 10:43:55,3.623,2.992,4.24,3.695,4.653,37.1,40.92,26.01,97.79,78.94,57.28,99.204,78.94,71.78,0.739,1.3027139874739047,36,39,67
CELL_08,moderate,68,2025-01-10 14:01:59,3.567,2.947,4.187,4.809,6.765,33.73,37.65,20.69,97.11,68.6,46.14,99.188,68.6,76.42,0.9618,0.633946830265849,36,39,68
CELL_08,moderate,69,2025-01-10 17:27:42,3.644,3.053,4.217,4.75,6.098,34.67,40.36,22.42,99.81,66.02,53.28,99.177,66.02,77.39,0.95,0.8635014836795251,37,39,69
CELL_08,moderate,70,2025-01-10 20:32:04,3.558,2.969,4.179,4.946,7.29,37.24,42.88,16.75,96.08,60.58,47.99,99.173,60.58,79.33,0.9892,0.5162116040955632,38,39,70
CELL_08,moderate,71,2025-01-10 23:40:09,3.611,2.979,4.203,4.314,5.748,38.64,44.31,13.07,97.73,69.25,58.57,99.127,69.25,84.66,0.8628,0.8535564853556485,39,40,71
CELL_08,moderate,72,2025-01-11 02:07:18,3.645,3.095,4.259,5.071,6.374,36.01,42.91,13.43,98.28,61.1,49.84,99.119,61.1,84.85,1.0142,0.893323100537222,40,41,72
CELL_08,moderate,73,2025-01-11 05:48:22,3.671,3.067,4.223,4.515,6.073,37.75,41.48,12.04,98.82,71.79,55.03,99.118,71.79,86.78,0.9029999999999999,0.7419768934531445,41,42,73
CELL_08,moderate,74,2025-01-11 09:36:49,3.609,2.996,4.202,4.837,6.684,35.79,41.28,13.99,96.28,60.56,53.09,99.091,60.56,82.29,0.9673999999999999,0.6529507309149971,42,43,74
CELL_08,moderate,75,2025-01-11 12:21:29,3.531,2.987,4.213,5.659,7.227,35.84,42.58,26.85,96.33,51.44,36.73,99.056,51.44,69.47999999999999,1.1318,0.7818877551020406,43,43,75
CELL_08,moderate,76,2025-01-11 15:38:31,3.626,2.979,4.239,4.119,5.193,34.49,40.94,24.29,98.29,69.64,53.53,99.041,69.64,74.0,0.8238,1.1731843575418994,44,43,76
CELL_08,moderate,77,2025-01-11 19:19:14,3.657,3.058,4.228,4.383,6.032,36.36,42.9,12.74,99.0,65.33,62.66,99.024,65.33,86.26,0.8766,0.7095209217707701,45,44,77
CELL_08,moderate,78,2025-01-11 22:23:09,3.636,3.084,4.247,4.674,5.692,33.59,38.65,13.65,98.04,70.48,58.17,99.007,70.48,84.39,0.9348000000000001,1.1424361493123774,45,45,78
CELL_08,moderate,79,2025-01-12 01:27:34,3.579,2.977,4.2,5.189,7.041,33.74,37.92,23.17,98.96,58.25,39.82,98.98,58.25,75.78999999999999,1.0378,0.66036717062635,45,45,79
CELL_08,moderate,80,2025-01-12 03:59:02,3.632,2.995,4.242,5.293,7.932,34.06,40.05,12.47,96.81,53.61,51.49,98.969,53.61,84.34,1.0586,0.47252747252747246,46,46,80
CELL_08,moderate,81,2025-01-12 06:51:41,3.602,2.965,4.189,4.518,5.518,35.57,40.33,13.16,97.33,69.12,57.28,98.946,69.12,84.17,0.9036,1.2240000000000002,47,47,81
CELL_08,moderate,82,2025-01-12 10:25:37,3.564,2.973,4.218,5.087,6.976,34.99,39.8,19.27,97.49,55.07,48.77,98.933,55.07,78.22,1.0173999999999999,0.6590788777130757,47,47,82
CELL_08,moderate,83,2025-01-12 13:16:36,3.537,2.917,4.202,5.182,7.275,34.08,40.41,13.06,98.13,53.5,51.56,98.911,53.5,85.07,1.0364,0.6139512661251793,48,48,83
CELL_08,moderate,84,2025-01-12 16:16:02,3.555,2.941,4.189,4.899,6.013,33.94,38.6,9.74,97.92,63.5,54.01,98.91,63.5,88.18,0.9798,1.1202872531418315,48,49,84
CELL_08,moderate,85,2025-01-12 19:12:05,3.611,3.045,4.208,5.327,6.907,33.39,40.3,12.15,99.86,54.07,50.73,98.909,54.07,87.71,1.0654,0.7360759493670888,49,50,85
CELL_08,moderate,86,2025-01-12 21:33:55,3.602,2.966,4.227,5.232,6.881,37.13,40.7,12.85,96.33,54.71,45.28,98.891,54.71,83.48,1.0464,0.7647058823529412,50,51,86
CELL_08,moderate,87,2025-01-12 23:55:37,3.589,3.011,4.186,5.786,7.939,32.74,38.86,20.04,96.57,48.1,40.33,98.889,48.1,76.53,1.1572,0.5457501161170458,50,51,87
CELL_08,moderate,88,2025-01-13 03:10:13,3.566,2.993,4.206,6.032,7.927,31.38,37.89,21.97,98.34,48.11,36.34,98.884,48.11,76.37,1.2064,0.640105540897098,50,51,88
CELL_08,moderate,89,2025-01-13 05:28:29,3.655,3.015,4.229,5.292,7.188,35.94,40.3,17.04,97.61,60.14,47.13,98.875,60.14,80.57,1.0584,0.640295358649789,51,52,89
CELL_08,moderate,90,2025-01-13 08:26:24,3.569,2.938,4.222,4.668,6.477,34.84,38.33,17.2,96.21,64.85,53.41,98.851,64.85,79.00999999999999,0.9336,0.7097844112769487,51,52,90
CELL_08,moderate,91,2025-01-13 10:44:47,3.668,3.09,4.21,4.954,6.482,35.6,39.55,12.92,97.98,57.88,49.04,98.82,57.88,85.06,0.9907999999999999,0.7329842931937172,51,53,91
CELL_08,moderate,92,2025-01-13 13:37:43,3.593,2.938,4.24,5.64,7.235,38.93,44.55,16.91,99.48,54.3,43.33,98.809,54.3,82.57000000000001,1.128,0.8163009404388711,52,54,92
CELL_08,moderate,93,2025-01-13 16:04:14,3.522,2.91,4.197,5.308,7.856,36.31,42.32,21.96,98.09,52.29,44.76,98.807,52.29,76.13,1.0615999999999999,0.5051020408163265,53,54,93
CELL_08,moderate,94,2025-01-13 19:35:05,3.605,2.97,4.213,5.586,7.759,36.18,42.89,18.23,96.49,56.45,41.79,98.791,56.45,78.25999999999999,1.1172,0.5720202485043717,54,54,94
CELL_08,moderate,95,2025-01-13 21:42:37,3.567,2.905,4.228,5.89,7.543,34.0,38.45,19.36,99.68,54.47,41.28,98.765,54.47,80.32000000000001,1.178,0.8003629764065333,54,55,95
CELL_08,moderate,96,2025-01-14 00:00:06,3.561,2.933,4.206,5.022,6.255,35.78,42.59,15.93,99.06,56.03,46.38,98.733,56.03,83.13,1.0044,1.0324412003244128,55,56,96
CELL_08,moderate,97,2025-01-14 02:43:10,3.656,3.032,4.261,4.765,6.69,34.88,41.28,14.38,96.3,61.98,50.16,98.725,61.98,81.92,0.953,0.6384415584415583,56,57,97
CELL_08,moderate,98,2025-01-14 05:40:24,3.603,2.99,4.209,4.609,5.914,36.7,41.64,19.79,97.54,66.6,51.52,98.703,66.6,77.75,0.9218,0.9340996168582373,57,57,98
CELL_08,moderate,99,2025-01-14 09:24:56,3.615,3.0,4.188,5.502,7.479,35.18,38.93,7.26,96.7,53.93,50.84,98.683,53.93,89.44,1.1004,0.6009104704097115,57,58,99
CELL_08,moderate,100,2025-01-14 13:12:52,3.624,3.055,4.186,4.469,5.988,36.82,43.39,18.04,96.53,67.82,54.68,98.679,67.82,78.49000000000001,0.8938,0.7445687952600393,58,58,100
CELL_08,moderate,101,2025-01-14 16:12:56,3.665,2.988,4.265,5.175,6.864,35.76,39.56,13.02,96.78,57.33,46.76,98.678,57.33,83.76,1.035,0.7560686796921253,58,59,101
CELL_08,moderate,102,2025-01-14 18:53:26,3.645,3.097,4.179,4.926,6.468,35.23,39.45,22.18,98.65,60.36,45.19,98.65,60.36,76.47,0.9852000000000001,0.7016861219195852,58,59,102
CELL_08,moderate,103,2025-01-14 22:07:37,3.566,2.901,4.258,4.929,7.02,32.84,36.74,25.74,99.4,61.47,44.0,98.64,61.47,73.66000000000001,0.9858,0.6489717838354857,58,59,103
CELL_08,moderate,104,2025-01-15 00:46:31,3.65,3.053,4.263,5.48,6.999,36.94,43.47,18.1,96.95,52.23,45.49,98.632,52.23,78.85,1.096,0.796576695194207,59,59,104
CELL_08,moderate,105,2025-01-15 03:53:51,3.592,2.939,4.264,5.279,6.895,35.43,39.63,19.81,99.42,59.88,45.71,98.627,59.88,79.61,1.0558,0.8199257425742577,59,59,105
CELL_08,moderate,106,2025-01-15 07:31:41,3.612,3.031,4.204,4.856,7.227,34.7,39.28,7.09,98.56,59.63,52.41,98.626,59.63,91.47,0.9712,0.49472796288485843,59,60,106
CELL_08,moderate,107,2025-01-15 10:31:15,3.586,2.907,4.244,5.579,7.929,35.7,41.03,12.81,97.71,54.64,44.61,98.607,54.64,84.89999999999999,1.1158,0.5689361702127658,60,61,107
CELL_08,moderate,108,2025-01-15 13:16:39,3.658,3.043,4.269,4.388,6.395,34.03,40.32,18.95,98.09,71.05,52.41,98.606,71.05,79.14,0.8775999999999999,0.6108619830592925,61,61,108
CELL_08,moderate,109,2025-01-15 16:26:17,3.608,2.919,4.244,5.135,6.938,34.81,39.31,24.05,99.32,57.8,43.76,98.594,57.8,75.27,1.027,0.7348863006100942,61,61,109
CELL_08,moderate,110,2025-01-15 18:33:07,3.61,3.013,4.228,5.51,7.369,33.18,39.74,22.14,98.19,52.58,41.89,98.577,52.58,76.05,1.1019999999999999,0.6535771920387304,61,61,110
CELL_08,moderate,111,2025-01-15 22:04:41,3.597,2.942,4.25,4.672,6.604,40.21,43.35,15.04,98.06,58.35,52.85,98.561,58.35,83.02000000000001,0.9343999999999999,0.6770186335403724,62,62,111
CELL_08,moderate,112,2025-01-16 01:18:14,3.619,2.97,4.211,4.734,6.972,35.23,38.87,17.02,97.64,63.62,51.34,98.55,63.62,80.62,0.9468,0.5545129579982127,62,63,112
CELL_08,moderate,113,2025-01-16 03:50:41,3.612,2.922,4.245,5.057,6.75,35.18,41.27,10.06,96.21,58.4,50.59,98.549,58.4,86.14999999999999,1.0114,0.7814530419373894,63,64,113
CELL_08,moderate,114,2025-01-16 07:24:17,3.635,2.985,4.253,4.423,5.965,36.75,41.03,0.0,97.47,62.97,65.26,98.54,62.97,97.47,0.8846,0.8223086900129705,64,65,114
CELL_08,moderate,115,2025-01-16 09:57:32,3.623,3.046,4.222,5.702,7.378,34.43,39.3,8.6,96.24,52.43,44.75,98.532,52.43,87.64,1.1404,0.7016706443914084,64,66,115
CELL_08,moderate,116,2025-01-16 13:10:01,3.601,2.981,4.189,4.255,5.396,36.97,42.26,15.43,98.9,71.57,59.67,98.51,71.57,83.47,0.851,1.058720420683611,65,67,116
CELL_08,moderate,117,2025-01-16 16:20:34,3.565,2.908,4.234,5.514,7.561,36.74,42.25,15.72,97.65,53.71,41.04,98.508,53.71,81.93,1.1028,0.6477772349780168,66,68,117
CELL_08,moderate,118,2025-01-16 19:26:48,3.585,2.954,4.185,5.089,7.551,31.34,35.2,19.11,97.91,51.32,46.39,98.502,51.32,78.8,1.0178,0.49999999999999983,66,68,118
CELL_08,moderate,119,2025-01-16 22:36:14,3.536,2.931,4.209,4.536,6.724,34.5,38.42,20.82,98.19,61.22,51.84,98.483,61.22,77.37,0.9071999999999999,0.5840950639853744,66,68,119
CELL_08,moderate,120,2025-01-17 00:52:32,3.661,3.095,4.208,5.216,7.31,36.16,42.58,19.58,96.98,59.41,43.81,98.479,59.41,77.4,1.0432000000000001,0.531518624641834,67,68,120
CELL_08,moderate,121,2025-01-17 03:30:08,3.611,2.962,4.246,4.751,6.462,34.93,40.55,18.4,96.57,62.95,49.53,98.475,62.95,78.16999999999999,0.9502,0.7504383401519583,68,68,121
CELL_08,moderate,122,2025-01-17 06:58:11,3.57,2.976,4.173,5.072,6.751,29.91,36.89,12.43,97.72,54.14,53.34,98.463,54.14,85.28999999999999,1.0144,0.7129243597379392,68,69,122
CELL_08,moderate,123,2025-01-17 10:45:17,3.592,2.926,4.201,5.147,6.533,35.51,42.13,9.39,96.46,59.68,51.5,98.456,59.68,87.07,1.0294,0.9199134199134195,69,70,123
CELL_08,moderate,124,2025-01-17 13:36:25,3.529,2.906,4.181,5.221,7.287,35.5,39.72,10.26,96.53,52.69,50.53,98.446,52.69,86.27,1.0442,0.617134559535334,69,71,124
CELL_08,moderate,125,2025-01-17 16:02:29,3.603,2.937,4.197,4.542,6.631,35.23,38.55,20.32,99.35,63.09,51.56,98.429,63.09,79.03,0.9084,0.6031594064145525,69,71,125
CELL_08,moderate,126,2025-01-17 18:41:03,3.596,2.976,4.241,5.005,6.928,37.05,43.83,25.19,97.57,61.47,44.62,98.418,61.47,72.38,1.001,0.6578263130525219,70,71,126
CELL_08,moderate,127,2025-01-17 22:41:42,3.664,3.072,4.229,4.135,4.984,34.44,38.76,17.95,97.48,72.03,58.09,98.415,72.03,79.53,0.827,1.3627797408716134,70,71,127
CELL_08,moderate,128,2025-01-18 01:18:11,3.545,2.917,4.181,5.135,6.215,33.51,37.23,16.16,97.24,58.59,49.18,98.408,58.59,81.08,1.027,1.1703703703703705,70,72,128
CELL_08,moderate,129,2025-01-18 04:18:43,3.569,2.969,4.173,4.58,6.255,33.78,39.83,18.39,96.0,61.58,55.57,98.389,61.58,77.61,0.916,0.718805970149254,70,72,129
CELL_08,moderate,130,2025-01-18 07:19:42,3.652,3.065,4.249,5.111,6.418,33.46,39.46,13.01,98.19,64.54,55.19,98.374,64.54,85.17999999999999,1.0222,0.9058913542463652,70,73,130
CELL_08,moderate,131,2025-01-18 09:48:42,3.611,3.053,4.221,4.917,6.58,32.95,36.1,23.4,97.14,60.38,41.89,98.363,60.38,73.74000000000001,0.9833999999999999,0.7023451593505713,70,73,131
CELL_08,moderate,132,2025-01-18 12:42:32,3.635,3.069,4.228,4.023,5.643,35.75,40.16,13.29,96.52,73.31,61.33,98.328,73.31,83.22999999999999,0.8046,0.7154320987654319,71,74,132
CELL_08,moderate,133,2025-01-18 15:57:29,3.635,3.097,4.204,4.577,5.84,36.14,41.05,22.49,99.85,69.19,51.45,98.319,69.19,77.36,0.9154,0.8764845605700712,72,74,133
CELL_08,moderate,134,2025-01-18 19:43:08,3.622,2.974,4.266,4.187,5.175,34.22,41.03,14.51,97.91,67.9,60.96,98.302,67.9,83.39999999999999,0.8374,1.3076923076923082,73,75,134
CELL_08,moderate,135,2025-01-18 22:58:34,3.655,3.048,4.192,4.99,6.121,37.38,41.43,14.0,98.08,57.34,50.45,98.286,57.34,84.08,0.998,1.011494252873563,74,76,135
CELL_08,moderate,136,2025-01-19 01:24:22,3.64,3.06,4.186,4.765,6.791,33.69,37.72,15.92,97.41,61.26,52.08,98.277,61.26,81.49,0.953,0.5557749259624875,74,77,136
CELL_08,moderate,137,2025-01-19 03:37:40,3.655,3.081,4.259,5.412,8.015,32.59,36.03,23.81,98.6,58.3,40.08,98.266,58.3,74.78999999999999,1.0824,0.4525547445255475,74,77,137
CELL_08,moderate,138,2025-01-19 06:19:17,3.578,2.924,4.194,4.94,6.537,33.29,40.29,17.15,99.09,62.99,50.77,98.26,62.99,81.94,0.9880000000000001,0.7952410770194116,75,78,138
CELL_08,moderate,139,2025-01-19 10:18:07,3.596,2.956,4.235,3.948,5.553,30.84,35.15,9.2,98.47,74.47,70.91,98.255,74.47,89.27,0.7896,0.7968847352024925,75,79,139
CELL_08,moderate,140,2025-01-19 13:05:37,3.573,2.971,4.212,5.444,7.471,37.04,41.78,22.6,99.75,54.51,41.71,98.246,54.51,77.15,1.0888,0.6122348297977305,76,79,140
CELL_08,moderate,141,2025-01-19 16:58:39,3.59,2.99,4.187,4.542,5.8,32.8,36.64,15.26,96.48,64.01,49.67,98.232,64.01,81.22,0.9084,0.9515103338632751,76,80,141
CELL_08,moderate,142,2025-01-19 19:24:40,3.588,2.976,4.225,5.052,6.905,35.82,40.94,14.5,97.6,61.24,50.8,98.229,61.24,83.1,1.0104,0.6740420939017805,77,81,142
CELL_08,moderate,143,2025-01-19 22:38:52,3.626,2.971,4.264,5.116,6.333,34.95,40.16,17.86,97.85,63.32,48.21,98.228,63.32,79.99,1.0231999999999999,1.0624486442070662,78,81,143
CELL_08,moderate,144,2025-01-20 01:23:37,3.585,2.976,4.196,4.221,5.762,37.41,43.5,17.65,96.09,68.0,56.29,98.227,68.0,78.44,0.8442000000000001,0.7916937053861131,79,81,144
CELL_08,moderate,145,2025-01-20 03:41:08,3.566,2.963,4.218,5.217,6.319,31.75,36.62,24.73,99.43,55.15,43.12,98.226,55.15,74.7,1.0433999999999999,1.1388384754990921,79,81,145
CELL_08,moderate,146,2025-01-20 07:16:43,3.571,2.98,4.206,4.694,5.853,36.36,39.52,18.07,99.42,68.61,52.99,98.207,68.61,81.35,0.9388,1.0578084555651428,79,82,146
CELL_08,moderate,147,2025-01-20 10:00:02,3.593,2.994,4.231,5.183,7.378,31.17,37.69,16.54,98.79,55.24,46.67,98.206,55.24,82.25,1.0366,0.5635535307517082,79,83,147
CELL_08,moderate,148,2025-01-20 13:08:27,3.589,3.068,4.178,5.193,6.412,37.79,41.57,11.57,97.88,58.0,49.45,98.189,58.0,86.31,1.0386,0.9105824446267429,80,84,148
CELL_08,moderate,149,2025-01-20 15:12:53,3.576,2.928,4.229,6.144,7.456,35.79,39.38,8.67,98.84,48.15,40.98,98.165,48.15,90.17,1.2288000000000001,0.9916158536585366,80,85,149
CELL_08,moderate,150,2025-01-20 18:06:17,3.674,3.073,4.243,5.117,6.227,32.37,37.11,28.96,99.28,59.83,41.03,98.152,59.83,70.32,1.0234,1.0540540540540542,80,85,150
CELL_08,moderate,151,2025-01-20 21:29:08,3.674,3.099,4.187,5.542,8.191,38.24,41.5,32.01,99.63,58.73,37.59,98.133,58.73,67.62,1.1084,0.4107210268025669,81,85,151
CELL_08,moderate,152,2025-01-21 00:57:18,3.627,2.99,4.192,4.453,5.676,34.93,40.72,10.38,98.13,67.42,59.13,98.124,67.42,87.75,0.8906000000000001,0.982829108748978,82,86,152
CELL_08,moderate,153,2025-01-21 03:42:49,3.604,2.947,4.183,5.055,6.571,36.56,41.23,12.37,96.27,53.85,49.04,98.085,53.85,83.89999999999999,1.011,0.8153034300791555,83,87,153
CELL_08,moderate,154,2025-01-21 06:50:37,3.63,3.021,4.229,4.926,6.796,33.61,40.29,29.88,96.19,57.45,41.23,98.084,57.45,66.31,0.9852000000000001,0.6459893048128343,84,87,154
CELL_08,moderate,155,2025-01-21 10:42:47,3.546,2.943,4.172,4.563,5.746,37.97,42.51,18.26,96.89,70.43,50.24,98.071,70.43,78.63,0.9126,1.0388841927303456,85,87,155
CELL_08,moderate,156,2025-01-21 13:23:46,3.583,2.958,4.241,5.153,6.495,34.6,39.65,19.73,99.85,56.1,46.87,98.062,56.1,80.11999999999999,1.0306,0.9560357675111766,85,88,156
CELL_08,moderate,157,2025-01-21 16:08:18,3.566,2.972,4.195,4.459,5.747,33.67,40.02,23.82,96.6,69.2,48.74,98.052,69.2,72.78,0.8917999999999999,0.9495341614906833,86,88,157
CELL_08,moderate,158,2025-01-21 18:34:56,3.587,2.979,4.239,4.811,6.916,32.98,36.85,22.19,98.88,65.86,47.09,98.051,65.86,76.69,0.9621999999999999,0.5985748218527314,86,88,158
CELL_08,moderate,159,2025-01-21 20:59:41,3.632,2.96,4.255,5.032,6.833,37.51,43.95,12.42,96.41,63.07,49.32,98.025,63.07,83.99,1.0064,0.7190449750138811,87,89,159
CELL_08,moderate,160,2025-01-22 00:24:17,3.609,2.953,4.265,4.084,5.692,33.3,39.74,28.67,98.68,78.8,52.07,97.994,78.8,70.01,0.8168,0.8159203980099499,87,89,160
CELL_08,moderate,161,2025-01-22 02:56:19,3.588,2.948,4.262,5.967,8.597,36.37,40.19,23.8,99.84,49.23,39.15,97.951,49.23,76.04,1.1934,0.49961977186311773,88,89,161
CELL_08,moderate,162,2025-01-22 06:02:55,3.595,2.97,4.211,4.062,5.775,39.57,42.98,22.41,97.92,75.09,56.48,97.927,75.09,75.51,0.8124,0.7244600116754233,89,89,162
CELL_08,moderate,163,2025-01-22 08:29:27,3.612,3.011,4.261,5.828,7.506,37.62,41.75,11.85,97.02,51.29,41.96,97.911,51.29,85.17,1.1656,0.7449344457687723,90,90,163
CELL_08,moderate,164,2025-01-22 12:04:37,3.563,2.954,4.229,5.167,6.875,34.12,40.49,15.66,98.36,58.6,51.19,97.894,58.6,82.7,1.0333999999999999,0.746487119437939,91,91,164
CELL_08,moderate,165,2025-01-22 14:44:14,3.624,2.983,4.202,4.192,5.219,31.97,37.91,11.94,96.92,71.5,56.47,97.866,71.5,84.98,0.8384,1.1869522882181107,91,92,165
CELL_08,moderate,166,2025-01-22 17:33:51,3.586,2.978,4.233,4.974,6.174,35.06,40.25,13.34,98.22,59.26,50.99,97.85,59.26,84.88,0.9948,1.0458333333333327,92,93,166
CELL_08,moderate,167,2025-01-22 20:44:15,3.646,3.07,4.173,4.05,5.251,36.62,39.79,13.43,98.09,78.92,59.99,97.847,78.92,84.66,0.8099999999999999,0.9184013322231471,92,94,167
CELL_08,moderate,168,2025-01-22 23:49:18,3.682,3.052,4.223,4.868,6.455,36.17,41.52,20.46,98.36,62.75,48.33,97.843,62.75,77.9,0.9736,0.7378701953371141,93,94,168
CELL_08,moderate,169,2025-01-23 02:20:53,3.646,3.085,4.202,5.378,7.565,34.44,38.64,18.56,99.8,59.43,46.27,97.822,59.43,81.24,1.0756000000000001,0.5107453132144489,93,95,169
CELL_08,moderate,170,2025-01-23 05:24:41,3.541,2.909,4.209,4.875,7.275,35.31,40.78,12.54,98.93,58.3,51.53,97.811,58.3,86.39000000000001,0.975,0.5416666666666665,94,96,170
CELL_08,moderate,171,2025-01-23 08:17:56,3.583,2.941,4.257,5.765,8.223,35.32,41.69,17.87,99.22,51.94,41.64,97.783,51.94,81.35,1.153,0.5353946297803089,95,97,171
CELL_08,moderate,172,2025-01-23 11:21:56,3.599,3.052,4.189,4.779,6.918,37.24,41.09,32.33,99.9,61.27,39.35,97.771,61.27,67.57000000000001,0.9558,0.5315568022440392,96,97,172
CELL_08,moderate,173,2025-01-23 13:47:13,3.68,3.04,4.256,5.003,7.188,36.72,39.76,27.21,97.29,60.19,43.39,97.763,60.19,70.08000000000001,1.0006,0.556521739130435,96,97,173
CELL_08,moderate,174,2025-01-23 16:20:33,3.507,2.918,4.175,4.845,6.277,38.88,43.85,10.31,97.65,67.2,52.53,97.743,67.2,87.34,0.969,0.8777932960893851,97,98,174
CELL_08,moderate,175,2025-01-23 19:18:51,3.551,2.925,4.189,3.782,4.663,37.27,42.09,18.14,98.08,81.95,62.07,97.719,81.95,79.94,0.7564,1.434733257661748,98,98,175
CELL_08,moderate,176,2025-01-23 22:55:05,3.629,2.996,4.243,4.957,6.121,36.91,42.18,19.21,98.28,63.18,46.54,97.713,63.18,79.07,0.9914,1.0713058419243984,99,98,176
CELL_08,moderate,177,2025-01-24 02:15:56,3.523,2.914,4.179,5.101,7.456,34.57,40.96,19.34,98.6,54.94,48.35,97.697,54.94,79.25999999999999,1.0202,0.5371549893842887,100,98,177
CELL_08,moderate,178,2025-01-24 04:56:11,3.592,2.991,4.213,4.69,6.843,34.09,39.33,34.91,99.98,66.39,43.35,97.678,66.39,65.07000000000001,0.9380000000000001,0.5675801207617279,100,98,178
CELL_08,moderate,179,2025-01-24 08:13:12,3.604,2.925,4.236,4.39,5.315,32.15,38.31,13.31,96.62,64.4,58.25,97.65,64.4,83.31,0.8779999999999999,1.4172972972972961,100,99,179
CELL_08,moderate,180,2025-01-24 11:33:36,3.574,2.932,4.237,4.541,6.458,33.5,37.73,20.6,98.54,60.58,50.27,97.637,60.58,77.94,0.9082000000000001,0.6807511737089204,100,99,180
CELL_08,moderate,181,2025-01-24 15:19:29,3.611,3.033,4.225,5.165,7.234,36.54,40.25,16.83,97.47,60.0,47.86,97.609,60.0,80.64,1.033,0.5761237312711454,101,100,181
CELL_08,moderate,182,2025-01-24 17:40:07,3.562,2.922,4.231,5.014,6.099,36.39,40.17,9.49,97.73,56.53,51.95,97.601,56.53,88.24000000000001,1.0028000000000001,1.2064516129032257,102,101,182
CELL_08,moderate,183,2025-01-24 20:46:15,3.572,2.939,4.208,4.352,5.782,35.79,39.63,11.71,99.51,68.77,56.02,97.582,68.77,87.80000000000001,0.8704000000000001,0.8874125874125877,102,102,183
CELL_08,moderate,184,2025-01-24 23:01:36,3.651,3.078,4.23,5.849,8.447,35.37,39.8,16.63,97.72,42.83,38.9,97.566,42.83,81.09,1.1698,0.44341801385681334,102,103,184
CELL_08,moderate,185,2025-01-25 02:41:34,3.617,2.974,4.242,5.151,6.801,29.83,33.67,26.3,99.61,63.09,45.7,97.553,63.09,73.31,1.0302,0.7684848484848482,102,103,185
CELL_08,moderate,186,2025-01-25 05:35:26,3.632,3.075,4.175,3.937,4.831,33.14,36.48,18.15,98.74,76.4,60.52,97.552,76.4,80.59,0.7874,1.2304250559284104,102,104,186
CELL_08,moderate,187,2025-01-25 08:00:36,3.587,2.94,4.271,5.158,7.159,34.36,37.61,21.27,99.57,57.35,46.96,97.549,57.35,78.3,1.0316,0.6651674162918543,102,104,187
CELL_08,moderate,188,2025-01-25 10:46:20,3.533,2.903,4.194,4.776,6.128,36.69,41.97,13.69,98.98,66.66,53.82,97.523,66.66,85.29,0.9551999999999999,0.9548816568047335,103,105,188
CELL_08,moderate,189,2025-01-25 13:47:26,3.577,2.977,4.213,4.892,7.167,38.32,43.23,12.35,99.81,65.03,56.07,97.509,65.03,87.46000000000001,0.9784,0.5432967032967035,104,106,189
CELL_08,moderate,190,2025-01-25 17:16:57,3.594,2.949,4.208,5.369,6.853,34.18,39.69,8.62,98.62,51.87,48.08,97.49,51.87,90.0,1.0737999999999999,0.8483827493261458,104,107,190
CELL_08,moderate,191,2025-01-25 20:09:08,3.624,3.083,4.181,5.461,7.363,32.87,36.72,18.72,98.16,55.93,45.16,97.485,55.93,79.44,1.0922,0.5772870662460566,104,107,191
CELL_08,moderate,192,2025-01-25 23:29:02,3.603,2.989,4.179,5.657,6.856,34.17,41.01,11.6,98.69,51.93,45.1,97.483,51.93,87.09,1.1314,0.9924937447873232,105,108,192
CELL_08,moderate,193,2025-01-26 02:16:12,3.64,3.078,4.187,4.983,7.266,33.98,38.69,19.64,97.53,63.1,44.91,97.481,63.1,77.89,0.9965999999999999,0.4857643451598775,105,108,193
CELL_08,moderate,194,2025-01-26 05:52:26,3.582,2.968,4.174,4.137,6.101,32.4,36.2,27.09,97.64,74.2,49.52,97.47,74.2,70.55,0.8273999999999999,0.6140529531568228,105,108,194
CELL_08,moderate,195,2025-01-26 09:08:30,3.618,3.046,4.237,5.174,7.552,34.5,39.58,19.67,98.66,58.47,45.35,97.451,58.47,78.99,1.0348000000000002,0.5008410428931879,105,108,195
CELL_08,moderate,196,2025-01-26 11:34:57,3.497,2.902,4.176,6.435,9.492,32.71,38.29,21.37,97.68,47.89,35.39,97.434,47.89,76.31,1.287,0.4167484461890741,105,108,196
CELL_08,moderate,197,2025-01-26 14:43:45,3.646,3.098,4.2,4.24,5.746,36.55,42.78,21.96,98.2,73.52,56.98,97.417,73.52,76.24000000000001,0.8480000000000001,0.7317397078353255,106,108,197
CELL_08,moderate,198,2025-01-26 17:51:46,3.616,3.07,4.209,5.273,6.383,32.26,38.68,12.65,96.8,61.87,47.99,97.401,61.87,84.14999999999999,1.0546,1.0261261261261256,106,109,198
CELL_08,moderate,199,2025-01-26 21:01:55,3.639,3.072,4.239,4.191,5.38,32.49,38.99,19.84,99.73,70.76,61.21,97.393,70.76,79.89,0.8382,0.9814970563498736,106,109,199
CELL_08,moderate,200,2025-01-27 00:51:12,3.582,2.979,4.243,4.686,5.828,36.66,43.32,17.98,97.83,65.62,49.12,97.376,65.62,79.85,0.9372,1.106830122591944,107,109,200
CELL_08,moderate,201,2025-01-27 03:24:17,3.664,3.083,4.216,5.549,7.019,36.59,42.36,13.53,99.6,52.64,47.37,97.372,52.64,86.07,1.1098000000000001,0.770748299319728,108,110,201
CELL_08,moderate,202,2025-01-27 06:13:26,3.666,3.025,4.252,4.592,6.128,34.0,37.14,18.54,99.46,69.22,50.34,97.371,69.22,80.91999999999999,0.9183999999999999,0.7988281249999997,108,111,202
CELL_08,moderate,203,2025-01-27 09:05:37,3.608,3.057,4.193,4.464,5.601,31.31,36.72,17.49,97.71,71.85,53.74,97.359,71.85,80.22,0.8928,0.9991204925241866,108,112,203
CELL_08,moderate,204,2025-01-27 11:51:48,3.558,2.916,4.211,5.497,7.08,36.76,42.58,20.83,98.23,49.4,45.48,97.357,49.4,77.4,1.0994,0.8180669614655718,109,112,204
CELL_08,moderate,205,2025-01-27 15:22:31,3.632,3.055,4.253,5.223,6.973,36.94,40.19,27.08,99.23,54.3,42.7,97.346,54.3,72.15,1.0446,0.6845714285714285,110,112,205
CELL_08,moderate,206,2025-01-27 18:18:19,3.554,2.953,4.225,4.826,7.123,34.59,38.25,20.24,97.88,67.08,46.37,97.315,67.08,77.64,0.9652,0.5537657814540703,110,112,206
CELL_08,moderate,207,2025-01-27 21:53:25,3.642,3.008,4.266,4.622,6.598,36.53,41.94,14.56,97.68,66.08,51.94,97.309,66.08,83.12,0.9244,0.6366396761133604,111,113,207
CELL_08,moderate,208,2025-01-28 01:35:36,3.596,2.944,4.244,4.955,7.363,34.93,39.94,18.16,99.76,62.31,50.67,97.302,62.31,81.60000000000001,0.991,0.5398671096345513,111,114,208
CELL_08,moderate,209,2025-01-28 04:44:01,3.563,2.927,4.207,6.034,7.443,32.89,36.66,13.31,98.5,45.48,43.75,97.273,45.48,85.19,1.2067999999999999,0.9084457061745919,111,115,209
CELL_08,moderate,210,2025-01-28 08:06:27,3.615,2.917,4.216,5.117,6.787,32.92,36.67,13.3,97.06,54.76,49.38,97.265,54.76,83.76,1.0234,0.7778443113772457,111,116,210
CELL_08,moderate,211,2025-01-28 11:46:08,3.574,2.91,4.262,5.521,8.062,32.56,35.74,10.81,96.73,54.22,47.75,97.264,54.22,85.92,1.1042,0.532073986619441,111,117,211
CELL_08,moderate,212,2025-01-28 13:51:52,3.591,2.982,4.235,5.863,7.361,35.46,39.43,24.27,99.89,53.38,34.08,97.255,53.38,75.62,1.1726,0.8364485981308416,111,117,212
CELL_08,moderate,213,2025-01-28 17:09:03,3.603,2.908,4.249,4.897,6.055,35.61,39.58,8.72,97.97,60.66,55.71,97.253,60.66,89.25,0.9794,1.158031088082902,111,118,213
CELL_08,moderate,214,2025-01-28 20:39:57,3.634,3.025,4.247,5.449,7.514,39.04,43.87,16.88,96.42,54.65,45.25,97.252,54.65,79.54,1.0897999999999999,0.5917675544794188,112,118,214
CELL_08,moderate,215,2025-01-28 23:27:44,3.571,2.946,4.246,4.173,5.357,34.96,39.0,25.31,97.47,68.77,53.96,97.228,68.77,72.16,0.8346,1.097972972972973,112,118,215
CELL_08,moderate,216,2025-01-29 03:08:49,3.638,3.087,4.183,5.126,6.265,33.97,37.6,13.66,96.57,56.82,48.36,97.205,56.82,82.91,1.0252000000000001,0.962247585601405,112,119,216
CELL_08,moderate,217,2025-01-29 06:44:07,3.624,3.031,4.217,5.034,6.271,33.5,39.32,17.55,98.15,56.32,49.88,97.185,56.32,80.60000000000001,1.0068,0.9587712206952299,112,120,217
CELL_08,moderate,218,2025-01-29 10:28:06,3.634,3.01,4.237,3.995,5.127,35.83,41.08,15.73,97.44,72.33,61.57,97.184,72.33,81.71,0.799,1.0839222614840995,113,121,218
CELL_08,moderate,219,2025-01-29 13:15:45,3.559,2.935,4.195,4.723,5.959,32.8,39.16,23.66,99.46,58.76,47.91,97.168,58.76,75.8,0.9446,1.0194174757281558,113,121,219
CELL_08,moderate,220,2025-01-29 15:46:18,3.569,2.92,4.205,5.279,6.714,31.27,37.52,16.79,96.2,59.19,49.52,97.165,59.19,79.41,1.0558,0.8954703832752611,113,121,220
CELL_08,moderate,221,2025-01-29 19:12:47,3.658,3.098,4.267,5.037,6.683,36.43,40.22,24.25,98.72,56.54,43.17,97.164,56.54,74.47,1.0074,0.7102065613608752,114,121,221
CELL_08,moderate,222,2025-01-29 22:03:33,3.647,3.057,4.186,5.491,7.469,33.16,37.48,21.06,98.85,54.12,43.75,97.157,54.12,77.78999999999999,1.0981999999999998,0.5707785642062688,114,121,222
CELL_08,moderate,223,2025-01-30 01:16:18,3.607,3.058,4.178,4.777,6.462,32.77,36.48,24.82,99.25,63.96,44.76,97.156,63.96,74.43,0.9554,0.6646884272997035,114,121,223
CELL_08,moderate,224,2025-01-30 04:53:33,3.608,3.0,4.198,5.617,8.132,34.91,38.84,15.0,98.29,58.39,44.72,97.129,58.39,83.29,1.1234,0.4763419483101394,114,122,224
CELL_08,moderate,225,2025-01-30 07:48:50,3.539,2.945,4.192,4.882,6.108,35.33,38.97,18.12,98.15,60.25,47.55,97.123,60.25,80.03,0.9763999999999999,1.0171288743882547,114,123,225
CELL_08,moderate,226,2025-01-30 10:27:44,3.557,2.922,4.231,5.144,6.391,36.27,39.33,16.19,97.65,58.93,45.16,97.113,58.93,81.46000000000001,1.0288,1.0497193263833198,114,124,226
CELL_08,moderate,227,2025-01-30 13:55:05,3.67,3.074,4.248,5.866,7.315,36.56,42.57,16.38,96.21,53.44,40.21,97.105,53.44,79.83,1.1732,0.8102139406487231,115,124,227
CELL_08,moderate,228,2025-01-30 16:16:59,3.641,3.062,4.227,4.885,7.166,34.06,37.77,20.01,99.09,58.22,50.67,97.095,58.22,79.08,0.977,0.51074090311267,115,124,228
CELL_08,moderate,229,2025-01-30 19:01:13,3.632,3.032,4.204,5.545,8.044,33.12,38.05,19.24,96.59,52.29,40.92,97.078,52.29,77.35000000000001,1.109,0.46898759503801496,115,124,229
CELL_08,moderate,230,2025-01-30 22:27:16,3.597,2.963,4.232,4.535,6.034,36.7,39.82,13.49,98.05,66.54,54.94,97.077,66.54,84.56,0.907,0.8465643762508341,115,125,230
CELL_08,moderate,231,2025-01-31 01:38:31,3.675,3.094,4.212,5.559,7.642,36.21,41.11,23.19,99.97,53.46,43.08,97.076,53.46,76.78,1.1118000000000001,0.5367258761401823,116,125,231
CELL_08,moderate,232,2025-01-31 04:39:54,3.65,3.089,4.189,4.473,5.464,36.11,41.59,23.08,97.58,69.92,47.72,97.055,69.92,74.5,0.8946,1.1099899091826433,117,125,232
CELL_08,moderate,233,2025-01-31 08:22:46,3.627,3.08,4.191,5.286,7.197,35.25,40.0,13.94,99.24,58.01,48.78,97.054,58.01,85.3,1.0572,0.5813710099424383,117,126,233
CELL_08,moderate,234,2025-01-31 11:53:49,3.628,3.055,4.184,4.996,6.432,38.75,43.53,9.56,97.14,55.44,54.85,97.036,55.44,87.58,0.9992000000000001,0.7862116991643454,118,127,234
CELL_08,moderate,235,2025-01-31 14:57:56,3.685,3.059,4.259,5.355,6.758,34.84,39.4,9.98,96.98,52.08,47.45,97.013,52.08,87.0,1.0710000000000002,0.8553100498930867,118,128,235
CELL_08,moderate,236,2025-01-31 17:24:34,3.573,2.953,4.19,5.159,6.958,41.67,46.0,19.45,98.6,62.16,47.16,96.992,62.16,79.14999999999999,1.0318,0.6876042245692052,119,128,236
CELL_08,moderate,237,2025-01-31 21:04:26,3.597,2.972,4.186,5.252,6.911,33.38,39.35,13.98,96.57,56.62,44.0,96.976,56.62,82.58999999999999,1.0504,0.7317661241711876,119,129,237
CELL_08,moderate,238,2025-02-01 00:14:57,3.634,3.011,4.246,4.812,6.105,33.19,38.61,25.46,96.37,63.31,44.86,96.97,63.31,70.91,0.9624,0.9551430781129159,119,129,238
CELL_08,moderate,239,2025-02-01 04:13:00,3.618,2.971,4.262,4.351,5.934,40.0,43.03,21.58,96.27,70.5,53.75,96.952,70.5,74.69,0.8702,0.8155401137081486,120,129,239
CELL_08,moderate,240,2025-02-01 08:00:52,3.615,3.005,4.193,4.321,6.183,33.41,38.57,18.24,98.83,65.45,54.75,96.951,65.45,80.59,0.8642,0.6380236305048334,120,130,240
CELL_08,moderate,241,2025-02-01 11:23:04,3.633,3.079,4.203,4.072,5.257,34.47,37.5,11.86,96.75,73.93,66.04,96.945,73.93,84.89,0.8144,0.9485232067510553,120,131,241
CELL_08,moderate,242,2025-02-01 14:36:04,3.563,2.926,4.18,5.659,7.548,33.41,39.02,15.56,96.53,54.43,43.13,96.927,54.43,80.97,1.1318,0.6638433033350977,120,132,242
CELL_08,moderate,243,2025-02-01 18:30:13,3.584,3.017,4.189,4.954,7.32,35.53,41.03,15.39,97.46,66.91,48.71,96.904,66.91,82.07,0.9907999999999999,0.4953508030431107,121,133,243
CELL_08,moderate,244,2025-02-01 21:59:28,3.604,2.941,4.23,4.581,6.114,37.32,42.58,20.19,98.48,60.88,56.52,96.886,60.88,78.29,0.9162000000000001,0.840834964122636,122,133,244
CELL_08,moderate,245,2025-02-02 01:04:12,3.614,2.982,4.232,4.397,6.347,35.13,39.49,29.56,99.52,67.92,49.54,96.861,67.92,69.96,0.8794000000000001,0.641025641025641,122,133,245
CELL_08,moderate,246,2025-02-02 04:30:40,3.595,2.933,4.232,5.261,7.01,37.63,40.7,11.8,96.34,54.54,50.43,96.85,54.54,84.54,1.0522,0.742710120068611,123,134,246
CELL_08,moderate,247,2025-02-02 08:31:39,3.622,3.01,4.25,4.207,5.919,31.92,38.28,14.4,96.57,71.26,58.28,96.823,71.26,82.16999999999999,0.8413999999999999,0.724299065420561,123,135,247
CELL_08,moderate,248,2025-02-02 11:03:27,3.653,3.065,4.208,5.48,6.945,32.31,35.39,23.48,97.12,55.95,40.03,96.808,55.95,73.64,1.096,0.7802047781569968,123,135,248
CELL_08,moderate,249,2025-02-02 14:04:43,3.563,2.931,4.177,4.552,5.609,35.88,40.55,26.41,98.04,63.14,45.51,96.807,63.14,71.63000000000001,0.9103999999999999,1.1788079470198667,124,135,249
CELL_08,moderate,250,2025-02-02 17:54:35,3.573,2.912,4.267,4.815,6.694,34.87,40.33,22.03,99.52,62.05,49.2,96.792,62.05,77.49,0.9630000000000001,0.7211282597126135,125,135,250
CELL_08,moderate,251,2025-02-02 20:26:50,3.536,2.945,4.179,5.556,7.197,37.05,41.72,19.14,98.12,52.98,42.35,96.786,52.98,78.98,1.1112,0.751980499695308,126,135,251
CELL_08,moderate,252,2025-02-03 00:10:36,3.635,3.091,4.176,5.11,6.23,36.33,42.95,16.32,99.64,64.14,50.48,96.77,64.14,83.32,1.022,0.9687499999999999,127,136,252
CELL_08,moderate,253,2025-02-03 03:40:10,3.592,2.977,4.232,5.194,7.055,32.57,36.01,9.61,99.16,59.89,52.44,96.757,59.89,89.55,1.0388,0.6743686190220314,127,137,253
CELL_08,moderate,254,2025-02-03 06:53:05,3.573,2.931,4.246,5.165,6.633,33.97,40.73,11.93,98.82,61.63,48.88,96.738,61.63,86.88999999999999,1.033,0.8957765667574935,128,138,254
CELL_08,moderate,255,2025-02-03 09:47:31,3.669,3.035,4.252,5.076,6.107,34.53,38.54,16.98,98.55,58.96,48.02,96.732,58.96,81.57,1.0151999999999999,1.180407371483995,128,139,255
CELL_08,moderate,256,2025-02-03 13:18:26,3.639,3.065,4.175,4.33,5.344,35.05,38.12,19.15,96.45,68.49,54.7,96.723,68.49,77.30000000000001,0.866,1.0946745562130173,128,139,256
CELL_08,moderate,257,2025-02-03 15:57:47,3.572,2.912,4.226,5.285,6.433,34.5,40.84,26.42,96.55,55.9,38.44,96.716,55.9,70.13,1.057,1.1445993031358888,129,139,257
CELL_08,moderate,258,2025-02-03 18:10:44,3.613,3.004,4.223,5.316,7.341,34.74,39.97,19.02,96.35,55.68,41.66,96.714,55.68,77.33,1.0632,0.6019753086419751,129,139,258
CELL_08,moderate,259,2025-02-03 21:19:54,3.682,3.083,4.225,4.108,5.467,35.31,41.71,18.95,96.51,75.54,58.94,96.706,75.54,77.56,0.8215999999999999,0.840323767476085,130,139,259
CELL_08,moderate,260,2025-02-03 23:31:21,3.645,3.055,4.246,5.703,7.96,38.72,42.86,14.51,98.34,53.43,42.5,96.705,53.43,83.83,1.1406,0.527691626052282,131,140,260
CELL_08,moderate,261,2025-02-04 02:11:44,3.625,3.024,4.242,5.074,7.496,34.22,38.3,17.82,99.13,61.14,46.79,96.704,61.14,81.31,1.0148,0.5028901734104045,131,141,261
CELL_08,moderate,262,2025-02-04 05:12:06,3.593,2.975,4.24,5.195,6.902,36.46,40.23,12.79,99.5,58.67,51.7,96.703,58.67,86.71000000000001,1.0390000000000001,0.7410661980082016,132,142,262
CELL_08,moderate,263,2025-02-04 07:47:43,3.648,3.046,4.239,4.904,5.959,35.08,38.53,7.25,96.66,68.78,54.81,96.662,68.78,89.41,0.9808,1.130805687203792,132,143,263
CELL_08,moderate,264,2025-02-04 10:45:21,3.674,3.053,4.251,5.748,8.009,35.9,40.54,20.27,99.5,53.63,43.01,96.629,53.63,79.23,1.1496,0.5298540468819108,133,143,264
CELL_08,moderate,265,2025-02-04 13:37:57,3.625,3.06,4.233,5.414,8.081,35.93,40.18,20.35,98.14,63.78,42.26,96.622,63.78,77.78999999999999,1.0828,0.4398200224971877,134,143,265
CELL_08,moderate,266,2025-02-04 17:44:26,3.609,2.95,4.209,4.205,5.7,32.72,39.5,10.48,99.69,74.47,61.96,96.619,74.47,89.21,0.841,0.8421404682274243,134,144,266
CELL_08,moderate,267,2025-02-04 19:46:34,3.659,3.085,4.211,6.099,8.064,33.27,38.83,19.38,97.44,48.16,39.78,96.604,48.16,78.06,1.2198,0.5730279898218832,134,144,267
CELL_08,moderate,268,2025-02-04 22:52:11,3.592,2.954,4.235,4.649,6.842,32.65,38.13,6.68,97.14,65.23,59.55,96.587,65.23,90.46000000000001,0.9298,0.5841313269493845,134,145,268
CELL_08,moderate,269,2025-02-05 01:50:12,3.546,2.927,4.222,5.508,6.775,30.01,35.32,17.68,96.43,55.85,40.55,96.586,55.85,78.75,1.1016,1.022099447513812,134,145,269
CELL_08,moderate,270,2025-02-05 04:18:20,3.64,2.998,4.235,4.947,6.217,33.61,40.19,11.9,99.64,58.7,51.53,96.557,58.7,87.74,0.9894000000000001,0.9740157480314965,135,146,270
CELL_08,moderate,271,2025-02-05 07:42:56,3.625,2.985,4.267,4.572,5.997,37.46,41.85,25.33,99.18,68.35,52.38,96.54,68.35,73.85000000000001,0.9144,0.899649122807018,136,146,271
CELL_08,moderate,272,2025-02-05 10:52:05,3.577,3.01,4.202,4.898,6.483,37.87,41.85,18.88,99.39,61.09,48.82,96.511,61.09,80.51,0.9795999999999999,0.75205047318612,137,147,272
CELL_08,moderate,273,2025-02-05 14:46:08,3.598,3.07,4.214,4.36,5.529,35.21,39.02,19.54,97.53,73.3,56.71,96.488,73.3,77.99000000000001,0.8720000000000001,0.9786142001710872,137,147,273
CELL_08,moderate,274,2025-02-05 18:01:47,3.655,2.996,4.261,4.443,5.452,39.15,45.4,7.28,96.41,67.03,62.55,96.484,67.03,89.13,0.8886,1.253716551040634,138,148,274
CELL_08,moderate,275,2025-02-05 21:15:08,3.664,3.07,4.264,5.283,7.616,34.09,39.24,17.86,99.65,54.53,47.21,96.483,54.53,81.79,1.0566,0.5117873981997432,138,149,275
CELL_08,moderate,276,2025-02-06 00:50:24,3.69,3.09,4.237,4.787,6.777,36.38,39.62,17.46,96.78,59.09,49.81,96.464,59.09,79.32,0.9574,0.5763819095477387,138,149,276
CELL_08,moderate,277,2025-02-06 04:14:08,3.634,3.034,4.209,5.097,7.285,33.78,37.03,25.05,99.49,60.11,45.94,96.463,60.11,74.44,1.0194,0.5370201096892139,138,149,277
CELL_08,moderate,278,2025-02-06 07:01:21,3.633,3.078,4.182,4.517,5.769,33.31,38.32,11.27,97.89,63.8,55.05,96.43,63.8,86.62,0.9034000000000001,0.8817891373801923,138,150,278
CELL_08,moderate,279,2025-02-06 09:58:17,3.638,3.002,4.225,4.598,5.555,34.95,40.21,22.75,97.22,64.73,46.68,96.41,64.73,74.47,0.9196,1.277951933124347,139,150,279
CELL_08,moderate,280,2025-02-06 13:07:45,3.58,2.976,4.261,4.681,5.738,37.17,41.69,16.05,98.4,60.61,51.72,96.391,60.61,82.35000000000001,0.9362,1.2157048249763478,140,151,280
CELL_08,moderate,281,2025-02-06 15:21:28,3.585,2.901,4.259,5.168,6.942,36.77,42.54,15.43,97.54,53.53,45.79,96.383,53.53,82.11000000000001,1.0336,0.7655016910935741,141,152,281
CELL_08,moderate,282,2025-02-06 17:33:19,3.61,3.011,4.183,5.277,6.468,37.51,43.06,12.52,97.6,53.79,43.45,96.351,53.79,85.08,1.0554000000000001,0.9840470193115028,142,153,282
CELL_08,moderate,283,2025-02-06 20:35:42,3.663,3.063,4.266,4.642,5.732,33.48,40.38,22.04,98.96,63.03,47.15,96.338,63.03,76.91999999999999,0.9284000000000001,1.1036697247706422,143,153,283
CELL_08,moderate,284,2025-02-06 23:40:04,3.569,2.927,4.252,4.454,5.465,34.36,40.69,12.91,96.47,71.44,57.22,96.332,71.44,83.56,0.8907999999999999,1.3105835806132538,144,154,284
CELL_08,moderate,285,2025-02-07 03:07:56,3.603,3.045,4.176,4.528,6.69,39.16,44.78,12.86,97.03,68.15,51.74,96.323,68.15,84.17,0.9056,0.5231267345050878,145,155,285
CELL_08,moderate,286,2025-02-07 06:46:40,3.652,3.028,4.269,5.252,7.279,37.12,40.79,25.51,96.66,59.18,44.78,96.28,59.18,71.14999999999999,1.0504,0.6122348297977307,146,155,286
CELL_08,moderate,287,2025-02-07 10:24:58,3.618,3.038,4.212,4.725,6.875,37.97,41.32,14.8,98.87,62.57,50.68,96.268,62.57,84.07000000000001,0.945,0.5460465116279068,147,156,287
CELL_08,moderate,288,2025-02-07 13:04:52,3.62,2.981,4.268,4.733,6.708,32.76,36.22,16.31,97.48,65.51,51.63,96.267,65.51,81.17,0.9465999999999999,0.651645569620253,147,157,288
CELL_08,moderate,289,2025-02-07 15:21:52,3.681,3.089,4.268,5.296,7.691,39.51,42.88,16.59,98.66,48.1,45.33,96.251,48.1,82.07,1.0592000000000001,0.49227557411273487,148,158,289
CELL_08,moderate,290,2025-02-07 18:26:53,3.655,3.1,4.194,4.573,5.922,31.36,37.05,15.57,97.28,67.24,50.96,96.223,67.24,81.71000000000001,0.9146000000000001,0.8109710896960715,148,159,290
CELL_08,moderate,291,2025-02-07 21:29:41,3.569,2.963,4.233,4.975,6.358,38.3,42.17,10.91,98.68,59.91,52.69,96.202,59.91,87.77000000000001,0.9949999999999999,0.9182935647143887,149,160,291
CELL_08,moderate,292,2025-02-08 00:24:20,3.64,3.098,4.183,5.417,7.893,33.66,38.54,9.39,96.01,56.65,47.87,96.179,56.65,86.62,1.0834,0.43820678513731826,149,161,292
CELL_08,moderate,293,2025-02-08 03:15:10,3.72,3.087,4.244,4.677,6.265,32.29,36.53,31.77,99.51,60.77,43.05,96.176,60.77,67.74000000000001,0.9353999999999999,0.7285894206549115,149,161,293
CELL_08,moderate,294,2025-02-08 05:51:08,3.571,2.957,4.206,5.251,6.452,34.73,39.01,23.05,96.14,57.06,43.27,96.153,57.06,73.09,1.0502,1.0399666944213164,149,161,294
CELL_08,moderate,295,2025-02-08 09:40:38,3.673,3.028,4.27,4.635,5.589,31.51,34.65,18.24,100.0,65.45,51.95,96.151,65.45,81.76,0.9269999999999999,1.3018867924528288,149,162,295
CELL_08,moderate,296,2025-02-08 12:02:52,3.667,3.069,4.191,5.108,7.17,34.55,38.87,18.43,96.51,60.31,43.35,96.128,60.31,78.08000000000001,1.0215999999999998,0.5441319107662462,149,162,296
CELL_08,moderate,297,2025-02-08 14:41:15,3.648,3.095,4.207,5.769,7.166,37.01,43.48,17.78,98.34,50.17,39.56,96.106,50.17,80.56,1.1538,0.7959914101646381,150,163,297
CELL_08,moderate,298,2025-02-08 17:15:26,3.602,3.014,4.251,5.385,7.077,31.65,35.42,20.57,97.98,54.07,47.98,96.105,54.07,77.41,1.077,0.7310874704491728,150,163,298
CELL_08,moderate,299,2025-02-08 20:57:18,3.646,2.97,4.245,4.695,6.491,36.26,43.12,15.94,98.26,64.42,53.29,96.079,64.42,82.32000000000001,0.9390000000000001,0.709910913140312,151,164,299
CELL_08,moderate,300,2025-02-08 23:30:41,3.58,3.042,4.172,5.347,7.848,36.62,41.07,17.33,96.87,54.08,45.04,96.078,54.08,79.54,1.0694000000000001,0.45181927229108365,152,164,300
CELL_08,moderate,301,2025-02-09 03:14:26,3.645,3.068,4.208,4.7,6.311,35.0,39.12,10.18,97.25,62.77,57.28,96.059,62.77,87.07,0.9400000000000001,0.7076350093109871,152,165,301
CELL_08,moderate,302,2025-02-09 06:28:39,3.564,2.957,4.184,5.153,6.591,35.19,39.85,22.68,98.21,53.37,39.53,96.038,53.37,75.53,1.0306,0.8532684283727398,152,165,302
CELL_08,moderate,303,2025-02-09 09:02:44,3.586,2.976,4.182,5.488,6.849,39.47,43.58,17.56,99.26,50.69,43.67,96.021,50.69,81.7,1.0976000000000001,0.886113152094049,153,166,303
CELL_08,moderate,304,2025-02-09 11:51:05,3.618,3.022,4.192,4.933,6.782,36.88,42.87,18.59,98.4,57.03,48.14,96.002,57.03,79.81,0.9865999999999999,0.6327744726879395,154,166,304
CELL_08,moderate,305,2025-02-09 15:01:30,3.659,3.096,4.219,4.824,6.874,35.01,41.41,11.19,98.51,57.32,52.9,95.986,57.32,87.32000000000001,0.9648,0.5478048780487806,155,167,305
CELL_08,moderate,306,2025-02-09 17:44:47,3.561,2.954,4.184,6.334,9.375,32.07,37.49,19.97,99.21,46.44,37.41,95.968,46.44,79.24,1.2668,0.4044722130878,155,167,306
CELL_08,moderate,307,2025-02-09 21:02:56,3.615,2.99,4.233,4.959,6.336,35.28,38.43,24.05,99.08,58.88,46.43,95.966,58.88,75.03,0.9917999999999999,0.9026870007262155,155,167,307
CELL_08,moderate,308,2025-02-10 00:11:56,3.569,2.929,4.234,5.668,7.119,35.13,38.8,18.89,98.27,48.25,39.17,95.954,48.25,79.38,1.1336,0.8993797381116475,155,167,308
CELL_08,moderate,309,2025-02-10 03:33:21,3.598,3.005,4.205,4.818,6.471,34.79,41.46,16.15,99.53,56.87,50.6,95.947,56.87,83.38,0.9635999999999999,0.7259528130671505,156,168,309
CELL_08,moderate,310,2025-02-10 07:10:29,3.65,3.091,4.253,5.297,7.136,35.5,42.2,19.83,96.35,59.24,43.73,95.929,59.24,76.52,1.0594,0.6318651441000542,157,168,310
CELL_08,moderate,311,2025-02-10 11:02:52,3.666,3.076,4.228,4.315,6.001,35.62,41.1,7.68,99.77,69.59,67.52,95.919,69.59,92.09,0.8630000000000001,0.683274021352313,158,169,311
CELL_08,moderate,312,2025-02-10 13:45:57,3.509,2.915,4.186,4.974,6.987,35.33,39.96,14.84,97.24,63.54,50.55,95.908,63.54,82.39999999999999,0.9948,0.6313959264778937,158,170,312
CELL_08,moderate,313,2025-02-10 16:34:37,3.67,3.051,4.244,5.271,6.69,36.93,43.67,19.84,96.37,53.45,43.57,95.902,53.45,76.53,1.0542,0.8407329105003518,159,170,313
CELL_08,moderate,314,2025-02-10 19:44:32,3.605,2.977,4.199,4.652,5.779,36.2,39.68,23.11,98.02,66.51,50.41,95.876,66.51,74.91,0.9304,1.0842945874001777,159,170,314
CELL_08,moderate,315,2025-02-10 22:50:37,3.604,2.988,4.199,5.616,8.352,36.86,41.38,17.99,98.07,55.77,39.94,95.875,55.77,80.08,1.1232,0.44261695906432735,160,171,315
CELL_08,moderate,316,2025-02-11 01:30:55,3.6,3.071,4.192,5.382,7.282,35.78,41.85,18.52,96.1,56.87,42.24,95.867,56.87,77.58,1.0764,0.5899999999999999,161,171,316
CELL_08,moderate,317,2025-02-11 04:40:31,3.628,2.954,4.255,4.632,6.342,35.4,41.02,19.25,98.75,66.44,48.61,95.853,66.44,79.5,0.9263999999999999,0.7608187134502923,162,171,317
CELL_08,moderate,318,2025-02-11 07:48:15,3.583,3.015,4.184,5.98,7.657,36.77,39.91,26.44,97.44,51.11,37.77,95.852,51.11,71.0,1.1960000000000002,0.697078115682767,162,171,318
CELL_08,moderate,319,2025-02-11 09:55:05,3.653,3.058,4.207,5.48,7.018,33.18,37.5,15.6,99.48,52.55,42.76,95.841,52.55,83.88000000000001,1.096,0.7470741222366714,162,172,319
CELL_08,moderate,320,2025-02-11 13:08:07,3.595,2.923,4.216,4.798,6.003,33.02,37.84,19.02,97.98,64.68,50.0,95.839,64.68,78.96000000000001,0.9596,1.0730290456431535,162,172,320
CELL_08,moderate,321,2025-02-11 16:02:32,3.563,2.911,4.176,4.67,6.013,36.44,42.25,19.13,98.73,65.89,49.08,95.838,65.89,79.60000000000001,0.9339999999999999,0.941921072226359,163,172,321
CELL_08,moderate,322,2025-02-11 19:52:44,3.649,3.062,4.234,4.757,7.017,31.94,35.31,20.02,99.77,64.72,52.62,95.837,64.72,79.75,0.9513999999999999,0.5185840707964601,163,172,322
CELL_08,moderate,323,2025-02-11 23:07:29,3.587,2.917,4.242,4.269,5.149,34.06,37.97,18.91,97.54,68.34,54.16,95.811,68.34,78.63000000000001,0.8538,1.5056818181818186,163,172,323
CELL_08,moderate,324,2025-02-12 02:59:55,3.654,3.057,4.265,4.851,6.478,32.64,39.42,24.94,98.14,65.88,47.5,95.806,65.88,73.2,0.9702,0.7424708051628764,163,172,324
CELL_08,moderate,325,2025-02-12 06:29:23,3.623,3.022,4.229,4.013,5.013,33.64,39.44,3.67,96.78,75.81,70.6,95.786,75.81,93.11,0.8026,1.2070000000000003,163,173,325
CELL_08,moderate,326,2025-02-12 09:24:57,3.634,3.058,4.241,5.327,7.16,33.63,39.15,20.68,98.4,58.75,45.71,95.758,58.75,77.72,1.0654,0.6453900709219856,163,173,326
CELL_08,moderate,327,2025-02-12 11:41:29,3.583,2.944,4.22,5.022,7.258,31.96,35.0,22.17,96.68,60.67,44.91,95.748,60.67,74.51,1.0044,0.5706618962432916,163,173,327
CELL_08,moderate,328,2025-02-12 14:02:47,3.643,2.998,4.253,4.923,6.443,34.93,39.05,13.91,98.62,60.51,48.57,95.747,60.51,84.71000000000001,0.9846,0.8256578947368423,163,174,328
CELL_08,moderate,329,2025-02-12 16:46:27,3.659,3.035,4.246,5.322,7.715,33.63,39.13,24.56,98.88,51.1,44.51,95.74,51.1,74.32,1.0644,0.5060593397409111,163,174,329
CELL_08,moderate,330,2025-02-12 20:13:48,3.571,2.906,4.266,5.177,6.262,35.9,41.86,7.35,97.17,60.16,49.75,95.732,60.16,89.82000000000001,1.0353999999999999,1.2534562211981566,164,175,330
CELL_08,moderate,331,2025-02-13 00:01:38,3.602,2.93,4.265,4.818,6.037,35.47,40.55,19.03,96.53,67.27,46.77,95.725,67.27,77.5,0.9635999999999999,1.0951599671862176,165,175,331
CELL_08,moderate,332,2025-02-13 02:20:58,3.615,3.066,4.191,5.141,7.538,36.17,41.96,11.59,98.58,60.09,48.43,95.707,60.09,86.99,1.0282,0.46933667083854813,166,176,332
CELL_08,moderate,333,2025-02-13 05:41:26,3.61,3.015,4.206,5.108,6.358,34.82,41.75,14.18,99.55,57.98,51.89,95.679,57.98,85.37,1.0215999999999998,0.9528000000000002,167,177,333
CELL_08,moderate,334,2025-02-13 08:59:42,3.575,2.968,4.184,4.976,6.317,36.0,41.12,22.45,96.18,57.06,44.36,95.666,57.06,73.73,0.9952,0.906785980611484,168,177,334
CELL_08,moderate,335,2025-02-13 12:10:10,3.603,3.019,4.2,4.93,7.227,37.46,43.99,22.32,96.34,61.81,46.1,95.661,61.81,74.02000000000001,0.986,0.5141488898563342,169,177,335
CELL_08,moderate,336,2025-02-13 14:59:20,3.581,2.921,4.255,4.812,6.055,36.92,43.29,18.62,96.64,65.03,49.28,95.634,65.03,78.02,0.9624,1.0732099758648437,170,177,336
CELL_08,moderate,337,2025-02-13 18:24:22,3.651,3.089,4.201,5.106,6.851,33.52,39.44,21.33,97.28,61.98,42.22,95.614,61.98,75.95,1.0211999999999999,0.6372492836676216,170,177,337
CELL_08,moderate,338,2025-02-13 22:00:28,3.653,3.034,4.26,4.668,5.743,34.06,38.24,20.17,99.04,64.7,50.21,95.607,64.7,78.87,0.9336,1.1404651162790695,170,177,338
CELL_08,moderate,339,2025-02-14 01:08:43,3.634,3.007,4.225,3.96,5.3,32.2,38.9,17.38,96.08,72.64,60.87,95.569,72.64,78.7,0.792,0.9089552238805968,170,177,339
CELL_08,moderate,340,2025-02-14 04:40:36,3.64,2.998,4.25,5.116,7.61,32.19,37.4,29.47,98.61,62.52,38.98,95.545,62.52,69.14,1.0231999999999999,0.5020048115477143,170,177,340
CELL_08,moderate,341,2025-02-14 07:10:43,3.628,3.032,4.179,4.846,6.334,33.72,37.06,25.37,98.9,57.66,43.68,95.544,57.66,73.53,0.9692000000000001,0.7708333333333337,170,177,341
CELL_08,moderate,342,2025-02-14 09:13:17,3.649,3.025,4.248,5.747,8.009,39.17,44.34,14.53,99.7,44.02,41.39,95.518,44.02,85.17,1.1494,0.5406719717064545,171,178,342
CELL_08,moderate,343,2025-02-14 12:24:57,3.577,2.932,4.201,5.271,6.564,32.94,38.83,24.55,99.68,54.89,45.34,95.511,54.89,75.13000000000001,1.0542,0.9814385150812062,171,178,343
CELL_08,moderate,344,2025-02-14 14:44:33,3.668,3.058,4.238,4.955,6.519,37.45,40.88,14.63,96.67,54.62,50.42,95.49,54.62,82.04,0.991,0.7544757033248085,172,179,344
CELL_08,moderate,345,2025-02-14 17:31:21,3.604,2.973,4.218,4.858,6.734,38.65,45.32,23.69,98.48,63.69,47.03,95.484,63.69,74.79,0.9715999999999999,0.6636460554371002,173,179,345
CELL_08,moderate,346,2025-02-14 20:53:30,3.625,3.057,4.222,4.993,6.308,32.81,38.94,16.05,99.27,60.04,47.35,95.469,60.04,83.22,0.9986,0.8859315589353619,173,180,346
CELL_08,moderate,347,2025-02-14 23:42:49,3.6,2.963,4.25,4.912,6.642,30.44,36.62,21.43,99.39,60.31,48.02,95.468,60.31,77.96000000000001,0.9823999999999999,0.7439306358381501,173,180,347
CELL_08,moderate,348,2025-02-15 02:36:07,3.627,3.003,4.186,4.514,6.348,36.67,40.4,13.24,97.5,69.4,55.99,95.467,69.4,84.26,0.9028,0.6450381679389313,174,181,348
CELL_08,moderate,349,2025-02-15 05:42:35,3.598,2.994,4.205,4.586,6.376,34.29,38.84,23.69,99.04,66.57,48.41,95.458,66.57,75.35000000000001,0.9172,0.6765363128491619,174,181,349
CELL_08,moderate,350,2025-02-15 08:30:05,3.608,3.002,4.246,5.017,6.488,36.26,42.98,18.59,98.31,58.49,47.66,95.445,58.49,79.72,1.0034,0.845683208701564,175,181,350
CELL_08,moderate,351,2025-02-15 11:04:05,3.688,3.093,4.26,5.098,6.602,39.38,44.41,18.27,96.61,56.09,46.9,95.444,56.09,78.34,1.0196,0.7759308510638294,176,181,351
CELL_08,moderate,352,2025-02-15 14:02:49,3.675,3.068,4.245,4.753,7.007,35.53,40.78,11.76,96.39,69.16,51.44,95.441,69.16,84.63,0.9506,0.5221827861579416,177,182,352
CELL_08,moderate,353,2025-02-15 17:29:15,3.502,2.901,4.175,5.063,6.577,36.81,42.39,14.14,96.77,59.57,48.62,95.429,59.57,82.63,1.0126,0.8414795244385732,178,183,353
CELL_08,moderate,354,2025-02-15 20:45:07,3.646,3.049,4.249,4.519,5.81,36.52,40.02,19.31,99.15,61.39,48.51,95.419,61.39,79.84,0.9038,0.9295120061967469,179,183,354
CELL_08,moderate,355,2025-02-15 23:52:20,3.639,3.053,4.195,5.61,8.254,32.62,36.05,25.54,98.37,53.07,39.37,95.4,53.07,72.83000000000001,1.122,0.4319213313161879,179,183,355
CELL_08,moderate,356,2025-02-16 03:01:01,3.66,3.012,4.218,5.042,6.574,36.32,40.39,17.83,97.4,54.96,43.95,95.393,54.96,79.57000000000001,1.0084,0.7872062663185379,180,183,356
CELL_08,moderate,357,2025-02-16 06:50:10,3.614,3.032,4.222,4.943,5.946,34.79,40.39,10.81,98.14,57.5,53.24,95.383,57.5,87.33,0.9885999999999999,1.1864406779661019,181,184,357
CELL_08,moderate,358,2025-02-16 09:52:53,3.633,3.091,4.208,5.273,6.964,36.45,43.29,14.64,97.64,58.52,50.21,95.375,58.52,83.0,1.0546,0.6605558840922529,182,185,358
CELL_08,moderate,359,2025-02-16 12:14:25,3.606,2.952,4.257,5.77,8.191,32.68,36.45,15.37,96.5,53.84,41.29,95.36,53.84,81.13,1.154,0.5390334572490703,182,186,359
CELL_08,moderate,360,2025-02-16 15:43:15,3.649,3.023,4.201,4.803,6.943,33.4,36.51,29.33,99.21,61.86,42.95,95.354,61.86,69.88,0.9606,0.550467289719626,182,186,360
CELL_08,moderate,361,2025-02-16 18:47:58,3.521,2.902,4.198,5.674,8.249,38.45,41.83,25.6,99.11,55.24,38.44,95.346,55.24,73.50999999999999,1.1348,0.5033009708737864,183,186,361
CELL_08,moderate,362,2025-02-16 21:57:05,3.646,3.026,4.205,5.592,6.989,35.86,39.15,22.66,97.86,54.62,37.96,95.335,54.62,75.2,1.1183999999999998,0.8439513242662849,183,186,362
CELL_08,moderate,363,2025-02-17 01:37:37,3.619,2.933,4.268,4.692,5.796,32.95,38.69,15.0,96.07,66.22,50.38,95.316,66.22,81.07,0.9384,1.2092391304347825,183,187,363
CELL_08,moderate,364,2025-02-17 05:25:41,3.606,3.046,4.235,4.337,5.258,37.52,42.05,9.18,97.59,72.61,59.82,95.31,72.61,88.41,0.8674,1.2909880564603693,184,188,364
CELL_08,moderate,365,2025-02-17 08:48:23,3.67,3.096,4.259,5.12,6.295,36.11,42.14,13.63,97.01,60.04,44.59,95.28,60.04,83.38000000000001,1.024,0.9897872340425535,185,189,365
CELL_08,moderate,366,2025-02-17 12:10:50,3.572,3.002,4.19,5.572,7.209,35.39,38.69,13.51,96.16,56.48,43.41,95.255,56.48,82.64999999999999,1.1144,0.7257177764202816,185,190,366
CELL_08,moderate,367,2025-02-17 15:16:19,3.633,3.072,4.222,5.172,6.368,37.72,42.35,9.88,98.55,60.65,56.36,95.241,60.65,88.67,1.0344,0.9615384615384613,186,191,367
CELL_08,moderate,368,2025-02-17 18:16:54,3.623,3.053,4.193,4.861,7.102,38.07,42.22,17.16,96.0,65.94,48.38,95.232,65.94,78.84,0.9722,0.508701472556894,187,191,368
CELL_08,moderate,369,2025-02-17 21:34:40,3.636,3.074,4.265,5.112,6.562,36.18,39.23,18.48,97.56,61.94,45.78,95.227,61.94,79.08,1.0224,0.8213793103448274,187,191,369
CELL_08,moderate,370,2025-02-18 00:56:31,3.601,2.96,4.262,4.483,5.818,34.48,40.4,19.27,99.95,71.32,56.66,95.225,71.32,80.68,0.8966,0.9752808988764042,188,192,370
CELL_08,moderate,371,2025-02-18 03:35:51,3.641,3.043,4.231,5.205,6.624,36.7,41.99,13.93,99.87,60.07,49.57,95.218,60.07,85.94,1.041,0.8372093023255814,189,193,371
CELL_08,moderate,372,2025-02-18 07:23:27,3.62,3.071,4.205,4.963,6.385,32.04,35.92,11.89,96.77,59.3,51.05,95.203,59.3,84.88,0.9926,0.7974683544303799,189,194,372
CELL_08,moderate,373,2025-02-18 09:56:35,3.628,2.995,4.27,4.533,6.62,34.78,40.5,16.25,99.97,66.33,54.47,95.173,66.33,83.72,0.9066000000000001,0.6109247724005749,190,195,373
CELL_08,moderate,374,2025-02-18 13:33:51,3.656,3.039,4.211,4.5,6.243,34.86,39.52,17.75,99.83,68.38,59.21,95.157,68.38,82.08,0.9,0.672403901319564,190,196,374
CELL_08,moderate,375,2025-02-18 15:54:44,3.577,2.925,4.26,5.724,7.573,35.04,41.66,25.13,99.78,54.71,39.14,95.151,54.71,74.65,1.1448,0.7220118983234179,191,196,375
CELL_08,moderate,376,2025-02-18 18:26:09,3.648,3.091,4.185,5.528,8.156,34.91,38.52,22.2,96.51,53.63,37.49,95.14,53.63,74.31,1.1056,0.4162861491628611,191,196,376
CELL_08,moderate,377,2025-02-18 20:53:24,3.567,2.919,4.194,6.108,8.669,35.97,41.85,13.64,97.88,49.86,41.2,95.129,49.86,84.24,1.2216,0.4978524014057007,192,197,377
CELL_08,moderate,378,2025-02-18 23:50:09,3.556,2.92,4.176,4.406,6.143,31.79,35.16,14.04,96.89,67.7,57.52,95.119,67.7,82.85,0.8812,0.7230857800805989,192,198,378
CELL_08,moderate,379,2025-02-19 03:18:26,3.625,2.958,4.239,5.392,7.145,34.29,40.54,16.78,98.34,51.96,42.32,95.116,51.96,81.56,1.0784,0.730747290359384,193,199,379
CELL_08,moderate,380,2025-02-19 05:51:44,3.547,2.904,4.265,4.87,6.627,35.3,40.5,21.0,99.45,65.56,47.81,95.103,65.56,78.45,0.974,0.7746158224245874,194,199,380
CELL_08,moderate,381,2025-02-19 09:03:46,3.622,3.014,4.271,5.835,7.693,32.22,38.57,24.53,99.11,51.47,38.91,95.096,51.47,74.58,1.167,0.6765339074273414,194,199,381
CELL_08,moderate,382,2025-02-19 12:16:57,3.664,3.075,4.265,5.33,6.733,35.69,39.33,8.01,99.57,55.95,51.17,95.076,55.95,91.55999999999999,1.066,0.8481824661439771,194,200,382
CELL_08,moderate,383,2025-02-19 14:53:00,3.634,2.984,4.259,4.988,6.239,32.11,37.79,14.85,96.18,62.84,48.53,95.066,62.84,81.33000000000001,0.9976,1.0191846522781782,194,201,383
CELL_08,moderate,384,2025-02-19 17:12:16,3.552,2.963,4.232,5.238,6.725,37.07,43.65,25.66,98.13,58.62,43.21,95.064,58.62,72.47,1.0476,0.8533960995292541,195,201,384
CELL_08,moderate,385,2025-02-19 20:22:01,3.557,2.94,4.245,5.136,6.355,33.78,37.7,17.17,98.59,56.89,47.01,95.035,56.89,81.42,1.0272000000000001,1.0705496308449547,195,202,385
CELL_08,moderate,386,2025-02-20 00:04:36,3.591,2.977,4.198,4.832,7.228,36.83,42.0,15.55,97.31,60.12,52.62,95.006,60.12,81.76,0.9663999999999999,0.5095993322203676,196,203,386
CELL_08,moderate,387,2025-02-20 02:47:02,3.625,2.969,4.263,5.064,7.526,34.75,38.72,14.53,98.59,56.77,49.2,94.972,56.77,84.06,1.0128,0.5255889520714867,196,204,387
CELL_08,moderate,388,2025-02-20 06:28:42,3.661,3.006,4.244,4.994,6.954,34.84,41.54,8.53,96.49,58.74,51.63,94.964,58.74,87.96,0.9987999999999999,0.6316326530612245,197,205,388
CELL_08,moderate,389,2025-02-20 09:44:45,3.629,3.033,4.258,5.452,7.997,34.99,39.29,23.1,99.98,53.35,42.67,94.961,53.35,76.88,1.0904,0.48133595284872305,197,205,389
CELL_08,moderate,390,2025-02-20 12:03:27,3.609,2.932,4.267,5.2,7.019,36.2,42.98,18.58,97.3,60.29,44.17,94.96,60.29,78.72,1.04,0.7339197361187468,198,205,390
CELL_08,moderate,391,2025-02-20 15:03:21,3.575,2.946,4.18,5.405,6.87,34.47,40.18,26.13,99.11,56.07,42.2,94.943,56.07,72.98,1.081,0.8423208191126278,199,205,391
CELL_08,moderate,392,2025-02-20 18:11:43,3.586,2.97,4.192,5.182,7.48,33.75,40.51,16.4,98.56,53.92,48.36,94.941,53.92,82.16,1.0364,0.5317667536988686,200,206,392
CELL_08,moderate,393,2025-02-20 21:08:32,3.648,3.077,4.223,4.822,7.017,37.65,41.67,7.96,99.84,64.7,58.15,94.94,64.7,91.88000000000001,0.9644,0.5220956719817766,201,207,393
CELL_08,moderate,394,2025-02-20 23:47:24,3.653,3.023,4.271,5.114,6.153,34.99,39.02,22.83,96.7,57.45,44.59,94.914,57.45,73.87,1.0228,1.2011549566891242,201,207,394
CELL_08,moderate,395,2025-02-21 03:08:04,3.649,3.091,4.182,4.653,5.902,33.62,39.16,17.78,96.7,64.47,49.42,94.901,64.47,78.92,0.9305999999999999,0.8734987990392311,201,207,395
CELL_08,moderate,396,2025-02-21 05:41:49,3.64,3.051,4.245,5.357,6.828,33.53,37.3,15.26,97.2,53.89,43.98,94.898,53.89,81.94,1.0714000000000001,0.8116927260367096,201,208,396
CELL_08,moderate,397,2025-02-21 08:51:02,3.593,2.91,4.259,4.123,5.186,33.56,36.56,11.7,96.23,73.45,59.73,94.879,73.45,84.53,0.8246,1.2690498588899346,201,209,397
CELL_08,moderate,398,2025-02-21 12:08:10,3.577,3.0,4.189,5.51,6.684,36.59,40.34,22.16,99.39,56.53,41.67,94.868,56.53,77.23,1.1019999999999999,1.0127768313458259,202,209,398
CELL_08,moderate,399,2025-02-21 14:44:08,3.672,3.062,4.239,4.744,6.938,32.79,38.08,15.77,97.81,63.55,53.64,94.861,63.55,82.04,0.9488,0.5364630811303556,202,210,399
CELL_08,moderate,400,2025-02-21 17:08:04,3.656,3.081,4.264,5.558,7.903,32.18,35.73,26.01,99.82,56.72,41.45,94.844,56.72,73.80999999999999,1.1116,0.5044776119402987,202,210,400
CELL_09,aggressive,1,2025-01-01 19:58:52,3.662,3.066,4.221,9.127,12.653,41.83,45.81,0.0,96.05,31.76,30.67,99.919,31.76,96.05,1.8254000000000001,0.32756664775950095,1,1,1
CELL_09,aggressive,2,2025-01-01 22:58:21,3.686,3.004,4.259,8.866,13.123,49.2,54.6,0.0,98.24,30.06,35.43,99.857,30.06,98.24,1.7731999999999999,0.2948085506225042,2,2,2
CELL_09,aggressive,3,2025-01-02 00:58:02,3.601,3.018,4.252,8.733,11.855,44.18,50.5,4.8,98.31,31.45,35.36,99.792,31.45,93.51,1.7466000000000002,0.39525944907110827,3,3,3
CELL_09,aggressive,4,2025-01-02 03:11:32,3.662,3.097,4.214,9.115,12.534,45.57,49.97,0.16,99.16,28.69,33.34,99.719,28.69,99.0,1.823,0.3267037145364142,4,4,4
CELL_09,aggressive,5,2025-01-02 05:35:13,3.653,3.059,4.198,7.41,9.083,45.43,49.77,0.06,96.19,41.32,37.4,99.66,41.32,96.13,1.482,0.6808129109384341,5,5,5
CELL_09,aggressive,6,2025-01-02 08:39:46,3.592,3.017,4.185,9.311,11.223,46.27,51.78,0.0,96.61,30.51,34.39,99.586,30.51,96.61,1.8622,0.6108786610878657,6,6,6
CELL_09,aggressive,7,2025-01-02 10:54:32,3.666,3.073,4.239,9.177,12.931,42.9,47.09,12.76,99.74,29.39,29.48,99.525,29.39,86.97999999999999,1.8354,0.3106020245071923,7,7,7
CELL_09,aggressive,8,2025-01-02 12:48:25,3.562,2.911,4.172,8.899,12.624,45.02,48.18,3.06,99.85,36.33,33.31,99.444,36.33,96.78999999999999,1.7797999999999998,0.33852348993288567,8,8,8
CELL_09,aggressive,9,2025-01-02 15:13:48,3.547,2.924,4.209,9.858,12.337,43.82,49.85,6.39,96.16,26.46,29.17,99.379,26.46,89.77,1.9716,0.518354175070593,9,9,9
CELL_09,aggressive,10,2025-01-02 17:45:43,3.551,2.946,4.227,9.08,13.046,46.78,53.18,5.96,96.56,35.12,28.65,99.302,35.12,90.60000000000001,1.816,0.32299546142208785,10,10,10
CELL_09,aggressive,11,2025-01-02 20:28:37,3.671,3.1,4.239,9.218,11.104,42.42,47.49,7.27,99.27,35.48,28.97,99.227,35.48,92.0,1.8436,0.6039236479321316,11,11,11
CELL_09,aggressive,12,2025-01-02 22:45:06,3.596,2.971,4.26,8.371,11.147,45.08,49.42,0.73,99.73,36.11,38.62,99.164,36.11,99.0,1.6742000000000001,0.4643371757925071,12,12,12
CELL_09,aggressive,13,2025-01-03 00:37:18,3.561,2.916,4.213,9.906,12.708,45.35,49.64,5.69,97.35,29.39,28.02,99.09,29.39,91.66,1.9812,0.46288365453247693,13,13,13
CELL_09,aggressive,14,2025-01-03 02:51:54,3.657,3.079,4.259,8.648,10.63,45.64,49.37,5.93,97.26,33.75,32.0,99.035,33.75,91.33000000000001,1.7296,0.595358224016145,14,14,14
CELL_09,aggressive,15,2025-01-03 04:48:19,3.557,2.907,4.23,8.384,11.286,42.95,46.39,6.68,99.44,31.39,34.33,98.967,31.39,92.75999999999999,1.6768,0.45589248793935244,15,15,15
CELL_09,aggressive,16,2025-01-03 07:39:38,3.637,3.018,4.24,9.343,13.168,45.89,50.75,11.33,99.03,30.47,32.94,98.902,30.47,87.7,1.8686,0.3194771241830067,16,16,16
CELL_09,aggressive,17,2025-01-03 09:37:31,3.643,3.04,4.266,8.437,10.796,45.53,49.6,0.0,96.11,31.23,34.86,98.849,31.23,96.11,1.6873999999999998,0.519711742263671,17,17,17
CELL_09,aggressive,18,2025-01-03 11:35:45,3.658,3.047,4.199,8.742,11.112,42.79,46.41,14.22,98.98,31.37,31.42,98.792,31.37,84.76,1.7484000000000002,0.48607594936708864,18,18,18
CELL_09,aggressive,19,2025-01-03 14:11:39,3.578,2.983,4.198,8.873,12.475,45.92,49.22,10.7,98.07,35.88,32.4,98.739,35.88,87.36999999999999,1.7746,0.33731260410882846,19,19,19
CELL_09,aggressive,20,2025-01-03 16:05:19,3.599,2.963,4.237,8.422,11.274,42.91,49.77,1.51,99.63,33.11,34.38,98.687,33.11,98.11999999999999,1.6844000000000001,0.44670406732117834,20,20,20
CELL_09,aggressive,21,2025-01-03 18:36:08,3.584,2.928,4.187,9.435,13.885,43.96,49.84,3.82,98.15,25.38,29.76,98.622,25.38,94.33000000000001,1.887,0.28292134831460686,21,21,21
CELL_09,aggressive,22,2025-01-03 20:56:16,3.618,2.932,4.259,8.934,12.923,45.88,50.41,3.24,98.87,37.97,34.76,98.548,37.97,95.63000000000001,1.7868,0.3326648282777639,22,22,22
CELL_09,aggressive,23,2025-01-03 22:55:40,3.576,2.934,4.259,9.362,11.992,45.23,51.23,7.09,96.61,29.1,27.79,98.491,29.1,89.52,1.8724,0.5038022813688212,23,23,23
CELL_09,aggressive,24,2025-01-04 00:38:47,3.599,2.907,4.263,9.694,13.095,39.78,46.43,8.57,97.43,32.73,25.48,98.43,32.73,88.86000000000001,1.9388,0.39870626286386357,24,24,24
CELL_09,aggressive,25,2025-01-04 02:40:40,3.554,2.923,4.217,9.247,12.015,43.31,49.53,2.57,97.95,26.71,32.94,98.365,26.71,95.38000000000001,1.8494,0.4674855491329477,25,25,25
CELL_09,aggressive,26,2025-01-04 04:22:03,3.618,3.011,4.235,8.438,11.485,46.11,49.76,8.03,99.66,32.17,34.81,98.309,32.17,91.63,1.6876000000000002,0.40170659665244524,26,26,26
CELL_09,aggressive,27,2025-01-04 06:48:06,3.658,3.031,4.265,7.948,9.61,44.56,51.33,1.55,97.19,38.92,37.53,98.253,38.92,95.64,1.5896000000000001,0.7424789410348979,27,27,27
CELL_09,aggressive,28,2025-01-04 09:11:05,3.568,2.974,4.182,8.428,10.72,43.78,48.7,1.61,96.04,35.09,34.7,98.178,35.09,94.43,1.6856000000000002,0.5270506108202444,28,28,28
CELL_09,aggressive,29,2025-01-04 11:28:56,3.546,2.9,4.266,8.204,11.511,44.2,47.51,1.67,97.31,34.47,33.89,98.122,34.47,95.64,1.6408,0.41306319927426693,29,29,29
CELL_09,aggressive,30,2025-01-04 13:28:08,3.533,2.913,4.226,9.359,11.765,44.05,49.12,4.99,99.06,33.01,30.96,98.062,33.01,94.07000000000001,1.8718,0.5457190357439733,30,30,30
CELL_09,aggressive,31,2025-01-04 15:16:19,3.587,2.904,4.231,8.626,11.653,45.67,52.11,0.0,98.27,35.42,37.66,97.985,35.42,98.27,1.7251999999999998,0.4383878427485958,31,31,31
CELL_09,aggressive,32,2025-01-04 17:19:20,3.626,2.973,4.245,8.956,12.486,47.81,54.42,0.0,97.86,35.35,31.23,97.917,35.35,97.86,1.7912,0.36033994334277614,32,32,32
CELL_09,aggressive,33,2025-01-04 19:24:46,3.582,2.966,4.24,8.538,11.028,46.69,52.95,6.77,98.77,32.14,30.46,97.866,32.14,92.0,1.7076,0.5116465863453815,33,33,33
CELL_09,aggressive,34,2025-01-04 22:06:31,3.566,2.946,4.19,9.144,12.427,45.61,48.84,4.98,99.4,28.36,30.83,97.812,28.36,94.42,1.8288,0.37892171794090784,34,34,34
CELL_09,aggressive,35,2025-01-04 23:51:50,3.565,2.901,4.179,9.608,11.692,43.56,50.24,2.75,97.49,28.3,30.19,97.726,28.3,94.74,1.9216000000000002,0.6132437619961616,35,35,35
CELL_09,aggressive,36,2025-01-05 02:19:15,3.634,2.956,4.206,9.378,13.469,43.86,50.26,5.42,98.79,29.29,30.48,97.65,29.29,93.37,1.8756,0.3055487655829872,36,36,36
CELL_09,aggressive,37,2025-01-05 04:45:45,3.564,2.958,4.194,8.389,11.304,47.2,51.51,2.74,96.75,36.33,32.25,97.609,36.33,94.01,1.6778,0.42401372212692945,37,37,37
CELL_09,aggressive,38,2025-01-05 07:10:26,3.627,2.988,4.211,9.067,11.527,45.39,49.67,6.51,97.5,29.35,32.96,97.548,29.35,90.99,1.8134000000000001,0.49715447154471576,38,38,38
CELL_09,aggressive,39,2025-01-05 09:11:05,3.662,3.09,4.183,8.987,11.448,44.74,49.39,3.4,97.22,31.86,30.63,97.481,31.86,93.82,1.7974,0.44412840308817547,39,39,39
CELL_09,aggressive,40,2025-01-05 11:31:44,3.638,3.074,4.173,9.386,12.726,44.57,50.49,6.93,98.07,30.36,28.43,97.419,30.36,91.13999999999999,1.8771999999999998,0.3290419161676646,40,40,40
CELL_09,aggressive,41,2025-01-05 13:43:20,3.624,3.048,4.194,8.102,11.65,44.36,50.64,12.6,98.08,35.06,33.76,97.38,35.06,85.48,1.6204,0.32299887260428406,41,41,41
CELL_09,aggressive,42,2025-01-05 15:44:05,3.508,2.931,4.189,8.714,11.654,41.58,45.23,0.0,97.96,38.39,33.4,97.324,38.39,97.96,1.7428000000000001,0.42789115646258513,42,42,42
CELL_09,aggressive,43,2025-01-05 18:41:24,3.61,3.037,4.202,8.806,11.962,45.84,48.86,8.83,96.07,32.44,31.06,97.259,32.44,87.24,1.7611999999999999,0.36913814955640045,43,43,43
CELL_09,aggressive,44,2025-01-05 21:48:20,3.677,3.099,4.175,8.524,10.819,43.16,47.09,7.6,97.94,40.25,27.8,97.23,40.25,90.34,1.7047999999999999,0.4688453159041389,44,44,44
CELL_09,aggressive,45,2025-01-06 00:26:00,3.589,2.944,4.246,8.419,11.899,44.26,49.46,0.0,96.0,34.99,36.14,97.155,34.99,96.0,1.6838000000000002,0.37413793103448306,45,45,45
CELL_09,aggressive,46,2025-01-06 02:13:56,3.546,2.958,4.173,9.465,12.792,44.61,51.52,0.0,97.06,27.04,32.94,97.088,27.04,97.06,1.893,0.3651938683498647,46,46,46
CELL_09,aggressive,47,2025-01-06 04:56:28,3.619,3.017,4.232,8.762,12.892,44.61,47.93,5.79,98.16,36.07,32.64,97.023,36.07,92.36999999999999,1.7524000000000002,0.2941888619854723,47,47,47
CELL_09,aggressive,48,2025-01-06 07:48:43,3.579,2.93,4.262,8.714,12.617,44.86,49.34,0.0,97.44,33.2,33.15,96.95,33.2,97.44,1.7428000000000001,0.3412759415833972,48,48,48
CELL_09,aggressive,49,2025-01-06 10:17:31,3.57,2.966,4.206,8.946,10.933,45.74,49.62,2.15,96.28,33.74,32.22,96.887,33.74,94.13,1.7892,0.6240563663814797,49,49,49
CELL_09,aggressive,50,2025-01-06 12:26:06,3.616,2.973,4.243,9.798,13.609,43.07,46.75,8.45,99.8,28.98,28.91,96.836,28.98,91.35,1.9596,0.3332458672264499,50,50,50
CELL_09,aggressive,51,2025-01-06 14:09:55,3.593,2.955,4.247,8.623,10.68,41.88,47.89,5.66,96.05,36.29,31.48,96.773,36.29,90.39,1.7246,0.6280991735537188,51,51,51
CELL_09,aggressive,52,2025-01-06 16:07:21,3.608,3.006,4.221,7.996,11.814,44.02,47.39,7.54,99.19,36.98,31.49,96.712,36.98,91.64999999999999,1.5992000000000002,0.318229439497119,52,52,52
CELL_09,aggressive,53,2025-01-06 18:50:24,3.695,3.073,4.258,9.242,12.935,45.38,50.77,13.26,97.73,28.77,28.44,96.659,28.77,84.47,1.8484000000000003,0.32087733549959385,53,53,53
CELL_09,aggressive,54,2025-01-06 20:29:14,3.576,2.976,4.185,9.211,11.462,45.9,49.62,6.35,98.97,30.65,28.36,96.587,30.65,92.62,1.8422,0.5370946246112839,54,54,54
CELL_09,aggressive,55,2025-01-06 22:01:37,3.593,2.961,4.213,9.023,13.431,45.77,52.41,9.04,99.3,32.88,28.95,96.528,32.88,90.25999999999999,1.8046,0.2840290381125228,55,55,55
CELL_09,aggressive,56,2025-01-07 00:29:12,3.574,2.925,4.21,8.954,12.205,48.11,52.27,2.26,98.64,30.64,29.99,96.439,30.64,96.38,1.7908000000000002,0.3952629960012305,56,56,56
CELL_09,aggressive,57,2025-01-07 03:23:54,3.638,3.087,4.207,8.487,10.913,43.65,49.05,1.11,98.94,34.81,34.17,96.399,34.81,97.83,1.6974,0.4616652926628193,57,57,57
CELL_09,aggressive,58,2025-01-07 05:08:49,3.545,2.933,4.176,8.966,12.486,44.86,51.38,0.0,97.8,31.37,31.79,96.323,31.37,97.8,1.7932,0.35312499999999997,58,58,58
CELL_09,aggressive,59,2025-01-07 07:36:03,3.65,3.082,4.176,9.796,12.931,45.42,50.31,0.0,96.38,34.54,30.26,96.244,34.54,96.38,1.9591999999999998,0.34896331738437014,59,59,59
CELL_09,aggressive,60,2025-01-07 09:21:09,3.657,3.087,4.193,8.797,13.112,45.03,51.22,2.24,99.04,32.44,32.86,96.156,32.44,96.80000000000001,1.7594,0.2563151796060254,60,60,60
CELL_09,aggressive,61,2025-01-07 12:15:22,3.621,2.999,4.264,9.079,13.405,47.68,53.79,8.81,97.79,32.12,31.04,96.094,32.12,88.98,1.8158,0.2924179380490061,61,61,61
CELL_09,aggressive,62,2025-01-07 14:39:07,3.555,2.901,4.215,8.714,11.834,47.11,52.78,0.0,98.47,36.89,31.67,96.038,36.89,98.47,1.7428000000000001,0.42115384615384627,62,62,62
CELL_09,aggressive,63,2025-01-07 16:35:39,3.59,2.94,4.264,8.678,11.415,45.42,51.01,15.5,96.77,35.47,29.21,95.98,35.47,81.27,1.7356000000000003,0.48374132261600333,63,63,63
CELL_09,aggressive,64,2025-01-07 18:18:46,3.572,2.931,4.206,8.88,12.32,46.6,52.06,4.94,98.53,33.53,30.98,95.899,33.53,93.59,1.7760000000000002,0.3706395348837211,64,64,64
CELL_09,aggressive,65,2025-01-07 20:46:59,3.612,3.004,4.183,8.984,13.373,43.13,47.68,0.0,98.81,33.57,35.34,95.816,33.57,98.81,1.7968,0.2686261107313739,65,65,65
CELL_09,aggressive,66,2025-01-07 23:23:28,3.662,3.062,4.254,8.677,11.559,45.5,50.69,6.6,97.12,39.34,28.85,95.774,39.34,90.52000000000001,1.7353999999999998,0.4136016655100624,66,66,66
CELL_09,aggressive,67,2025-01-08 01:27:36,3.688,3.069,4.258,8.462,11.856,45.82,52.57,2.5,96.42,38.69,33.88,95.72,38.69,93.92,1.6924,0.35032410135533293,67,67,67
CELL_09,aggressive,68,2025-01-08 03:02:51,3.628,3.053,4.229,9.176,13.174,44.9,49.86,1.52,97.98,33.06,29.18,95.652,33.06,96.46000000000001,1.8352,0.2941470735367685,68,68,68
CELL_09,aggressive,69,2025-01-08 05:15:53,3.593,3.025,4.215,9.423,12.717,45.35,51.53,4.18,99.0,31.89,30.77,95.592,31.89,94.82,1.8846,0.36126290224650875,69,69,69
CELL_09,aggressive,70,2025-01-08 08:10:09,3.623,3.097,4.189,8.194,11.734,43.67,48.77,12.61,98.64,37.0,30.55,95.531,37.0,86.03,1.6388000000000003,0.3084745762711865,70,70,70
CELL_09,aggressive,71,2025-01-08 11:11:29,3.544,2.902,4.197,9.026,11.118,45.06,48.54,0.88,97.45,33.53,30.53,95.446,33.53,96.57000000000001,1.8052,0.6190248565965581,71,71,71
CELL_09,aggressive,72,2025-01-08 14:02:34,3.574,2.981,4.205,9.158,12.599,47.09,53.69,0.0,97.45,28.23,34.53,95.382,28.23,97.45,1.8316,0.35571054925893636,72,72,72
CELL_09,aggressive,73,2025-01-08 16:10:15,3.577,3.011,4.181,9.906,14.832,44.19,50.74,6.68,96.06,29.17,28.21,95.306,29.17,89.38,1.9812,0.23751522533495734,73,73,73
CELL_09,aggressive,74,2025-01-08 19:21:53,3.584,2.963,4.204,8.27,10.541,43.29,49.33,4.47,97.27,37.12,34.87,95.282,37.12,92.8,1.654,0.5464553060325844,74,74,74
CELL_09,aggressive,75,2025-01-08 21:46:13,3.602,3.05,4.193,9.282,12.098,47.62,51.87,0.0,97.89,25.04,30.55,95.197,25.04,97.89,1.8564,0.4058948863636362,75,75,75
CELL_09,aggressive,76,2025-01-08 23:37:19,3.618,2.981,4.192,9.01,11.056,41.16,45.86,0.0,98.05,29.03,33.38,95.131,29.03,98.05,1.802,0.5918866080156406,76,76,76
CELL_09,aggressive,77,2025-01-09 02:06:00,3.657,3.028,4.232,8.706,12.196,44.84,49.57,4.45,96.95,33.55,32.18,95.075,33.55,92.5,1.7411999999999999,0.3449856733524356,77,77,77
CELL_09,aggressive,78,2025-01-09 03:51:23,3.575,2.967,4.206,8.885,12.078,43.92,48.04,0.0,96.1,37.23,32.31,95.002,37.23,96.1,1.777,0.38803632947071737,78,78,78
CELL_09,aggressive,79,2025-01-09 05:37:52,3.592,3.051,4.193,8.237,10.261,45.08,50.97,3.52,97.58,32.8,36.62,94.958,32.8,94.06,1.6474,0.5642292490118577,79,79,79
CELL_09,aggressive,80,2025-01-09 07:19:40,3.666,3.035,4.246,9.623,12.375,48.29,54.02,0.25,99.25,31.25,28.97,94.856,31.25,99.0,1.9245999999999999,0.44004360465116277,80,80,80
CELL_09,aggressive,81,2025-01-09 09:57:48,3.61,2.973,4.232,8.108,9.732,43.16,48.23,5.93,97.05,34.81,35.41,94.814,34.81,91.12,1.6216000000000002,0.77524630541872,81,81,81
CELL_09,aggressive,82,2025-01-09 12:35:25,3.567,2.971,4.206,9.346,12.11,45.05,51.92,1.35,98.05,32.07,27.1,94.76,32.07,96.7,1.8692,0.4468162083936326,82,82,82
CELL_09,aggressive,83,2025-01-09 14:54:36,3.592,3.006,4.189,8.789,12.664,41.08,46.74,0.0,98.66,31.82,35.52,94.695,31.82,98.66,1.7578,0.30529032258064526,83,83,83
CELL_09,aggressive,84,2025-01-09 17:50:22,3.589,2.962,4.255,9.428,11.87,45.32,48.53,7.53,97.3,37.21,28.93,94.617,37.21,89.77,1.8856000000000002,0.5294840294840297,84,84,84
CELL_09,aggressive,85,2025-01-09 19:38:37,3.658,3.028,4.258,8.908,10.698,45.99,51.73,6.34,98.75,34.24,31.01,94.547,34.24,92.41,1.7815999999999999,0.6871508379888265,85,85,85
CELL_09,aggressive,86,2025-01-09 22:39:27,3.626,3.014,4.253,8.367,12.021,45.61,51.14,5.55,99.52,37.79,32.85,94.492,37.79,93.97,1.6734000000000002,0.33908045977011503,86,86,86
CELL_09,aggressive,87,2025-01-10 01:26:31,3.573,2.934,4.198,9.53,11.694,46.11,52.02,2.87,98.25,30.84,31.29,94.432,30.84,95.38,1.906,0.5841035120147872,87,87,87
CELL_09,aggressive,88,2025-01-10 04:22:24,3.565,2.915,4.245,8.984,12.473,50.18,55.37,2.72,96.05,34.46,35.56,94.37,34.46,93.33,1.7968,0.38119805101748344,88,88,88
CELL_09,aggressive,89,2025-01-10 06:54:56,3.649,3.054,4.218,7.687,10.84,50.49,53.83,0.0,97.63,37.17,42.06,94.29,37.17,97.63,1.5374,0.3691722169362513,89,89,89
CELL_09,aggressive,90,2025-01-10 09:36:14,3.55,2.98,4.186,8.707,10.452,45.32,50.61,0.0,97.72,33.49,32.25,94.223,33.49,97.72,1.7414,0.6911174785100289,90,90,90
CELL_09,aggressive,91,2025-01-10 12:33:19,3.647,3.075,4.255,8.333,10.465,43.36,48.34,0.0,97.86,34.18,38.89,94.171,34.18,97.86,1.6666,0.5534709193245778,91,91,91
CELL_09,aggressive,92,2025-01-10 14:45:47,3.622,3.041,4.175,9.927,13.315,44.99,48.87,2.53,98.76,24.26,30.14,94.115,24.26,96.23,1.9853999999999998,0.3347107438016529,92,92,92
CELL_09,aggressive,93,2025-01-10 16:40:34,3.665,3.051,4.258,7.704,11.165,46.63,52.95,9.1,99.63,39.93,36.87,94.058,39.93,90.53,1.5408,0.3487431378214389,93,93,93
CELL_09,aggressive,94,2025-01-10 19:43:06,3.583,2.997,4.183,9.15,11.393,43.79,49.79,6.91,96.57,37.0,28.27,93.98,37.0,89.66,1.83,0.5287561301827908,94,94,94
CELL_09,aggressive,95,2025-01-10 21:32:22,3.669,3.093,4.25,9.74,14.246,41.9,46.29,8.97,96.5,37.9,26.86,93.917,37.9,87.53,1.948,0.256768752774079,95,95,95
CELL_09,aggressive,96,2025-01-10 23:58:46,3.693,3.088,4.258,8.298,11.582,46.15,51.88,0.59,99.59,38.38,35.17,93.86,38.38,99.0,1.6596,0.356272838002436,96,96,96
CELL_09,aggressive,97,2025-01-11 01:44:55,3.612,2.969,4.238,8.107,11.703,43.61,47.57,0.0,96.97,38.67,36.36,93.795,38.67,96.97,1.6214,0.35289210233592894,97,97,97
CELL_09,aggressive,98,2025-01-11 04:10:42,3.557,2.981,4.201,8.772,11.994,43.97,47.99,9.59,98.42,32.29,29.28,93.749,32.29,88.83,1.7544,0.3786468032278088,98,98,98
CELL_09,aggressive,99,2025-01-11 06:05:41,3.615,2.992,4.229,8.775,12.28,42.32,49.11,0.0,97.05,30.3,33.3,93.679,30.3,97.05,1.7550000000000001,0.3529243937232526,99,99,99
CELL_09,aggressive,100,2025-01-11 08:31:44,3.653,3.059,4.247,8.651,11.706,46.5,50.91,5.97,99.04,35.03,37.56,93.606,35.03,93.07000000000001,1.7302,0.38887070376432076,100,100,100
CELL_09,aggressive,101,2025-01-11 10:02:09,3.631,2.997,4.263,10.064,14.41,43.42,49.7,2.58,99.17,29.35,30.69,93.548,29.35,96.59,2.0128,0.291302346985734,101,101,101
CELL_09,aggressive,102,2025-01-11 12:38:14,3.604,2.957,4.221,9.527,12.831,48.66,52.85,3.71,97.69,35.15,29.13,93.466,35.15,93.98,1.9053999999999998,0.3825665859564165,102,102,102
CELL_09,aggressive,103,2025-01-11 14:38:23,3.623,3.045,4.266,9.114,11.757,45.83,49.18,4.41,97.79,36.97,28.87,93.388,36.97,93.38000000000001,1.8228000000000002,0.46197502837684473,103,103,103
CELL_09,aggressive,104,2025-01-11 16:49:34,3.645,2.991,4.245,8.45,11.805,45.47,48.94,4.01,98.93,33.61,36.58,93.335,33.61,94.92,1.69,0.37377049180327865,104,104,104
CELL_09,aggressive,105,2025-01-11 18:51:35,3.577,2.923,4.173,8.759,11.088,46.16,50.17,0.0,96.22,31.73,29.93,93.271,31.73,96.22,1.7518,0.5367110347788753,105,105,105
CELL_09,aggressive,106,2025-01-11 21:26:37,3.63,3.059,4.197,9.672,13.726,43.5,48.36,6.45,96.42,29.42,25.66,93.218,29.42,89.97,1.9344000000000001,0.2807104094721263,106,106,106
CELL_09,aggressive,107,2025-01-11 23:56:12,3.588,2.929,4.225,10.174,12.82,46.27,51.97,4.79,96.88,35.19,26.47,93.131,35.19,92.08999999999999,2.0347999999999997,0.4897959183673467,107,107,107
CELL_09,aggressive,108,2025-01-12 01:26:12,3.651,3.012,4.266,9.786,13.849,48.0,52.59,7.13,99.52,30.27,26.29,93.044,30.27,92.39,1.9571999999999998,0.3086389367462466,108,108,108
CELL_09,aggressive,109,2025-01-12 04:21:27,3.571,2.907,4.23,9.366,12.604,42.73,47.94,0.0,97.54,29.96,33.48,92.96,29.96,97.54,1.8732,0.4085855466337247,109,109,109
CELL_09,aggressive,110,2025-01-12 06:48:29,3.558,2.909,4.182,9.048,12.578,44.58,49.03,3.4,96.85,33.12,27.6,92.898,33.12,93.44999999999999,1.8096,0.3606232294617566,110,110,110
CELL_09,aggressive,111,2025-01-12 09:42:29,3.613,3.036,4.188,9.975,12.591,43.65,49.09,4.19,98.42,29.59,27.02,92.824,29.59,94.23,1.9949999999999999,0.44036697247706413,111,111,111
CELL_09,aggressive,112,2025-01-12 11:44:53,3.577,2.91,4.243,9.85,12.732,47.64,54.41,10.5,98.13,31.84,27.73,92.753,31.84,87.63,1.97,0.462526023594726,112,112,112
CELL_09,aggressive,113,2025-01-12 13:20:52,3.618,3.042,4.228,9.246,11.104,49.0,54.8,1.94,98.56,30.57,32.94,92.676,30.57,96.62,1.8492000000000002,0.6383207750269111,113,113,113
CELL_09,aggressive,114,2025-01-12 15:09:19,3.583,2.992,4.224,8.61,10.451,39.91,44.52,4.63,97.01,37.79,36.96,92.622,37.79,92.38000000000001,1.722,0.6692015209125473,114,114,114
CELL_09,aggressive,115,2025-01-12 17:32:46,3.678,3.053,4.247,9.168,11.87,50.25,54.01,2.55,97.01,26.25,30.59,92.553,26.25,94.46000000000001,1.8336,0.44189489267209475,115,115,115
CELL_09,aggressive,116,2025-01-12 20:28:02,3.624,3.013,4.229,8.439,12.238,47.57,51.58,9.85,99.74,38.65,30.99,92.506,38.65,89.89,1.6878,0.320084232692814,116,116,116
CELL_09,aggressive,117,2025-01-12 22:28:32,3.61,2.922,4.217,9.378,13.413,45.24,50.5,4.37,96.83,35.45,27.3,92.438,35.45,92.46,1.8756,0.3209417596034695,117,117,117
CELL_09,aggressive,118,2025-01-13 00:25:38,3.606,2.979,4.191,8.997,12.715,44.83,49.88,3.58,98.47,38.43,29.04,92.372,38.43,94.89,1.7993999999999999,0.32598171059709513,118,118,118
CELL_09,aggressive,119,2025-01-13 03:13:39,3.636,3.041,4.194,8.552,12.695,44.51,48.83,2.14,98.36,38.32,35.64,92.306,38.32,96.22,1.7104,0.2783007482500603,119,119,119
CELL_09,aggressive,120,2025-01-13 06:00:56,3.63,3.084,4.224,9.494,12.401,45.34,49.75,0.0,98.3,29.64,34.7,92.218,29.64,98.3,1.8988,0.3921568627450981,120,120,120
CELL_09,aggressive,121,2025-01-13 08:33:38,3.672,3.093,4.248,8.446,11.344,45.65,50.55,6.83,98.8,35.12,33.26,92.163,35.12,91.97,1.6892,0.39855072463768126,121,121,121
CELL_09,aggressive,122,2025-01-13 11:33:46,3.588,2.913,4.212,8.319,12.309,47.49,52.19,4.74,98.81,34.61,35.0,92.094,34.61,94.07000000000001,1.6638000000000002,0.3255639097744362,122,122,122
CELL_09,aggressive,123,2025-01-13 13:14:21,3.557,2.922,4.173,8.357,10.778,45.91,50.07,6.2,98.23,31.07,33.23,92.024,31.07,92.03,1.6713999999999998,0.5167286245353157,123,123,123
CELL_09,aggressive,124,2025-01-13 15:08:17,3.55,2.954,4.177,9.781,12.888,46.33,50.42,2.28,96.73,27.79,30.95,91.935,27.79,94.45,1.9562000000000002,0.39362729320888307,124,124,124
CELL_09,aggressive,125,2025-01-13 16:44:31,3.652,3.008,4.235,9.368,13.508,40.64,47.25,3.35,96.49,29.43,29.36,91.89,29.43,93.14,1.8736000000000002,0.29637681159420304,125,125,125
CELL_09,aggressive,126,2025-01-13 19:41:35,3.6,3.041,4.221,9.795,12.815,44.74,47.83,4.82,99.37,29.13,31.66,91.808,29.13,94.55000000000001,1.959,0.39072847682119216,126,126,126
CELL_09,aggressive,127,2025-01-13 21:44:49,3.515,2.925,4.174,8.56,11.475,43.97,49.99,11.25,97.24,37.0,29.68,91.752,37.0,85.99,1.7120000000000002,0.4284734133790741,127,127,127
CELL_09,aggressive,128,2025-01-14 00:06:45,3.59,2.924,4.233,9.413,11.909,44.24,47.97,1.7,98.12,30.16,32.6,91.69,30.16,96.42,1.8826,0.5244391025641023,128,128,128
CELL_09,aggressive,129,2025-01-14 02:47:19,3.636,3.088,4.213,8.718,11.139,43.7,49.15,2.99,98.95,35.13,36.55,91.635,35.13,95.96000000000001,1.7436,0.4646840148698886,129,129,129
CELL_09,aggressive,130,2025-01-14 05:40:55,3.677,3.088,4.19,9.507,13.385,44.46,50.13,0.0,96.1,33.81,31.66,91.569,33.81,96.1,1.9014,0.28416709644146476,130,130,130
CELL_09,aggressive,131,2025-01-14 08:32:57,3.612,2.985,4.259,8.627,12.704,43.83,50.04,0.0,97.65,32.98,35.31,91.494,32.98,97.65,1.7254,0.31248467010056424,131,131,131
CELL_09,aggressive,132,2025-01-14 10:43:02,3.567,2.96,4.21,9.674,12.435,44.79,49.67,0.0,96.44,27.23,29.0,91.432,27.23,96.44,1.9347999999999999,0.4527345164795362,132,132,132
CELL_09,aggressive,133,2025-01-14 12:34:48,3.528,2.907,4.174,9.186,13.57,45.98,52.43,4.78,96.99,29.77,31.24,91.346,29.77,92.21,1.8372,0.2890054744525548,133,133,133
CELL_09,aggressive,134,2025-01-14 15:11:44,3.628,3.053,4.231,8.651,12.115,46.26,52.02,7.37,96.95,32.48,29.19,91.286,32.48,89.58,1.7302,0.3400692840646651,134,134,134
CELL_09,aggressive,135,2025-01-14 17:38:38,3.584,2.921,4.257,9.54,13.339,43.11,48.36,0.0,96.4,37.21,30.13,91.224,37.21,96.4,1.908,0.35167149249802565,135,135,135
CELL_09,aggressive,136,2025-01-14 19:24:53,3.56,2.9,4.175,8.915,12.873,46.06,51.54,0.0,96.87,32.91,31.52,91.16,32.91,96.87,1.783,0.322132390096008,136,136,136
CELL_09,aggressive,137,2025-01-14 22:09:08,3.581,2.996,4.2,9.784,12.091,45.03,49.31,9.55,96.85,29.36,29.06,91.079,29.36,87.3,1.9568,0.5218899003034247,137,137,137
CELL_09,aggressive,138,2025-01-15 00:57:38,3.654,3.008,4.239,8.988,12.151,47.15,53.75,3.06,99.88,31.76,30.0,91.005,31.76,96.82,1.7975999999999999,0.38918748024027816,138,138,138
CELL_09,aggressive,139,2025-01-15 03:56:36,3.685,3.037,4.214,8.859,12.899,43.99,49.33,0.0,98.0,31.69,33.14,90.934,31.69,98.0,1.7718,0.29133663366336654,139,139,139
CELL_09,aggressive,140,2025-01-15 05:53:53,3.583,2.91,4.227,9.208,12.7,46.19,49.35,2.59,99.26,34.39,26.57,90.845,34.39,96.67,1.8416000000000001,0.3771477663230242,140,140,140
CELL_09,aggressive,141,2025-01-15 08:22:32,3.64,3.074,4.185,9.343,12.752,43.47,46.49,1.69,97.61,32.53,29.56,90.791,32.53,95.92,1.8686,0.3259020240539746,141,141,141
CELL_09,aggressive,142,2025-01-15 10:19:44,3.597,2.906,4.244,8.955,11.412,44.63,48.39,8.98,96.73,31.87,27.25,90.729,31.87,87.75,1.791,0.5445665445665443,142,142,142
CELL_09,aggressive,143,2025-01-15 12:54:39,3.608,2.999,4.192,9.378,13.852,46.61,51.21,2.38,98.02,33.01,29.63,90.636,33.01,95.64,1.8756,0.2666517657577112,143,143,143
CELL_09,aggressive,144,2025-01-15 15:15:40,3.571,3.008,4.177,9.131,12.588,42.66,48.59,0.0,98.24,33.0,35.06,90.589,33.0,98.24,1.8262,0.33815446919294184,144,144,144
CELL_09,aggressive,145,2025-01-15 17:35:01,3.599,3.015,4.243,10.075,13.741,41.72,45.31,8.68,99.28,32.18,24.18,90.54,32.18,90.6,2.0149999999999997,0.33496999454446263,145,145,145
CELL_09,aggressive,146,2025-01-15 20:02:01,3.569,2.993,4.175,8.897,13.336,45.66,50.39,0.2,97.12,27.71,32.02,90.48,27.71,96.92,1.7794,0.2662761883307051,146,146,146
CELL_09,aggressive,147,2025-01-15 22:05:06,3.634,3.028,4.25,9.328,13.673,49.67,52.83,1.73,98.24,33.82,29.28,90.395,33.82,96.50999999999999,1.8656,0.28124280782508626,147,147,147
CELL_09,aggressive,148,2025-01-15 23:46:09,3.621,3.067,4.198,9.014,12.769,41.08,46.86,0.0,97.43,31.01,35.42,90.328,31.01,97.43,1.8028,0.30119840213049265,148,148,148
CELL_09,aggressive,149,2025-01-16 02:27:43,3.628,3.065,4.231,8.867,12.025,40.65,46.42,1.63,96.43,34.47,31.78,90.254,34.47,94.80000000000001,1.7734,0.3692210259658012,149,149,149
CELL_09,aggressive,150,2025-01-16 04:22:19,3.551,2.907,4.217,8.728,10.936,47.11,54.07,15.54,99.41,31.35,25.95,90.187,31.35,83.87,1.7456,0.5932971014492752,150,150,150
CELL_09,aggressive,151,2025-01-16 06:19:22,3.601,2.905,4.226,8.613,10.402,45.86,49.76,11.5,98.87,38.22,31.09,90.118,38.22,87.37,1.7226,0.7384013415315821,151,151,151
CELL_09,aggressive,152,2025-01-16 08:52:56,3.599,2.91,4.191,9.272,12.385,44.66,49.1,13.68,99.99,32.48,31.1,90.055,32.48,86.31,1.8544,0.41150016061676836,152,152,152
CELL_09,aggressive,153,2025-01-16 11:00:10,3.632,2.994,4.187,8.314,11.42,44.46,49.87,5.44,99.46,41.13,34.38,89.984,41.13,94.02,1.6628,0.38409529942047654,153,153,153
CELL_09,aggressive,154,2025-01-16 13:22:51,3.637,3.072,4.258,9.292,12.603,40.85,45.56,10.52,99.0,30.66,28.51,89.913,30.66,88.48,1.8584,0.3581999395952884,154,154,154
CELL_09,aggressive,155,2025-01-16 15:27:00,3.611,3.026,4.183,8.975,12.596,45.55,50.05,6.45,97.34,36.86,28.74,89.844,36.86,90.89,1.795,0.3195249930958298,155,155,155
CELL_09,aggressive,156,2025-01-16 17:25:34,3.614,3.057,4.205,9.845,12.281,47.53,51.96,1.85,98.67,33.83,30.06,89.774,33.83,96.82000000000001,1.969,0.47126436781609204,156,156,156
CELL_09,aggressive,157,2025-01-16 19:44:08,3.606,2.99,4.241,9.039,11.766,45.68,52.16,0.0,97.58,37.91,32.78,89.719,37.91,97.58,1.8077999999999999,0.45874587458745847,157,157,157
CELL_09,aggressive,158,2025-01-16 21:50:05,3.648,3.066,4.234,9.664,12.345,46.01,51.85,6.47,98.76,29.89,31.72,89.661,29.89,92.29,1.9327999999999999,0.43565833644162616,158,158,158
CELL_09,aggressive,159,2025-01-16 23:32:36,3.592,2.916,4.268,9.057,13.23,42.79,48.83,4.55,96.35,33.59,28.86,89.591,33.59,91.8,1.8114000000000001,0.32398753894080995,159,159,159
CELL_09,aggressive,160,2025-01-17 02:07:39,3.689,3.073,4.262,8.811,13.112,45.07,51.84,0.0,98.67,32.12,34.56,89.517,32.12,98.67,1.7622,0.2764473378284119,160,160,160
CELL_09,aggressive,161,2025-01-17 04:00:03,3.621,3.006,4.243,9.776,12.66,42.66,49.4,2.95,96.18,27.0,28.68,89.468,27.0,93.23,1.9552,0.4289181692094315,161,161,161
CELL_09,aggressive,162,2025-01-17 05:51:17,3.551,2.963,4.209,8.451,11.85,41.78,47.03,0.0,96.22,42.17,32.73,89.396,42.17,96.22,1.6902000000000001,0.36657840541335684,162,162,162
CELL_09,aggressive,163,2025-01-17 07:55:11,3.658,3.086,4.249,8.744,12.221,46.3,49.5,0.0,96.79,32.55,29.0,89.31,32.55,96.79,1.7488,0.3344837503595052,163,163,163
CELL_09,aggressive,164,2025-01-17 10:47:17,3.587,2.955,4.224,9.752,11.767,41.74,45.65,9.05,96.06,30.04,26.69,89.253,30.04,87.01,1.9504000000000001,0.6297766749379657,164,164,164
CELL_09,aggressive,165,2025-01-17 12:39:16,3.674,3.092,4.216,9.647,12.809,42.64,47.91,0.0,96.6,30.18,29.74,89.179,30.18,96.6,1.9294,0.3554712207463632,165,165,165
CELL_09,aggressive,166,2025-01-17 14:37:20,3.657,3.011,4.262,8.866,12.295,42.23,47.85,0.0,98.23,28.03,35.02,89.124,28.03,98.23,1.7731999999999999,0.36482939632545913,166,166,166
CELL_09,aggressive,167,2025-01-17 16:22:03,3.559,2.952,4.173,8.967,12.632,45.47,49.65,4.36,98.59,32.68,30.52,89.064,32.68,94.23,1.7934,0.33315143246930434,167,167,167
CELL_09,aggressive,168,2025-01-17 19:20:32,3.56,2.918,4.195,8.389,12.327,42.75,48.58,0.0,98.4,35.52,35.89,89.004,35.52,98.4,1.6778,0.32427628237684103,168,168,168
CELL_09,aggressive,169,2025-01-17 21:03:26,3.604,2.981,4.18,8.869,12.741,45.4,52.25,2.75,96.88,35.22,30.31,88.939,35.22,94.13,1.7738,0.3096590909090909,169,169,169
CELL_09,aggressive,170,2025-01-17 23:39:30,3.625,2.994,4.261,9.413,11.783,46.47,50.38,6.47,99.43,32.44,29.17,88.859,32.44,92.96000000000001,1.8826,0.5345991561181436,170,170,170
CELL_09,aggressive,171,2025-01-18 02:02:28,3.638,3.059,4.199,8.569,12.696,45.17,51.55,0.0,98.56,38.62,30.95,88.792,38.62,98.56,1.7138000000000002,0.27622970680882,171,171,171
CELL_09,aggressive,172,2025-01-18 04:52:48,3.637,3.026,4.249,9.121,11.138,43.45,47.52,0.0,97.18,35.27,34.43,88.733,35.27,97.18,1.8242,0.6063460585027269,172,172,172
CELL_09,aggressive,173,2025-01-18 07:28:35,3.618,2.996,4.241,9.106,12.096,48.57,53.86,5.04,96.77,33.73,30.87,88.65,33.73,91.72999999999999,1.8212,0.41638795986622057,173,173,173
CELL_09,aggressive,174,2025-01-18 10:02:15,3.641,3.09,4.196,9.367,11.716,45.52,50.57,3.51,98.0,26.87,30.12,88.583,26.87,94.49,1.8734000000000002,0.470838654746701,174,174,174
CELL_09,aggressive,175,2025-01-18 11:43:43,3.665,3.092,4.191,8.752,10.796,47.2,50.99,6.73,96.92,31.33,30.12,88.52,31.33,90.19,1.7504000000000002,0.5376712328767126,175,175,175
CELL_09,aggressive,176,2025-01-18 13:55:29,3.607,2.985,4.232,8.902,10.794,45.62,52.14,9.28,98.33,32.17,30.57,88.454,32.17,89.05,1.7803999999999998,0.6590909090909088,176,176,176
CELL_09,aggressive,177,2025-01-18 16:53:10,3.648,3.011,4.253,9.078,11.374,44.92,49.59,12.6,99.92,31.49,28.71,88.397,31.49,87.32000000000001,1.8155999999999999,0.5409407665505224,177,177,177
CELL_09,aggressive,178,2025-01-18 19:21:07,3.554,2.982,4.229,9.574,11.508,44.47,49.53,6.97,98.13,31.36,29.34,88.314,31.36,91.16,1.9148,0.6447776628748709,178,178,178
CELL_09,aggressive,179,2025-01-18 22:06:31,3.591,2.945,4.249,9.394,13.811,45.61,50.06,4.27,97.93,32.09,29.8,88.24,32.09,93.66000000000001,1.8788,0.29522300203758206,179,179,179
CELL_09,aggressive,180,2025-01-19 00:01:24,3.618,3.019,4.264,9.086,10.993,42.82,46.58,0.0,98.51,33.13,30.35,88.19,33.13,98.51,1.8172000000000001,0.6528578919769271,180,180,180
CELL_09,aggressive,181,2025-01-19 01:44:28,3.595,3.026,4.18,9.125,12.6,46.72,51.33,0.0,98.89,40.07,32.31,88.134,40.07,98.89,1.825,0.3320863309352518,181,181,181
CELL_09,aggressive,182,2025-01-19 03:33:47,3.617,2.954,4.223,8.073,10.414,44.68,49.37,10.67,98.45,38.07,36.55,88.077,38.07,87.78,1.6146,0.5420760358821017,182,182,182
CELL_09,aggressive,183,2025-01-19 06:11:14,3.548,2.93,4.179,9.88,14.723,41.03,45.48,0.83,99.83,30.08,29.6,88.008,30.08,99.0,1.9760000000000002,0.25789799710922984,183,183,183
CELL_09,aggressive,184,2025-01-19 07:50:35,3.607,3.023,4.182,9.153,11.932,45.21,48.77,8.07,97.51,28.52,27.61,87.932,28.52,89.44,1.8306,0.41705649514213755,184,184,184
CELL_09,aggressive,185,2025-01-19 10:11:59,3.665,3.062,4.218,8.784,10.598,43.58,49.12,1.5,98.65,35.78,34.04,87.867,35.78,97.15,1.7568000000000001,0.6372657111356119,185,185,185
CELL_09,aggressive,186,2025-01-19 12:41:48,3.612,3.014,4.219,10.031,14.44,45.0,50.79,2.24,98.34,33.0,28.91,87.791,33.0,96.10000000000001,2.0062,0.2733046042186439,186,186,186
CELL_09,aggressive,187,2025-01-19 15:43:00,3.636,3.058,4.236,8.773,11.424,43.1,46.2,0.3,99.3,32.61,32.37,87.727,32.61,99.0,1.7546,0.44436061863447757,187,187,187
CELL_09,aggressive,188,2025-01-19 18:11:37,3.619,3.015,4.244,8.788,12.149,45.01,51.39,13.2,98.34,35.93,29.58,87.673,35.93,85.14,1.7576,0.3656649806605177,188,188,188
CELL_09,aggressive,189,2025-01-19 20:41:45,3.622,2.992,4.267,9.323,13.225,46.79,50.79,4.83,97.64,33.35,30.25,87.598,33.35,92.81,1.8646,0.32675550999487457,189,189,189
CELL_09,aggressive,190,2025-01-19 23:44:28,3.551,2.982,4.197,8.953,11.071,46.14,50.83,5.12,99.2,33.98,30.59,87.524,33.98,94.08,1.7906,0.573654390934844,190,190,190
CELL_09,aggressive,191,2025-01-20 02:37:31,3.577,3.019,4.182,9.203,13.251,46.11,50.14,16.9,99.59,34.31,29.69,87.458,34.31,82.69,1.8405999999999998,0.287302371541502,191,191,191
CELL_09,aggressive,192,2025-01-20 05:17:48,3.678,3.078,4.268,8.966,12.535,43.43,50.37,4.49,97.68,35.69,32.53,87.398,35.69,93.19000000000001,1.7932,0.3334267301765199,192,192,192
CELL_09,aggressive,193,2025-01-20 07:58:00,3.544,2.934,4.192,9.215,11.871,43.09,47.07,3.61,98.22,31.85,36.12,87.333,31.85,94.61,1.843,0.4736445783132529,193,193,193
CELL_09,aggressive,194,2025-01-20 09:34:20,3.612,2.942,4.233,9.663,13.536,46.83,50.55,0.0,96.86,31.72,32.88,87.249,31.72,96.86,1.9326,0.33333333333333326,194,194,194
CELL_09,aggressive,195,2025-01-20 12:05:30,3.625,2.973,4.234,9.018,12.577,44.23,48.13,3.1,97.53,36.02,30.26,87.181,36.02,94.43,1.8036,0.3543130092722676,195,195,195
CELL_09,aggressive,196,2025-01-20 13:53:33,3.592,2.935,4.266,9.5,12.116,45.06,50.28,6.99,96.22,30.22,29.88,87.11,30.22,89.23,1.9,0.5087920489296637,196,196,196
CELL_09,aggressive,197,2025-01-20 16:33:16,3.611,2.975,4.239,9.015,11.531,43.54,46.8,0.0,98.88,34.31,34.26,87.049,34.31,98.88,1.8030000000000002,0.5023847376788553,197,197,197
CELL_09,aggressive,198,2025-01-20 18:31:20,3.636,2.965,4.254,8.244,12.116,49.08,54.75,1.63,96.83,38.51,33.4,86.987,38.51,95.2,1.6488,0.3329028925619834,198,198,198
CELL_09,aggressive,199,2025-01-20 20:18:38,3.559,2.912,4.206,9.592,13.38,42.97,48.08,4.4,99.28,31.93,27.16,86.909,31.93,94.88,1.9184,0.3416050686378037,199,199,199
CELL_09,aggressive,200,2025-01-20 21:48:06,3.625,2.914,4.257,9.585,13.519,47.86,53.06,4.34,96.99,30.13,26.83,86.827,30.13,92.64999999999999,1.9170000000000003,0.34138281647178437,200,200,200
CELL_09,aggressive,201,2025-01-21 00:07:14,3.661,3.012,4.239,9.342,11.363,46.8,51.82,4.47,98.12,34.6,32.75,86.744,34.6,93.65,1.8684,0.6071251855517074,201,201,201
CELL_09,aggressive,202,2025-01-21 01:42:42,3.583,2.966,4.176,9.239,11.437,45.09,50.17,0.75,98.59,33.56,28.31,86.659,33.56,97.84,1.8478,0.550500454959054,202,202,202
CELL_09,aggressive,203,2025-01-21 04:07:09,3.542,2.913,4.18,9.828,12.502,46.02,51.85,12.31,99.47,34.1,26.54,86.594,34.1,87.16,1.9655999999999998,0.47382198952879556,203,203,203
CELL_09,aggressive,204,2025-01-21 06:34:12,3.611,2.996,4.239,9.858,14.665,48.46,54.73,3.39,99.87,23.42,32.01,86.534,23.42,96.48,1.9716,0.25858123569794056,204,204,204
CELL_09,aggressive,205,2025-01-21 09:13:33,3.633,3.052,4.227,9.593,12.667,44.41,48.71,1.07,99.11,32.69,30.28,86.457,32.69,98.04,1.9186,0.38223812621990905,205,205,205
CELL_09,aggressive,206,2025-01-21 11:43:15,3.626,3.007,4.273,8.071,10.315,44.84,50.93,0.8,97.25,39.43,34.33,86.404,39.43,96.45,1.6141999999999999,0.5641711229946522,206,206,206
CELL_09,aggressive,207,2025-01-21 14:44:20,3.529,2.9,4.193,8.811,11.958,47.15,51.34,4.37,97.57,31.89,30.64,86.34,31.89,93.19999999999999,1.7622,0.4108674928503335,207,207,207
CELL_09,aggressive,208,2025-01-21 17:39:02,3.623,3.026,4.239,9.277,13.092,44.06,49.44,0.31,98.67,31.78,31.29,86.257,31.78,98.36,1.8554,0.3179554390563564,208,208,208
CELL_09,aggressive,209,2025-01-21 19:17:31,3.61,2.941,4.23,8.657,12.025,42.28,47.07,13.92,98.45,35.01,31.26,86.207,35.01,84.53,1.7314,0.3827197149643707,209,209,209
CELL_09,aggressive,210,2025-01-21 20:53:32,3.623,3.027,4.211,8.983,11.729,46.93,53.31,1.09,96.08,29.59,32.96,86.121,29.59,94.99,1.7966000000000002,0.43117261471230905,210,210,210
CELL_09,aggressive,211,2025-01-21 22:30:24,3.653,3.032,4.265,9.823,13.888,46.79,51.91,0.0,97.67,30.63,29.97,86.023,30.63,97.67,1.9646000000000001,0.30332103321033205,211,211,211
CELL_09,aggressive,212,2025-01-22 00:19:23,3.547,2.923,4.235,9.489,13.781,48.06,52.77,0.57,99.57,30.09,32.91,85.945,30.09,99.0,1.8978000000000002,0.30568499534016785,212,212,212
CELL_09,aggressive,213,2025-01-22 02:14:19,3.6,2.975,4.205,8.605,10.388,44.2,48.26,0.14,96.87,33.12,36.61,85.876,33.12,96.73,1.721,0.689848569826136,213,213,213
CELL_09,aggressive,214,2025-01-22 04:17:10,3.612,3.013,4.232,9.687,13.132,44.38,51.37,4.98,98.99,35.42,29.47,85.797,35.42,94.00999999999999,1.9373999999999998,0.3538461538461539,214,214,214
CELL_09,aggressive,215,2025-01-22 06:27:22,3.586,2.91,4.221,8.764,12.371,45.53,51.19,1.42,99.5,34.88,33.35,85.727,34.88,98.08,1.7528,0.3634599390074853,215,215,215
CELL_09,aggressive,216,2025-01-22 08:41:05,3.668,3.099,4.27,9.621,13.01,43.83,48.35,0.0,97.75,33.72,31.87,85.656,33.72,97.75,1.9242000000000001,0.3455296547654174,216,216,216
CELL_09,aggressive,217,2025-01-22 11:17:22,3.595,3.022,4.192,9.883,14.42,44.97,51.42,0.0,96.14,33.25,30.14,85.579,33.25,96.14,1.9766,0.2578796561604585,217,217,217
CELL_09,aggressive,218,2025-01-22 12:55:32,3.585,3.003,4.197,9.517,12.023,43.05,47.86,4.4,98.33,28.39,27.76,85.515,28.39,93.92999999999999,1.9034,0.47645650438946524,218,218,218
CELL_09,aggressive,219,2025-01-22 15:14:16,3.618,2.979,4.244,10.27,13.613,44.86,49.47,0.0,97.07,26.74,29.08,85.442,26.74,97.07,2.054,0.3784026323661381,219,219,219
CELL_09,aggressive,220,2025-01-22 17:28:59,3.642,3.058,4.224,9.266,12.017,38.73,44.7,0.0,96.27,30.05,35.84,85.398,30.05,96.27,1.8532,0.4238458742275538,220,220,220
CELL_09,aggressive,221,2025-01-22 19:29:20,3.659,3.0,4.259,9.007,11.365,44.57,50.67,8.79,99.39,33.23,30.58,85.338,33.23,90.6,1.8014,0.5339270568278202,221,221,221
CELL_09,aggressive,222,2025-01-22 22:28:56,3.676,3.069,4.206,9.937,13.527,49.8,52.84,0.0,98.07,29.16,30.96,85.231,29.16,98.07,1.9873999999999998,0.3167130919220057,222,222,222
CELL_09,aggressive,223,2025-01-23 00:58:17,3.6,2.974,4.178,8.69,12.864,45.21,48.89,8.04,97.76,38.65,28.23,85.165,38.65,89.72,1.738,0.2884523239099184,223,223,223
CELL_09,aggressive,224,2025-01-23 03:45:04,3.549,2.957,4.178,8.782,12.35,45.34,48.59,1.65,97.19,38.67,34.86,85.096,38.67,95.53999999999999,1.7564,0.34220852017937226,224,224,224
CELL_09,aggressive,225,2025-01-23 05:31:04,3.63,2.97,4.274,9.368,13.613,47.52,54.22,7.28,98.44,27.31,28.45,85.027,27.31,91.16,1.8736000000000002,0.3071849234393404,225,225,225
CELL_09,aggressive,226,2025-01-23 08:17:11,3.582,2.931,4.207,7.523,10.26,45.95,51.52,5.33,97.09,37.68,37.36,84.972,37.68,91.76,1.5046,0.46620387285348913,226,226,226
CELL_09,aggressive,227,2025-01-23 11:14:03,3.584,2.944,4.203,9.578,13.351,45.02,50.0,0.97,99.97,37.32,29.95,84.898,37.32,99.0,1.9156,0.33368672144182343,227,227,227
CELL_09,aggressive,228,2025-01-23 14:07:05,3.611,2.988,4.24,8.82,11.916,44.87,51.41,0.0,96.71,33.5,26.99,84.83,33.5,96.71,1.764,0.40439276485788117,228,228,228
CELL_09,aggressive,229,2025-01-23 16:41:11,3.624,2.997,4.259,8.822,10.951,41.2,46.41,5.59,97.85,31.99,31.97,84.781,31.99,92.25999999999999,1.7643999999999997,0.5927665570690464,229,229,229
CELL_09,aggressive,230,2025-01-23 18:31:47,3.61,3.009,4.181,9.164,11.667,46.76,52.51,0.0,97.59,25.26,31.43,84.693,25.26,97.59,1.8328,0.4682381142628846,230,230,230
CELL_09,aggressive,231,2025-01-23 21:20:44,3.673,3.075,4.268,8.588,12.241,43.36,49.67,8.83,99.94,41.91,32.07,84.623,41.91,91.11,1.7175999999999998,0.3265808924171912,231,231,231
CELL_09,aggressive,232,2025-01-24 00:23:37,3.648,3.025,4.247,9.697,14.25,46.92,52.17,0.0,96.46,37.02,30.16,84.54,37.02,96.46,1.9393999999999998,0.2683944651877882,232,232,232
CELL_09,aggressive,233,2025-01-24 03:20:51,3.543,2.938,4.228,9.979,12.251,45.47,49.13,1.44,99.8,33.07,28.88,84.485,33.07,98.36,1.9957999999999998,0.5677816901408448,233,233,233
CELL_09,aggressive,234,2025-01-24 05:45:06,3.645,3.014,4.244,8.806,13.087,44.51,49.6,3.89,97.85,39.71,32.16,84.427,39.71,93.96,1.7611999999999999,0.28731604765241764,234,234,234
CELL_09,aggressive,235,2025-01-24 08:12:43,3.624,2.992,4.228,8.376,11.283,44.13,47.4,6.19,97.76,31.79,33.09,84.384,31.79,91.57000000000001,1.6751999999999998,0.42518059855521145,235,235,235
CELL_09,aggressive,236,2025-01-24 10:18:05,3.581,2.978,4.203,9.52,13.142,43.23,46.83,9.88,98.5,33.92,26.8,84.319,33.92,88.62,1.904,0.3382109331860851,236,236,236
CELL_09,aggressive,237,2025-01-24 11:52:48,3.644,3.04,4.191,9.593,14.137,42.16,46.45,4.47,96.97,32.97,27.5,84.263,32.97,92.5,1.9186,0.2533010563380281,237,237,237
CELL_09,aggressive,238,2025-01-24 15:01:21,3.582,2.967,4.224,8.678,12.417,45.22,50.08,3.93,97.36,35.99,33.57,84.195,35.99,93.42999999999999,1.7356000000000003,0.33618614602834995,238,238,238
CELL_09,aggressive,239,2025-01-24 16:55:19,3.575,2.923,4.238,8.95,12.698,40.87,46.68,5.7,96.23,29.66,32.04,84.151,29.66,90.53,1.7899999999999998,0.3508537886872999,239,239,239
CELL_09,aggressive,240,2025-01-24 20:02:21,3.639,3.067,4.273,8.374,11.703,44.78,48.65,5.41,99.82,36.43,34.31,84.086,36.43,94.41,1.6748,0.3622709522379093,240,240,240
CELL_09,aggressive,241,2025-01-24 22:17:18,3.684,3.054,4.211,8.424,12.189,47.39,53.96,0.75,99.04,35.53,39.58,84.011,35.53,98.29,1.6847999999999999,0.30730411686586995,241,241,241
CELL_09,aggressive,242,2025-01-25 00:28:57,3.627,3.041,4.193,9.362,13.898,44.35,49.53,4.12,96.5,30.52,30.76,83.936,30.52,92.38,1.8724,0.2539682539682539,242,242,242
CELL_09,aggressive,243,2025-01-25 02:12:40,3.661,3.053,4.216,8.153,9.797,43.23,46.51,0.0,96.55,33.82,38.7,83.858,33.82,96.55,1.6306,0.7074209245742094,243,243,243
CELL_09,aggressive,244,2025-01-25 04:05:42,3.549,2.934,4.206,9.021,12.673,44.14,47.18,0.41,97.09,30.75,30.67,83.785,30.75,96.68,1.8042000000000002,0.3483023001095292,244,244,244
CELL_09,aggressive,245,2025-01-25 06:10:32,3.564,2.916,4.266,9.38,12.991,45.37,49.77,0.0,98.05,31.45,28.9,83.702,31.45,98.05,1.8760000000000001,0.37385765715868197,245,245,245
CELL_09,aggressive,246,2025-01-25 08:56:51,3.618,3.034,4.214,9.224,11.757,44.19,49.44,2.94,98.7,29.42,30.82,83.637,29.42,95.76,1.8448,0.46585076983813695,246,246,246
CELL_09,aggressive,247,2025-01-25 11:29:40,3.584,2.957,4.18,7.997,11.993,45.44,48.85,0.0,97.37,41.13,34.61,83.583,41.13,97.37,1.5994,0.306056056056056,247,247,247
CELL_09,aggressive,248,2025-01-25 14:06:33,3.646,3.053,4.228,9.06,12.92,45.59,50.1,0.89,99.89,31.79,31.41,83.516,31.79,99.0,1.812,0.3044041450777202,248,248,248
CELL_09,aggressive,249,2025-01-25 16:46:46,3.658,3.094,4.202,9.971,12.778,42.41,48.49,0.76,99.76,31.89,31.49,83.435,31.89,99.0,1.9942,0.394727467046669,249,249,249
CELL_09,aggressive,250,2025-01-25 19:19:59,3.67,3.067,4.196,8.739,12.743,44.83,49.14,4.13,99.36,30.67,30.2,83.358,30.67,95.23,1.7478000000000002,0.2819680319680319,250,250,250
CELL_09,aggressive,251,2025-01-25 22:14:04,3.631,3.032,4.265,9.399,11.776,47.89,53.54,0.0,98.41,34.17,32.48,83.283,34.17,98.41,1.8798,0.5187210769877995,251,251,251
CELL_09,aggressive,252,2025-01-26 01:16:12,3.679,3.08,4.261,8.724,12.1,45.65,50.57,0.0,98.95,31.19,33.43,83.233,31.19,98.95,1.7448000000000001,0.3498222748815167,252,252,252
CELL_09,aggressive,253,2025-01-26 03:56:31,3.616,2.944,4.263,9.263,12.67,43.46,49.05,0.0,98.16,27.84,31.53,83.149,27.84,98.16,1.8526,0.38714411505723506,253,253,253
CELL_09,aggressive,254,2025-01-26 06:22:52,3.604,3.075,4.192,9.27,13.779,46.77,52.0,0.0,98.88,31.77,34.19,83.06,31.77,98.88,1.8539999999999999,0.2477267686848525,254,254,254
CELL_09,aggressive,255,2025-01-26 08:25:29,3.566,2.919,4.229,9.238,12.97,44.83,50.89,2.13,97.88,31.4,33.7,82.986,31.4,95.75,1.8476,0.3510182207931403,255,255,255
CELL_09,aggressive,256,2025-01-26 10:19:44,3.638,3.07,4.186,9.233,13.075,46.01,51.04,6.74,98.38,35.66,25.8,82.909,35.66,91.64,1.8466,0.29047371160853735,256,256,256
CELL_09,aggressive,257,2025-01-26 12:19:10,3.602,2.972,4.175,8.096,9.824,45.46,50.19,2.81,98.1,36.67,35.97,82.847,36.67,95.28999999999999,1.6192,0.6961805555555556,257,257,257
CELL_09,aggressive,258,2025-01-26 15:08:37,3.642,3.09,4.175,9.145,13.124,42.62,48.75,11.36,99.46,37.21,29.75,82.781,37.21,88.1,1.829,0.2726815782860014,258,258,258
CELL_09,aggressive,259,2025-01-26 17:53:39,3.625,3.056,4.241,8.484,12.355,45.55,51.81,4.07,96.16,39.49,32.15,82.723,39.49,92.09,1.6968,0.3061224489795917,259,259,259
CELL_09,aggressive,260,2025-01-26 20:12:51,3.633,3.099,4.202,8.987,11.268,45.95,49.91,0.0,98.04,35.89,33.23,82.646,35.89,98.04,1.7974,0.48355984217448467,260,260,260
CELL_09,aggressive,261,2025-01-26 21:58:57,3.569,2.963,4.182,8.709,12.099,46.43,51.61,4.88,96.79,32.11,34.2,82.582,32.11,91.91000000000001,1.7418,0.3595870206489676,261,261,261
CELL_09,aggressive,262,2025-01-27 00:12:42,3.59,2.954,4.249,9.192,12.476,43.8,47.02,0.0,97.81,32.58,31.93,82.513,32.58,97.81,1.8384,0.39433617539585847,262,262,262
CELL_09,aggressive,263,2025-01-27 02:51:24,3.593,2.943,4.191,8.4,11.345,44.57,49.51,1.33,98.08,35.62,34.45,82.441,35.62,96.75,1.6800000000000002,0.42376910016977914,263,263,263
CELL_09,aggressive,264,2025-01-27 05:31:12,3.627,2.931,4.265,9.366,13.697,42.78,47.99,7.09,99.65,31.16,32.46,82.367,31.16,92.56,1.8732,0.3080120064650196,264,264,264
CELL_09,aggressive,265,2025-01-27 07:58:55,3.6,2.994,4.211,9.151,11.594,47.28,52.92,0.0,96.32,27.37,31.68,82.289,27.37,96.32,1.8302,0.49815800245599684,265,265,265
CELL_09,aggressive,266,2025-01-27 09:42:01,3.654,3.065,4.249,9.422,12.656,47.15,51.85,0.0,96.36,31.82,31.35,82.217,31.82,96.36,1.8844,0.3661100803957946,266,266,266
CELL_09,aggressive,267,2025-01-27 11:32:33,3.677,3.085,4.267,9.097,12.498,46.31,52.99,1.95,98.43,32.42,34.01,82.141,32.42,96.48,1.8194,0.347544839753014,267,267,267
CELL_09,aggressive,268,2025-01-27 13:11:04,3.688,3.074,4.232,9.279,13.657,47.27,50.7,4.08,98.59,36.05,30.38,82.081,36.05,94.51,1.8558,0.2645043398812244,268,268,268
CELL_09,aggressive,269,2025-01-27 15:43:39,3.522,2.904,4.215,8.798,12.53,44.74,49.86,0.0,96.94,34.96,30.23,82.014,34.96,96.94,1.7596,0.35128617363344056,269,269,269
CELL_09,aggressive,270,2025-01-27 17:23:59,3.593,2.937,4.257,8.657,10.493,43.38,48.94,8.17,96.88,31.63,28.71,81.964,31.63,88.71,1.7314,0.7189542483660128,270,270,270
CELL_09,aggressive,271,2025-01-27 19:33:29,3.573,3.004,4.217,9.135,12.747,43.51,47.8,0.0,98.66,30.89,34.88,81.886,30.89,98.66,1.827,0.3358250276854927,271,271,271
CELL_09,aggressive,272,2025-01-27 21:51:10,3.662,3.022,4.263,9.091,13.081,47.14,53.25,2.26,97.63,31.03,32.99,81.81,31.03,95.36999999999999,1.8181999999999998,0.31102756892230576,272,272,272
CELL_09,aggressive,273,2025-01-28 00:10:25,3.598,2.906,4.266,9.311,11.258,44.84,50.71,6.02,97.69,29.83,30.25,81.746,29.83,91.67,1.8622,0.6985105290190038,273,273,273
CELL_09,aggressive,274,2025-01-28 02:57:17,3.567,2.938,4.244,9.234,12.536,47.82,51.72,2.97,96.87,31.25,30.61,81.679,31.25,93.9,1.8468,0.3955178679588128,274,274,274
CELL_09,aggressive,275,2025-01-28 05:51:51,3.602,2.957,4.254,8.549,10.806,45.99,52.04,13.82,99.68,37.06,28.09,81.62,37.06,85.86000000000001,1.7098,0.5746566238369517,275,275,275
CELL_09,aggressive,276,2025-01-28 09:00:18,3.621,3.025,4.254,8.031,10.283,45.31,49.41,11.32,99.47,40.98,31.1,81.557,40.98,88.15,1.6062,0.5457371225577266,276,276,276
CELL_09,aggressive,277,2025-01-28 12:08:32,3.617,3.091,4.181,8.21,11.139,45.61,51.38,0.0,96.47,38.3,37.08,81.491,38.3,96.47,1.6420000000000001,0.3721406623420964,277,277,277
CELL_09,aggressive,278,2025-01-28 13:54:32,3.623,2.932,4.248,8.467,11.102,47.82,51.36,5.07,96.03,33.28,30.84,81.431,33.28,90.96000000000001,1.6934,0.4994307400379508,278,278,278
CELL_09,aggressive,279,2025-01-28 15:59:40,3.609,3.078,4.189,8.6,10.456,44.46,48.35,4.35,98.32,30.31,30.35,81.37,30.31,93.97,1.72,0.5985991379310346,279,279,279
CELL_09,aggressive,280,2025-01-28 18:55:01,3.612,2.997,4.218,9.085,13.569,48.11,53.89,5.95,97.25,27.32,29.69,81.317,27.32,91.3,1.8170000000000002,0.27230151650312223,280,280,280
CELL_09,aggressive,281,2025-01-28 21:02:15,3.594,3.013,4.223,9.808,12.766,44.91,48.71,9.22,98.81,23.94,28.73,81.236,23.94,89.59,1.9616,0.4090601757944557,281,281,281
CELL_09,aggressive,282,2025-01-28 22:55:53,3.591,2.979,4.196,8.873,11.137,44.08,50.69,4.3,97.52,38.27,33.63,81.173,38.27,93.22,1.7746,0.537544169611307,282,282,282
CELL_09,aggressive,283,2025-01-29 00:57:00,3.654,3.078,4.265,10.146,14.896,44.89,48.44,0.28,99.28,28.05,32.31,81.085,28.05,99.0,2.0292000000000003,0.24989473684210523,283,283,283
CELL_09,aggressive,284,2025-01-29 03:32:24,3.618,2.93,4.267,9.065,11.866,43.99,48.85,4.31,99.81,34.91,31.57,81.016,34.91,95.5,1.813,0.4773295251695823,284,284,284
CELL_09,aggressive,285,2025-01-29 06:05:30,3.618,3.043,4.21,9.014,12.742,44.6,51.47,0.9,96.72,34.71,33.17,80.964,34.71,95.82,1.8028,0.3130364806866951,285,285,285
CELL_09,aggressive,286,2025-01-29 08:29:59,3.577,2.973,4.197,8.831,12.408,47.98,54.43,17.42,98.18,29.44,29.7,80.895,29.44,80.76,1.7662,0.34218618954431096,286,286,286
CELL_09,aggressive,287,2025-01-29 11:09:02,3.623,3.049,4.203,9.901,13.512,42.11,47.62,0.44,96.44,25.65,27.85,80.81,25.65,96.0,1.9802,0.3195790639711992,287,287,287
CELL_09,aggressive,288,2025-01-29 14:04:03,3.629,3.025,4.258,8.867,11.368,45.47,51.24,11.21,97.71,33.4,29.31,80.747,33.4,86.5,1.7734,0.49300279888044796,288,288,288
CELL_09,aggressive,289,2025-01-29 16:05:41,3.628,3.027,4.198,8.39,11.411,44.3,47.52,0.79,99.79,34.42,34.89,80.686,34.42,99.0,1.6780000000000002,0.38761999337967584,289,289,289
CELL_09,aggressive,290,2025-01-29 18:53:47,3.668,3.079,4.229,9.865,11.854,44.49,51.24,12.09,98.26,27.79,26.05,80.609,27.79,86.17,1.973,0.5781799899446961,290,290,290
CELL_09,aggressive,291,2025-01-29 20:51:38,3.578,2.916,4.271,8.928,11.307,48.95,52.8,0.0,96.56,38.81,33.01,80.524,38.81,96.56,1.7856,0.5695670449768812,291,291,291
CELL_09,aggressive,292,2025-01-29 23:44:19,3.589,3.021,4.189,9.381,12.336,47.87,53.41,7.8,97.28,33.26,31.13,80.45,33.26,89.48,1.8762,0.3952622673434857,292,292,292
CELL_09,aggressive,293,2025-01-30 02:21:05,3.623,3.029,4.203,9.236,11.947,43.41,49.34,0.46,98.54,26.05,32.43,80.362,26.05,98.08000000000001,1.8472000000000002,0.43305053485798634,293,293,293
CELL_09,aggressive,294,2025-01-30 04:24:16,3.634,3.034,4.248,9.116,12.819,42.39,47.81,17.01,98.94,38.94,27.88,80.298,38.94,81.92999999999999,1.8232,0.3278422900351067,294,294,294
CELL_09,aggressive,295,2025-01-30 06:50:43,3.624,3.058,4.209,7.962,11.595,42.8,48.67,7.99,96.05,38.23,30.77,80.256,38.23,88.06,1.5924,0.3168180567024496,295,295,295
CELL_09,aggressive,296,2025-01-30 08:57:01,3.647,3.025,4.253,9.001,10.911,47.18,50.36,15.7,98.74,39.74,26.2,80.214,39.74,83.03999999999999,1.8001999999999998,0.642931937172775,296,296,296
CELL_09,aggressive,297,2025-01-30 11:07:04,3.655,3.083,4.188,9.133,11.181,44.83,51.29,3.69,98.44,33.02,33.44,80.159,33.02,94.75,1.8265999999999998,0.5395507812499998,297,297,297
CELL_09,aggressive,298,2025-01-30 13:40:37,3.567,2.919,4.228,8.301,10.9,44.79,51.75,5.14,96.05,37.1,33.7,80.089,37.1,90.91,1.6602000000000001,0.5036552520200075,298,298,298
CELL_09,aggressive,299,2025-01-30 15:13:53,3.569,2.965,4.198,9.276,11.267,43.29,48.68,10.62,99.5,33.18,26.36,80.054,33.18,88.88,1.8552,0.6192867905575091,299,299,299
CELL_09,aggressive,300,2025-01-30 16:52:26,3.641,3.054,4.245,9.454,12.373,43.47,49.77,7.05,98.46,29.37,28.16,79.984,29.37,91.41,1.8908,0.4080164439876673,300,300,300
CELL_09,aggressive,301,2025-01-30 19:19:36,3.59,2.981,4.252,8.545,12.085,46.92,50.62,4.68,97.36,39.22,29.82,79.901,39.22,92.68,1.709,0.35903954802259874,301,301,301
CELL_09,aggressive,302,2025-01-30 21:13:40,3.553,2.908,4.227,9.157,12.627,43.84,50.31,4.17,99.96,27.11,29.08,79.835,27.11,95.78999999999999,1.8314,0.3801152737752162,302,302,302
CELL_09,aggressive,303,2025-01-30 23:42:35,3.626,3.05,4.216,9.574,14.024,41.84,45.52,7.69,99.06,32.78,27.13,79.784,32.78,91.37,1.9148,0.26202247191011246,303,303,303
CELL_09,aggressive,304,2025-01-31 02:07:44,3.572,2.992,4.219,9.435,13.0,48.43,54.45,0.0,96.85,35.08,29.88,79.711,35.08,96.85,1.887,0.3441795231416551,304,304,304
CELL_09,aggressive,305,2025-01-31 04:34:27,3.62,3.021,4.227,9.196,11.259,47.31,50.49,1.86,98.03,32.68,34.85,79.629,32.68,96.17,1.8392,0.5845855550169656,305,305,305
CELL_09,aggressive,306,2025-01-31 07:40:06,3.62,2.992,4.216,9.282,12.668,43.16,47.59,8.11,97.83,34.75,31.5,79.566,34.75,89.72,1.8564,0.3614884819846428,306,306,306
CELL_09,aggressive,307,2025-01-31 10:14:52,3.709,3.098,4.256,10.505,15.705,41.16,47.27,0.0,96.57,24.12,33.45,79.482,24.12,96.57,2.101,0.2226923076923078,307,307,307
CELL_09,aggressive,308,2025-01-31 12:39:53,3.554,2.974,4.185,8.484,10.498,43.98,50.06,4.6,98.15,32.68,34.1,79.427,32.68,93.55000000000001,1.6968,0.6012909632571996,308,308,308
CELL_09,aggressive,309,2025-01-31 15:17:12,3.652,3.051,4.187,9.081,11.183,44.55,50.4,6.24,99.58,29.89,28.19,79.375,29.89,93.34,1.8161999999999998,0.5404376784015223,309,309,309
CELL_09,aggressive,310,2025-01-31 17:29:59,3.653,3.015,4.258,9.044,11.141,42.7,46.39,2.5,97.96,31.73,30.65,79.307,31.73,95.46,1.8088000000000002,0.592751549833095,310,310,310
CELL_09,aggressive,311,2025-01-31 20:21:41,3.582,2.959,4.26,9.14,11.518,46.01,52.91,0.82,97.08,30.55,37.07,79.242,30.55,96.26,1.828,0.5470984020185028,311,311,311
CELL_09,aggressive,312,2025-01-31 22:51:01,3.61,2.943,4.234,9.335,13.24,46.54,49.61,0.0,97.21,35.27,33.52,79.166,35.27,97.21,1.8670000000000002,0.3306017925736236,312,312,312
CELL_09,aggressive,313,2025-02-01 00:35:46,3.551,2.936,4.225,8.842,11.073,44.64,50.82,0.48,99.48,35.41,33.79,79.089,35.41,99.0,1.7684000000000002,0.5777678171223666,313,313,313
CELL_09,aggressive,314,2025-02-01 02:57:24,3.614,3.077,4.187,7.962,11.856,42.0,48.15,0.53,99.53,38.14,41.39,79.044,38.14,99.0,1.5924,0.2850539291217258,314,314,314
CELL_09,aggressive,315,2025-02-01 05:30:46,3.648,3.062,4.242,9.213,13.677,43.59,50.51,5.24,98.9,26.58,28.38,78.973,26.58,93.66000000000001,1.8425999999999998,0.26433691756272404,315,315,315
CELL_09,aggressive,316,2025-02-01 07:18:19,3.633,3.04,4.209,9.862,12.116,44.87,49.04,0.25,99.25,34.05,28.87,78.903,34.05,99.0,1.9724,0.5186335403726707,316,316,316
CELL_09,aggressive,317,2025-02-01 09:21:42,3.571,2.924,4.236,8.913,13.312,47.01,50.55,8.02,98.61,32.08,30.91,78.846,32.08,90.59,1.7826,0.29824960218231417,317,317,317
CELL_09,aggressive,318,2025-02-01 11:46:04,3.615,2.965,4.258,8.318,11.491,42.77,46.59,2.01,99.88,32.16,32.99,78.783,32.16,97.86999999999999,1.6636,0.40750078789788846,318,318,318
CELL_09,aggressive,319,2025-02-01 14:38:59,3.652,3.024,4.262,8.427,11.786,42.29,46.55,0.0,96.24,35.35,33.63,78.689,35.35,96.24,1.6854,0.36856207204525143,319,319,319
CELL_09,aggressive,320,2025-02-01 17:51:11,3.579,2.98,4.184,8.799,10.795,44.41,50.28,0.58,96.54,38.9,35.27,78.606,38.9,95.96000000000001,1.7597999999999998,0.6032064128256512,320,320,320
CELL_09,aggressive,321,2025-02-01 20:58:34,3.631,3.03,4.239,8.866,11.799,42.95,48.32,4.45,97.76,38.43,31.2,78.541,38.43,93.31,1.7731999999999999,0.41220593249232873,321,321,321
CELL_09,aggressive,322,2025-02-01 22:54:11,3.63,3.028,4.229,9.171,12.2,41.08,44.26,11.58,96.42,30.61,26.91,78.501,30.61,84.84,1.8341999999999998,0.3965004952129416,322,322,322
CELL_09,aggressive,323,2025-02-02 01:04:31,3.667,3.082,4.218,9.461,11.899,42.73,48.2,12.36,99.16,32.52,25.58,78.442,32.52,86.8,1.8922,0.465955701394586,323,323,323
CELL_09,aggressive,324,2025-02-02 03:18:57,3.619,3.027,4.188,9.876,14.341,46.08,50.68,0.6,98.52,27.72,33.31,78.365,27.72,97.92,1.9751999999999998,0.26002239641657326,324,324,324
CELL_09,aggressive,325,2025-02-02 05:00:17,3.524,2.902,4.18,9.243,11.281,43.07,48.67,1.63,99.3,32.67,32.21,78.305,32.67,97.67,1.8486,0.6270853778213933,325,325,325
CELL_09,aggressive,326,2025-02-02 06:59:05,3.539,2.953,4.205,8.485,12.125,46.66,52.12,6.4,97.38,35.62,36.57,78.251,35.62,90.97999999999999,1.6969999999999998,0.34395604395604396,326,326,326
CELL_09,aggressive,327,2025-02-02 09:32:23,3.624,3.031,4.189,9.02,13.484,42.46,48.99,4.06,97.31,36.25,30.85,78.187,36.25,93.25,1.8039999999999998,0.25940860215053757,327,327,327
CELL_09,aggressive,328,2025-02-02 11:18:59,3.592,3.015,4.184,9.473,13.454,44.04,50.57,4.63,97.03,29.28,28.61,78.118,29.28,92.4,1.8946,0.2936448128610902,328,328,328
CELL_09,aggressive,329,2025-02-02 13:53:38,3.615,2.95,4.235,8.46,12.379,42.82,46.81,3.95,99.63,33.37,36.59,78.073,33.37,95.67999999999999,1.6920000000000002,0.3278897677979078,329,329,329
CELL_09,aggressive,330,2025-02-02 15:37:07,3.608,3.017,4.196,9.151,13.164,43.62,49.6,0.0,97.69,35.28,33.46,78.0,35.28,97.69,1.8302,0.29379516571143777,330,330,330
CELL_09,aggressive,331,2025-02-02 18:04:29,3.627,3.028,4.222,8.718,10.463,44.53,47.76,0.0,96.95,36.45,32.47,77.938,36.45,96.95,1.7436,0.6842406876790836,331,331,331
CELL_09,aggressive,332,2025-02-02 21:02:16,3.587,3.005,4.196,7.984,9.833,44.59,49.05,7.08,99.4,36.28,33.06,77.914,36.28,92.32000000000001,1.5968,0.6441319632233639,332,332,332
CELL_09,aggressive,333,2025-02-02 23:54:21,3.668,3.051,4.262,9.302,11.208,45.4,49.53,0.27,99.27,34.05,34.8,77.839,34.05,99.0,1.8603999999999998,0.6353620146904507,333,333,333
CELL_09,aggressive,334,2025-02-03 01:55:13,3.557,2.967,4.214,9.016,13.359,48.08,54.25,3.58,96.08,37.38,30.34,77.763,37.38,92.5,1.8032,0.2871287128712872,334,334,334
CELL_09,aggressive,335,2025-02-03 03:47:28,3.668,3.028,4.269,8.871,11.642,46.66,51.77,0.0,97.3,34.01,37.07,77.704,34.01,97.3,1.7742,0.4478527607361965,335,335,335
CELL_09,aggressive,336,2025-02-03 05:57:18,3.621,3.097,4.226,8.807,12.856,44.54,48.09,1.31,96.52,37.85,31.09,77.623,37.85,95.21,1.7614,0.2788342800691529,336,336,336
CELL_09,aggressive,337,2025-02-03 08:24:18,3.645,3.056,4.265,9.524,12.715,47.5,52.72,10.65,98.87,29.14,26.14,77.559,29.14,88.22,1.9047999999999998,0.3788780946411781,337,337,337
CELL_09,aggressive,338,2025-02-03 11:17:02,3.664,3.042,4.229,7.954,9.72,44.81,50.81,5.71,98.36,35.77,36.53,77.5,35.77,92.65,1.5908,0.6721404303510757,338,338,338
CELL_09,aggressive,339,2025-02-03 14:14:20,3.646,3.01,4.235,8.805,12.086,48.04,52.08,0.0,96.89,32.8,33.3,77.424,32.8,96.89,1.761,0.37336177994513875,339,339,339
CELL_09,aggressive,340,2025-02-03 15:49:09,3.567,2.971,4.247,9.47,12.556,43.5,48.05,7.97,99.43,32.45,29.3,77.372,32.45,91.46000000000001,1.8940000000000001,0.4134802333117305,340,340,340
CELL_09,aggressive,341,2025-02-03 18:01:46,3.63,3.025,4.211,8.675,12.387,44.13,50.07,10.09,96.18,36.94,27.92,77.325,36.94,86.09,1.735,0.31950431034482774,341,341,341
CELL_09,aggressive,342,2025-02-03 20:35:01,3.579,2.935,4.214,9.36,13.109,44.56,47.6,7.09,98.87,33.18,30.16,77.243,33.18,91.78,1.8719999999999999,0.3411576420378768,342,342,342
CELL_09,aggressive,343,2025-02-03 23:11:10,3.653,2.982,4.267,9.7,11.836,48.41,54.35,0.81,96.12,27.84,28.74,77.156,27.84,95.31,1.94,0.6015917602996252,343,343,343
CELL_09,aggressive,344,2025-02-04 01:30:17,3.645,3.019,4.202,9.603,13.116,42.86,49.4,3.41,97.72,32.51,26.74,77.106,32.51,94.31,1.9205999999999999,0.33674921719328205,344,344,344
CELL_09,aggressive,345,2025-02-04 03:57:44,3.655,3.085,4.247,8.334,10.312,41.85,47.11,2.84,96.36,33.78,32.29,77.048,33.78,93.52,1.6667999999999998,0.5874620829120324,345,345,345
CELL_09,aggressive,346,2025-02-04 06:32:57,3.634,2.996,4.245,8.778,12.7,43.7,46.93,3.45,98.61,31.5,35.44,76.989,31.5,95.16,1.7556,0.31845996940336574,346,346,346
CELL_09,aggressive,347,2025-02-04 08:33:10,3.585,2.984,4.216,8.672,11.025,43.66,48.64,0.0,97.59,34.94,32.11,76.929,34.94,97.59,1.7344000000000002,0.5235869103272419,347,347,347
CELL_09,aggressive,348,2025-02-04 11:37:43,3.628,2.971,4.246,9.367,12.75,45.12,50.13,0.0,96.14,35.98,29.97,76.85,35.98,96.14,1.8734000000000002,0.37688442211055295,348,348,348
CELL_09,aggressive,349,2025-02-04 13:18:04,3.613,3.042,4.207,9.021,13.463,45.37,51.95,0.0,96.61,33.55,32.39,76.793,33.55,96.61,1.8042000000000002,0.26226924808644764,349,349,349
CELL_09,aggressive,350,2025-02-04 15:05:51,3.648,3.05,4.272,9.863,13.048,44.65,48.64,0.0,96.09,35.77,28.23,76.728,35.77,96.09,1.9726,0.38367346938775515,350,350,350
CELL_09,aggressive,351,2025-02-04 18:00:03,3.616,2.94,4.245,10.159,14.812,45.06,49.74,3.1,98.34,26.63,27.92,76.635,26.63,95.24000000000001,2.0318,0.2804642166344295,351,351,351
CELL_09,aggressive,352,2025-02-04 20:25:06,3.638,3.013,4.265,8.475,10.232,42.06,46.08,2.81,96.58,39.68,30.83,76.589,39.68,93.77,1.6949999999999998,0.7125782583949914,352,352,352
CELL_09,aggressive,353,2025-02-04 23:00:56,3.632,3.057,4.186,8.528,12.118,45.05,51.25,0.0,97.61,31.18,34.52,76.509,31.18,97.61,1.7056,0.3144846796657382,353,353,353
CELL_09,aggressive,354,2025-02-05 01:12:44,3.638,3.0,4.252,9.106,11.382,47.75,53.61,0.0,96.03,27.51,34.26,76.431,27.51,96.03,1.8212,0.5500878734622143,354,354,354
CELL_09,aggressive,355,2025-02-05 03:08:21,3.596,3.017,4.188,9.313,11.692,48.8,54.96,0.0,96.27,31.49,33.78,76.332,31.49,96.27,1.8626,0.4922236233711644,355,355,355
CELL_09,aggressive,356,2025-02-05 04:55:21,3.562,2.91,4.268,9.131,11.0,46.81,53.5,5.23,96.06,27.64,27.91,76.279,27.64,90.83,1.8262,0.7265917602996254,356,356,356
CELL_09,aggressive,357,2025-02-05 07:19:32,3.607,3.0,4.213,9.394,12.686,41.77,48.38,0.0,97.85,36.56,30.04,76.226,36.56,97.85,1.8788,0.3684690157958688,357,357,357
CELL_09,aggressive,358,2025-02-05 09:58:30,3.621,3.039,4.208,8.771,12.991,49.32,55.63,10.46,98.28,37.19,30.61,76.149,37.19,87.82,1.7542000000000002,0.27701421800947873,358,358,358
CELL_09,aggressive,359,2025-02-05 12:22:46,3.615,2.951,4.226,9.678,12.181,44.69,47.91,0.0,97.43,32.36,32.08,76.046,32.36,97.43,1.9356000000000002,0.5093887335197765,359,359,359
CELL_09,aggressive,360,2025-02-05 14:19:15,3.618,3.048,4.201,9.015,11.382,45.39,50.85,10.79,96.38,36.36,30.83,75.989,36.36,85.59,1.8030000000000002,0.4871144909167723,360,360,360
CELL_09,aggressive,361,2025-02-05 16:09:04,3.637,2.989,4.276,8.537,12.516,42.28,45.94,3.55,99.45,29.75,34.17,75.933,29.75,95.9,1.7074000000000003,0.32344810253832623,361,361,361
CELL_09,aggressive,362,2025-02-05 18:37:41,3.644,2.999,4.24,8.507,10.307,42.49,46.72,9.52,99.88,37.33,33.38,75.874,37.33,90.36,1.7014,0.6894444444444442,362,362,362
CELL_09,aggressive,363,2025-02-05 21:40:30,3.565,2.95,4.229,8.303,11.291,44.41,48.52,0.0,97.25,38.46,35.42,75.817,38.46,97.25,1.6606,0.42804551539491303,363,363,363
CELL_09,aggressive,364,2025-02-05 23:21:38,3.592,2.965,4.191,9.31,13.894,42.63,49.4,4.25,97.55,32.95,29.8,75.758,32.95,93.3,1.862,0.2674520069808028,364,364,364
CELL_09,aggressive,365,2025-02-06 02:06:27,3.619,3.06,4.224,9.258,13.6,45.94,50.68,9.82,98.67,34.41,27.2,75.691,34.41,88.85,1.8516,0.2680792261630585,365,365,365
CELL_09,aggressive,366,2025-02-06 04:02:46,3.597,2.996,4.178,9.833,14.408,44.47,49.21,12.41,98.06,31.96,28.6,75.624,31.96,85.65,1.9666000000000001,0.25836065573770495,366,366,366
CELL_09,aggressive,367,2025-02-06 05:45:34,3.62,2.952,4.252,9.535,13.754,50.03,54.41,4.01,99.38,32.82,31.14,75.526,32.82,95.36999999999999,1.907,0.3081298885991941,367,367,367
CELL_09,aggressive,368,2025-02-06 08:36:56,3.583,2.908,4.27,9.424,13.01,37.76,44.17,0.0,96.49,36.85,32.21,75.453,36.85,96.49,1.8847999999999998,0.3798103736754042,368,368,368
CELL_09,aggressive,369,2025-02-06 10:47:34,3.609,3.051,4.198,8.518,12.272,43.28,48.58,5.76,99.06,32.85,32.26,75.392,32.85,93.3,1.7036000000000002,0.30554075652637197,369,369,369
CELL_09,aggressive,370,2025-02-06 12:58:33,3.569,2.92,4.25,9.787,13.992,46.35,49.98,1.29,99.95,30.54,30.24,75.332,30.54,98.66,1.9574000000000003,0.3162901307966706,370,370,370
CELL_09,aggressive,371,2025-02-06 14:44:23,3.57,2.957,4.212,8.772,12.254,47.07,52.09,5.3,99.76,36.98,32.48,75.251,36.98,94.46000000000001,1.7544,0.36042504307869044,371,371,371
CELL_09,aggressive,372,2025-02-06 16:30:41,3.617,2.999,4.222,8.683,11.419,43.64,48.9,1.78,96.9,30.06,33.27,75.212,30.06,95.12,1.7366,0.4470029239766082,372,372,372
CELL_09,aggressive,373,2025-02-06 18:38:55,3.605,2.995,4.275,9.723,12.674,41.18,48.16,2.93,96.74,30.91,30.72,75.152,30.91,93.80999999999999,1.9446,0.4337512707556763,373,373,373
CELL_09,aggressive,374,2025-02-06 21:14:23,3.606,2.968,4.249,9.072,12.786,48.32,53.95,0.66,97.03,31.46,29.59,75.086,31.46,96.37,1.8143999999999998,0.3449111470113084,374,374,374
CELL_09,aggressive,375,2025-02-06 23:18:59,3.572,2.974,4.183,9.486,14.198,46.5,51.48,6.77,96.37,30.43,28.96,75.029,30.43,89.60000000000001,1.8972000000000002,0.25657894736842096,375,375,375
CELL_09,aggressive,376,2025-02-07 02:25:13,3.591,2.993,4.232,8.748,12.399,46.87,53.11,0.0,97.18,29.16,38.35,74.959,29.16,97.18,1.7495999999999998,0.3393590797041907,376,376,376
CELL_09,aggressive,377,2025-02-07 04:46:25,3.576,2.961,4.221,9.251,12.83,45.12,48.26,0.0,96.67,33.33,30.76,74.883,33.33,96.67,1.8501999999999998,0.3520536462699078,377,377,377
CELL_09,aggressive,378,2025-02-07 07:08:12,3.607,3.059,4.198,8.637,11.43,46.76,52.59,6.65,99.62,30.09,32.26,74.823,30.09,92.97,1.7274,0.40780522735409974,378,378,378
CELL_09,aggressive,379,2025-02-07 09:10:21,3.581,2.905,4.203,9.892,12.679,46.96,53.5,5.86,96.5,31.42,24.87,74.738,31.42,90.64,1.9784,0.4657337639038393,379,379,379
CELL_09,aggressive,380,2025-02-07 10:50:01,3.616,3.015,4.274,8.549,10.955,42.94,46.2,6.12,96.68,34.2,35.24,74.683,34.2,90.56,1.7098,0.523275145469659,380,380,380
CELL_09,aggressive,381,2025-02-07 12:54:42,3.637,3.058,4.241,9.601,12.773,44.9,48.04,0.0,97.14,28.8,29.78,74.612,28.8,97.14,1.9202000000000001,0.37295081967213123,381,381,381
CELL_09,aggressive,382,2025-02-07 15:21:15,3.589,2.981,4.235,9.487,13.697,46.03,52.49,10.6,98.58,28.45,27.86,74.535,28.45,87.98,1.8974,0.29786223277909757,382,382,382
CELL_09,aggressive,383,2025-02-07 17:46:19,3.689,3.087,4.237,8.762,11.738,47.64,52.11,9.24,99.76,38.99,28.92,74.455,38.99,90.52000000000001,1.7524000000000002,0.3864247311827958,383,383,383
CELL_09,aggressive,384,2025-02-07 20:13:49,3.569,2.911,4.18,9.426,12.477,44.65,51.59,0.08,98.35,36.18,29.19,74.363,36.18,98.27,1.8852,0.4159292035398229,384,384,384
CELL_09,aggressive,385,2025-02-07 22:20:24,3.58,2.963,4.232,9.068,13.184,46.34,53.01,5.29,98.58,36.88,29.55,74.3,36.88,93.28999999999999,1.8135999999999999,0.3083090379008747,385,385,385
CELL_09,aggressive,386,2025-02-08 00:10:36,3.638,3.028,4.246,8.931,11.587,44.89,48.76,1.02,97.71,31.65,33.15,74.219,31.65,96.69,1.7861999999999998,0.45858433734939763,386,386,386
CELL_09,aggressive,387,2025-02-08 02:39:37,3.617,3.005,4.234,9.268,13.855,41.25,45.93,11.89,98.78,29.02,24.64,74.175,29.02,86.89,1.8536000000000001,0.2679311096577284,387,387,387
CELL_09,aggressive,388,2025-02-08 05:10:07,3.633,3.054,4.24,9.437,14.118,44.43,48.21,6.1,99.67,29.53,31.65,74.107,29.53,93.57000000000001,1.8874,0.2533646656697287,388,388,388
CELL_09,aggressive,389,2025-02-08 08:09:02,3.616,3.038,4.193,9.422,13.725,45.69,51.38,6.57,97.3,31.81,31.14,74.03,31.81,90.72999999999999,1.8844,0.2684173832210086,389,389,389
CELL_09,aggressive,390,2025-02-08 10:48:07,3.643,3.03,4.243,8.873,12.487,49.43,52.5,5.16,99.7,29.46,28.03,73.944,29.46,94.54,1.7746,0.33563918096292206,390,390,390
CELL_09,aggressive,391,2025-02-08 13:01:29,3.603,2.939,4.232,8.914,10.937,43.99,47.8,3.68,97.63,35.76,33.48,73.879,35.76,93.94999999999999,1.7828,0.6391497775580822,391,391,391
CELL_09,aggressive,392,2025-02-08 15:28:34,3.519,2.917,4.183,9.031,10.981,45.38,51.32,4.39,97.61,32.86,30.2,73.82,32.86,93.22,1.8062,0.6492307692307695,392,392,392
CELL_09,aggressive,393,2025-02-08 17:33:09,3.621,3.039,4.219,8.668,12.583,45.71,49.2,2.91,97.6,33.3,34.97,73.748,33.3,94.69,1.7335999999999998,0.301404853128991,393,393,393
CELL_09,aggressive,394,2025-02-08 19:56:20,3.567,2.951,4.197,8.966,10.805,47.59,54.33,11.53,97.46,32.33,28.31,73.698,32.33,85.92999999999999,1.7932,0.6775421424687329,394,394,394
CELL_09,aggressive,395,2025-02-08 21:28:13,3.647,3.012,4.238,9.433,12.125,43.31,50.07,5.15,98.06,28.3,32.24,73.638,28.3,92.91,1.8866,0.45542347696879654,395,395,395
CELL_09,aggressive,396,2025-02-09 00:15:32,3.595,3.004,4.179,8.723,12.176,47.41,51.81,10.78,99.74,32.88,30.14,73.575,32.88,88.96,1.7446000000000002,0.34028381117868534,396,396,396
CELL_09,aggressive,397,2025-02-09 02:12:14,3.665,3.097,4.243,9.494,12.271,43.23,50.13,8.75,96.06,33.08,29.96,73.531,33.08,87.31,1.8988,0.41267554915376303,397,397,397
CELL_09,aggressive,398,2025-02-09 03:56:12,3.62,3.059,4.207,9.189,12.139,44.15,48.47,0.0,98.0,33.56,32.95,73.468,33.56,98.0,1.8378,0.3891525423728813,398,398,398
CELL_09,aggressive,399,2025-02-09 06:03:08,3.612,2.976,4.241,9.027,12.433,45.76,50.51,8.48,98.25,32.4,29.9,73.385,32.4,89.77,1.8054,0.3714034057545506,399,399,399
CELL_09,aggressive,400,2025-02-09 08:43:41,3.54,2.903,4.21,8.994,11.999,46.42,51.1,0.0,96.07,35.78,33.1,73.311,35.78,96.07,1.7988,0.43494176372712134,400,400,400
