cycle_id,cell_id,charge_time,discharge_depth,c_rate,internal_resistance_proxy,cumulative_time_above_40C,cumulative_cycle_count
1,cell_00,110.09,0.7783,0.52355,0.5958568738229758,0,1
2,cell_00,124.07,0.8016000000000001,0.4754,0.6276,0,2
3,cell_00,122.06,0.8053,0.4886,0.6255980861244022,0,3
4,cell_00,127.09,0.7892,0.46535,0.5964912280701754,0,4
5,cell_00,127.93,0.8264,0.46475,0.6436000000000002,0,5
6,cell_00,125.55,0.8311999999999999,0.49565,0.5724415484860096,0,6
7,cell_00,121.78,0.7936000000000001,0.48175,0.6067999999999998,0,7
8,cell_00,120.09,0.8195,0.50945,0.6350142721217885,0,8
9,cell_00,112.32,0.7289000000000001,0.5113,0.5780894617134195,0,9
10,cell_00,120.82,0.8067000000000001,0.508,0.6019999999999994,0,10
11,cell_00,121.86,0.818,0.50595,0.5583556747095626,0,11
12,cell_00,110.63,0.7954,0.53945,0.5972,0,12
13,cell_00,129.83,0.7763,0.4733,0.5987999999999997,0,13
14,cell_00,125.06,0.785,0.49865,0.5596879535558781,0,14
15,cell_00,116.63,0.7788,0.5283,0.6029999999999998,0,15
16,cell_00,111.64,0.8297,0.5316,0.6234000000000002,0,16
17,cell_00,128.51,0.81,0.46445,0.6027999999999992,0,17
18,cell_00,125.06,0.8079000000000001,0.4922,0.5452566660620355,0,18
19,cell_00,110.14,0.8237,0.53395,0.6395999999999997,0,19
20,cell_00,121.0,0.7895,0.5127,0.5561545372866133,0,20
21,cell_00,117.01,0.8458,0.5049,0.6146000000000003,0,21
22,cell_00,124.17,0.8146,0.49455,0.6042000000000004,0,22
23,cell_00,117.4,0.8095,0.4904,0.5994000000000003,0,23
24,cell_00,112.93,0.8272,0.5072,0.6219999999999999,0,24
25,cell_00,127.74,0.7791,0.4937,0.5562304435854962,0,25
26,cell_00,125.3,0.7918,0.49895,0.5721207603428997,0,26
27,cell_00,123.34,0.7923,0.50195,0.6125999999999996,0,27
28,cell_00,129.59,0.7807999999999999,0.48305,0.6104000000000003,0,28
29,cell_00,116.37,0.7715000000000001,0.5133,0.5990000000000002,0,29
30,cell_00,101.79,0.8116,0.57285,0.5390472817425178,0,30
31,cell_00,127.1,0.7908,0.4556,0.6143999999999998,0,31
32,cell_00,117.96,0.8008,0.5081,0.5241296104791444,0,32
33,cell_00,121.28,0.8015000000000001,0.481,0.6246,0,33
34,cell_00,121.23,0.8045,0.51445,0.6174,0,34
35,cell_00,113.52,0.8114,0.50115,0.6080000000000005,0,35
36,cell_00,111.29,0.8196000000000001,0.51905,0.601,0,36
37,cell_00,110.01,0.8018000000000001,0.5294,0.6025999999999998,0,37
38,cell_00,114.81,0.7964,0.5048,0.6384706814580038,0,38
39,cell_00,110.02,0.8137000000000001,0.5283,0.6320000000000006,0,39
40,cell_00,136.99,0.8126,0.4414,0.6403999999999996,0,40
41,cell_00,108.64,0.8311999999999999,0.53975,0.6295999999999999,0,41
42,cell_00,118.48,0.7701,0.5094,0.6193999999999997,0,42
43,cell_00,117.84,0.8086,0.52695,0.6093999999999999,0,43
44,cell_00,128.83,0.822,0.4695,0.6247999999999995,0,44
45,cell_00,126.58,0.7706,0.47925,0.6188000000000003,0,45
46,cell_00,116.88,0.8232999999999999,0.50365,0.5356666666666663,0,46
47,cell_00,115.94,0.8504,0.49955,0.6132431895008953,0,47
48,cell_00,115.35,0.7896,0.5071,0.5974228816868412,0,48
49,cell_00,118.21,0.8250000000000001,0.5271,0.6045999999999996,0,49
50,cell_00,132.62,0.8090999999999999,0.45585,0.6265999999999998,0,50
51,cell_00,111.59,0.7826,0.52435,0.6012137823022711,0,51
52,cell_00,118.75,0.7586999999999999,0.5002,0.6032000000000002,0,52
53,cell_00,125.16,0.8022,0.4949,0.5568390172350571,0,53
54,cell_00,131.37,0.8181,0.4632,0.6150000000000003,0,54
55,cell_00,117.46,0.78,0.5126,0.6062000000000003,0,55
56,cell_00,141.24,0.8091,0.43965,0.6365999999999996,0,56
57,cell_00,118.16,0.7684000000000001,0.5162,0.6038961038961043,0,57
58,cell_00,130.44,0.7855,0.4627,0.6050000000000004,0,58
59,cell_00,114.17,0.8402000000000001,0.50135,0.6381999999999994,0,59
60,cell_00,115.43,0.8079999999999999,0.497,0.6176000000000004,0,60
61,cell_00,117.36,0.7503,0.52925,0.6063999999999998,0,61
62,cell_00,121.16,0.7772,0.49555,0.5774513544448677,0,62
63,cell_00,122.58,0.7586,0.48265,0.6065637819886692,0,63
64,cell_00,122.44,0.8259000000000001,0.48735,0.6150000000000003,0,64
65,cell_00,106.41,0.7928,0.5318,0.6164000000000005,0,65
66,cell_00,118.87,0.8218000000000001,0.5134,0.5983697665802148,0,66
67,cell_00,117.44,0.8046,0.49035,0.6292000000000001,0,67
68,cell_00,123.82,0.8140000000000001,0.4941,0.6264000000000003,0,68
69,cell_00,129.31,0.824,0.4608,0.6598060558084308,0,69
70,cell_00,113.82,0.8049999999999999,0.5097,0.5255599247734661,0,70
71,cell_00,123.38,0.7846,0.456,0.622,0,71
72,cell_00,117.07,0.7866,0.5188,0.5754874651810591,0,72
73,cell_00,114.03,0.7994,0.5032,0.6158000000000001,0,73
74,cell_00,101.04,0.8304,0.55965,0.5950283812879228,0,74
75,cell_00,128.76,0.7978,0.4725,0.5247969587005358,0,75
76,cell_00,117.56,0.8014,0.49745,0.6222349351639973,0,76
77,cell_00,107.55,0.7913,0.54495,0.6241887905604714,0,77
78,cell_00,109.13,0.7783,0.5298,0.6306000000000003,0,78
79,cell_00,127.11,0.7904,0.4826,0.6281156530408774,0,79
80,cell_00,114.78,0.8147,0.5056,0.6077999999999992,0,80
81,cell_00,114.59,0.8407,0.50005,0.6196000000000002,0,81
82,cell_00,114.34,0.845,0.50705,0.6202000000000005,0,82
83,cell_00,118.99,0.7679,0.48255,0.596391449303785,0,83
84,cell_00,116.93,0.8114,0.49775,0.6337999999999999,0,84
85,cell_00,123.04,0.8085,0.46005,0.6475999999999998,0,85
86,cell_00,113.65,0.7835000000000001,0.5034,0.6332000000000004,0,86
87,cell_00,114.62,0.7659,0.51125,0.5992300288739165,0,87
88,cell_00,124.13,0.7961,0.4943,0.5774701308553006,0,88
89,cell_00,123.28,0.8069999999999999,0.4596,0.6123924941360436,0,89
90,cell_00,108.8,0.7917000000000001,0.5247,0.571037753054897,0,90
91,cell_00,120.42,0.7988000000000001,0.5091,0.6076526566217284,0,91
92,cell_00,126.94,0.7841,0.48185,0.6060431100846808,0,92
93,cell_00,121.24,0.7867000000000001,0.493,0.5947204968944099,0,93
94,cell_00,124.29,0.7895,0.4625,0.6272000000000002,0,94
95,cell_00,123.95,0.7491,0.47435,0.6181999999999997,0,95
96,cell_00,117.93,0.823,0.48655,0.5048305223513992,0,96
97,cell_00,107.36,0.7817999999999999,0.5307,0.617,0,97
98,cell_00,121.12,0.7977,0.484,0.6332000000000004,0,98
99,cell_00,115.94,0.8611,0.516,0.6049453709028174,0,99
100,cell_00,119.82,0.8392999999999999,0.48655,0.614514241123683,0,100
101,cell_00,118.53,0.8186,0.5062,0.6555999999999997,0,101
102,cell_00,116.64,0.7856000000000001,0.49645,0.5622078389068681,0,102
103,cell_00,111.22,0.7785,0.52185,0.6479999999999997,0,103
104,cell_00,124.75,0.7849999999999999,0.48665,0.6130000000000004,0,104
105,cell_00,132.53,0.7706,0.4607,0.5541651769753309,0,105
106,cell_00,124.37,0.8042999999999999,0.46545,0.5838509316770187,0,106
107,cell_00,122.16,0.7928000000000001,0.4867,0.6295999999999999,0,107
108,cell_00,123.57,0.7898999999999999,0.46875,0.5189336050263205,0,108
109,cell_00,111.23,0.8321000000000001,0.51025,0.6011257035647274,0,109
110,cell_00,123.37,0.8070999999999999,0.48835,0.6410000000000001,0,110
111,cell_00,102.3,0.8264,0.55935,0.5654874892148406,0,111
112,cell_00,128.07,0.7847999999999999,0.45655,0.6011811023622049,0,112
113,cell_00,117.02,0.8062,0.5051,0.6082000000000001,0,113
114,cell_00,121.26,0.7695,0.4718,0.6092000000000004,0,114
115,cell_00,115.62,0.787,0.48765,0.5874125874125873,0,115
116,cell_00,115.91,0.7901,0.50355,0.6090110729285988,0,116
117,cell_00,139.54,0.7969999999999999,0.44185,0.6341853035143763,0,117
118,cell_00,117.96,0.7903,0.5059,0.6099999999999994,0,118
119,cell_00,106.3,0.8095,0.54755,0.6098716683119447,0,119
120,cell_00,115.13,0.8004,0.48865,0.6101999999999997,0,120
121,cell_00,118.0,0.7887000000000001,0.5065,0.6082000000000001,0,121
122,cell_00,107.79,0.8212,0.5256,0.6390000000000002,0,122
123,cell_00,119.8,0.7967000000000001,0.4959,0.5801627862956649,0,123
124,cell_00,124.94,0.8184,0.4855,0.644,0,124
125,cell_00,132.88,0.7584,0.4431,0.6494219086811686,0,125
126,cell_00,112.11,0.8012,0.516,0.6470000000000002,0,126
127,cell_00,112.98,0.7646999999999999,0.49715,0.5768346595932803,0,127
128,cell_00,118.97,0.8054,0.4747,0.6120000000000001,0,128
129,cell_00,116.51,0.8003,0.50315,0.5827392120075048,0,129
130,cell_00,126.84,0.847,0.4854,0.6155999999999996,0,130
131,cell_00,118.43,0.8183,0.4868,0.6260628831322914,0,131
132,cell_00,115.52,0.8056,0.51515,0.5693797727696039,0,132
133,cell_00,129.14,0.7992,0.46655,0.6083999999999996,0,133
134,cell_00,108.02,0.8008000000000001,0.5262,0.5507457257184429,0,134
135,cell_00,123.44,0.7771,0.46505,0.6052000000000001,0,135
136,cell_00,120.21,0.7942,0.48345,0.6178356324072276,0,136
137,cell_00,109.71,0.7574,0.54805,0.562065177590626,0,137
138,cell_00,111.57,0.7968,0.5282,0.581613508442776,0,138
139,cell_00,119.16,0.7471,0.50245,0.5162806310842561,0,139
140,cell_00,127.75,0.8162,0.4765,0.6390000000000001,0,140
141,cell_00,123.6,0.8136000000000001,0.48675,0.617,0,141
142,cell_00,122.75,0.8256,0.50185,0.6574,0,142
143,cell_00,119.76,0.7643,0.50095,0.5998123827392122,0,143
144,cell_00,121.4,0.7922,0.49775,0.6412650028576877,0,144
145,cell_00,120.62,0.8051,0.49925,0.6477925163333992,0,145
146,cell_00,120.89,0.7683,0.49465,0.6348000000000001,0,146
147,cell_00,130.06,0.7976000000000001,0.46395,0.6351476871632924,0,147
148,cell_00,125.54,0.7684,0.4871,0.6566000000000001,0,148
149,cell_00,112.57,0.8149,0.52285,0.5750896057347671,0,149
150,cell_00,128.1,0.8022,0.4658,0.4853009799346714,0,150
151,cell_00,118.26,0.8109999999999999,0.49525,0.6035114798379322,0,151
152,cell_00,126.75,0.8472999999999999,0.4795,0.5789871504157218,0,152
153,cell_00,115.71,0.7878999999999999,0.5028,0.6360000000000001,0,153
154,cell_00,123.35,0.8082,0.4903,0.6419999999999996,0,154
155,cell_00,112.57,0.7910999999999999,0.53695,0.6168000000000005,0,155
156,cell_00,119.92,0.7534000000000001,0.51265,0.6383999999999999,0,156
157,cell_00,122.26,0.8004,0.4672,0.6474000000000003,0,157
158,cell_00,116.26,0.8058000000000001,0.5168,0.5628732298242627,0,158
159,cell_00,124.73,0.7978000000000001,0.48065,0.6119548286604366,0,159
160,cell_00,126.07,0.78,0.4856,0.6055116592792446,0,160
161,cell_00,121.15,0.7924,0.50785,0.6087999999999996,0,161
162,cell_00,120.64,0.8086,0.4877,0.6177999999999999,0,162
163,cell_00,113.13,0.7795,0.5223,0.5611891300383004,0,163
164,cell_00,117.43,0.7896000000000001,0.48065,0.6387999999999998,0,164
165,cell_00,126.41,0.8384,0.48455,0.5887939221272555,0,165
166,cell_00,117.72,0.8293999999999999,0.4836,0.6233999999999992,0,166
167,cell_00,122.77,0.7592000000000001,0.48585,0.6165999999999991,0,167
168,cell_00,113.66,0.7757,0.5275,0.6265999999999998,0,168
169,cell_00,112.66,0.8117,0.5157,0.6155999999999997,0,169
170,cell_00,104.16,0.8109999999999999,0.54275,0.6402000000000001,0,170
171,cell_00,101.8,0.8166,0.5567,0.6117740652346854,0,171
172,cell_00,127.9,0.7930999999999999,0.47425,0.6216,0,172
173,cell_00,116.59,0.8125,0.50175,0.6155999999999997,0,173
174,cell_00,118.84,0.8145,0.4706,0.67754127710364,0,174
175,cell_00,124.27,0.7971,0.48055,0.6154000000000001,0,175
176,cell_00,117.19,0.8038,0.48425,0.6235999999999998,0,176
177,cell_00,128.02,0.794,0.47355,0.6362413528055346,0,177
178,cell_00,119.97,0.8153999999999999,0.4737,0.626684636118598,0,178
179,cell_00,113.73,0.7935,0.4964,0.6180000000000004,0,179
180,cell_00,118.19,0.7824,0.4696,0.6113408151210873,0,180
181,cell_00,111.43,0.7986,0.52105,0.5875521683904916,0,181
182,cell_00,122.04,0.7890999999999999,0.47705,0.5800705140100206,0,182
183,cell_00,105.03,0.7984,0.57025,0.6415999999999995,0,183
184,cell_00,118.53,0.7897000000000001,0.4887,0.6200000000000001,0,184
185,cell_00,113.74,0.7951999999999999,0.5018,0.6501999999999999,0,185
186,cell_00,120.49,0.7696,0.4676,0.5949560565533053,0,186
187,cell_00,104.79,0.7922,0.54265,0.6518242448018832,0,187
188,cell_00,115.91,0.8195,0.528,0.6110274745954085,0,188
189,cell_00,111.1,0.8092,0.5074,0.644097907619423,0,189
190,cell_00,130.57,0.7734,0.46635,0.5792198188204841,0,190
191,cell_00,113.27,0.8097000000000001,0.50525,0.6307448494453247,0,191
192,cell_00,117.58,0.7809999999999999,0.47195,0.576302614500278,0,192
193,cell_00,105.39,0.7944,0.53655,0.5829654157468726,0,193
194,cell_00,106.7,0.7694000000000001,0.52025,0.6379999999999999,0,194
195,cell_00,118.88,0.7718,0.5024,0.6393999999999993,0,195
196,cell_00,132.71,0.7773000000000001,0.4391,0.5537075537075534,0,196
197,cell_00,120.26,0.8217,0.4754,0.6233183856502243,0,197
198,cell_00,114.31,0.8193,0.5172,0.6219999999999999,0,198
199,cell_00,110.67,0.7989,0.5303,0.6398000000000001,0,199
200,cell_00,115.17,0.7936,0.52775,0.5785369476420347,0,200
201,cell_00,132.64,0.808,0.4602,0.6188000000000001,0,201
202,cell_00,116.11,0.803,0.50755,0.6575999999999995,0,202
203,cell_00,113.7,0.8093999999999999,0.5254,0.5466666666666664,0,203
204,cell_00,130.86,0.8072999999999999,0.45855,0.617,0,204
205,cell_00,115.99,0.8126,0.4998,0.6494,0,205
206,cell_00,117.4,0.7736000000000001,0.50685,0.6039952996474741,0,206
207,cell_00,112.76,0.7863,0.4925,0.6371511068334937,0,207
208,cell_00,131.86,0.7478,0.4537,0.5876524390243899,0,208
209,cell_00,123.54,0.7989,0.49185,0.5674486803519062,0,209
210,cell_00,113.24,0.809,0.4918,0.6403921568627451,0,210
211,cell_00,121.5,0.8187,0.4963,0.5963775023832226,0,211
212,cell_00,124.51,0.7882,0.4859,0.6313999999999993,0,212
213,cell_00,115.16,0.7906,0.4889,0.6196343402225751,0,213
214,cell_00,116.47,0.7628,0.499,0.6687772061733281,0,214
215,cell_00,118.63,0.8167,0.51105,0.65602975724354,0,215
216,cell_00,122.74,0.7777999999999999,0.4924,0.5776086149275903,0,216
217,cell_00,114.36,0.7803,0.48975,0.6023114816218261,0,217
218,cell_00,113.65,0.8262999999999999,0.5023,0.6176821983273597,0,218
219,cell_00,131.46,0.7739,0.452,0.6240000000000007,0,219
220,cell_00,109.43,0.7573,0.51195,0.6232863103516788,0,220
221,cell_00,113.81,0.8090999999999999,0.5,0.6208,0,221
222,cell_00,109.78,0.7897000000000001,0.501,0.6106750392464676,0,222
223,cell_00,106.68,0.8402999999999999,0.524,0.5085190039318479,0,223
224,cell_00,129.58,0.8311999999999999,0.4512,0.6189999999999997,0,224
225,cell_00,130.73,0.7699999999999999,0.45065,0.5975820379965454,0,225
226,cell_00,115.88,0.8067,0.50685,0.5679436212504515,0,226
227,cell_00,119.05,0.8036,0.4998,0.6296296296296294,0,227
228,cell_00,113.96,0.7905000000000001,0.50425,0.5028367644674988,0,228
229,cell_00,115.53,0.8144,0.48845,0.6539999999999998,0,229
230,cell_00,106.92,0.8176000000000001,0.5166,0.60015497869043,0,230
231,cell_00,107.65,0.7781,0.5233,0.6322000000000001,0,231
232,cell_00,111.11,0.8337,0.5121,0.6201999999999996,0,232
233,cell_00,113.79,0.8029,0.4935,0.6307572209211552,0,233
234,cell_00,123.38,0.7844,0.4473,0.5780933062880321,0,234
235,cell_00,108.41,0.7877,0.51925,0.6051560379918585,0,235
236,cell_00,110.95,0.7919,0.53055,0.571327056315509,0,236
237,cell_00,113.57,0.8182,0.5161,0.6213999999999995,0,237
238,cell_00,126.15,0.7809,0.478,0.6528,0,238
239,cell_00,115.03,0.7937000000000001,0.51685,0.5374685138539045,0,239
240,cell_00,111.38,0.7433,0.5215,0.6020781219934577,0,240
241,cell_00,103.28,0.8240000000000001,0.53895,0.6387999999999998,0,241
242,cell_00,121.89,0.7698,0.4781,0.6706000000000004,0,242
243,cell_00,112.14,0.8019999999999999,0.49435,0.6774000000000006,0,243
244,cell_00,110.91,0.7604,0.5187,0.5676664228237016,0,244
245,cell_00,113.97,0.7894000000000001,0.50145,0.6221999999999994,0,245
246,cell_00,122.15,0.8297,0.47205,0.6449447077409165,0,246
247,cell_00,111.24,0.8118000000000001,0.51035,0.6193999999999997,0,247
248,cell_00,113.97,0.7967000000000001,0.51445,0.6060380171449873,0,248
249,cell_00,118.35,0.7789999999999999,0.5022,0.6252000000000004,0,249
250,cell_00,117.2,0.8002,0.5055,0.6314000000000002,0,250
251,cell_00,118.26,0.8097,0.49355,0.6101330203442872,0,251
252,cell_00,106.94,0.775,0.53695,0.5923410677230712,0,252
253,cell_00,114.68,0.8254999999999999,0.4775,0.6053039101819588,0,253
254,cell_00,121.15,0.8297,0.4853,0.6248000000000006,0,254
255,cell_00,115.06,0.8200999999999999,0.50025,0.5871886120996447,0,255
256,cell_00,107.63,0.8006,0.52195,0.6921999999999997,0,256
257,cell_00,121.54,0.7945,0.46255,0.6577999999999999,0,257
258,cell_00,128.88,0.7756,0.46725,0.6408000000000004,0,258
259,cell_00,130.07,0.7683,0.44905,0.5512298708193242,0,259
260,cell_00,114.38,0.8083,0.5008,0.6001504607861579,0,260
261,cell_00,123.35,0.7816,0.47205,0.5995850622406638,0,261
262,cell_00,115.3,0.8144,0.4904,0.5653565712253251,0,262
263,cell_00,110.52,0.7903,0.51655,0.5049953168904147,0,263
264,cell_00,116.14,0.8218000000000001,0.48395,0.6257999999999999,0,264
265,cell_00,112.55,0.8185,0.5058,0.6674000000000007,0,265
266,cell_00,119.11,0.7943,0.4925,0.6239999999999996,0,266
267,cell_00,106.74,0.7935000000000001,0.5168,0.6631999999999998,0,267
268,cell_00,115.15,0.8055000000000001,0.5119,0.6273999999999997,0,268
269,cell_00,116.16,0.8089,0.4827,0.6526000000000005,0,269
270,cell_00,118.11,0.7956,0.4958,0.6634000000000002,0,270
271,cell_00,111.35,0.7895,0.5261,0.6173795239016837,0,271
272,cell_00,114.0,0.7972,0.50985,0.6408674890569047,0,272
273,cell_00,124.7,0.8028,0.4651,0.6120229007633589,0,273
274,cell_00,116.51,0.8111999999999999,0.5164,0.6082984392843553,0,274
275,cell_00,120.43,0.7884,0.4729,0.6210149028485195,0,275
276,cell_00,108.89,0.7964,0.5353,0.6414,0,276
277,cell_00,110.91,0.808,0.5256,0.5281306715063521,0,277
278,cell_00,109.46,0.7986,0.50725,0.6152042212233729,0,278
279,cell_00,111.18,0.7967,0.50395,0.6381999999999994,0,279
280,cell_00,114.66,0.8174999999999999,0.49475,0.6361999999999997,0,280
281,cell_00,107.43,0.8419000000000001,0.51695,0.6336000000000004,0,281
282,cell_00,115.04,0.7819,0.49075,0.6333865814696481,0,282
283,cell_00,111.48,0.7933,0.5059,0.6297999999999995,0,283
284,cell_00,111.05,0.7807999999999999,0.5218,0.6269999999999998,0,284
285,cell_00,114.03,0.763,0.48595,0.5337995337995342,0,285
286,cell_00,121.22,0.7944,0.4846,0.6088357982555934,0,286
287,cell_00,120.95,0.7371,0.47015,0.6143949282118217,0,287
288,cell_00,123.45,0.8123,0.4734,0.6684,0,288
289,cell_00,120.65,0.7958999999999999,0.4543,0.6441999999999996,0,289
290,cell_00,109.31,0.7938999999999999,0.51825,0.6630131526504583,0,290
291,cell_00,99.99,0.7794,0.5452,0.6170631020247697,0,291
292,cell_00,108.13,0.7695000000000001,0.53565,0.6546000000000003,0,292
293,cell_00,122.46,0.8071999999999999,0.45935,0.6298000000000002,0,293
294,cell_00,114.64,0.7851,0.5181,0.6307169962053124,0,294
295,cell_00,104.89,0.8088,0.53555,0.6282000000000005,0,295
296,cell_00,117.32,0.7756000000000001,0.4886,0.6304000000000006,0,296
297,cell_00,110.42,0.8323999999999999,0.50255,0.6311999999999998,0,297
298,cell_00,128.76,0.801,0.4498,0.6504000000000003,0,298
299,cell_00,112.41,0.7872,0.50665,0.6672611969877131,0,299
300,cell_00,118.64,0.8091999999999999,0.4734,0.5949462568357526,0,300
301,cell_00,110.05,0.8265,0.505,0.5720216606498194,0,301
302,cell_00,118.71,0.7521,0.46095,0.6305999999999995,0,302
303,cell_00,106.8,0.7922,0.51355,0.6366000000000005,0,303
304,cell_00,113.98,0.8351999999999999,0.5256,0.6179344702050206,0,304
305,cell_00,117.4,0.7926,0.4804,0.5946098756125142,0,305
306,cell_00,115.05,0.7988,0.4716,0.6638000000000002,0,306
307,cell_00,133.36,0.8005,0.4461,0.5853568118628357,0,307
308,cell_00,109.87,0.7891,0.49335,0.6112932604735881,0,308
309,cell_00,116.93,0.7815,0.48545,0.557562876372653,0,309
310,cell_00,125.82,0.8218,0.4612,0.5560271646859077,0,310
311,cell_00,115.18,0.8029,0.51135,0.6581999999999999,0,311
312,cell_00,119.18,0.8306,0.48875,0.6289195126822444,0,312
313,cell_00,120.47,0.8210999999999999,0.4731,0.6382341190571307,0,313
314,cell_00,122.1,0.8291999999999999,0.48615,0.6334000000000001,0,314
315,cell_00,102.12,0.8311000000000001,0.5268,0.6494,0,315
316,cell_00,115.42,0.7814,0.51505,0.6462000000000003,0,316
317,cell_00,118.11,0.7870999999999999,0.49675,0.639120095124851,0,317
1,cell_01,81.68,0.8333,0.70185,0.41315825098145353,0,1
2,cell_01,87.39,0.8553999999999999,0.68715,0.4658461538461537,0,2
3,cell_01,99.25,0.8304,0.61235,0.4454307334109433,0,3
4,cell_01,90.16,0.8543,0.6366,0.4743076923076924,0,4
5,cell_01,89.85,0.8106,0.66055,0.4609230769230766,0,5
6,cell_01,93.57,0.8039000000000001,0.64825,0.45011737089201875,0,6
7,cell_01,99.58,0.8306,0.615,0.45923076923076894,0,7
8,cell_01,94.03,0.8234,0.65965,0.47307692307692245,0,8
9,cell_01,91.73,0.846,0.64975,0.4864615384615382,0,9
10,cell_01,86.66,0.8562000000000001,0.69785,0.4390414798206275,0,10
11,cell_01,94.05,0.8293,0.64365,0.432265317594154,0,11
12,cell_01,86.45,0.8528,0.6792,0.4297420741536811,0,12
13,cell_01,92.03,0.8671,0.6183,0.47507692307692256,0,13
14,cell_01,91.21,0.8246,0.6243,0.4621538461538457,0,14
15,cell_01,93.05,0.8183,0.66805,0.4792307692307688,1,15
16,cell_01,85.87,0.8531,0.6771,0.4615739317553029,1,16
17,cell_01,97.32,0.8139,0.62605,0.47338461538461557,2,17
18,cell_01,92.97,0.8448,0.6506,0.40933915892954653,2,18
19,cell_01,96.88,0.781,0.61545,0.40603674540682383,2,19
20,cell_01,95.97,0.8141,0.64545,0.5047477744807118,2,20
21,cell_01,91.33,0.8399,0.6709,0.4663076923076926,3,21
22,cell_01,89.53,0.8254999999999999,0.63915,0.47153846153846124,3,22
23,cell_01,96.21,0.8711,0.64375,0.41861424250756124,3,23
24,cell_01,96.07,0.8432,0.62175,0.4788926277148975,3,24
25,cell_01,93.09,0.8507,0.6338,0.46215384615384586,3,25
26,cell_01,88.65,0.8233,0.69395,0.4459279038718288,3,26
27,cell_01,94.2,0.8188,0.6518,0.4593846153846154,4,27
28,cell_01,94.26,0.8194,0.62495,0.4679750494446978,5,28
29,cell_01,97.87,0.8247,0.64215,0.4620000000000001,6,29
30,cell_01,100.04,0.8392,0.61005,0.4434980124929014,7,30
31,cell_01,97.32,0.8264,0.62465,0.46046153846153803,8,31
32,cell_01,83.85,0.8354999999999999,0.684,0.4241525423728814,9,32
33,cell_01,90.26,0.8238,0.64645,0.4886153846153847,9,33
34,cell_01,85.33,0.8173,0.69725,0.4656923076923079,9,34
35,cell_01,93.77,0.8341,0.6476,0.49784615384615355,10,35
36,cell_01,92.15,0.86,0.6491,0.4616279069767444,11,36
37,cell_01,91.86,0.8617,0.666,0.46461538461538476,12,37
38,cell_01,99.76,0.8187,0.5832,0.46461538461538476,12,38
39,cell_01,92.63,0.8126,0.6551,0.46731272111982824,13,39
40,cell_01,94.4,0.8134,0.6488,0.4853658536585367,13,40
41,cell_01,88.76,0.8243,0.68715,0.4727692307692309,14,41
42,cell_01,90.19,0.8133999999999999,0.6741,0.47153846153846196,15,42
43,cell_01,99.35,0.8528,0.62165,0.45955349376630933,15,43
44,cell_01,83.05,0.8158,0.68105,0.4816923076923075,15,44
45,cell_01,93.73,0.8202999999999999,0.64345,0.4883076923076917,15,45
46,cell_01,98.85,0.8386,0.6274,0.4719647469989362,15,46
47,cell_01,91.64,0.8311,0.65495,0.47461538461538466,15,47
48,cell_01,89.11,0.8462,0.64495,0.46815384615384625,15,48
49,cell_01,89.99,0.799,0.68845,0.4823076923076929,16,49
50,cell_01,86.48,0.8287,0.6585,0.43690152922681114,16,50
51,cell_01,88.9,0.8134,0.65515,0.4675384615384617,16,51
52,cell_01,84.0,0.8128,0.6725,0.5036923076923074,17,52
53,cell_01,86.41,0.8566,0.6773,0.47461538461538466,17,53
54,cell_01,87.97,0.827,0.6696,0.4449067431850792,17,54
55,cell_01,86.0,0.8170999999999999,0.6855,0.46923076923076956,17,55
56,cell_01,92.01,0.8735,0.6652,0.4803076923076921,18,56
57,cell_01,89.82,0.8190000000000001,0.6542,0.4761686526122824,18,57
58,cell_01,86.63,0.8451,0.681,0.46999999999999986,18,58
59,cell_01,94.68,0.8413999999999999,0.64775,0.4741538461538459,18,59
60,cell_01,93.89,0.8299,0.65085,0.4730769230769226,19,60
61,cell_01,82.87,0.8098000000000001,0.69305,0.4693846153846155,19,61
62,cell_01,81.0,0.8262,0.69055,0.43905836467474557,19,62
63,cell_01,92.03,0.8574999999999999,0.6498,0.47261538461538455,19,63
64,cell_01,95.19,0.8336,0.63865,0.4630922322887271,19,64
65,cell_01,85.96,0.8263,0.6866,0.4713846153846153,20,65
66,cell_01,84.9,0.8273999999999999,0.67,0.4484011627906977,20,66
67,cell_01,91.24,0.8339,0.6579,0.48138461538461536,20,67
68,cell_01,93.04,0.7683,0.64195,0.503834355828221,20,68
69,cell_01,89.72,0.8209000000000001,0.6583,0.47287771988967237,21,69
70,cell_01,94.07,0.7955000000000001,0.64945,0.3983559498956156,22,70
71,cell_01,95.27,0.8428,0.6334,0.47776962582538535,22,71
72,cell_01,90.79,0.8497,0.65325,0.5007692307692306,23,72
73,cell_01,90.88,0.8391,0.65665,0.4750073078047356,23,73
74,cell_01,93.29,0.8143,0.6406,0.4166996961289468,24,74
75,cell_01,87.34,0.8194,0.6726,0.4723076923076921,24,75
76,cell_01,86.14,0.8132,0.6822,0.48876923076923046,25,76
77,cell_01,88.73,0.8422,0.67425,0.47230769230769226,26,77
78,cell_01,92.55,0.8523999999999999,0.6431,0.4787692307692307,26,78
79,cell_01,87.68,0.8280000000000001,0.6689,0.47153846153846196,26,79
80,cell_01,86.68,0.821,0.65195,0.47784615384615386,26,80
81,cell_01,96.02,0.8175,0.6191,0.43085254096084397,27,81
82,cell_01,88.86,0.8502,0.6668,0.4884615384615382,28,82
83,cell_01,87.74,0.7995,0.65365,0.4941538461538463,28,83
84,cell_01,80.58,0.8300000000000001,0.71485,0.4389861882386444,28,84
85,cell_01,82.88,0.8128000000000001,0.68645,0.47400000000000014,29,85
86,cell_01,91.24,0.8124,0.6678,0.5000000000000002,29,86
87,cell_01,92.5,0.8128,0.65625,0.5264615384615386,29,87
88,cell_01,89.96,0.8421,0.6541,0.48015384615384626,30,88
89,cell_01,92.42,0.8261,0.6249,0.49076923076923074,30,89
90,cell_01,98.63,0.796,0.60655,0.46622235686155694,31,90
91,cell_01,93.22,0.8292999999999999,0.6282,0.4816923076923075,31,91
92,cell_01,94.06,0.8314999999999999,0.6488,0.466338497176777,32,92
93,cell_01,93.45,0.855,0.59735,0.4695028972247638,32,93
94,cell_01,87.34,0.8332999999999999,0.6364,0.4771796815769519,32,94
95,cell_01,90.89,0.8474,0.6438,0.43110372524581103,33,95
96,cell_01,87.3,0.803,0.6446,0.49784615384615355,33,96
97,cell_01,92.87,0.8426,0.63345,0.4766153846153846,33,97
98,cell_01,93.59,0.8308,0.64145,0.4738461538461535,33,98
99,cell_01,80.88,0.8202,0.6931,0.4983076923076918,33,99
100,cell_01,87.6,0.8510000000000001,0.66655,0.4884615384615382,33,100
101,cell_01,93.63,0.8338,0.636,0.4787692307692307,34,101
102,cell_01,93.29,0.8588,0.6483,0.5039999999999998,35,102
103,cell_01,89.96,0.8283,0.6493,0.495692307692307,36,103
104,cell_01,90.2,0.8332,0.6308,0.46526946107784434,36,104
105,cell_01,92.97,0.8439,0.63075,0.4863753996042017,36,105
106,cell_01,85.25,0.8586,0.67525,0.4432394366197185,36,106
107,cell_01,93.5,0.8319000000000001,0.6395,0.4197646429526608,37,107
108,cell_01,94.3,0.8128,0.62265,0.47754034016572183,37,108
109,cell_01,87.88,0.841,0.6489,0.4288097886540605,37,109
110,cell_01,91.62,0.8421,0.65295,0.4589568502106641,38,110
111,cell_01,97.61,0.8165,0.6007,0.44908225696804926,38,111
112,cell_01,87.02,0.8300000000000001,0.649,0.4150841750841747,38,112
113,cell_01,87.54,0.8766999999999999,0.6717,0.4525516055045873,38,113
114,cell_01,91.17,0.7747,0.6613,0.45454545454545486,38,114
115,cell_01,83.4,0.8026,0.70575,0.49138461538461514,38,115
116,cell_01,83.65,0.7988,0.6813,0.4767692307692313,39,116
117,cell_01,86.13,0.8391000000000001,0.6862,0.49399999999999983,39,117
118,cell_01,78.47,0.8556,0.72,0.4707091469681399,39,118
119,cell_01,86.33,0.8194999999999999,0.66895,0.4995384615384616,40,119
120,cell_01,88.15,0.8427,0.6541,0.4878461538461538,40,120
121,cell_01,83.1,0.8185,0.67435,0.4858461538461537,40,121
122,cell_01,88.85,0.8388,0.636,0.42515620755229583,40,122
123,cell_01,91.74,0.8268,0.6527,0.481846153846154,40,123
124,cell_01,88.58,0.8184,0.6338,0.4977705112960765,40,124
125,cell_01,89.67,0.8095,0.65995,0.43256328676165434,40,125
126,cell_01,92.38,0.8581000000000001,0.6337,0.5043609022556391,41,126
127,cell_01,90.94,0.8015000000000001,0.63285,0.4523677651620047,41,127
128,cell_01,83.71,0.8021,0.66035,0.4916923076923076,42,128
129,cell_01,85.82,0.7837000000000001,0.64655,0.41291076763215967,42,129
130,cell_01,92.14,0.801,0.6018,0.46081771720613324,43,130
131,cell_01,94.31,0.8160000000000001,0.6136,0.4741862225586673,43,131
132,cell_01,96.82,0.8219,0.6213,0.43366144461389183,44,132
133,cell_01,94.68,0.842,0.62795,0.48630769230769244,44,133
134,cell_01,82.94,0.8646,0.66035,0.4919999999999999,45,134
135,cell_01,85.45,0.8016,0.65545,0.4632424200470719,46,135
136,cell_01,81.99,0.8211999999999999,0.67665,0.5007692307692306,46,136
137,cell_01,89.62,0.8427,0.6688,0.4723492110308215,47,137
138,cell_01,81.96,0.8661,0.6768,0.47635234998522,48,138
139,cell_01,83.64,0.8463,0.6652,0.4378089512358051,49,139
140,cell_01,88.72,0.8629,0.65525,0.49323076923076964,49,140
141,cell_01,84.96,0.8188,0.6775,0.42962760131434846,49,141
142,cell_01,82.68,0.8703000000000001,0.673,0.48307692307692324,50,142
143,cell_01,88.03,0.8224,0.6594,0.4961538461538464,50,143
144,cell_01,80.22,0.8434,0.6818,0.4896923076923075,50,144
145,cell_01,92.14,0.8698,0.59135,0.4912307692307695,51,145
146,cell_01,85.3,0.8418,0.64275,0.50626678603402,51,146
147,cell_01,87.59,0.8292,0.64235,0.5189230769230767,51,147
148,cell_01,88.48,0.8106,0.6788,0.46579330422125154,52,148
149,cell_01,83.05,0.8589,0.6893,0.5163076923076922,52,149
150,cell_01,95.03,0.85,0.61375,0.4855384615384621,53,150
151,cell_01,82.09,0.8725999999999999,0.6853,0.5013846153846152,54,151
152,cell_01,94.07,0.8925,0.6207,0.47728295096716183,55,152
153,cell_01,95.75,0.7982,0.62145,0.49138461538461514,56,153
154,cell_01,87.19,0.7936000000000001,0.64415,0.4939389289550405,57,154
155,cell_01,93.13,0.8457,0.64205,0.48831775700934577,57,155
156,cell_01,93.62,0.842,0.61105,0.45149836670927407,57,156
157,cell_01,87.31,0.8351000000000001,0.66625,0.5216923076923073,57,157
158,cell_01,83.21,0.8,0.667,0.4961538461538459,58,158
159,cell_01,85.27,0.8386,0.67635,0.5249311716121138,58,159
160,cell_01,89.22,0.8103,0.63915,0.4679334916864607,58,160
161,cell_01,92.04,0.8378,0.649,0.48707692307692346,59,161
162,cell_01,91.13,0.8456,0.64925,0.4926153846153844,60,162
163,cell_01,81.11,0.8377,0.6922,0.5043076923076927,60,163
164,cell_01,102.78,0.8230999999999999,0.57915,0.490307692307692,60,164
165,cell_01,93.92,0.8571,0.6261,0.5035384615384618,60,165
166,cell_01,87.93,0.8096,0.65015,0.47701736465781436,60,166
167,cell_01,87.12,0.8413999999999999,0.62285,0.5027692307692309,60,167
168,cell_01,85.7,0.8345,0.64355,0.49461538461538435,61,168
169,cell_01,83.32,0.7845,0.64685,0.532461538461539,61,169
170,cell_01,85.85,0.8402,0.63355,0.5049230769230766,62,170
171,cell_01,91.13,0.7949,0.6516,0.48707692307692263,62,171
172,cell_01,82.45,0.8646,0.6657,0.4883076923076924,63,172
173,cell_01,89.89,0.8278,0.6441,0.486153846153846,64,173
174,cell_01,90.15,0.8437,0.63865,0.5129230769230765,64,174
175,cell_01,88.85,0.7799,0.64585,0.4870742092457422,65,175
176,cell_01,84.55,0.8527,0.6498,0.49646153846153884,65,176
177,cell_01,93.7,0.8332,0.6065,0.43942533499102066,65,177
178,cell_01,86.3,0.7968,0.66155,0.5194246737841041,65,178
179,cell_01,88.9,0.8307,0.6387,0.5186153846153846,65,179
180,cell_01,80.11,0.8396,0.68155,0.48587139147701225,66,180
181,cell_01,86.8,0.8035000000000001,0.6648,0.4843035659859799,66,181
182,cell_01,79.68,0.8159,0.67925,0.44646123540171656,66,182
183,cell_01,90.75,0.7929,0.6247,0.49307692307692313,67,183
184,cell_01,87.17,0.829,0.6407,0.4633933759442185,67,184
185,cell_01,88.35,0.8164,0.61895,0.499463272504217,68,185
186,cell_01,92.19,0.8482,0.63235,0.4630140767319895,69,186
187,cell_01,80.17,0.8433,0.6813,0.4481455563331003,69,187
188,cell_01,85.77,0.8101999999999999,0.6872,0.4812064261897545,69,188
189,cell_01,93.84,0.8571,0.6213,0.49553846153846115,69,189
190,cell_01,87.48,0.835,0.63855,0.4839330667851325,69,190
191,cell_01,85.06,0.8500000000000001,0.6481,0.5213846153846158,69,191
192,cell_01,81.73,0.848,0.66465,0.45149863760218034,70,192
193,cell_01,97.09,0.8081,0.606,0.500076464291176,71,193
194,cell_01,93.24,0.8476,0.6099,0.491076923076923,71,194
195,cell_01,80.94,0.8339000000000001,0.66225,0.4986153846153848,71,195
196,cell_01,93.84,0.8253999999999999,0.60125,0.4895384615384615,71,196
197,cell_01,85.3,0.7953,0.63885,0.4830333431690763,71,197
198,cell_01,86.85,0.8473,0.65405,0.49738461538461565,71,198
199,cell_01,85.81,0.8130999999999999,0.6604,0.46786778266420714,71,199
200,cell_01,83.83,0.8146,0.64645,0.48815384615384594,71,200
201,cell_01,90.78,0.8304,0.64085,0.4846130408287628,72,201
202,cell_01,81.68,0.8324,0.6711,0.4535689045936395,73,202
203,cell_01,86.37,0.8595,0.65715,0.5079999999999995,73,203
204,cell_01,89.68,0.7983,0.6338,0.4288948069241009,73,204
205,cell_01,91.0,0.8523000000000001,0.65095,0.511846153846154,73,205
206,cell_01,85.41,0.814,0.6596,0.4841704718417044,74,206
207,cell_01,83.97,0.8301999999999999,0.69295,0.5005894488653112,74,207
208,cell_01,82.81,0.8543999999999999,0.66965,0.4642284715139153,74,208
209,cell_01,85.93,0.8431,0.68035,0.47883079704685866,75,209
210,cell_01,86.34,0.8118,0.63475,0.4759931408973992,75,210
211,cell_01,89.71,0.8506,0.6369,0.49844651575676874,75,211
212,cell_01,82.9,0.8259000000000001,0.6441,0.461184121392765,75,212
213,cell_01,90.21,0.8148,0.6464,0.5255139772223045,76,213
214,cell_01,93.42,0.815,0.6248,0.43678160919540227,76,214
215,cell_01,81.46,0.8203,0.68165,0.47518342684505877,77,215
216,cell_01,83.2,0.8139,0.6721,0.5218461538461538,78,216
217,cell_01,88.13,0.8401,0.64235,0.40955675121701257,78,217
218,cell_01,81.73,0.8119,0.66605,0.494769230769231,79,218
219,cell_01,86.76,0.8014,0.65555,0.46205849889624695,79,219
220,cell_01,85.28,0.8230999999999999,0.668,0.5223399355135879,80,220
221,cell_01,90.37,0.8144,0.6164,0.4896159317211952,80,221
222,cell_01,82.84,0.8284,0.64635,0.5000000000000002,81,222
223,cell_01,89.54,0.8172999999999999,0.64855,0.4715984147952443,81,223
224,cell_01,80.83,0.8112,0.6656,0.49276923076923074,82,224
225,cell_01,88.75,0.8109,0.6343,0.4660447249279738,82,225
226,cell_01,90.17,0.8462999999999999,0.5875,0.5136180979312398,82,226
227,cell_01,85.03,0.8241,0.62295,0.4833524684270949,83,227
228,cell_01,81.64,0.8385,0.64845,0.5044615384615385,83,228
229,cell_01,83.94,0.8511,0.6516,0.4967692307692303,84,229
230,cell_01,81.57,0.8180000000000001,0.6921,0.49440715883668934,84,230
231,cell_01,83.41,0.8112,0.66455,0.49697519661222056,85,231
232,cell_01,86.66,0.8222,0.65205,0.4762177650429797,85,232
233,cell_01,86.99,0.8398,0.6492,0.503846153846154,85,233
234,cell_01,78.63,0.8175999999999999,0.6776,0.49862047823421196,85,234
235,cell_01,83.16,0.8376,0.63525,0.4790579607953739,86,235
236,cell_01,86.7,0.8624,0.6465,0.5190769230769232,86,236
237,cell_01,90.4,0.8122,0.62275,0.48491537895511394,86,237
238,cell_01,81.2,0.8137,0.68545,0.5030769230769229,86,238
239,cell_01,82.02,0.8236,0.6598,0.5355384615384617,87,239
240,cell_01,90.12,0.8072,0.6323,0.5165692007797271,87,240
241,cell_01,81.55,0.8358,0.64715,0.47462392801912023,87,241
242,cell_01,85.17,0.7867999999999999,0.66275,0.45804245619034023,88,242
243,cell_01,82.56,0.8010999999999999,0.64375,0.4980000000000002,89,243
244,cell_01,88.12,0.8623,0.63665,0.48155087921591216,89,244
245,cell_01,86.62,0.8059999999999999,0.63365,0.4976925295644649,89,245
246,cell_01,85.91,0.8106,0.65845,0.5033846153846152,89,246
247,cell_01,82.38,0.8502,0.64105,0.5101538461538467,90,247
248,cell_01,87.14,0.8306,0.63865,0.498153846153846,90,248
249,cell_01,86.57,0.8149,0.6166,0.5130799248446307,90,249
250,cell_01,86.5,0.8169,0.65195,0.4993846153846151,90,250
251,cell_01,81.43,0.8311999999999999,0.64545,0.5064615384615386,91,251
252,cell_01,82.62,0.7996,0.64195,0.5099999999999996,92,252
253,cell_01,85.82,0.8285,0.65495,0.46963562753036464,93,253
254,cell_01,78.9,0.8573999999999999,0.6687,0.516307692307692,94,254
255,cell_01,79.85,0.8329,0.66755,0.5041260315078775,95,255
256,cell_01,85.51,0.8391000000000001,0.6638,0.4566011235955054,95,256
257,cell_01,87.96,0.8328,0.644,0.5044615384615386,96,257
258,cell_01,90.1,0.8623000000000001,0.63585,0.5196923076923079,96,258
259,cell_01,86.55,0.8328,0.6239,0.527230769230769,97,259
260,cell_01,87.15,0.8048000000000001,0.63515,0.48445440956651725,98,260
261,cell_01,86.78,0.8235,0.6505,0.45694620030903194,99,261
262,cell_01,84.06,0.8519,0.63035,0.5203076923076922,99,262
263,cell_01,86.22,0.8623,0.6524,0.4885777450257923,100,263
264,cell_01,84.79,0.8328,0.62585,0.4610889395667048,100,264
265,cell_01,93.51,0.8071,0.6085,0.5203076923076925,100,265
266,cell_01,82.77,0.8288,0.6705,0.5136923076923081,101,266
267,cell_01,85.56,0.8402,0.63815,0.5167685198986439,101,267
268,cell_01,86.96,0.8192,0.62905,0.5056196613217445,102,268
269,cell_01,85.26,0.7971,0.62265,0.4894713591518183,103,269
270,cell_01,81.52,0.8190000000000001,0.6606,0.49129793510324465,103,270
271,cell_01,81.97,0.8715999999999999,0.68435,0.5373846153846153,103,271
272,cell_01,85.33,0.8117,0.6399,0.46898227558604927,103,272
273,cell_01,84.89,0.7792000000000001,0.6446,0.4640033879164313,104,273
274,cell_01,78.73,0.8524,0.6768,0.4932504171090545,105,274
275,cell_01,92.37,0.8454999999999999,0.60475,0.5013846153846152,105,275
276,cell_01,77.5,0.845,0.69915,0.507692307692308,105,276
277,cell_01,74.3,0.8117,0.7111,0.5222070638168864,106,277
278,cell_01,97.69,0.8396,0.58235,0.5213846153846151,106,278
279,cell_01,84.28,0.8207,0.64755,0.5370769230769229,107,279
280,cell_01,86.85,0.8166,0.63205,0.5020000000000004,107,280
281,cell_01,89.26,0.7793,0.6434,0.48287520211671314,107,281
282,cell_01,84.54,0.8317,0.63955,0.5137475315205833,107,282
283,cell_01,85.08,0.8482000000000001,0.6703,0.5181538461538459,108,283
284,cell_01,85.64,0.8593,0.6472,0.49962546816479386,109,284
285,cell_01,88.05,0.8576,0.62725,0.5155384615384611,110,285
286,cell_01,82.07,0.8420000000000001,0.6457,0.5207161882213674,111,286
287,cell_01,78.48,0.7666,0.66285,0.5127692307692308,112,287
288,cell_01,87.88,0.8171,0.6204,0.5010769230769228,112,288
289,cell_01,84.63,0.8120999999999999,0.60885,0.5498461538461542,112,289
290,cell_01,74.47,0.8498,0.6998,0.5041538461538464,113,290
291,cell_01,87.13,0.8479,0.63395,0.5263481333538178,113,291
292,cell_01,85.76,0.8198000000000001,0.64655,0.5003042287800425,114,292
293,cell_01,82.14,0.7763,0.64005,0.5306153846153847,114,293
294,cell_01,83.87,0.8088,0.6637,0.516307692307692,114,294
295,cell_01,81.81,0.819,0.6943,0.507692307692307,115,295
296,cell_01,83.41,0.8126,0.6645,0.44041784885220575,115,296
297,cell_01,91.51,0.8051,0.61205,0.5132307692307686,116,297
298,cell_01,90.29,0.8555,0.6154,0.5178461538461534,116,298
299,cell_01,82.72,0.8572000000000001,0.64005,0.416032408544071,117,299
300,cell_01,83.07,0.8396,0.6433,0.5283159463487336,118,300
301,cell_01,93.6,0.8269,0.60695,0.5100000000000002,118,301
302,cell_01,81.9,0.8394,0.6705,0.49068053749458146,119,302
303,cell_01,89.45,0.8586,0.62285,0.5092307692307693,119,303
304,cell_01,83.15,0.8152,0.68735,0.5152430255967786,119,304
305,cell_01,75.87,0.8553,0.6955,0.506,120,305
306,cell_01,82.37,0.8634999999999999,0.6438,0.5078461538461544,120,306
307,cell_01,83.25,0.834,0.66095,0.45010266940451715,120,307
308,cell_01,82.97,0.8333999999999999,0.6192,0.4869526758071646,121,308
309,cell_01,81.66,0.8459,0.6656,0.4725164614944179,122,309
310,cell_01,87.31,0.8002,0.63755,0.4912907548012505,123,310
311,cell_01,87.73,0.8713000000000001,0.6228,0.552,124,311
312,cell_01,82.66,0.8563999999999999,0.64275,0.4910373200117539,124,312
313,cell_01,86.77,0.8292,0.63835,0.4631949331456719,124,313
314,cell_01,81.4,0.8164,0.64185,0.5197929354445802,125,314
315,cell_01,83.12,0.8107,0.67375,0.4862856370760702,125,315
316,cell_01,82.21,0.8573000000000001,0.63035,0.5109731446722492,125,316
317,cell_01,80.89,0.849,0.6934,0.49909173478655744,125,317
318,cell_01,87.45,0.8321999999999999,0.61685,0.4983398732266828,126,318
319,cell_01,77.69,0.8187,0.6904,0.5470462850182708,126,319
320,cell_01,86.71,0.7929999999999999,0.6246,0.5103076923076926,126,320
321,cell_01,80.6,0.8411,0.64995,0.5136923076923076,127,321
322,cell_01,84.49,0.833,0.63775,0.5437216338880483,128,322
323,cell_01,87.71,0.759,0.6414,0.5235384615384615,129,323
324,cell_01,83.08,0.836,0.67005,0.49452691557954725,129,324
325,cell_01,76.3,0.8226,0.6875,0.5143603133159265,130,325
326,cell_01,80.77,0.8299,0.67975,0.4928125453753447,131,326
327,cell_01,86.77,0.8088,0.6399,0.48601961645439945,131,327
328,cell_01,84.61,0.8018,0.6546,0.5145808019441068,132,328
329,cell_01,84.58,0.8160999999999999,0.63045,0.527076923076923,133,329
330,cell_01,82.04,0.817,0.6252,0.4480800432666305,134,330
331,cell_01,90.41,0.8489,0.62135,0.5087692307692303,134,331
332,cell_01,83.59,0.7963,0.63905,0.5152307692307696,134,332
333,cell_01,81.29,0.7849,0.65625,0.5069230769230768,134,333
334,cell_01,91.87,0.8201,0.6022,0.5083076923076922,134,334
335,cell_01,80.95,0.824,0.64885,0.455858085808581,134,335
336,cell_01,80.37,0.8219,0.6879,0.4885305157792297,135,336
337,cell_01,76.1,0.831,0.67805,0.5050580184468909,135,337
338,cell_01,86.84,0.8192,0.63535,0.5347692307692306,135,338
339,cell_01,91.72,0.8254,0.6151,0.49831105889264227,135,339
340,cell_01,86.08,0.8012999999999999,0.6615,0.5147621232981491,136,340
341,cell_01,95.24,0.8463999999999999,0.59205,0.5127692307692312,137,341
342,cell_01,82.65,0.8285,0.67775,0.4988753936122355,138,342
343,cell_01,81.45,0.7874,0.64465,0.5183076923076921,139,343
344,cell_01,80.9,0.8166,0.6958,0.5531240567461514,139,344
345,cell_01,92.54,0.8054,0.60685,0.5062102393214173,139,345
346,cell_01,80.12,0.8532,0.67295,0.487062628638636,139,346
347,cell_01,82.2,0.8299,0.6475,0.5210769230769227,140,347
348,cell_01,80.44,0.8298,0.6417,0.5094807467911318,140,348
349,cell_01,87.61,0.7857999999999999,0.61575,0.5267692307692309,140,349
350,cell_01,82.65,0.786,0.6649,0.5086153846153847,141,350
351,cell_01,79.71,0.8662000000000001,0.6669,0.5266153846153844,142,351
352,cell_01,76.08,0.8267,0.69465,0.5670769230769236,142,352
353,cell_01,80.04,0.808,0.6752,0.5184075342465755,143,353
354,cell_01,80.57,0.8392,0.63515,0.5100000000000002,144,354
355,cell_01,90.09,0.8547,0.6249,0.513384615384616,144,355
356,cell_01,85.21,0.8078,0.6158,0.4658341518170337,144,356
357,cell_01,75.53,0.8039,0.68685,0.5313846153846157,144,357
358,cell_01,80.94,0.8397,0.63055,0.5132307692307695,145,358
359,cell_01,80.53,0.8195,0.687,0.5133846153846153,145,359
360,cell_01,83.12,0.8485,0.66315,0.48308270676691706,145,360
361,cell_01,78.2,0.852,0.65825,0.47927199191102177,145,361
362,cell_01,80.63,0.8293999999999999,0.64235,0.5179793274130148,145,362
363,cell_01,79.85,0.8507,0.6665,0.4926872507017283,145,363
364,cell_01,79.74,0.8537,0.6496,0.5087960838305035,145,364
365,cell_01,85.29,0.8558,0.64075,0.5124615384615384,146,365
366,cell_01,76.37,0.8406,0.6674,0.5127692307692308,146,366
367,cell_01,82.46,0.8262,0.6464,0.46857942617214837,147,367
368,cell_01,83.94,0.8622,0.63005,0.48474280732345204,147,368
369,cell_01,79.87,0.8542,0.665,0.5355384615384617,147,369
370,cell_01,81.33,0.8742,0.6484,0.5348159509202453,147,370
371,cell_01,77.38,0.8221,0.6622,0.5501538461538464,148,371
372,cell_01,81.05,0.8902,0.63865,0.5281538461538464,149,372
373,cell_01,81.64,0.8437,0.61975,0.5311883442100471,149,373
374,cell_01,73.95,0.8089999999999999,0.6934,0.521692307692308,150,374
375,cell_01,80.69,0.8041,0.68865,0.5304615384615382,151,375
376,cell_01,77.51,0.8837,0.6721,0.5610769230769231,151,376
377,cell_01,81.34,0.8096,0.6403,0.5310769230769232,152,377
378,cell_01,79.58,0.8635,0.6425,0.5246153846153842,153,378
379,cell_01,79.43,0.8440000000000001,0.68455,0.5346153846153849,153,379
380,cell_01,86.38,0.8267,0.64115,0.5143076923076928,153,380
381,cell_01,86.8,0.8109999999999999,0.6342,0.49553113553113554,153,381
382,cell_01,77.13,0.8303,0.6968,0.5450769230769227,153,382
383,cell_01,84.18,0.8328,0.6488,0.49491825011047336,153,383
384,cell_01,75.46,0.8108,0.6942,0.5421538461538464,153,384
385,cell_01,89.35,0.8758999999999999,0.61505,0.5623076923076921,153,385
386,cell_01,82.48,0.8432000000000001,0.66295,0.5580295867012351,153,386
387,cell_01,71.42,0.855,0.7018,0.5359999999999998,153,387
388,cell_01,81.16,0.8628,0.65075,0.4957163958641063,154,388
389,cell_01,79.78,0.8383,0.6434,0.5261538461538462,154,389
390,cell_01,81.99,0.8254,0.6208,0.4947549935335538,155,390
391,cell_01,81.4,0.8205,0.67705,0.5133846153846151,155,391
392,cell_01,79.76,0.8263,0.63075,0.4771725216896604,156,392
393,cell_01,82.95,0.8098,0.64765,0.5410769230769231,157,393
394,cell_01,89.79,0.8317,0.61915,0.5224615384615382,158,394
395,cell_01,76.41,0.8402000000000001,0.6889,0.5369899865490954,158,395
396,cell_01,76.74,0.8174,0.67885,0.513124470787468,158,396
397,cell_01,82.23,0.8332999999999999,0.6492,0.49140987182983337,158,397
398,cell_01,87.52,0.8337,0.62115,0.5183254102131575,158,398
399,cell_01,74.46,0.83,0.6884,0.4681223884620565,159,399
400,cell_01,80.02,0.8132,0.64085,0.5221538461538461,160,400
401,cell_01,85.64,0.861,0.62235,0.5131914893617022,161,401
402,cell_01,90.69,0.8067,0.60595,0.5207692307692303,161,402
403,cell_01,81.18,0.8611,0.63385,0.5028315946348735,162,403
404,cell_01,84.55,0.8474,0.61365,0.538769230769231,163,404
405,cell_01,87.09,0.8423,0.63445,0.5358461538461539,164,405
406,cell_01,76.06,0.7954000000000001,0.6686,0.5175230175230174,164,406
407,cell_01,78.17,0.8491,0.6406,0.5266153846153843,164,407
408,cell_01,80.74,0.8551,0.6589,0.5011172352152543,164,408
409,cell_01,78.45,0.8207,0.6319,0.506614897900489,164,409
410,cell_01,77.94,0.819,0.65165,0.5319999999999994,164,410
411,cell_01,76.03,0.8448,0.698,0.5436923076923074,164,411
412,cell_01,83.29,0.8062,0.6413,0.524461538461539,165,412
413,cell_01,79.9,0.9055,0.6596,0.5579999999999996,165,413
414,cell_01,85.35,0.8395,0.61085,0.5310769230769234,165,414
415,cell_01,76.77,0.8238000000000001,0.688,0.5157991146389862,166,415
416,cell_01,83.7,0.8049,0.63805,0.5490769230769231,167,416
417,cell_01,80.11,0.7931,0.67625,0.48752896279133223,168,417
418,cell_01,83.11,0.8286,0.6469,0.552,169,418
419,cell_01,80.8,0.8088000000000001,0.6653,0.49180100055586434,169,419
420,cell_01,81.51,0.8452000000000001,0.6668,0.5213846153846149,169,420
421,cell_01,85.17,0.8073,0.6387,0.5214198286413706,169,421
422,cell_01,74.83,0.8387,0.6773,0.48322053017484456,170,422
423,cell_01,87.15,0.8509,0.63105,0.5299363057324843,171,423
424,cell_01,80.97,0.8524,0.66945,0.5284615384615381,171,424
425,cell_01,80.38,0.7981,0.64025,0.528404898922827,171,425
426,cell_01,75.11,0.8298,0.65875,0.5076005961251859,171,426
427,cell_01,82.68,0.7943,0.63845,0.5335384615384614,171,427
428,cell_01,79.59,0.8391000000000001,0.65125,0.5091069330199764,171,428
429,cell_01,85.75,0.792,0.62315,0.4739604360113037,171,429
430,cell_01,79.94,0.8273,0.6562,0.5277612826603327,172,430
431,cell_01,77.14,0.8133999999999999,0.6511,0.513931888544892,173,431
432,cell_01,79.87,0.8275,0.6365,0.5239906377998824,173,432
433,cell_01,83.83,0.8276,0.6486,0.5203076923076922,174,433
434,cell_01,76.26,0.8071,0.65335,0.5145616641901936,175,434
435,cell_01,83.99,0.8393,0.6346,0.5435384615384615,175,435
436,cell_01,79.0,0.7987,0.6468,0.5467692307692308,175,436
437,cell_01,83.1,0.7928000000000001,0.62485,0.47262894077298545,176,437
438,cell_01,73.75,0.8525,0.70865,0.5310769230769234,176,438
439,cell_01,75.39,0.8622,0.6765,0.5207692307692303,176,439
440,cell_01,80.79,0.8195,0.65685,0.5087620124364046,177,440
441,cell_01,77.94,0.8512,0.6793,0.5379999999999999,177,441
442,cell_01,82.89,0.8371999999999999,0.6005,0.5570769230769229,178,442
443,cell_01,88.12,0.8113,0.58605,0.4769122807017541,178,443
444,cell_01,83.36,0.8407,0.64,0.5295921496473478,178,444
445,cell_01,86.82,0.8271,0.61555,0.520923076923077,179,445
446,cell_01,81.59,0.8362,0.6441,0.5019196692262258,179,446
447,cell_01,81.11,0.8058000000000001,0.65515,0.5515384615384613,180,447
448,cell_01,73.78,0.8157,0.673,0.5166437414030262,180,448
449,cell_01,80.83,0.8565,0.62155,0.5261538461538463,180,449
450,cell_01,79.93,0.8527,0.66,0.4844128113879005,180,450
451,cell_01,81.18,0.8326,0.65035,0.4616946399566865,180,451
452,cell_01,80.82,0.8609,0.6587,0.5259999999999997,181,452
453,cell_01,78.55,0.866,0.637,0.550461538461538,182,453
454,cell_01,75.45,0.8142999999999999,0.6846,0.5200179265013445,182,454
455,cell_01,81.52,0.8256,0.6474,0.534153846153846,182,455
1,cell_02,68.25,0.8486,0.87195,0.34353929479385426,1,1
2,cell_02,67.43,0.8482,0.90585,0.33555555555555566,2,2
3,cell_02,66.65,0.8699,0.8995,0.3297029702970292,3,3
4,cell_02,62.68,0.8806,0.9186,0.35101816180517315,4,4
5,cell_02,66.81,0.8251999999999999,0.92665,0.35400000000000004,5,5
6,cell_02,66.6,0.8456999999999999,0.91145,0.3267510364390138,6,6
7,cell_02,62.4,0.8401000000000001,0.9215,0.3116991353265964,7,7
8,cell_02,68.26,0.8721,0.89125,0.3484444444444445,8,8
9,cell_02,59.98,0.8845999999999999,0.9706,0.36155555555555563,9,9
10,cell_02,65.47,0.8714999999999999,0.86955,0.33622222222222226,10,10
11,cell_02,67.96,0.8569,0.8868,0.32014426646865396,11,11
12,cell_02,65.74,0.873,0.92255,0.36155555555555524,12,12
13,cell_02,65.43,0.8732,0.9188,0.32615715823466085,13,13
14,cell_02,62.32,0.8663,0.9122,0.33944444444444427,14,14
15,cell_02,65.29,0.8620000000000001,0.9169,0.3322004166209846,15,15
16,cell_02,66.51,0.8733,0.8479,0.3423333333333333,16,16
17,cell_02,66.24,0.8445,0.93975,0.3349999999999998,17,17
18,cell_02,64.74,0.8911,0.8949,0.31264085228436767,18,18
19,cell_02,66.09,0.8487,0.93115,0.3511111111111109,19,19
20,cell_02,66.52,0.8384999999999999,0.84915,0.3370117927079954,20,20
21,cell_02,63.04,0.8744999999999999,0.9064,0.3064058382323128,21,21
22,cell_02,66.84,0.8775999999999999,0.8859,0.3237718077705231,22,22
23,cell_02,66.88,0.8639,0.9143,0.34355555555555567,23,23
24,cell_02,68.53,0.8926999999999999,0.90795,0.3373333333333332,24,24
25,cell_02,65.47,0.8654,0.90915,0.34144444444444455,25,25
26,cell_02,67.22,0.8942,0.87355,0.35415289711390163,26,26
27,cell_02,62.96,0.9039,0.8986,0.33483318700614556,27,27
28,cell_02,66.51,0.8695,0.8955,0.3384444444444447,28,28
29,cell_02,64.18,0.9043,0.9124,0.33733333333333365,29,29
30,cell_02,66.69,0.8572,0.92475,0.3435555555555552,30,30
31,cell_02,65.08,0.8439000000000001,0.90375,0.33955555555555567,31,31
32,cell_02,69.62,0.8408,0.8681,0.3058446757405926,32,32
33,cell_02,67.6,0.8672,0.9027,0.33900000000000036,33,33
34,cell_02,58.83,0.8419,0.9653,0.3455555555555555,34,34
35,cell_02,62.7,0.8409,0.94115,0.33688888888888874,35,35
36,cell_02,73.94,0.851,0.82565,0.33494312084138234,36,36
37,cell_02,64.75,0.9253,0.9016,0.33988888888888924,37,37
38,cell_02,64.22,0.8365999999999999,0.9233,0.3393333333333335,38,38
39,cell_02,68.56,0.8812,0.89545,0.35066666666666646,39,39
40,cell_02,64.64,0.8418,0.8885,0.34766666666666657,40,40
41,cell_02,68.13,0.8458,0.89335,0.3486388979993442,41,41
42,cell_02,63.7,0.8822,0.9138,0.3010056081995746,42,42
43,cell_02,68.18,0.8504,0.8713,0.3358490566037736,43,43
44,cell_02,61.78,0.8091999999999999,0.9297,0.34200000000000036,44,44
45,cell_02,65.06,0.8143,0.8986,0.34277777777777774,45,45
46,cell_02,63.72,0.8603000000000001,0.8766,0.34166666666666634,46,46
47,cell_02,60.14,0.8904000000000001,0.9281,0.34205188427458083,47,47
48,cell_02,67.16,0.8541000000000001,0.86135,0.35214132762312633,48,48
49,cell_02,64.71,0.8746,0.8861,0.34577777777777763,49,49
50,cell_02,66.88,0.8516,0.8857,0.3220568335588635,50,50
51,cell_02,58.45,0.8514,0.9536,0.35545444456775055,51,51
52,cell_02,63.94,0.8967999999999999,0.88285,0.32807839795483584,52,52
53,cell_02,67.07,0.8581000000000001,0.84615,0.3572365544381285,53,53
54,cell_02,65.44,0.8654,0.88545,0.34277777777777774,54,54
55,cell_02,62.15,0.8773,0.9114,0.3438888888888888,55,55
56,cell_02,61.2,0.8798,0.9196,0.35133333333333316,56,56
57,cell_02,61.51,0.8565,0.9569,0.3551639953295828,57,57
58,cell_02,64.27,0.8249,0.93515,0.36377777777777764,58,58
59,cell_02,65.59,0.8766,0.9047,0.34457700650759254,59,59
60,cell_02,64.97,0.8672,0.8777,0.3425555555555555,60,60
61,cell_02,64.13,0.8796,0.9406,0.32928647497337565,61,61
62,cell_02,66.05,0.8823,0.8908,0.33912188728702514,62,62
63,cell_02,66.58,0.8508,0.88355,0.35966666666666675,63,63
64,cell_02,63.61,0.8422,0.88955,0.37233333333333346,64,64
65,cell_02,65.38,0.8946000000000001,0.8687,0.33646735685611684,65,65
66,cell_02,65.59,0.8516,0.88835,0.3458888888888886,66,66
67,cell_02,63.03,0.8561,0.89415,0.35988888888888904,67,67
68,cell_02,64.06,0.8641,0.91825,0.3466666666666665,68,68
69,cell_02,63.64,0.8771,0.8903,0.3091288367934835,69,69
70,cell_02,64.01,0.8969,0.8683,0.3467777777777778,70,70
71,cell_02,65.24,0.8838,0.8599,0.33455882352941185,71,71
72,cell_02,61.39,0.822,0.90525,0.34414019715224536,72,72
73,cell_02,63.92,0.8998999999999999,0.9018,0.3653333333333332,73,73
74,cell_02,61.97,0.88,0.88615,0.3602422907488989,74,74
75,cell_02,65.22,0.8206,0.8883,0.3683333333333334,75,75
76,cell_02,62.06,0.8755,0.9097,0.36955555555555536,76,76
77,cell_02,61.83,0.8738,0.93475,0.35977777777777814,77,77
78,cell_02,68.11,0.8506,0.8805,0.38911111111111113,78,78
79,cell_02,66.6,0.8572,0.9022,0.32825396825396824,79,79
80,cell_02,62.65,0.8868,0.92395,0.34643925130136205,80,80
81,cell_02,64.9,0.8808,0.8806,0.33368255631220517,81,81
82,cell_02,65.38,0.864,0.8996,0.3495156081808395,82,82
83,cell_02,66.49,0.8219,0.89905,0.3530000000000003,83,83
84,cell_02,66.23,0.8802,0.8672,0.34722222222222227,84,84
85,cell_02,60.97,0.8701000000000001,0.9042,0.34755555555555573,85,85
86,cell_02,65.21,0.8615999999999999,0.9008,0.36677777777777765,86,86
87,cell_02,59.72,0.8403999999999999,0.9139,0.36044444444444484,87,87
88,cell_02,67.85,0.8581,0.87035,0.36074065909842395,88,88
89,cell_02,61.04,0.8859999999999999,0.90025,0.33688374923919656,89,89
90,cell_02,58.97,0.8745999999999999,0.93455,0.3424006908462863,90,90
91,cell_02,61.99,0.8662,0.95195,0.3477777777777774,91,91
92,cell_02,63.2,0.8372,0.932,0.3455555555555556,92,92
93,cell_02,65.99,0.8641,0.87055,0.36088888888888926,93,93
94,cell_02,65.14,0.8718,0.9113,0.3322700691121743,94,94
95,cell_02,66.89,0.8924,0.8879,0.34788888888888875,95,95
96,cell_02,62.3,0.8236,0.9071,0.34106353144213175,96,96
97,cell_02,67.72,0.8570000000000001,0.8807,0.38733333333333314,97,97
98,cell_02,65.54,0.8426,0.85715,0.3422374185276205,98,98
99,cell_02,61.84,0.8599,0.8914,0.3611111111111113,99,99
100,cell_02,64.12,0.8796,0.91805,0.3218730871250766,100,100
101,cell_02,62.37,0.8992,0.9072,0.3516666666666667,101,101
102,cell_02,65.09,0.9090999999999999,0.91005,0.35500691710120225,102,102
103,cell_02,60.21,0.8317,0.9054,0.35,103,103
104,cell_02,59.95,0.8718,0.9101,0.35444444444444434,104,104
105,cell_02,59.5,0.8558,0.91325,0.3502222222222221,105,105
106,cell_02,64.42,0.8845000000000001,0.89315,0.3453489646104968,106,106
107,cell_02,64.96,0.8918,0.90205,0.3686206522916896,107,107
108,cell_02,59.11,0.8487,0.9436,0.3341378948473082,108,108
109,cell_02,59.7,0.8062,0.90355,0.32883347073371827,109,109
110,cell_02,62.04,0.8768,0.90105,0.3481344097752565,110,110
111,cell_02,61.82,0.8539,0.90255,0.3392512934970072,111,111
112,cell_02,63.95,0.8588,0.89455,0.35370841162816385,112,112
113,cell_02,64.85,0.87,0.8891,0.338714749973792,113,113
114,cell_02,60.08,0.8109,0.9052,0.3602821486706455,114,114
115,cell_02,63.55,0.8468,0.88735,0.35077777777777736,115,115
116,cell_02,63.59,0.8314,0.89635,0.351776482235178,116,116
117,cell_02,61.99,0.8612,0.88025,0.3463409361150148,117,117
118,cell_02,61.67,0.8341,0.9027,0.3625555555555558,118,118
119,cell_02,62.18,0.8302,0.9146,0.3605951993048771,119,119
120,cell_02,61.99,0.841,0.8947,0.3748542351319837,120,120
121,cell_02,62.59,0.8654999999999999,0.8498,0.36544444444444435,121,121
122,cell_02,59.61,0.858,0.91475,0.367222222222222,122,122
123,cell_02,63.6,0.8388,0.903,0.3433275739404413,123,123
124,cell_02,62.67,0.8409,0.87515,0.35688888888888853,124,124
125,cell_02,62.84,0.9384,0.91935,0.38644444444444426,125,125
126,cell_02,64.95,0.8574,0.86505,0.3622222222222222,126,126
127,cell_02,59.71,0.8596999999999999,0.92615,0.363222222222222,127,127
128,cell_02,63.85,0.876,0.89855,0.36022222222222205,128,128
129,cell_02,65.74,0.8585,0.8433,0.35499999999999976,129,129
130,cell_02,59.94,0.8636999999999999,0.90445,0.36055555555555563,130,130
131,cell_02,60.23,0.851,0.88985,0.3475445223961145,131,131
132,cell_02,64.01,0.8679,0.8861,0.32451323015476763,132,132
133,cell_02,63.0,0.8452000000000001,0.88155,0.34707757704569603,133,133
134,cell_02,64.23,0.847,0.8968,0.3352855051244512,134,134
135,cell_02,62.35,0.8674000000000001,0.88785,0.35777777777777786,135,135
136,cell_02,64.83,0.8456,0.8536,0.3620194432169687,136,136
137,cell_02,58.81,0.8572000000000001,0.9318,0.34972321719309674,137,137
138,cell_02,60.54,0.8503,0.8939,0.35677777777777764,138,138
139,cell_02,65.2,0.8586,0.8817,0.3886666666666662,139,139
140,cell_02,61.65,0.8513,0.8718,0.33934443619391114,140,140
141,cell_02,63.32,0.856,0.91925,0.3513513513513513,141,141
142,cell_02,61.1,0.8280000000000001,0.86755,0.35624930809254923,142,142
143,cell_02,61.68,0.8391000000000001,0.90335,0.36511111111111133,143,143
144,cell_02,60.09,0.8772,0.8854,0.3775555555555555,144,144
145,cell_02,64.25,0.8288,0.88685,0.36955555555555525,145,145
146,cell_02,61.65,0.9132,0.8724,0.35749059526443866,146,146
147,cell_02,63.13,0.842,0.8845,0.3534180543382997,147,147
148,cell_02,63.95,0.8692,0.9002,0.35955555555555535,148,148
149,cell_02,61.71,0.8311,0.9059,0.36169279684245137,149,149
150,cell_02,60.92,0.8643000000000001,0.88035,0.3506352481268326,150,150
151,cell_02,63.25,0.8752,0.89775,0.35626643295354926,151,151
152,cell_02,59.59,0.8872,0.9222,0.36655555555555536,152,152
153,cell_02,60.92,0.8884,0.85845,0.3613333333333331,153,153
154,cell_02,61.01,0.8658,0.89985,0.35328625746876663,154,154
155,cell_02,65.03,0.8654,0.87625,0.33067729083665354,155,155
156,cell_02,62.45,0.8787,0.8737,0.3731111111111109,156,156
157,cell_02,62.31,0.8573,0.90655,0.35008086253369264,157,157
158,cell_02,62.74,0.8708,0.88635,0.346964720839072,158,158
159,cell_02,62.76,0.8956999999999999,0.8696,0.3622222222222222,159,159
160,cell_02,57.78,0.8996000000000001,0.9331,0.3400877376227284,160,160
161,cell_02,61.19,0.8666,0.923,0.35412977814810953,161,161
162,cell_02,63.13,0.8636,0.8517,0.338080495356037,162,162
163,cell_02,61.41,0.852,0.86315,0.3537761404269149,163,163
164,cell_02,58.92,0.859,0.91485,0.3323182711198431,164,164
165,cell_02,63.42,0.8403999999999999,0.8929,0.3885555555555555,165,165
166,cell_02,57.01,0.851,0.9375,0.3247863247863247,166,166
167,cell_02,58.19,0.8046,0.9154,0.37073742540494464,167,167
168,cell_02,57.78,0.7972,0.9075,0.3413650465356776,168,168
169,cell_02,59.68,0.8983000000000001,0.87445,0.36888888888888877,169,169
170,cell_02,63.08,0.9027999999999999,0.9123,0.3597962216090002,170,170
171,cell_02,63.35,0.8514,0.8681,0.3402305950175008,171,171
172,cell_02,59.88,0.8627,0.93265,0.3796666666666666,172,172
173,cell_02,61.65,0.871,0.91055,0.3687777777777774,173,173
174,cell_02,61.31,0.8385,0.8794,0.37566666666666654,174,174
175,cell_02,61.29,0.869,0.9201,0.36244444444444446,175,175
176,cell_02,59.66,0.8781000000000001,0.95605,0.3745555555555555,176,176
177,cell_02,62.85,0.8787,0.89455,0.3616666666666666,177,177
178,cell_02,61.31,0.8592000000000001,0.91375,0.3126553240298224,178,178
179,cell_02,61.15,0.8356,0.8892,0.3309666294756063,179,179
180,cell_02,62.44,0.8809,0.90215,0.3726666666666666,180,180
181,cell_02,60.53,0.8564999999999999,0.8623,0.36710497952144877,181,181
182,cell_02,62.14,0.8523,0.9,0.35046281519310535,182,182
183,cell_02,59.79,0.8667,0.9011,0.3642222222222221,183,183
184,cell_02,57.84,0.8425,0.94495,0.37128712871287106,184,184
185,cell_02,66.49,0.8869,0.8551,0.35729919019479117,185,185
186,cell_02,62.07,0.9047,0.893,0.3618888888888888,186,186
187,cell_02,55.92,0.8439000000000001,0.9322,0.3646666666666669,187,187
188,cell_02,62.32,0.8667,0.89395,0.36044464010565724,188,188
189,cell_02,62.77,0.8582000000000001,0.8957,0.3797790055248615,189,189
190,cell_02,62.42,0.853,0.87915,0.3662222222222223,190,190
191,cell_02,63.85,0.8070999999999999,0.8767,0.36888888888888877,191,191
192,cell_02,65.42,0.903,0.85435,0.37111111111111134,192,192
193,cell_02,63.46,0.8324,0.88425,0.3556073281796042,193,193
194,cell_02,61.02,0.9265,0.87525,0.365333333333333,194,194
195,cell_02,59.48,0.8553,0.90295,0.3630618693303434,195,195
196,cell_02,63.59,0.8788,0.8803,0.3778888888888889,196,196
197,cell_02,63.29,0.8429,0.888,0.36737385951412554,197,197
198,cell_02,58.66,0.8768,0.8887,0.3978888888888888,198,198
199,cell_02,58.39,0.8753,0.8988,0.3599096191091025,199,199
200,cell_02,60.22,0.878,0.8868,0.3653333333333336,200,200
201,cell_02,63.85,0.8621,0.87345,0.3296868727418707,201,201
202,cell_02,62.13,0.8348,0.90215,0.38355555555555576,202,202
203,cell_02,58.66,0.8592,0.9267,0.3453383382367862,203,203
204,cell_02,57.37,0.8205,0.9032,0.37003869541182943,204,204
205,cell_02,59.15,0.8747999999999999,0.88475,0.3590987494609746,205,205
206,cell_02,62.28,0.8298,0.8969,0.3428837401737692,206,206
207,cell_02,62.23,0.8936000000000001,0.84875,0.36864990985258234,207,207
208,cell_02,57.61,0.887,0.8965,0.38888888888888895,208,208
209,cell_02,59.27,0.8746999999999999,0.89,0.3558064516129035,209,209
210,cell_02,62.86,0.8316,0.87665,0.35021139520837535,210,210
211,cell_02,60.7,0.8605,0.8812,0.38322222222222224,211,211
212,cell_02,58.67,0.9123,0.88975,0.33084799681876903,212,212
213,cell_02,57.02,0.8819,0.9248,0.369302730338301,213,213
214,cell_02,60.41,0.8906000000000001,0.9273,0.3783333333333334,214,214
215,cell_02,60.79,0.8499,0.8768,0.38155555555555554,215,215
216,cell_02,60.39,0.8320000000000001,0.88705,0.36722222222222195,216,216
217,cell_02,58.57,0.8899,0.8877,0.3828888888888893,217,217
218,cell_02,56.51,0.8916000000000001,0.92025,0.372,218,218
219,cell_02,61.17,0.8436999999999999,0.90365,0.37266666666666703,219,219
220,cell_02,60.96,0.8774,0.9023,0.36955555555555525,220,220
221,cell_02,57.95,0.8591,0.9134,0.3682526136121187,221,221
222,cell_02,62.34,0.8442,0.8851,0.37388888888888894,222,222
223,cell_02,56.58,0.8851,0.9341,0.38344444444444437,223,223
224,cell_02,61.48,0.8533000000000001,0.89995,0.37566666666666654,224,224
225,cell_02,57.54,0.8802,0.8786,0.36641969928088924,225,225
226,cell_02,58.64,0.8479,0.89425,0.3898417616465641,226,226
227,cell_02,59.92,0.8916,0.9308,0.3762222222222222,227,227
228,cell_02,62.15,0.8664000000000001,0.88935,0.3901577843981023,228,228
229,cell_02,58.85,0.8422999999999999,0.92375,0.3827777777777778,229,229
230,cell_02,60.89,0.8623,0.88435,0.37255555555555525,230,230
231,cell_02,62.54,0.8649,0.88085,0.38533333333333325,231,231
232,cell_02,59.29,0.8626,0.9165,0.35934976854343864,232,232
233,cell_02,59.24,0.8356,0.87815,0.3714193409433556,233,233
234,cell_02,57.52,0.8501,0.92055,0.3793333333333335,234,234
235,cell_02,59.42,0.8948,0.9088,0.3708502891411441,235,235
236,cell_02,60.62,0.8534999999999999,0.87815,0.3735555555555554,236,236
237,cell_02,61.2,0.9093,0.8982,0.37266666666666654,237,237
238,cell_02,59.59,0.8576,0.8863,0.3982222222222222,238,238
239,cell_02,56.61,0.8593999999999999,0.9087,0.3429069648169041,239,239
240,cell_02,54.32,0.8515,0.9472,0.3691918079718126,240,240
241,cell_02,61.32,0.8913,0.89075,0.38433333333333364,241,241
242,cell_02,55.06,0.8855000000000001,0.91335,0.357040523945968,242,242
243,cell_02,60.53,0.8572,0.9006,0.376,243,243
244,cell_02,55.66,0.8677,0.9006,0.33587031728773337,244,244
245,cell_02,58.55,0.864,0.89585,0.3878888888888889,245,245
246,cell_02,61.91,0.8313,0.87855,0.3841111111111116,246,246
247,cell_02,57.62,0.8793000000000001,0.9084,0.37500000000000033,247,247
248,cell_02,61.31,0.86,0.8928,0.3820000000000004,248,248
249,cell_02,58.13,0.8301000000000001,0.8774,0.39122222222222186,249,249
250,cell_02,57.22,0.8257,0.92535,0.32589069022425027,250,250
251,cell_02,59.37,0.8492,0.9025,0.3762419478108962,251,251
252,cell_02,61.44,0.8689,0.8943,0.36351819757365667,252,252
253,cell_02,54.31,0.9151,0.9335,0.3757777777777779,253,253
254,cell_02,60.86,0.8600000000000001,0.8541,0.3731111111111109,254,254
255,cell_02,56.97,0.8322,0.9318,0.36097971197308926,255,255
256,cell_02,62.69,0.8583000000000001,0.878,0.374888888888889,256,256
257,cell_02,59.34,0.9326,0.9053,0.3965555555555556,257,257
258,cell_02,61.06,0.8358,0.8853,0.39877777777777756,258,258
259,cell_02,59.74,0.8513999999999999,0.8769,0.3762918561389,259,259
260,cell_02,56.27,0.8841,0.93285,0.3940000000000001,260,260
261,cell_02,57.15,0.8476,0.9464,0.3680495221546483,261,261
262,cell_02,61.01,0.8453999999999999,0.89445,0.3794098069669403,262,262
263,cell_02,59.54,0.8744,0.9084,0.3498134328358208,263,263
264,cell_02,59.72,0.8240000000000001,0.9014,0.3817777777777777,264,264
265,cell_02,57.45,0.89,0.94325,0.3648590947907772,265,265
266,cell_02,59.09,0.8702,0.84715,0.3787777777777777,266,266
267,cell_02,56.45,0.8601,0.90945,0.3985415345592898,267,267
268,cell_02,62.08,0.9019,0.8818,0.41044444444444456,268,268
269,cell_02,62.03,0.8678,0.8411,0.3918109187749666,269,269
270,cell_02,56.82,0.8219000000000001,0.891,0.39222222222222247,270,270
271,cell_02,55.37,0.8233,0.9462,0.37822222222222196,271,271
272,cell_02,60.25,0.8417,0.8836,0.38011111111111107,272,272
273,cell_02,58.71,0.9156,0.91975,0.3770000000000001,273,273
274,cell_02,57.64,0.9016,0.92995,0.3983452840595698,274,274
275,cell_02,55.63,0.8788999999999999,0.8997,0.37933333333333313,275,275
276,cell_02,57.38,0.8667999999999999,0.903,0.388555555555556,276,276
277,cell_02,57.9,0.8739,0.8571,0.3949999999999997,277,277
278,cell_02,61.12,0.8154,0.8821,0.4008888888888891,278,278
279,cell_02,54.65,0.8674000000000001,0.9227,0.36074019556303244,279,279
280,cell_02,58.11,0.8532,0.9015,0.36683417085427145,280,280
281,cell_02,57.5,0.8439,0.9092,0.37822222222222207,281,281
282,cell_02,57.99,0.8811,0.90335,0.38394912838504563,282,282
283,cell_02,54.64,0.8129,0.9548,0.4023333333333331,283,283
284,cell_02,59.71,0.8981,0.88925,0.34661638809620876,284,284
285,cell_02,55.62,0.8622000000000001,0.94015,0.35150488339645203,285,285
286,cell_02,55.08,0.9117999999999999,0.90335,0.3937458709535341,286,286
287,cell_02,54.47,0.8310000000000001,0.94235,0.35279261777561916,287,287
288,cell_02,59.8,0.8571,0.8694,0.38355555555555576,288,288
289,cell_02,56.4,0.8855999999999999,0.9046,0.3835555555555557,289,289
290,cell_02,59.6,0.8783,0.89015,0.3857777777777778,290,290
291,cell_02,56.11,0.8465,0.9035,0.37977777777777794,291,291
292,cell_02,57.44,0.8674999999999999,0.93055,0.33979913351713265,292,292
293,cell_02,55.1,0.8307,0.90945,0.3779999999999998,293,293
294,cell_02,56.84,0.8602,0.9305,0.4009999999999999,294,294
295,cell_02,56.4,0.8563000000000001,0.88325,0.3896666666666669,295,295
296,cell_02,58.64,0.8588,0.87945,0.35820271682340643,296,296
297,cell_02,56.49,0.8924,0.9004,0.36677545004737316,297,297
298,cell_02,58.43,0.8758999999999999,0.89905,0.3821111111111112,298,298
299,cell_02,55.67,0.889,0.89535,0.39877777777777795,299,299
300,cell_02,59.97,0.8622,0.87605,0.3842222222222219,300,300
301,cell_02,55.56,0.8303,0.92995,0.35026873542237114,301,301
302,cell_02,60.46,0.84,0.89095,0.36643835616438364,302,302
303,cell_02,56.0,0.8555999999999999,0.93565,0.38093656592494196,303,303
304,cell_02,57.65,0.8798,0.9003,0.345546049320584,304,304
305,cell_02,57.75,0.837,0.9162,0.35083675719009916,305,305
306,cell_02,54.78,0.8628,0.91395,0.3851111111111112,306,306
307,cell_02,59.21,0.8469,0.8794,0.3984444444444445,307,307
308,cell_02,55.95,0.8321000000000001,0.9092,0.38388888888888884,308,308
309,cell_02,55.48,0.8671,0.9482,0.38133333333333325,309,309
310,cell_02,54.04,0.8623,0.9063,0.41666666666666663,310,310
311,cell_02,55.28,0.846,0.92255,0.38122222222222246,311,311
312,cell_02,56.57,0.9043000000000001,0.91735,0.39466666666666655,312,312
313,cell_02,56.36,0.8774,0.9077,0.3709914064137498,313,313
314,cell_02,55.18,0.8952,0.90465,0.3958888888888885,314,314
315,cell_02,55.98,0.8756,0.9137,0.35478696741854665,315,315
316,cell_02,57.65,0.8695999999999999,0.9191,0.38222222222222213,316,316
317,cell_02,57.09,0.8893,0.8662,0.35089674739081955,317,317
318,cell_02,55.5,0.8622000000000001,0.9062,0.3876666666666666,318,318
319,cell_02,59.8,0.8759999999999999,0.8954,0.38300000000000006,319,319
320,cell_02,59.83,0.8373999999999999,0.8902,0.3707736984028209,320,320
321,cell_02,52.22,0.8150000000000001,0.9324,0.36119987630141176,321,321
322,cell_02,57.89,0.8684000000000001,0.88165,0.3936666666666665,322,322
323,cell_02,56.27,0.8838999999999999,0.86515,0.40711111111111065,323,323
324,cell_02,57.24,0.8632,0.9199,0.40444444444444444,324,324
325,cell_02,57.88,0.8734,0.8645,0.39533333333333326,325,325
326,cell_02,59.23,0.8926,0.8518,0.38756350784183813,326,326
327,cell_02,54.35,0.8943,0.9227,0.41911111111111077,327,327
328,cell_02,56.98,0.8681,0.90395,0.4026666666666663,328,328
329,cell_02,53.59,0.8743,0.9118,0.3971111111111109,329,329
330,cell_02,58.93,0.8443,0.88895,0.3837681779298549,330,330
331,cell_02,58.38,0.8513,0.8654,0.41633333333333367,331,331
332,cell_02,58.52,0.8153999999999999,0.87035,0.3917777777777781,332,332
333,cell_02,58.6,0.8496,0.8932,0.3892222222222221,333,333
334,cell_02,56.66,0.863,0.8682,0.3969999999999999,334,334
335,cell_02,54.15,0.8714000000000001,0.9077,0.3641797197032153,335,335
336,cell_02,56.81,0.8756999999999999,0.88845,0.39,336,336
337,cell_02,57.94,0.8622,0.90465,0.3810897435897436,337,337
338,cell_02,53.69,0.9011,0.9039,0.3998670065388454,338,338
339,cell_02,57.54,0.9205,0.90965,0.3851803134933684,339,339
340,cell_02,55.41,0.878,0.9125,0.38577777777777766,340,340
341,cell_02,57.02,0.8386,0.8914,0.3931111111111113,341,341
342,cell_02,56.17,0.8805,0.9046,0.3862222222222221,342,342
343,cell_02,53.66,0.8797,0.9059,0.4157777777777773,343,343
344,cell_02,58.89,0.8301000000000001,0.8393,0.3922531369339877,344,344
345,cell_02,56.44,0.9316,0.91615,0.3769639180842997,345,345
346,cell_02,55.38,0.8419,0.90375,0.344834423953996,346,346
347,cell_02,55.33,0.8383999999999999,0.9141,0.395776343144764,347,347
348,cell_02,61.14,0.8571,0.86785,0.3986666666666667,348,348
349,cell_02,53.93,0.894,0.8921,0.37205176372364857,349,349
350,cell_02,57.72,0.8771,0.8727,0.3892222222222226,350,350
351,cell_02,54.42,0.8197,0.9186,0.35278832700379786,351,351
352,cell_02,55.9,0.8599000000000001,0.86485,0.36431799506984364,352,352
353,cell_02,60.21,0.9059,0.8768,0.39255555555555555,353,353
354,cell_02,57.96,0.8102,0.91335,0.3744258092084177,354,354
355,cell_02,56.06,0.8772000000000001,0.88425,0.38977777777777783,355,355
356,cell_02,60.25,0.8694999999999999,0.8768,0.3917342517498053,356,356
357,cell_02,51.84,0.8833,0.92265,0.3866995073891625,357,357
358,cell_02,57.3,0.8806999999999999,0.9237,0.375156969443282,358,358
359,cell_02,56.64,0.8631000000000001,0.91805,0.37415325994919557,359,359
360,cell_02,53.21,0.8585,0.9212,0.3847090064173491,360,360
361,cell_02,57.11,0.8462,0.8942,0.36389377074790075,361,361
362,cell_02,58.14,0.863,0.8949,0.3944444444444445,362,362
363,cell_02,56.01,0.8769,0.8838,0.38888888888888895,363,363
364,cell_02,54.99,0.8578,0.9042,0.39255555555555544,364,364
365,cell_02,57.65,0.8462000000000001,0.8868,0.36654000205402076,365,365
366,cell_02,54.92,0.863,0.88915,0.402444444444444,366,366
367,cell_02,52.92,0.8752,0.915,0.3836325586518341,367,367
368,cell_02,52.84,0.8677,0.9296,0.38799999999999973,368,368
369,cell_02,56.85,0.8519,0.90995,0.3908888888888888,369,369
370,cell_02,52.48,0.8734999999999999,0.94485,0.3874444444444445,370,370
371,cell_02,56.83,0.8428,0.88235,0.40060632308358607,371,371
372,cell_02,57.02,0.8199000000000001,0.85405,0.3964444444444447,372,372
373,cell_02,52.92,0.8672,0.91785,0.38609242785853787,373,373
374,cell_02,57.54,0.873,0.8807,0.3821155943293349,374,374
375,cell_02,54.04,0.8613000000000001,0.89315,0.3876666666666666,375,375
376,cell_02,59.88,0.8786,0.85575,0.40211111111111103,376,376
377,cell_02,56.24,0.8713,0.8775,0.4446666666666666,377,377
378,cell_02,59.35,0.8692,0.86245,0.34271853895177373,378,378
379,cell_02,55.22,0.8827,0.88915,0.3717014067152685,379,379
380,cell_02,58.16,0.8493,0.89015,0.37011375387797296,380,380
381,cell_02,53.03,0.8554999999999999,0.90225,0.38844444444444465,381,381
382,cell_02,55.46,0.8967,0.931,0.41077179344808473,382,382
383,cell_02,53.01,0.8604,0.9169,0.3902222222222222,383,383
384,cell_02,55.38,0.8555,0.85945,0.3895555555555556,384,384
385,cell_02,54.35,0.8444,0.9152,0.39211111111111113,385,385
386,cell_02,53.59,0.8397,0.9028,0.3742109075856361,386,386
387,cell_02,55.2,0.8788,0.89755,0.3728237791932059,387,387
388,cell_02,57.22,0.8822,0.89945,0.39022222222222214,388,388
389,cell_02,56.17,0.8678,0.9051,0.39422222222222225,389,389
390,cell_02,56.65,0.8583,0.8827,0.37600000000000006,390,390
391,cell_02,57.82,0.8495,0.89545,0.392111111111111,391,391
392,cell_02,52.91,0.8387,0.9296,0.40132743362831863,392,392
393,cell_02,53.78,0.8536999999999999,0.8824,0.3816976415606999,393,393
394,cell_02,58.49,0.8387,0.87425,0.3954980426272294,394,394
395,cell_02,53.5,0.8706,0.89845,0.3867645447573132,395,395
396,cell_02,54.89,0.8192999999999999,0.87175,0.4015555555555558,396,396
397,cell_02,55.22,0.8588,0.85695,0.3993333333333332,397,397
398,cell_02,54.53,0.8872,0.8914,0.39188888888888895,398,398
399,cell_02,51.76,0.8764,0.9362,0.3926666666666663,399,399
400,cell_02,53.97,0.8427,0.89905,0.41222222222222216,400,400
401,cell_02,55.22,0.8716,0.90445,0.37861394557823164,401,401
402,cell_02,59.82,0.8954,0.84675,0.3968888888888885,402,402
403,cell_02,56.8,0.8976999999999999,0.91095,0.3865601400897448,403,403
1,cell_03,119.31,0.8017000000000001,0.50345,0.5607116654438734,0,1
2,cell_03,117.96,0.8230999999999999,0.49075,0.6212,0,2
3,cell_03,131.7,0.7756000000000001,0.4634,0.6070000000000001,0,3
4,cell_03,119.98,0.8244,0.5217,0.6324000000000005,0,4
5,cell_03,108.39,0.7957,0.52965,0.5531839203130557,0,5
6,cell_03,128.85,0.8038000000000001,0.483,0.6083999999999996,0,6
7,cell_03,120.56,0.767,0.48095,0.5980926430517705,0,7
8,cell_03,115.55,0.8181,0.53105,0.6277999999999997,0,8
9,cell_03,120.5,0.7915,0.48395,0.6197854588796191,0,9
10,cell_03,111.02,0.8181,0.5445,0.5941038656774698,0,10
11,cell_03,117.25,0.7757000000000001,0.49725,0.6062835553788029,0,11
12,cell_03,122.67,0.8168000000000001,0.49035,0.5568939955522609,0,12
13,cell_03,120.4,0.8211999999999999,0.50115,0.6025999999999998,0,13
14,cell_03,123.64,0.8199000000000001,0.49035,0.5306539509536782,0,14
15,cell_03,116.13,0.804,0.52815,0.6246515332536844,0,15
16,cell_03,109.61,0.8189,0.52215,0.6107999999999993,0,16
17,cell_03,116.58,0.8263999999999999,0.5272,0.5617597292724195,0,17
18,cell_03,114.65,0.7827999999999999,0.5046,0.5833333333333338,0,18
19,cell_03,125.6,0.8024,0.4886,0.624800637958533,0,19
20,cell_03,115.3,0.7939999999999999,0.49975,0.6634000000000002,0,20
21,cell_03,122.3,0.828,0.48935,0.6046000000000006,0,21
22,cell_03,110.23,0.7957,0.53665,0.6016000000000004,0,22
23,cell_03,119.37,0.8052,0.52505,0.5377747252747255,0,23
24,cell_03,122.62,0.7755000000000001,0.4977,0.6116,0,24
25,cell_03,120.82,0.7772,0.47685,0.55772387379172,0,25
26,cell_03,114.01,0.7794,0.5385,0.6631999999999998,0,26
27,cell_03,114.87,0.8093,0.5034,0.6257999999999999,0,27
28,cell_03,118.21,0.7839,0.49675,0.5989885746394461,0,28
29,cell_03,109.49,0.8001,0.53875,0.6386000000000003,0,29
30,cell_03,125.8,0.7656000000000001,0.48725,0.6124501802998675,0,30
31,cell_03,127.21,0.7743,0.49205,0.6588000000000003,0,31
32,cell_03,126.4,0.7975,0.49425,0.6300000000000009,0,32
33,cell_03,124.01,0.7776000000000001,0.4671,0.6166000000000001,0,33
34,cell_03,112.97,0.7875000000000001,0.5079,0.6032000000000002,0,34
35,cell_03,128.95,0.7966,0.48095,0.5865637607437292,0,35
36,cell_03,121.19,0.7889999999999999,0.48575,0.5185889676638423,0,36
37,cell_03,124.7,0.7995,0.4824,0.628,0,37
38,cell_03,129.86,0.8155,0.4853,0.6132000000000001,0,38
39,cell_03,121.76,0.8230000000000001,0.47905,0.6243999999999996,0,39
40,cell_03,116.68,0.8006,0.5062,0.5822050290135398,0,40
41,cell_03,124.5,0.8239,0.4961,0.6311999999999998,0,41
42,cell_03,120.75,0.8044,0.5012,0.5889523809523811,0,42
43,cell_03,111.67,0.7944,0.55885,0.6113999999999997,0,43
44,cell_03,123.02,0.7757999999999999,0.4961,0.6190000000000007,0,44
45,cell_03,113.96,0.7689,0.5151,0.49009183180280297,0,45
46,cell_03,118.9,0.7725,0.51795,0.6288,0,46
47,cell_03,122.99,0.7706,0.49845,0.5386597938144336,0,47
48,cell_03,122.77,0.813,0.50685,0.5750480517211259,0,48
49,cell_03,119.66,0.8183,0.5005,0.596725057121096,0,49
50,cell_03,118.55,0.7891,0.50505,0.6013999999999999,0,50
51,cell_03,121.54,0.7857000000000001,0.48535,0.601595214356929,0,51
52,cell_03,119.76,0.7497999999999999,0.48765,0.6526000000000004,0,52
53,cell_03,125.47,0.7747999999999999,0.5004,0.6268209938136096,0,53
54,cell_03,138.33,0.8499,0.4507,0.6210000000000004,0,54
55,cell_03,110.77,0.8084,0.5374,0.5639642989959094,0,55
56,cell_03,112.08,0.7676,0.554,0.551611141452758,0,56
57,cell_03,115.92,0.7832000000000001,0.50425,0.5547000895255149,0,57
58,cell_03,119.63,0.7878000000000001,0.51665,0.6318000000000001,0,58
59,cell_03,114.38,0.7732,0.52705,0.6193999999999997,0,59
60,cell_03,130.69,0.8275,0.4669,0.6170788253477586,0,60
61,cell_03,116.35,0.8188000000000001,0.5232,0.5139503232391966,0,61
62,cell_03,123.24,0.7924,0.48935,0.6438220103297578,0,62
63,cell_03,110.24,0.8086,0.55725,0.584273962119763,0,63
64,cell_03,119.04,0.7805,0.4953,0.6040000000000002,0,64
65,cell_03,117.77,0.8424,0.5227,0.6276000000000002,0,65
66,cell_03,116.63,0.8059,0.49555,0.5851003940701817,0,66
67,cell_03,103.82,0.808,0.5549,0.6660000000000004,0,67
68,cell_03,124.81,0.8039999999999999,0.4872,0.5828527489427143,0,68
69,cell_03,115.64,0.8495999999999999,0.52915,0.5766228821625742,0,69
70,cell_03,119.92,0.8547,0.51565,0.5852338616157713,0,70
71,cell_03,114.09,0.8160000000000001,0.5101,0.577760939571888,0,71
72,cell_03,112.44,0.8003,0.50575,0.6832000000000003,0,72
73,cell_03,123.7,0.7625,0.4833,0.6178,0,73
74,cell_03,141.72,0.8012,0.43535,0.6406000000000001,0,74
75,cell_03,118.31,0.7816,0.52685,0.6048,0,75
76,cell_03,126.12,0.8396,0.4878,0.6062000000000003,0,76
77,cell_03,111.86,0.7953,0.52925,0.6107421875,0,77
78,cell_03,120.42,0.8387,0.5088,0.5649064906490651,0,78
79,cell_03,109.17,0.7567,0.53,0.5400429031104761,0,79
80,cell_03,118.54,0.8002,0.52005,0.5331230283911669,0,80
81,cell_03,136.57,0.8639,0.4384,0.6114000000000006,0,81
82,cell_03,114.01,0.8056000000000001,0.51535,0.6122000000000005,0,82
83,cell_03,122.08,0.821,0.4914,0.6049999999999996,0,83
84,cell_03,115.15,0.8160999999999999,0.52915,0.6085317460317455,0,84
85,cell_03,112.0,0.7988,0.5148,0.6138000000000003,0,85
86,cell_03,110.74,0.8291999999999999,0.51505,0.6190000000000007,0,86
87,cell_03,123.01,0.8132999999999999,0.4932,0.6155999999999998,0,87
88,cell_03,129.49,0.8133,0.4772,0.5829040259492462,0,88
89,cell_03,123.56,0.7921,0.4892,0.6063999999999999,0,89
90,cell_03,125.33,0.7765,0.455,0.5082631237848346,0,90
91,cell_03,123.54,0.8091999999999999,0.48525,0.6297405189620761,0,91
92,cell_03,122.93,0.7886,0.4634,0.5509502262443442,0,92
93,cell_03,125.71,0.8306,0.46405,0.6752000000000004,0,93
94,cell_03,111.61,0.8203,0.5029,0.5778324191412898,0,94
95,cell_03,115.74,0.7828,0.51335,0.63009900990099,0,95
96,cell_03,116.3,0.8079000000000001,0.4992,0.5905323263952851,0,96
97,cell_03,116.79,0.7842,0.48755,0.6295999999999998,0,97
98,cell_03,121.83,0.8207,0.4763,0.5268351800554016,0,98
99,cell_03,122.99,0.8335,0.49205,0.6242000000000001,0,99
100,cell_03,121.08,0.7788999999999999,0.47945,0.5543378995433792,0,100
101,cell_03,114.44,0.7918999999999999,0.49845,0.6013046056532909,0,101
102,cell_03,128.78,0.7566,0.46195,0.6162000000000002,0,102
103,cell_03,117.47,0.7991,0.51755,0.5187416331994645,0,103
104,cell_03,126.11,0.747,0.4858,0.5245569620253163,0,104
105,cell_03,116.2,0.7632,0.5094,0.6065999999999994,0,105
106,cell_03,115.92,0.7956,0.5222,0.596698113207547,0,106
107,cell_03,120.03,0.8158000000000001,0.5082,0.5877078273865121,0,107
108,cell_03,115.85,0.8178,0.52,0.591187739463601,0,108
109,cell_03,132.83,0.7848999999999999,0.44835,0.5379537953795378,0,109
110,cell_03,115.97,0.8063,0.4877,0.5742083849283571,0,110
111,cell_03,110.23,0.8032,0.5276,0.590413094310211,0,111
112,cell_03,113.54,0.7896000000000001,0.51275,0.5187357445421963,0,112
113,cell_03,107.32,0.8012999999999999,0.5462,0.555494605960871,0,113
114,cell_03,114.59,0.7891999999999999,0.5426,0.6052,0,114
115,cell_03,112.81,0.8312999999999999,0.5075,0.6206000000000005,0,115
116,cell_03,120.32,0.7754,0.4937,0.5410885805763069,0,116
117,cell_03,131.13,0.7834,0.47605,0.6049999999999995,0,117
118,cell_03,123.57,0.7591000000000001,0.4881,0.6037999999999997,0,118
119,cell_03,118.15,0.7603,0.4898,0.6372,0,119
120,cell_03,127.63,0.7999,0.48515,0.5919273850907691,0,120
121,cell_03,122.22,0.8022,0.47705,0.6306000000000003,0,121
122,cell_03,111.08,0.7534000000000001,0.51005,0.6562000000000001,0,122
123,cell_03,108.8,0.7971,0.5424,0.553485038523562,0,123
124,cell_03,110.28,0.8001999999999999,0.52335,0.6076000000000006,0,124
125,cell_03,124.51,0.8164,0.49195,0.5126455906821964,0,125
126,cell_03,109.67,0.8246,0.52535,0.6172360248447205,0,126
127,cell_03,120.28,0.8201,0.50865,0.540291089811857,0,127
128,cell_03,112.24,0.7959999999999999,0.499,0.6122295390404509,0,128
129,cell_03,123.36,0.7797,0.4974,0.55072463768116,0,129
130,cell_03,113.35,0.7837,0.495,0.6045411542100286,0,130
131,cell_03,118.64,0.7737,0.5163,0.6349423490326362,0,131
132,cell_03,111.42,0.8030999999999999,0.5035,0.5721240533717992,0,132
133,cell_03,126.63,0.8272999999999999,0.4818,0.5226653852314589,0,133
134,cell_03,126.51,0.7807,0.4806,0.6382000000000003,0,134
135,cell_03,116.75,0.8012,0.50765,0.6058921623123958,0,135
136,cell_03,109.78,0.8113999999999999,0.5107,0.6471999999999998,0,136
137,cell_03,120.77,0.7804,0.49215,0.6166000380734818,0,137
138,cell_03,125.8,0.7953999999999999,0.4717,0.6321449910376422,0,138
139,cell_03,110.8,0.7995,0.53125,0.6623999999999999,0,139
140,cell_03,113.37,0.8152,0.52595,0.6642000000000001,0,140
141,cell_03,136.4,0.7872,0.4503,0.5879999999999999,0,141
142,cell_03,115.29,0.7683,0.5335,0.6273999999999997,0,142
143,cell_03,118.78,0.7897000000000001,0.4948,0.565018315018315,0,143
144,cell_03,111.26,0.8094,0.50475,0.6121366849960718,0,144
145,cell_03,106.8,0.8409000000000001,0.52845,0.6248000000000005,0,145
146,cell_03,110.6,0.7545,0.5413,0.5631762332660925,0,146
147,cell_03,117.04,0.7778,0.52505,0.601198277476128,0,147
148,cell_03,115.45,0.7844,0.50605,0.6140115163147796,0,148
149,cell_03,121.12,0.8378,0.4656,0.5760711692084248,0,149
150,cell_03,129.28,0.8030999999999999,0.44935,0.6202705351891782,0,150
151,cell_03,111.55,0.7955,0.52195,0.6369999999999996,0,151
152,cell_03,116.14,0.7808999999999999,0.53355,0.6512000000000002,0,152
153,cell_03,124.57,0.8079999999999999,0.47965,0.6251999999999995,0,153
154,cell_03,114.36,0.7897000000000001,0.49325,0.5939200600487896,0,154
155,cell_03,118.32,0.767,0.48605,0.5647944199706316,0,155
156,cell_03,115.48,0.8247,0.4854,0.5779564978980081,0,156
157,cell_03,112.61,0.8041,0.52685,0.6070543374642517,0,157
158,cell_03,117.31,0.8174,0.50545,0.5658278628738151,0,158
159,cell_03,113.75,0.7928999999999999,0.49425,0.6331999999999997,0,159
160,cell_03,101.28,0.7787,0.56645,0.6212,0,160
161,cell_03,131.41,0.8019000000000001,0.46415,0.6311999999999999,0,161
162,cell_03,117.39,0.8081,0.5137,0.6160000000000005,0,162
163,cell_03,124.94,0.7636000000000001,0.4738,0.5563016528925623,0,163
164,cell_03,118.31,0.809,0.49605,0.572201189832342,0,164
165,cell_03,122.17,0.7665,0.5037,0.575501782029638,0,165
166,cell_03,115.3,0.7573000000000001,0.5211,0.6513999999999998,0,166
167,cell_03,124.03,0.7952,0.49345,0.6144000000000006,0,167
168,cell_03,114.97,0.7811,0.49085,0.6198704103671698,0,168
169,cell_03,115.61,0.7894,0.493,0.595392368610511,0,169
170,cell_03,117.66,0.7998999999999999,0.473,0.6117195004803067,0,170
171,cell_03,117.72,0.8192999999999999,0.5158,0.6202000000000005,0,171
172,cell_03,117.67,0.7975,0.50705,0.608471892319873,0,172
173,cell_03,110.45,0.7853,0.5109,0.617,0,173
174,cell_03,122.03,0.7764,0.49825,0.5831173639392817,0,174
175,cell_03,123.36,0.7612,0.4952,0.6198000000000006,0,175
176,cell_03,106.73,0.7868999999999999,0.5294,0.6416000000000004,0,176
177,cell_03,111.78,0.8390000000000001,0.52555,0.5757071547420961,0,177
178,cell_03,110.71,0.7598,0.53535,0.596590909090909,0,178
179,cell_03,108.51,0.8213999999999999,0.5093,0.6045738858483187,0,179
180,cell_03,110.95,0.8328,0.5338,0.5229658792650919,0,180
181,cell_03,114.62,0.7915,0.4896,0.6093661839383117,0,181
182,cell_03,122.15,0.7873,0.495,0.6619999999999999,0,182
183,cell_03,113.66,0.8348,0.5299,0.6552576535463019,0,183
184,cell_03,116.16,0.797,0.5211,0.6452,0,184
185,cell_03,121.48,0.8421000000000001,0.49275,0.5645304455884965,0,185
186,cell_03,119.39,0.7975,0.47385,0.6066147859922185,0,186
187,cell_03,116.31,0.7815000000000001,0.4949,0.6015414258188823,0,187
188,cell_03,123.61,0.7906,0.4829,0.6151999999999997,0,188
189,cell_03,105.78,0.7775000000000001,0.5431,0.6531504671039552,0,189
190,cell_03,114.3,0.7687,0.519,0.6416000000000004,0,190
191,cell_03,119.39,0.8244,0.48085,0.6163999999999996,0,191
192,cell_03,119.4,0.8502000000000001,0.4739,0.673,0,192
193,cell_03,121.34,0.8252999999999999,0.48055,0.592180912226907,0,193
194,cell_03,121.85,0.7998999999999999,0.48605,0.6185999999999998,0,194
195,cell_03,117.94,0.7841,0.49585,0.6280000000000001,0,195
196,cell_03,111.47,0.7998000000000001,0.52785,0.6501999999999999,0,196
197,cell_03,121.32,0.8382,0.47585,0.6192000000000002,0,197
198,cell_03,107.28,0.7997,0.55725,0.6066313517755545,0,198
199,cell_03,123.97,0.831,0.4764,0.6262145548284757,0,199
200,cell_03,126.05,0.7851,0.46475,0.6184000000000003,0,200
201,cell_03,106.82,0.8337,0.5422,0.6337999999999999,0,201
202,cell_03,109.09,0.8228,0.53305,0.6175243393602227,0,202
203,cell_03,111.68,0.8069000000000001,0.49545,0.5889436234263828,0,203
204,cell_03,116.13,0.7667999999999999,0.50955,0.6012842965557504,0,204
205,cell_03,110.26,0.7555000000000001,0.51015,0.568452380952381,0,205
206,cell_03,119.3,0.8268,0.5034,0.5570325130231728,0,206
207,cell_03,127.35,0.8263,0.4676,0.5577592205984686,0,207
208,cell_03,133.08,0.7999,0.43795,0.5774102744546092,0,208
209,cell_03,126.07,0.778,0.4789,0.546791212592977,0,209
210,cell_03,107.94,0.8247,0.5454,0.6558000000000002,0,210
211,cell_03,102.48,0.8064,0.5464,0.5885778696223941,0,211
212,cell_03,120.13,0.7953,0.49345,0.5539311820288825,0,212
213,cell_03,126.94,0.8389,0.47605,0.5791228070175435,0,213
214,cell_03,108.66,0.8255,0.50695,0.6306000000000003,0,214
215,cell_03,110.08,0.7971999999999999,0.51095,0.6562206793019327,0,215
216,cell_03,113.4,0.8025,0.515,0.6327907899960301,0,216
217,cell_03,131.58,0.8013,0.4368,0.5330857528696825,0,217
218,cell_03,101.96,0.7898,0.57895,0.6177999999999999,0,218
219,cell_03,110.04,0.7887,0.5283,0.6518000000000006,0,219
220,cell_03,120.13,0.8231,0.49505,0.6218000000000004,0,220
221,cell_03,114.63,0.8227,0.48205,0.6188880126182961,0,221
222,cell_03,109.25,0.7973,0.5247,0.5554468362687538,0,222
223,cell_03,117.09,0.7885,0.5124,0.6273999999999997,0,223
224,cell_03,113.68,0.7841,0.5023,0.626212631162146,0,224
225,cell_03,112.6,0.8173,0.51145,0.6045497630331748,0,225
226,cell_03,110.88,0.8307,0.4972,0.6227999999999998,0,226
227,cell_03,109.96,0.7656000000000001,0.51005,0.6314875554698046,0,227
228,cell_03,111.33,0.7818,0.51815,0.6075827559661279,0,228
229,cell_03,113.13,0.7746000000000001,0.5086,0.6709999999999994,0,229
230,cell_03,116.49,0.8034,0.50725,0.6269999999999998,0,230
231,cell_03,109.28,0.7764,0.5348,0.5969093278719043,0,231
232,cell_03,130.12,0.7776,0.46005,0.607319304666057,0,232
233,cell_03,124.55,0.8080999999999999,0.48005,0.5758541334749512,0,233
234,cell_03,112.52,0.8037,0.50065,0.612616099071208,0,234
235,cell_03,114.22,0.7648999999999999,0.48175,0.6093086133642335,0,235
236,cell_03,121.93,0.8278,0.4901,0.5966511627906975,0,236
237,cell_03,106.7,0.7623,0.5322,0.6459999999999999,0,237
238,cell_03,114.08,0.8076000000000001,0.4963,0.6334000000000001,0,238
239,cell_03,122.46,0.7964,0.45425,0.6239999999999996,0,239
240,cell_03,120.48,0.8028,0.4894,0.6214000000000005,0,240
241,cell_03,112.87,0.7859,0.50145,0.6589162182936205,0,241
242,cell_03,111.52,0.7941,0.501,0.57204923968139,0,242
243,cell_03,112.87,0.7807999999999999,0.5139,0.633,0,243
244,cell_03,115.77,0.818,0.51185,0.6169030279800687,0,244
245,cell_03,113.49,0.8032999999999999,0.49655,0.6433999999999996,0,245
246,cell_03,125.01,0.7696999999999999,0.47015,0.6398000000000003,0,246
247,cell_03,118.12,0.8003,0.48895,0.5237226277372264,0,247
248,cell_03,118.29,0.8333999999999999,0.48445,0.6336000000000003,0,248
249,cell_03,115.96,0.8337,0.49285,0.6574,0,249
250,cell_03,108.22,0.7556999999999999,0.5173,0.6144507538672412,0,250
251,cell_03,110.67,0.8184,0.5101,0.6227113361901053,0,251
252,cell_03,114.47,0.7665,0.5206,0.6104236970378704,0,252
253,cell_03,111.86,0.7879999999999999,0.4904,0.5239126812197967,0,253
254,cell_03,112.44,0.7855,0.5377,0.6217999999999995,0,254
255,cell_03,107.38,0.802,0.5168,0.6352000000000002,0,255
256,cell_03,113.1,0.7563,0.5028,0.5567614125753659,0,256
257,cell_03,112.67,0.8286,0.5151,0.5721338453099287,0,257
258,cell_03,123.32,0.7982,0.4831,0.5927777777777778,0,258
259,cell_03,124.36,0.7988999999999999,0.4473,0.6581999999999998,0,259
260,cell_03,114.91,0.7890999999999999,0.48485,0.5824195577925585,0,260
261,cell_03,112.55,0.7935,0.5187,0.5869283466024815,0,261
262,cell_03,112.57,0.8181,0.502,0.6602551521099113,0,262
263,cell_03,117.6,0.8083,0.4966,0.6375999999999998,0,263
264,cell_03,124.59,0.81,0.4788,0.6154759548782899,0,264
265,cell_03,122.5,0.829,0.4511,0.5348557692307695,0,265
266,cell_03,110.81,0.7984,0.5356,0.6309999999999993,0,266
267,cell_03,111.48,0.7867,0.4948,0.6215999999999999,0,267
268,cell_03,122.86,0.7997,0.48925,0.6635999999999999,0,268
269,cell_03,125.03,0.7535,0.4832,0.6454000000000005,0,269
270,cell_03,110.29,0.7672,0.53135,0.6826000000000008,0,270
271,cell_03,116.25,0.7970999999999999,0.52205,0.5962766928271586,0,271
272,cell_03,124.29,0.7942,0.4758,0.5995029631045692,0,272
273,cell_03,104.28,0.7886,0.5291,0.6539455376664685,0,273
274,cell_03,110.09,0.7777000000000001,0.49635,0.6152948044366614,0,274
275,cell_03,113.49,0.7646,0.48475,0.5894201807228916,0,275
276,cell_03,116.37,0.7822,0.49265,0.6239999999999996,0,276
277,cell_03,120.88,0.806,0.4804,0.5991690751445089,0,277
278,cell_03,122.9,0.8149,0.467,0.6302000000000004,0,278
279,cell_03,113.2,0.7883,0.5194,0.6224000000000007,0,279
280,cell_03,115.8,0.7854000000000001,0.4945,0.6336557059961313,0,280
281,cell_03,106.41,0.8037000000000001,0.51545,0.6610000000000005,0,281
282,cell_03,110.22,0.8009999999999999,0.5072,0.6145336639328629,0,282
283,cell_03,117.86,0.7694,0.5137,0.6438572273713269,0,283
284,cell_03,126.22,0.8320000000000001,0.44885,0.6761999999999998,0,284
285,cell_03,116.59,0.8335,0.47835,0.5574253990284532,0,285
286,cell_03,108.23,0.815,0.51425,0.5902129249159511,0,286
287,cell_03,128.11,0.8037,0.46815,0.6416229858279942,0,287
288,cell_03,109.38,0.7757000000000001,0.50935,0.5867938645716422,0,288
289,cell_03,124.48,0.7855,0.46525,0.6291999999999999,0,289
290,cell_03,108.98,0.8051,0.5004,0.5239816031537458,0,290
291,cell_03,101.26,0.7968999999999999,0.54025,0.6427999999999994,0,291
292,cell_03,111.93,0.7866,0.51935,0.6312042713070989,0,292
293,cell_03,127.2,0.8181,0.45375,0.6506000000000007,0,293
294,cell_03,111.92,0.7336,0.5212,0.6269999999999998,0,294
295,cell_03,101.33,0.7711,0.54555,0.6344000000000003,0,295
296,cell_03,105.17,0.7713,0.56995,0.6358000000000006,0,296
297,cell_03,112.05,0.8304,0.5119,0.5681086878798716,0,297
298,cell_03,127.9,0.8200000000000001,0.4659,0.6630000000000003,0,298
299,cell_03,108.67,0.8152,0.51085,0.5762927895120176,0,299
300,cell_03,104.42,0.7828999999999999,0.5399,0.5924117205108947,0,300
301,cell_03,112.96,0.7976,0.4953,0.6418,0,301
302,cell_03,111.22,0.8254,0.5261,0.6167869350550699,0,302
303,cell_03,121.84,0.8339,0.479,0.6459999999999999,0,303
304,cell_03,111.94,0.7692,0.5093,0.6456,0,304
305,cell_03,123.96,0.7903,0.43775,0.6379999999999999,0,305
306,cell_03,115.88,0.7822,0.47625,0.6037912912912909,0,306
307,cell_03,108.86,0.8077000000000001,0.49985,0.618445869483214,0,307
308,cell_03,119.86,0.8119,0.4909,0.6250732278851788,0,308
309,cell_03,119.6,0.8243,0.4675,0.6542000000000003,0,309
310,cell_03,112.41,0.8079000000000001,0.4875,0.652,0,310
311,cell_03,110.0,0.7945,0.50825,0.6711999999999998,0,311
312,cell_03,109.83,0.7773,0.49785,0.6630000000000003,0,312
313,cell_03,118.68,0.7693,0.5015,0.6684555754323196,0,313
314,cell_03,107.98,0.7945,0.5183,0.631438889944878,0,314
315,cell_03,121.11,0.7526999999999999,0.4914,0.6303138657131513,0,315
316,cell_03,108.8,0.7957000000000001,0.534,0.5528552005438475,0,316
317,cell_03,120.61,0.7824,0.47525,0.6432000000000003,0,317
318,cell_03,103.4,0.7908,0.5482,0.6538000000000004,0,318
319,cell_03,109.65,0.8302,0.52785,0.6472562179234113,0,319
320,cell_03,117.77,0.8016,0.4911,0.6370558375634514,0,320
321,cell_03,108.92,0.8079000000000001,0.49275,0.6680000000000001,0,321
322,cell_03,117.34,0.8035,0.50515,0.5992078460958127,0,322
323,cell_03,108.97,0.8215,0.51495,0.6161202185792352,0,323
324,cell_03,106.45,0.7877,0.52735,0.6302000000000003,0,324
325,cell_03,120.63,0.7747,0.4665,0.6647999999999996,0,325
326,cell_03,113.32,0.7969999999999999,0.51095,0.6768000000000001,0,326
327,cell_03,124.76,0.7546,0.4471,0.6441999999999996,0,327
328,cell_03,112.6,0.8180999999999999,0.49555,0.6347999999999993,0,328
329,cell_03,100.35,0.8232,0.53635,0.6169354838709676,0,329
330,cell_03,121.04,0.7388,0.46455,0.5431049141302497,0,330
331,cell_03,118.7,0.7908,0.46,0.6251704656146503,0,331
332,cell_03,115.87,0.802,0.5055,0.6341999999999999,0,332
333,cell_03,104.42,0.7997000000000001,0.5347,0.6148162551040243,0,333
334,cell_03,116.59,0.8060999999999999,0.50815,0.6335999999999995,0,334
335,cell_03,127.09,0.8435,0.4524,0.6353999999999997,0,335
336,cell_03,128.04,0.8364,0.4579,0.6069152018543558,0,336
337,cell_03,117.91,0.8047,0.50245,0.6176470588235299,0,337
338,cell_03,116.98,0.8075000000000001,0.4705,0.6381999999999993,0,338
339,cell_03,113.17,0.8137,0.5034,0.6448,0,339
340,cell_03,107.1,0.7225999999999999,0.5049,0.6686000000000005,0,340
341,cell_03,111.57,0.8047,0.48775,0.6394000000000002,0,341
342,cell_03,103.02,0.8053,0.54535,0.6372,0,342
343,cell_03,112.15,0.8010999999999999,0.51475,0.6930000000000005,0,343
344,cell_03,111.14,0.7911999999999999,0.5303,0.6470000000000002,0,344
345,cell_03,105.65,0.8160000000000001,0.523,0.615064345193036,0,345
346,cell_03,117.29,0.7861,0.49625,0.6094437010131906,0,346
347,cell_03,111.74,0.8054,0.49515,0.6327450980392161,0,347
348,cell_03,109.86,0.8302,0.49255,0.5832100591715974,0,348
349,cell_03,105.24,0.7989999999999999,0.51705,0.7197999999999993,0,349
350,cell_03,118.14,0.7803,0.48375,0.6769999999999996,0,350
351,cell_03,104.39,0.8142,0.54315,0.6699999999999999,0,351
352,cell_03,114.21,0.795,0.48135,0.6374000000000005,0,352
353,cell_03,106.62,0.7888,0.50535,0.6574,0,353
354,cell_03,115.75,0.7828,0.49425,0.6316000000000007,0,354
355,cell_03,119.89,0.8029,0.48875,0.585914985590778,0,355
356,cell_03,97.73,0.7957000000000001,0.5543,0.5911868172560631,0,356
357,cell_03,119.01,0.8427,0.489,0.6422192665779975,0,357
358,cell_03,116.25,0.7838,0.4924,0.6270483711747287,0,358
359,cell_03,116.47,0.7947,0.4834,0.5730258560447238,0,359
360,cell_03,107.35,0.8082,0.50105,0.6365999999999996,0,360
361,cell_03,117.78,0.8,0.49745,0.6440000000000002,0,361
362,cell_03,119.48,0.7797999999999999,0.472,0.5739708790221106,0,362
363,cell_03,114.22,0.7697,0.4894,0.6561627443159158,0,363
364,cell_03,113.67,0.7987,0.51525,0.6348000000000003,0,364
365,cell_03,110.88,0.7836,0.52565,0.6249052312357843,0,365
366,cell_03,114.64,0.7899,0.5006,0.6762000000000006,0,366
367,cell_03,114.79,0.8070999999999999,0.50145,0.665,0,367
368,cell_03,110.14,0.7753,0.491,0.6585999999999999,0,368
369,cell_03,118.17,0.8260000000000001,0.48745,0.6283665956210036,0,369
370,cell_03,115.08,0.7808999999999999,0.477,0.6357044875563399,0,370
371,cell_03,126.0,0.8361,0.4611,0.5870093782563391,0,371
372,cell_03,114.59,0.7938,0.48245,0.6634000000000001,0,372
1,cell_04,90.68,0.8056,0.6754,0.43834032094838854,0,1
2,cell_04,92.39,0.8416,0.6264,0.4684615384615384,0,2
3,cell_04,93.7,0.8111999999999999,0.6405,0.43048166786484526,0,3
4,cell_04,93.57,0.8444,0.6347,0.4426639223757718,1,4
5,cell_04,94.48,0.8227,0.63415,0.47723076923076935,2,5
6,cell_04,96.72,0.7985,0.61355,0.46584615384615385,3,6
7,cell_04,95.91,0.8533999999999999,0.63575,0.47836502470429726,4,7
8,cell_04,89.2,0.8029000000000001,0.66625,0.47615384615384604,5,8
9,cell_04,93.32,0.8119999999999999,0.6499,0.45923076923076894,6,9
10,cell_04,89.95,0.8166,0.6626,0.42443181818181813,6,10
11,cell_04,97.89,0.8336,0.6376,0.4984615384615381,6,11
12,cell_04,88.39,0.7947000000000001,0.67255,0.4847692307692309,6,12
13,cell_04,96.76,0.8285,0.6373,0.48430769230769216,7,13
14,cell_04,101.57,0.835,0.5973,0.4685418208734271,7,14
15,cell_04,90.07,0.8446,0.6579,0.4620000000000001,7,15
16,cell_04,92.43,0.8361,0.6692,0.47784615384615386,7,16
17,cell_04,97.63,0.8147,0.636,0.48030769230769277,8,17
18,cell_04,90.59,0.8464999999999999,0.68,0.47107692307692334,8,18
19,cell_04,99.9,0.8761,0.62875,0.43652528785891287,8,19
20,cell_04,89.43,0.803,0.66675,0.46616213069422213,8,20
21,cell_04,90.15,0.8437,0.6936,0.4755384615384615,8,21
22,cell_04,95.61,0.8130999999999999,0.6509,0.44362346682429415,8,22
23,cell_04,94.96,0.8291000000000001,0.64435,0.4644615384615388,9,23
24,cell_04,95.97,0.8147,0.64735,0.4198579585016013,10,24
25,cell_04,88.49,0.8409,0.6907,0.4764615384615388,11,25
26,cell_04,90.56,0.8608,0.66005,0.46384615384615374,12,26
27,cell_04,85.8,0.8358,0.7036,0.43140924139916514,13,27
28,cell_04,90.56,0.8594999999999999,0.657,0.464461538461539,13,28
29,cell_04,96.02,0.8011,0.63365,0.4933846153846154,13,29
30,cell_04,92.19,0.8524999999999999,0.6354,0.4802039592081587,13,30
31,cell_04,93.16,0.8068,0.65155,0.489692307692308,14,31
32,cell_04,99.34,0.8218000000000001,0.59895,0.46298562251453007,15,32
33,cell_04,92.21,0.8331000000000001,0.63815,0.45116004137727184,15,33
34,cell_04,89.67,0.8397,0.6387,0.47815025441484543,16,34
35,cell_04,88.2,0.8223,0.656,0.46676923076923066,16,35
36,cell_04,86.37,0.8371000000000001,0.69855,0.4492567181246425,16,36
37,cell_04,90.16,0.8322,0.65135,0.4653846153846156,16,37
38,cell_04,94.4,0.8137000000000001,0.60195,0.4649230769230769,17,38
39,cell_04,92.85,0.8543000000000001,0.62715,0.4733846153846154,18,39
40,cell_04,88.7,0.8103,0.65655,0.4711191335740074,19,40
41,cell_04,89.01,0.8698,0.6523,0.48046153846153855,20,41
42,cell_04,84.02,0.8698,0.6906,0.4475052705551653,20,42
43,cell_04,89.9,0.8164,0.674,0.4827015643802648,21,43
44,cell_04,89.93,0.8302999999999999,0.67325,0.47002141327623137,22,44
45,cell_04,96.82,0.8483,0.64455,0.4623736992912079,22,45
46,cell_04,84.54,0.8331999999999999,0.6775,0.4402854646082148,23,46
47,cell_04,93.08,0.8308,0.6276,0.46374622356495465,24,47
48,cell_04,84.58,0.8446,0.6742,0.46815384615384625,24,48
49,cell_04,92.99,0.865,0.64295,0.43207948899929005,25,49
50,cell_04,91.95,0.8592,0.6138,0.4910060975609761,26,50
51,cell_04,86.72,0.8091999999999999,0.66485,0.466822566501023,27,51
52,cell_04,87.4,0.8437,0.68495,0.48430769230769233,27,52
53,cell_04,91.58,0.8104,0.63985,0.47600000000000026,28,53
54,cell_04,86.77,0.8339000000000001,0.68905,0.46646153846153854,29,54
55,cell_04,99.41,0.8139,0.6086,0.46907692307692306,29,55
56,cell_04,98.74,0.8224,0.6201,0.45338857650192366,29,56
57,cell_04,91.05,0.8278,0.64635,0.42327598265491667,29,57
58,cell_04,90.9,0.8484,0.64075,0.4543677642459781,30,58
59,cell_04,93.94,0.8446,0.6333,0.4760000000000001,31,59
60,cell_04,86.68,0.8412999999999999,0.65335,0.48246153846153783,31,60
61,cell_04,88.86,0.8218,0.6368,0.43286908077994424,31,61
62,cell_04,91.94,0.7905,0.64105,0.4919999999999999,32,62
63,cell_04,87.77,0.7968,0.65695,0.4027281154813933,32,63
64,cell_04,88.49,0.8352,0.6333,0.4104598010217798,32,64
65,cell_04,92.58,0.8649,0.64735,0.4038588608431347,32,65
66,cell_04,95.56,0.8298,0.63385,0.4579285607532506,33,66
67,cell_04,91.79,0.8365999999999999,0.61985,0.4936923076923084,34,67
68,cell_04,88.66,0.8241,0.6691,0.4601677148846964,35,68
69,cell_04,88.92,0.8574,0.6927,0.4403221167673282,35,69
70,cell_04,85.23,0.8624999999999999,0.6766,0.48446153846153794,35,70
71,cell_04,91.62,0.8415,0.6583,0.49061538461538495,35,71
72,cell_04,89.32,0.9078,0.63395,0.49461538461538523,35,72
73,cell_04,95.09,0.8251000000000001,0.64285,0.47630769230769254,36,73
74,cell_04,82.29,0.8781,0.67645,0.44452247191011224,36,74
75,cell_04,96.5,0.8200000000000001,0.59295,0.4736923076923077,36,75
76,cell_04,96.58,0.8035,0.6409,0.48045204642638967,36,76
77,cell_04,89.24,0.8107,0.66835,0.43878718535469113,36,77
78,cell_04,91.52,0.8432000000000001,0.62155,0.4301120448179274,37,78
79,cell_04,91.17,0.8586,0.6606,0.4819806178073891,37,79
80,cell_04,92.49,0.8513,0.6594,0.46346929627969524,37,80
81,cell_04,95.37,0.8339,0.61365,0.47230769230769226,37,81
82,cell_04,87.33,0.8716,0.65215,0.4499429549343983,38,82
83,cell_04,89.96,0.7936,0.63455,0.44405496354458773,38,83
84,cell_04,92.42,0.8576999999999999,0.6604,0.4780000000000002,38,84
85,cell_04,85.23,0.8397,0.66675,0.4176940793930361,38,85
86,cell_04,87.07,0.8735999999999999,0.65995,0.4726153846153852,39,86
87,cell_04,86.63,0.8489,0.6518,0.464401294498382,40,87
88,cell_04,85.44,0.8687,0.6572,0.47071417647958386,41,88
89,cell_04,94.28,0.8064,0.6206,0.4890769230769229,42,89
90,cell_04,88.94,0.8313,0.64925,0.4890769230769229,42,90
91,cell_04,88.03,0.7967000000000001,0.6301,0.4761538461538467,42,91
92,cell_04,82.86,0.8440000000000001,0.6758,0.47382431233362937,43,92
93,cell_04,83.08,0.8324,0.6671,0.4878461538461538,43,93
94,cell_04,82.88,0.8199000000000001,0.667,0.4916923076923076,43,94
95,cell_04,81.42,0.843,0.69285,0.476461538461539,44,95
96,cell_04,92.43,0.8317,0.64175,0.48353846153846197,45,96
97,cell_04,86.95,0.8199,0.63625,0.47676923076923045,46,97
98,cell_04,88.99,0.8263,0.64115,0.4609224380839389,47,98
99,cell_04,96.07,0.7564,0.60995,0.49200000000000055,47,99
100,cell_04,97.6,0.7963,0.6119,0.4861190612478536,47,100
101,cell_04,88.96,0.8664,0.66555,0.4756923076923078,47,101
102,cell_04,99.08,0.8337,0.6151,0.48492307692307673,47,102
103,cell_04,91.7,0.8244,0.62315,0.4728027043638593,48,103
104,cell_04,85.35,0.8089,0.64745,0.4467907752153377,49,104
105,cell_04,87.2,0.8469,0.6397,0.4732307692307691,49,105
106,cell_04,83.06,0.8248,0.67215,0.44473253275109204,49,106
107,cell_04,93.62,0.8744,0.6515,0.4425501432664756,49,107
108,cell_04,92.83,0.8872,0.63005,0.48246153846153866,50,108
109,cell_04,88.81,0.7789999999999999,0.6743,0.44027640671273477,50,109
110,cell_04,91.05,0.8367,0.6682,0.48615384615384666,51,110
111,cell_04,97.8,0.8524,0.61475,0.46582354712436036,51,111
112,cell_04,88.13,0.8452,0.6563,0.48769230769230804,52,112
113,cell_04,95.68,0.855,0.6321,0.4417239404352807,52,113
114,cell_04,91.7,0.8417,0.63145,0.47476923076923033,52,114
115,cell_04,79.84,0.8642,0.69675,0.4878461538461538,52,115
116,cell_04,89.07,0.8352,0.6531,0.454093567251462,52,116
117,cell_04,93.96,0.8296,0.64455,0.4403473804100232,53,117
118,cell_04,91.85,0.8048000000000001,0.6521,0.49076923076923074,53,118
119,cell_04,85.5,0.8303,0.67185,0.456885269739712,53,119
120,cell_04,94.92,0.8195,0.63245,0.49369230769230754,53,120
121,cell_04,91.02,0.8284,0.63675,0.4756923076923073,53,121
122,cell_04,88.69,0.8271999999999999,0.6664,0.4767692307692306,53,122
123,cell_04,93.34,0.8277,0.6121,0.47462772878415505,53,123
124,cell_04,83.09,0.8317000000000001,0.67475,0.4827692307692301,53,124
125,cell_04,93.03,0.7968000000000001,0.60985,0.4867692307692305,54,125
126,cell_04,93.59,0.8476999999999999,0.64385,0.481158088235294,55,126
127,cell_04,99.5,0.8292999999999999,0.61005,0.48410382429734283,56,127
128,cell_04,90.5,0.843,0.6236,0.5040375862575249,57,128
129,cell_04,81.79,0.8038,0.68245,0.4904615384615385,58,129
130,cell_04,81.85,0.8141,0.6761,0.4783076923076918,59,130
131,cell_04,87.72,0.8412,0.6788,0.48460835111246586,59,131
132,cell_04,93.57,0.8693,0.6138,0.4975384615384615,60,132
133,cell_04,92.95,0.8468,0.6237,0.48046153846153855,60,133
134,cell_04,83.22,0.8513000000000001,0.6585,0.5110769230769228,60,134
135,cell_04,82.49,0.8302,0.6679,0.5252152521525218,60,135
136,cell_04,95.07,0.7954,0.63,0.48017214878573655,60,136
137,cell_04,91.16,0.8499,0.63555,0.48815384615384594,61,137
138,cell_04,89.36,0.8471,0.6217,0.4833846153846155,61,138
139,cell_04,80.21,0.8601,0.69145,0.4984615384615381,61,139
140,cell_04,87.17,0.8232999999999999,0.63815,0.49180327868852447,61,140
141,cell_04,84.42,0.8256,0.6508,0.439202471215951,61,141
142,cell_04,83.79,0.8295,0.6521,0.5258461538461541,61,142
143,cell_04,86.24,0.8194,0.67765,0.4768756423432685,62,143
144,cell_04,89.02,0.8422000000000001,0.6262,0.4838461538461541,63,144
145,cell_04,83.15,0.8661000000000001,0.6792,0.492089309478042,64,145
146,cell_04,92.72,0.8396,0.61805,0.4681331077270161,65,146
147,cell_04,82.92,0.8165,0.67915,0.5027692307692306,65,147
148,cell_04,93.81,0.8419,0.6071,0.4606338735121184,65,148
149,cell_04,90.92,0.876,0.6474,0.4861538461538465,66,149
150,cell_04,80.55,0.8021,0.69065,0.4791285801340642,67,150
151,cell_04,87.93,0.8235,0.66745,0.5075384615384613,67,151
152,cell_04,84.22,0.8123,0.66055,0.4934845929786912,67,152
153,cell_04,88.89,0.8388,0.6238,0.4890769230769236,67,153
154,cell_04,85.76,0.8383999999999999,0.63165,0.49910687704674034,67,154
155,cell_04,85.46,0.8094,0.6836,0.48238036473330587,68,155
156,cell_04,85.77,0.8614,0.6618,0.4919999999999999,68,156
157,cell_04,87.03,0.7865,0.67225,0.5296436694465504,68,157
158,cell_04,84.23,0.8456,0.65185,0.47156466512702117,68,158
159,cell_04,89.63,0.84,0.64295,0.5095384615384615,69,159
160,cell_04,81.09,0.8283,0.66915,0.43837905584180475,69,160
161,cell_04,84.26,0.8253999999999999,0.6565,0.4998461538461537,70,161
162,cell_04,88.7,0.8419,0.64575,0.48723076923076925,71,162
163,cell_04,89.12,0.843,0.61465,0.4960000000000001,71,163
164,cell_04,83.72,0.8683,0.67385,0.5156178576870334,72,164
165,cell_04,86.72,0.7712,0.661,0.508920332205475,73,165
166,cell_04,91.79,0.8432,0.63485,0.469199178644764,73,166
167,cell_04,85.7,0.7975,0.6795,0.4864615384615382,74,167
168,cell_04,83.94,0.8146,0.6561,0.510923076923077,74,168
169,cell_04,82.5,0.8286,0.6566,0.47125241420294184,75,169
170,cell_04,83.59,0.8304,0.6721,0.4763161550215312,75,170
171,cell_04,83.08,0.8324,0.6667,0.47835656639765234,76,171
172,cell_04,84.9,0.8300000000000001,0.65735,0.4249730603448276,76,172
173,cell_04,87.07,0.8264,0.6453,0.4904825143868973,77,173
174,cell_04,80.1,0.8479,0.6996,0.49134487350199746,78,174
175,cell_04,89.93,0.8807,0.63165,0.4649122807017545,79,175
176,cell_04,80.81,0.8081,0.66865,0.4559635560463829,80,176
177,cell_04,86.16,0.8883,0.6479,0.4733810928501198,80,177
178,cell_04,84.29,0.8192,0.66135,0.4912307692307695,80,178
179,cell_04,81.85,0.8446,0.68085,0.46260869565217383,80,179
180,cell_04,91.15,0.8472000000000001,0.6422,0.4756520428162221,80,180
181,cell_04,83.71,0.8516,0.66505,0.5016923076923082,80,181
182,cell_04,83.19,0.8239,0.65665,0.48769230769230787,81,182
183,cell_04,92.37,0.8152,0.63395,0.5009230769230771,81,183
184,cell_04,81.9,0.7676,0.68145,0.5044615384615385,82,184
185,cell_04,81.79,0.8167,0.6678,0.48923076923076925,82,185
186,cell_04,90.27,0.8043,0.63915,0.4956923076923078,82,186
187,cell_04,84.35,0.8566,0.6776,0.4779057897039522,82,187
188,cell_04,93.85,0.8133,0.6292,0.5024615384615384,83,188
189,cell_04,90.25,0.8166,0.6493,0.48570554961015105,84,189
190,cell_04,89.94,0.8229,0.63925,0.5115384615384608,85,190
191,cell_04,81.75,0.8148,0.6688,0.48563693788539586,86,191
192,cell_04,88.31,0.7978,0.638,0.4705359786793013,87,192
193,cell_04,80.97,0.8086,0.66895,0.5164615384615387,87,193
194,cell_04,85.29,0.8472,0.66485,0.4889230769230771,88,194
195,cell_04,92.07,0.8395,0.6406,0.48753846153846137,89,195
196,cell_04,76.74,0.8155,0.69575,0.5025170269469943,89,196
197,cell_04,92.69,0.8046,0.63135,0.49620176238225455,90,197
198,cell_04,92.03,0.8671,0.61475,0.5038461538461534,90,198
199,cell_04,80.83,0.8167,0.6714,0.4981538461538467,91,199
200,cell_04,97.8,0.8538,0.59625,0.48288802161513034,92,200
201,cell_04,81.9,0.8025,0.6873,0.5059211512516862,92,201
202,cell_04,85.96,0.8337,0.65255,0.534153846153846,92,202
203,cell_04,91.35,0.8317000000000001,0.61435,0.4913846153846158,93,203
204,cell_04,87.12,0.8547,0.6263,0.4999999999999995,94,204
205,cell_04,88.7,0.8049000000000001,0.60915,0.4983076923076916,94,205
206,cell_04,86.46,0.8233,0.65955,0.4416412163059351,94,206
207,cell_04,94.97,0.7956,0.61685,0.5041538461538457,95,207
208,cell_04,86.22,0.7609999999999999,0.66255,0.48517682468021067,96,208
209,cell_04,90.29,0.8319,0.6424,0.5031932273874944,96,209
210,cell_04,90.61,0.8069999999999999,0.6381,0.46160255520066634,97,210
211,cell_04,81.2,0.8461,0.66275,0.5178461538461541,97,211
212,cell_04,87.28,0.822,0.6656,0.4423988842398886,97,212
213,cell_04,84.64,0.8394,0.67865,0.4929230769230767,97,213
214,cell_04,87.1,0.8321999999999999,0.63415,0.4235582505483163,97,214
215,cell_04,85.83,0.8024,0.64925,0.49693159706630796,97,215
216,cell_04,90.45,0.8181999999999999,0.6341,0.4924615384615386,98,216
217,cell_04,89.89,0.8702,0.65405,0.5212307692307693,98,217
218,cell_04,93.23,0.8369,0.63055,0.44614955357142844,99,218
219,cell_04,87.58,0.8262,0.6394,0.54915150588595,100,219
220,cell_04,89.94,0.8518,0.6395,0.5087692307692303,100,220
221,cell_04,85.07,0.8510000000000001,0.65735,0.47339262283131656,100,221
222,cell_04,89.09,0.8361,0.65005,0.493230769230769,101,222
223,cell_04,85.77,0.8482,0.66265,0.5070769230769232,101,223
224,cell_04,89.9,0.8288,0.64735,0.49707692307692325,101,224
225,cell_04,92.5,0.8272999999999999,0.6355,0.43448744059742006,101,225
226,cell_04,84.03,0.803,0.6548,0.4924615384615386,102,226
227,cell_04,93.82,0.8513999999999999,0.62705,0.4880789673500374,102,227
228,cell_04,85.83,0.8434,0.66425,0.47537091988130536,102,228
229,cell_04,84.78,0.7981,0.64285,0.5161538461538464,102,229
230,cell_04,81.15,0.8313,0.6551,0.5004615384615384,102,230
231,cell_04,85.85,0.8439,0.6555,0.4993846153846149,103,231
232,cell_04,77.89,0.8571,0.69005,0.49327022629788486,103,232
233,cell_04,82.02,0.8416999999999999,0.65955,0.49538461538461537,103,233
234,cell_04,85.89,0.8261999999999999,0.65185,0.4946153846153845,104,234
235,cell_04,83.54,0.8701,0.6327,0.49559240998057685,105,235
236,cell_04,81.91,0.8497,0.67005,0.5169230769230768,105,236
237,cell_04,88.8,0.8613,0.64325,0.4841549295774649,106,237
238,cell_04,86.33,0.8221999999999999,0.61185,0.5069230769230768,107,238
239,cell_04,87.32,0.8735,0.6451,0.5163076923076922,108,239
240,cell_04,82.06,0.8273999999999999,0.6548,0.5231382163653077,109,240
241,cell_04,91.2,0.8280000000000001,0.62955,0.49676923076923046,109,241
242,cell_04,84.73,0.8328,0.64705,0.5380000000000006,109,242
243,cell_04,88.27,0.8427,0.6482,0.5041538461538464,109,243
244,cell_04,87.5,0.824,0.6486,0.507692307692307,109,244
245,cell_04,84.95,0.8143,0.68085,0.46871809829371386,110,245
246,cell_04,89.96,0.8139,0.6172,0.5072307692307689,111,246
247,cell_04,79.29,0.8772,0.70085,0.5186153846153846,111,247
248,cell_04,81.14,0.8234,0.6492,0.5126153846153849,112,248
249,cell_04,83.53,0.8242,0.6645,0.49366508929934344,113,249
250,cell_04,84.47,0.8315,0.6532,0.4996923076923074,114,250
251,cell_04,92.37,0.8635999999999999,0.60685,0.4832835820895521,115,251
252,cell_04,85.8,0.8409,0.6236,0.4891704729630174,116,252
253,cell_04,86.66,0.8454999999999999,0.6369,0.44370860927152317,116,253
254,cell_04,81.82,0.8674,0.67485,0.46445229681978767,117,254
255,cell_04,91.13,0.8241,0.6154,0.49569230769230765,118,255
256,cell_04,89.76,0.8362,0.6286,0.5073846153846155,119,256
257,cell_04,83.25,0.8333999999999999,0.6541,0.5278461538461535,120,257
258,cell_04,83.95,0.8335,0.6618,0.4942545668827344,120,258
259,cell_04,82.93,0.8230000000000001,0.66105,0.5273846153846155,120,259
260,cell_04,91.11,0.8344,0.6254,0.4961538461538457,120,260
261,cell_04,93.46,0.8215,0.61005,0.5375384615384616,121,261
262,cell_04,81.87,0.83,0.6635,0.4963076923076922,121,262
263,cell_04,79.12,0.8402000000000001,0.68585,0.5130769230769229,121,263
264,cell_04,87.86,0.8235,0.64135,0.5066153846153844,121,264
265,cell_04,91.68,0.8444,0.6214,0.5275384615384611,121,265
266,cell_04,82.76,0.7948,0.63925,0.4920612215705912,121,266
267,cell_04,83.31,0.8369,0.65985,0.48352137767220954,121,267
268,cell_04,83.48,0.9117999999999999,0.64415,0.5176923076923078,122,268
269,cell_04,82.64,0.8398,0.6852,0.49823430062951024,122,269
270,cell_04,79.21,0.8248,0.6731,0.4978461538461537,122,270
271,cell_04,86.77,0.8399,0.6546,0.47022730442058247,123,271
272,cell_04,93.24,0.8603,0.60115,0.46120158751881773,124,272
273,cell_04,89.27,0.8281999999999999,0.6327,0.5063076923076923,125,273
274,cell_04,90.54,0.8176,0.6363,0.52,126,274
275,cell_04,86.8,0.8329000000000001,0.63135,0.5040000000000004,126,275
276,cell_04,85.74,0.8487,0.65475,0.49969230769230805,127,276
277,cell_04,86.22,0.8318,0.6553,0.5041538461538464,127,277
278,cell_04,93.28,0.7870999999999999,0.60815,0.4787752261656225,127,278
279,cell_04,82.88,0.828,0.6701,0.4754944110060195,127,279
280,cell_04,81.19,0.7796000000000001,0.6504,0.4846836530203263,128,280
281,cell_04,87.3,0.756,0.65895,0.5079726651480636,129,281
282,cell_04,78.88,0.8336,0.6686,0.49907692307692264,129,282
283,cell_04,91.55,0.8419,0.63085,0.4984615384615383,129,283
284,cell_04,78.95,0.8459,0.68145,0.5002296738631147,129,284
285,cell_04,84.85,0.8080999999999999,0.64645,0.5170769230769231,129,285
286,cell_04,83.75,0.8109999999999999,0.6878,0.5045099218280215,129,286
287,cell_04,88.93,0.7893,0.62765,0.4909459655222364,130,287
288,cell_04,80.7,0.8286,0.68595,0.49091982873172896,130,288
289,cell_04,85.95,0.8301,0.6274,0.48215607877980105,130,289
290,cell_04,75.12,0.8487,0.7137,0.5064615384615387,131,290
291,cell_04,83.86,0.8769,0.6262,0.46016464350495334,132,291
292,cell_04,81.49,0.8140000000000001,0.6764,0.5256923076923081,132,292
293,cell_04,84.77,0.8583000000000001,0.64095,0.5029230769230773,132,293
294,cell_04,79.23,0.8045,0.6679,0.4817153767072995,132,294
295,cell_04,83.4,0.8714,0.649,0.5196885761341521,133,295
296,cell_04,91.27,0.8456,0.6227,0.5289230769230768,133,296
297,cell_04,97.69,0.8109999999999999,0.5801,0.5044615384615385,133,297
298,cell_04,76.28,0.8251999999999999,0.7127,0.4931506849315066,134,298
299,cell_04,87.58,0.8328,0.65185,0.48527017024426333,134,299
300,cell_04,94.29,0.7946,0.5764,0.5138461538461534,135,300
301,cell_04,81.58,0.8001,0.65755,0.496640286695535,136,301
302,cell_04,80.99,0.8371999999999999,0.66725,0.5026153846153844,136,302
303,cell_04,89.48,0.8037,0.6321,0.5160722148833112,136,303
304,cell_04,84.16,0.7879,0.6323,0.5078461538461535,137,304
305,cell_04,81.67,0.8218000000000001,0.6495,0.5444954128440367,137,305
306,cell_04,83.47,0.8358,0.68005,0.5326153846153848,138,306
307,cell_04,85.54,0.8404,0.6525,0.47627118644067823,139,307
308,cell_04,81.44,0.849,0.6866,0.49478930675124594,140,308
309,cell_04,82.11,0.8388,0.6783,0.5336923076923072,140,309
310,cell_04,86.19,0.7842,0.6443,0.5027698757298995,141,310
311,cell_04,85.26,0.8361,0.61075,0.43442081627261925,141,311
312,cell_04,86.37,0.8215,0.64435,0.4820960698689955,142,312
313,cell_04,79.62,0.8543999999999999,0.66315,0.5064615384615381,142,313
314,cell_04,80.26,0.8663,0.6515,0.5089230769230768,143,314
315,cell_04,86.14,0.8348,0.66585,0.5021538461538463,144,315
316,cell_04,77.19,0.8146,0.6716,0.5214912280701753,145,316
317,cell_04,77.97,0.851,0.66325,0.5416923076923079,145,317
318,cell_04,82.64,0.814,0.6431,0.5061519532451554,145,318
319,cell_04,84.36,0.8496,0.663,0.4725031167751767,145,319
320,cell_04,80.47,0.8187,0.7059,0.5063117870722431,146,320
321,cell_04,85.54,0.7998000000000001,0.61275,0.5235384615384617,147,321
322,cell_04,81.12,0.8098,0.6622,0.4505204901831603,147,322
323,cell_04,79.48,0.8755000000000001,0.6958,0.45630673350494466,147,323
324,cell_04,88.37,0.8459000000000001,0.62065,0.4884444444444444,148,324
325,cell_04,78.32,0.8389,0.67505,0.46013731259632934,148,325
326,cell_04,78.51,0.8336,0.67835,0.5330769230769229,149,326
327,cell_04,89.05,0.8105,0.6131,0.48688429029437447,149,327
328,cell_04,77.31,0.8389000000000001,0.6678,0.5079999999999993,149,328
329,cell_04,87.07,0.8100999999999999,0.6432,0.5053846153846154,149,329
330,cell_04,82.03,0.8472,0.6485,0.42060030785017966,150,330
331,cell_04,87.63,0.8362,0.6419,0.5041538461538464,150,331
332,cell_04,80.36,0.8376,0.6828,0.5027823732892168,150,332
333,cell_04,84.84,0.8429,0.6472,0.5178383260575038,150,333
334,cell_04,86.9,0.832,0.6384,0.4917135247114532,151,334
335,cell_04,81.31,0.8801,0.63885,0.5058461538461543,151,335
336,cell_04,82.68,0.8449,0.6415,0.5299999999999992,152,336
337,cell_04,87.2,0.792,0.623,0.5008372659461108,153,337
338,cell_04,86.94,0.8375,0.6382,0.5011869436201782,153,338
339,cell_04,85.64,0.8056000000000001,0.65295,0.5073846153846155,154,339
340,cell_04,81.23,0.7928,0.6601,0.5143076923076921,154,340
341,cell_04,82.15,0.8353999999999999,0.6801,0.505538461538461,154,341
342,cell_04,80.27,0.8208,0.656,0.4494471826295454,154,342
343,cell_04,81.34,0.795,0.63815,0.5045803782505909,155,343
344,cell_04,84.32,0.8213,0.6247,0.4993186979560941,156,344
345,cell_04,85.59,0.8216,0.65735,0.5070769230769226,157,345
346,cell_04,84.08,0.8037,0.64705,0.5246153846153843,157,346
347,cell_04,83.42,0.8092999999999999,0.6479,0.4751803751803752,158,347
348,cell_04,84.31,0.8324,0.65655,0.5072307692307689,158,348
349,cell_04,77.33,0.8423,0.663,0.5073421439060211,159,349
350,cell_04,78.95,0.7903,0.65675,0.5083076923076922,160,350
351,cell_04,79.95,0.8498,0.64575,0.46143269627388955,160,351
352,cell_04,82.04,0.7914,0.62995,0.4842468709538199,160,352
353,cell_04,84.49,0.8188000000000001,0.6347,0.5187692307692311,160,353
354,cell_04,78.18,0.7827000000000001,0.6712,0.499257499257499,160,354
355,cell_04,86.74,0.8449,0.6394,0.4808615921990977,161,355
356,cell_04,90.19,0.8595,0.61635,0.5093846153846149,161,356
357,cell_04,82.79,0.81,0.679,0.4640959258754597,162,357
358,cell_04,83.41,0.8535999999999999,0.62645,0.4957721406319537,162,358
359,cell_04,82.88,0.8343,0.6509,0.5083076923076925,163,359
360,cell_04,77.1,0.7956,0.6623,0.5116923076923074,163,360
361,cell_04,80.36,0.8694999999999999,0.6501,0.4923494923494924,163,361
362,cell_04,92.23,0.8245,0.58805,0.5024220405691796,164,362
363,cell_04,80.02,0.7945,0.65975,0.5145357460694158,165,363
364,cell_04,80.25,0.8259000000000001,0.68315,0.5274792754068159,165,364
365,cell_04,83.21,0.852,0.66965,0.5086153846153845,165,365
366,cell_04,85.94,0.8481,0.5969,0.5210245780278355,166,366
367,cell_04,79.62,0.8596,0.7032,0.5127692307692308,166,367
368,cell_04,82.91,0.8496,0.61685,0.5332307692307693,166,368
369,cell_04,89.89,0.8403999999999999,0.62305,0.4500520291363159,167,369
370,cell_04,80.96,0.8361999999999999,0.66955,0.49495240842226684,167,370
371,cell_04,77.44,0.8201,0.6613,0.4763067202757037,167,371
372,cell_04,80.9,0.7972999999999999,0.652,0.45661577608142534,167,372
373,cell_04,81.8,0.8192999999999999,0.63575,0.5023158523830865,167,373
374,cell_04,80.51,0.8069,0.68325,0.5134146341463418,168,374
375,cell_04,80.33,0.8027,0.649,0.5150769230769231,168,375
376,cell_04,90.16,0.8300000000000001,0.61085,0.5127692307692314,169,376
377,cell_04,77.03,0.8353999999999999,0.6808,0.542461538461538,169,377
378,cell_04,85.56,0.8200999999999999,0.6555,0.5087744742567076,169,378
379,cell_04,76.83,0.8573999999999999,0.6779,0.5272307692307696,169,379
380,cell_04,81.33,0.8344,0.6643,0.4982738780207135,170,380
381,cell_04,77.35,0.8571,0.7098,0.5223076923076926,170,381
382,cell_04,80.99,0.8167,0.64225,0.5076173065204146,170,382
383,cell_04,78.88,0.8808,0.6504,0.5110769230769234,171,383
384,cell_04,80.62,0.8222,0.668,0.46169887390518577,171,384
385,cell_04,84.91,0.8414,0.6424,0.467276565798733,172,385
386,cell_04,82.18,0.821,0.67005,0.5404615384615388,173,386
387,cell_04,90.45,0.8201,0.5763,0.5324615384615383,173,387
388,cell_04,85.7,0.8315,0.6482,0.5001436368859521,174,388
389,cell_04,85.99,0.8137000000000001,0.64745,0.5153846153846152,175,389
390,cell_04,85.3,0.8318,0.6465,0.5289230769230766,176,390
391,cell_04,81.07,0.8336,0.6281,0.49222106978811714,176,391
392,cell_04,76.57,0.8224,0.67265,0.49233366155577446,177,392
393,cell_04,87.96,0.8285,0.6374,0.512153846153846,178,393
394,cell_04,83.87,0.7922,0.655,0.5017905102954343,178,394
395,cell_04,83.53,0.8265,0.64905,0.5195384615384614,179,395
396,cell_04,83.49,0.8345,0.6625,0.545693047660691,179,396
397,cell_04,74.09,0.8211,0.68575,0.47602156640181575,180,397
398,cell_04,82.95,0.8399,0.6549,0.5484615384615386,181,398
399,cell_04,80.39,0.864,0.67105,0.5144615384615379,182,399
400,cell_04,84.18,0.823,0.6536,0.5375384615384616,183,400
401,cell_04,85.27,0.7912,0.63735,0.48369955478960175,183,401
402,cell_04,81.97,0.8538,0.64645,0.5330769230769233,184,402
403,cell_04,78.92,0.8245,0.6429,0.5008973975471138,185,403
404,cell_04,83.12,0.839,0.6642,0.4931049499201627,185,404
405,cell_04,83.52,0.8503000000000001,0.65265,0.5246153846153848,186,405
406,cell_04,82.99,0.8160999999999999,0.63015,0.5406153846153844,187,406
407,cell_04,86.09,0.8379,0.64445,0.4835714285714283,188,407
408,cell_04,85.13,0.792,0.61185,0.5306153846153847,188,408
409,cell_04,81.28,0.8343999999999999,0.6454,0.5310769230769226,189,409
410,cell_04,85.15,0.8199,0.65005,0.525076923076923,189,410
411,cell_04,77.43,0.8009,0.6952,0.4885838352710462,190,411
412,cell_04,79.89,0.8259000000000001,0.6837,0.46112784013139885,190,412
413,cell_04,88.29,0.8203999999999999,0.62415,0.5227692307692304,190,413
414,cell_04,81.45,0.864,0.65505,0.5558461538461539,191,414
415,cell_04,78.82,0.8333,0.6555,0.4771046643913538,192,415
416,cell_04,85.07,0.8150999999999999,0.64425,0.5480000000000005,193,416
417,cell_04,81.93,0.8273999999999999,0.64585,0.5065680205345006,194,417
418,cell_04,83.0,0.8082,0.64115,0.5181538461538465,195,418
419,cell_04,76.35,0.8294999999999999,0.6968,0.4839792920106337,195,419
420,cell_04,78.51,0.7985,0.6396,0.49034319855495345,196,420
421,cell_04,76.68,0.8255999999999999,0.6585,0.5183076923076921,197,421
422,cell_04,90.99,0.8755,0.58675,0.5495139732685299,198,422
423,cell_04,81.44,0.8135000000000001,0.6706,0.5203076923076916,198,423
424,cell_04,77.63,0.8577,0.6796,0.5306153846153847,198,424
425,cell_04,82.14,0.8245,0.6237,0.49317080334850927,199,425
426,cell_04,82.32,0.821,0.6372,0.5424615384615388,199,426
427,cell_04,82.15,0.8452999999999999,0.6613,0.5118993481885711,199,427
428,cell_04,78.51,0.8457,0.6505,0.4790770994554311,200,428
429,cell_04,80.38,0.8461000000000001,0.66165,0.487737668779278,201,429
430,cell_04,84.21,0.8314,0.6428,0.5083521444695263,201,430
431,cell_04,75.18,0.7972999999999999,0.6966,0.5159323067540783,201,431
432,cell_04,84.49,0.8649,0.63325,0.534153846153846,201,432
433,cell_04,76.73,0.8696999999999999,0.7173,0.46537775949540655,201,433
434,cell_04,75.61,0.8012,0.68105,0.4962951985773558,201,434
1,cell_05,62.12,0.8392999999999999,0.93575,0.31692600825658934,1,1
2,cell_05,68.72,0.883,0.8676,0.33455555555555544,2,2
3,cell_05,68.18,0.8492999999999999,0.894,0.33546291283161894,3,3
4,cell_05,68.39,0.8773,0.8578,0.3220356658671391,4,4
5,cell_05,65.71,0.8869,0.91555,0.3505187720611831,5,5
6,cell_05,65.94,0.8536,0.91385,0.31157763458740423,6,6
7,cell_05,59.51,0.8574,0.9837,0.3311702595688522,7,7
8,cell_05,61.22,0.8591,0.92565,0.33627869185456033,8,8
9,cell_05,63.97,0.8394,0.9083,0.33899999999999986,9,9
10,cell_05,68.18,0.8407,0.90635,0.3007257182622525,10,10
11,cell_05,65.28,0.8923000000000001,0.8921,0.3254361404264484,11,11
12,cell_05,62.79,0.8490000000000001,0.90325,0.3508888888888892,12,12
13,cell_05,65.18,0.8584999999999999,0.9069,0.3517777777777781,13,13
14,cell_05,71.62,0.877,0.8509,0.343,14,14
15,cell_05,67.1,0.8566,0.9049,0.3375555555555559,15,15
16,cell_05,65.68,0.9007,0.90255,0.3476666666666667,16,16
17,cell_05,63.49,0.8932,0.94385,0.3361111111111113,17,17
18,cell_05,68.04,0.875,0.8967,0.3219653778376697,18,18
19,cell_05,70.18,0.8704000000000001,0.88085,0.338339222614841,19,19
20,cell_05,66.66,0.8158000000000001,0.9067,0.34122855561704485,20,20
21,cell_05,66.96,0.9031,0.90185,0.3811111111111111,21,21
22,cell_05,63.77,0.8543000000000001,0.89675,0.34588888888888913,22,22
23,cell_05,68.1,0.8578,0.86805,0.3386666666666669,23,23
24,cell_05,68.65,0.8224,0.8961,0.30981751452747486,24,24
25,cell_05,64.78,0.8774,0.8855,0.3566666666666669,25,25
26,cell_05,64.91,0.8883000000000001,0.8946,0.3504444444444443,26,26
27,cell_05,65.69,0.8314,0.9183,0.31286700319357125,27,27
28,cell_05,70.12,0.8674,0.88315,0.35131607570154433,28,28
29,cell_05,63.2,0.8552000000000001,0.89445,0.35680388478092895,29,29
30,cell_05,67.26,0.8388,0.91355,0.34252998909487437,30,30
31,cell_05,64.38,0.8375,0.89325,0.3363933734304104,31,31
32,cell_05,63.38,0.8844,0.96525,0.35292817679558,32,32
33,cell_05,67.81,0.8961,0.9062,0.3525555555555559,33,33
34,cell_05,69.92,0.9185,0.86895,0.333084231877869,34,34
35,cell_05,69.82,0.8694,0.879,0.3569257490230133,35,35
36,cell_05,70.39,0.8767,0.8765,0.3362194867515125,36,36
37,cell_05,69.82,0.8985000000000001,0.87935,0.34577777777777763,37,37
38,cell_05,64.71,0.8718,0.9134,0.3471111111111109,38,38
39,cell_05,67.76,0.8758,0.87235,0.35123966942148754,39,39
40,cell_05,63.31,0.8414,0.8917,0.3500000000000001,40,40
41,cell_05,61.12,0.8638,0.92855,0.3427777777777778,41,41
42,cell_05,67.1,0.8897999999999999,0.887,0.3372898120672599,42,42
43,cell_05,61.66,0.845,0.9168,0.33058113686884716,43,43
44,cell_05,71.58,0.8931,0.85795,0.34444444444444455,44,44
45,cell_05,63.89,0.8474999999999999,0.89075,0.3315721371576452,45,45
46,cell_05,63.79,0.8562,0.87785,0.3347098456857203,46,46
47,cell_05,62.88,0.8574,0.9075,0.35424764019988886,47,47
48,cell_05,64.15,0.8357,0.87415,0.34064843405381556,48,48
49,cell_05,59.58,0.9087,0.95175,0.32850940665701894,49,49
50,cell_05,68.66,0.8596999999999999,0.859,0.341888888888889,50,50
51,cell_05,62.15,0.8664,0.9284,0.3259109311740889,51,51
52,cell_05,65.48,0.8534999999999999,0.92195,0.34511111111111115,52,52
53,cell_05,64.01,0.7995,0.90775,0.3412222222222223,53,53
54,cell_05,66.3,0.8936999999999999,0.90135,0.33267347364034183,54,54
55,cell_05,63.45,0.8868,0.94635,0.34400000000000014,55,55
56,cell_05,58.62,0.8613999999999999,0.96175,0.34177777777777757,56,56
57,cell_05,62.16,0.8598,0.8948,0.3036047539534426,57,57
58,cell_05,66.29,0.8766,0.90395,0.337117628508357,58,58
59,cell_05,67.16,0.862,0.8862,0.3425555555555555,59,59
60,cell_05,64.69,0.8709,0.87075,0.35655555555555546,60,60
61,cell_05,65.07,0.8428,0.9116,0.3468888888888887,61,61
62,cell_05,63.01,0.8648,0.90625,0.3323322286661144,62,62
63,cell_05,64.56,0.8789,0.85975,0.36433333333333345,63,63
64,cell_05,61.97,0.8216,0.9114,0.3583333333333336,64,64
65,cell_05,66.14,0.8945000000000001,0.9071,0.33219324497648567,65,65
66,cell_05,64.81,0.8934,0.88495,0.3707777777777776,66,66
67,cell_05,65.81,0.8751,0.88335,0.3564444444444446,67,67
68,cell_05,61.4,0.8617,0.9106,0.35144444444444445,68,68
69,cell_05,58.76,0.8924,0.9402,0.34666666666666646,69,69
70,cell_05,61.99,0.8398,0.90995,0.3861111111111108,70,70
71,cell_05,62.31,0.8675999999999999,0.9195,0.3408521303258143,71,71
72,cell_05,67.78,0.8744,0.8792,0.3370701735474829,72,72
73,cell_05,66.13,0.8619,0.88965,0.3617777777777774,73,73
74,cell_05,60.71,0.8595999999999999,0.9152,0.32451678535096634,74,74
75,cell_05,63.46,0.9059,0.86605,0.3499454743729553,75,75
76,cell_05,61.87,0.8632,0.9052,0.35655555555555557,76,76
77,cell_05,65.08,0.8492999999999999,0.91235,0.3255861365953108,77,77
78,cell_05,63.77,0.8994,0.89905,0.34855555555555534,78,78
79,cell_05,65.19,0.8572000000000001,0.908,0.34899328859060375,79,79
80,cell_05,62.44,0.8969,0.90145,0.3597777777777781,80,80
81,cell_05,65.0,0.8849,0.88445,0.3460051546391753,81,81
82,cell_05,66.33,0.8616,0.87055,0.36866666666666664,82,82
83,cell_05,64.36,0.8599,0.89775,0.3496666666666669,83,83
84,cell_05,61.15,0.8462,0.9326,0.37577777777777777,84,84
85,cell_05,59.84,0.8496999999999999,0.9256,0.35366666666666646,85,85
86,cell_05,63.77,0.8763,0.89135,0.3290687919463088,86,86
87,cell_05,67.19,0.879,0.89085,0.34922222222222193,87,87
88,cell_05,62.67,0.8802,0.889,0.3734444444444446,88,88
89,cell_05,65.63,0.8583999999999999,0.889,0.34792703150912124,89,89
90,cell_05,65.72,0.8733,0.9072,0.35788888888888926,90,90
91,cell_05,61.79,0.8762,0.92645,0.34784900885702225,91,91
92,cell_05,59.39,0.8763000000000001,0.95655,0.3507777777777779,92,92
93,cell_05,62.37,0.9055,0.87925,0.3510340370529942,93,93
94,cell_05,63.48,0.8282999999999999,0.9163,0.3618888888888887,94,94
95,cell_05,64.43,0.8295,0.91355,0.35266666666666624,95,95
96,cell_05,66.82,0.9144,0.89175,0.35088888888888925,96,96
97,cell_05,63.19,0.8416,0.87435,0.35855555555555535,97,97
98,cell_05,65.49,0.8507,0.9069,0.3665555555555554,98,98
99,cell_05,58.93,0.8765,0.953,0.35736836745086026,99,99
100,cell_05,63.5,0.8957,0.90675,0.3469298245614033,100,100
101,cell_05,62.76,0.8834,0.8803,0.3476138828633406,101,101
102,cell_05,61.63,0.8923,0.89605,0.3824444444444448,102,102
103,cell_05,65.32,0.8864000000000001,0.8715,0.35699039487726814,103,103
104,cell_05,63.04,0.8228,0.90045,0.32630614115490403,104,104
105,cell_05,64.45,0.8664,0.9171,0.33661897191308976,105,105
106,cell_05,62.33,0.8311999999999999,0.8827,0.38044444444444453,106,106
107,cell_05,71.44,0.8603,0.8186,0.3594444444444446,107,107
108,cell_05,62.33,0.855,0.9069,0.3522915516289343,108,108
109,cell_05,61.21,0.8915,0.88745,0.35611111111111104,109,109
110,cell_05,62.02,0.8619,0.88125,0.3120007792713813,110,110
111,cell_05,65.4,0.8785,0.881,0.3603333333333334,111,111
112,cell_05,63.89,0.8593,0.91,0.3571111111111107,112,112
113,cell_05,60.47,0.867,0.8898,0.3728888888888887,113,113
114,cell_05,60.49,0.8743000000000001,0.92325,0.37406757349714803,114,114
115,cell_05,60.73,0.8468,0.9238,0.3295841502424934,115,115
116,cell_05,63.82,0.8675,0.89325,0.3674505907033231,116,116
117,cell_05,64.31,0.8673000000000001,0.887,0.36433333333333295,117,117
118,cell_05,64.5,0.883,0.9032,0.38322222222222224,118,118
119,cell_05,61.29,0.8562,0.89635,0.33430504945340955,119,119
120,cell_05,62.94,0.8622000000000001,0.8562,0.37888888888888855,120,120
121,cell_05,57.56,0.8925,0.94785,0.3614444444444448,121,121
122,cell_05,63.92,0.8625,0.91785,0.38733333333333364,122,122
123,cell_05,63.18,0.8483,0.8884,0.37266666666666654,123,123
124,cell_05,63.98,0.9057999999999999,0.8521,0.35511111111111093,124,124
125,cell_05,64.4,0.8604,0.8955,0.3941111111111109,125,125
126,cell_05,64.0,0.8832000000000001,0.8853,0.35997893628225347,126,126
127,cell_05,61.49,0.8689,0.8985,0.36344444444444407,127,127
128,cell_05,62.81,0.8604,0.8459,0.33795737836751094,128,128
129,cell_05,64.32,0.8779,0.8882,0.3396517976717831,129,129
130,cell_05,64.19,0.848,0.8897,0.37366666666666687,130,130
131,cell_05,60.99,0.876,0.8952,0.3334021683014973,131,131
132,cell_05,60.87,0.8831,0.8941,0.34237633860275385,132,132
133,cell_05,59.63,0.848,0.9013,0.366888888888889,133,133
134,cell_05,60.36,0.8709,0.93805,0.357333333333333,134,134
135,cell_05,61.14,0.8226,0.8871,0.3589999999999997,135,135
136,cell_05,62.26,0.872,0.8772,0.3500163203133503,136,136
137,cell_05,64.38,0.8335999999999999,0.8568,0.3665555555555554,137,137
138,cell_05,65.56,0.8755999999999999,0.8872,0.3503150119487289,138,138
139,cell_05,64.05,0.8456,0.86495,0.3768888888888888,139,139
140,cell_05,59.38,0.8805,0.924,0.3625555555555558,140,140
141,cell_05,61.8,0.8763,0.8976,0.35977777777777814,141,141
142,cell_05,61.49,0.8861000000000001,0.9235,0.36044444444444423,142,142
143,cell_05,61.48,0.8517,0.93665,0.3589999999999997,143,143
144,cell_05,66.15,0.8715999999999999,0.87835,0.3594444444444446,144,144
145,cell_05,62.44,0.8474,0.8913,0.3653333333333331,145,145
146,cell_05,59.25,0.8871,0.9333,0.35693769332744174,146,146
147,cell_05,60.4,0.8807999999999999,0.90475,0.38111111111111123,147,147
148,cell_05,62.37,0.867,0.91305,0.3439790575916231,148,148
149,cell_05,60.88,0.8293,0.9258,0.3583333333333336,149,149
150,cell_05,58.99,0.8586,0.9224,0.3324787201312684,150,150
151,cell_05,60.91,0.8330000000000001,0.91025,0.38493586229580107,151,151
152,cell_05,57.53,0.8824,0.9349,0.3574986164914222,152,152
153,cell_05,63.05,0.8727,0.8983,0.38066666666666665,153,153
154,cell_05,59.61,0.8354,0.913,0.35446438164822214,154,154
155,cell_05,60.93,0.8251999999999999,0.8956,0.3872005323868677,155,155
156,cell_05,57.07,0.8734999999999999,0.9255,0.3435843054082713,156,156
157,cell_05,60.7,0.8639,0.8825,0.34217506631299766,157,157
158,cell_05,62.34,0.8531000000000001,0.85795,0.3637777777777782,158,158
159,cell_05,61.64,0.9019,0.91635,0.3760610293327604,159,159
160,cell_05,63.89,0.8637999999999999,0.8745,0.350839431769264,160,160
161,cell_05,63.13,0.8234,0.872,0.367103694874851,161,161
162,cell_05,58.47,0.8595999999999999,0.9316,0.3655555555555553,162,162
163,cell_05,61.81,0.8581,0.92415,0.36466666666666653,163,163
164,cell_05,63.97,0.8489,0.89145,0.383333333333333,164,164
165,cell_05,66.6,0.8691,0.82385,0.39077777777777795,165,165
166,cell_05,60.94,0.8533000000000001,0.91335,0.3705555555555559,166,166
167,cell_05,61.44,0.8603,0.91655,0.367222222222222,167,167
168,cell_05,61.02,0.8651,0.9129,0.3696666666666667,168,168
169,cell_05,57.7,0.8564,0.91175,0.3781731395096548,169,169
170,cell_05,60.78,0.836,0.89545,0.3632738952264922,170,170
171,cell_05,59.2,0.8222999999999999,0.88975,0.36283575517393235,171,171
172,cell_05,64.39,0.8846,0.87235,0.37155555555555564,172,172
173,cell_05,62.73,0.8626,0.88255,0.3623685666851133,173,173
174,cell_05,62.97,0.8682000000000001,0.90805,0.3635555555555555,174,174
175,cell_05,57.78,0.8675999999999999,0.90845,0.3496272630457934,175,175
176,cell_05,59.38,0.8952,0.91975,0.37844444444444464,176,176
177,cell_05,64.18,0.8875000000000001,0.86485,0.37004788855028287,177,177
178,cell_05,65.48,0.8893,0.8585,0.368,178,178
179,cell_05,63.38,0.8655,0.8905,0.37184694313809324,179,179
180,cell_05,60.52,0.8801000000000001,0.8745,0.40466666666666706,180,180
181,cell_05,63.18,0.8537,0.90465,0.3696666666666667,181,181
182,cell_05,65.81,0.8682,0.86725,0.3817777777777776,182,182
183,cell_05,61.24,0.8487,0.9295,0.3816666666666669,183,183
184,cell_05,62.2,0.8896,0.87945,0.36611111111111144,184,184
185,cell_05,59.5,0.8771,0.9398,0.3598974358974356,185,185
186,cell_05,56.77,0.8754000000000001,0.9131,0.3701111111111111,186,186
187,cell_05,60.88,0.8475,0.8736,0.37677777777777793,187,187
188,cell_05,54.27,0.8286,0.95235,0.3678536426004575,188,188
189,cell_05,60.29,0.8741,0.90665,0.3631111111111111,189,189
190,cell_05,62.3,0.8378,0.90415,0.35282236632295105,190,190
191,cell_05,61.14,0.8783,0.89835,0.3824444444444443,191,191
192,cell_05,58.83,0.8474999999999999,0.91165,0.3779999999999998,192,192
193,cell_05,60.99,0.8947999999999999,0.91315,0.35028130860595996,193,193
194,cell_05,62.05,0.8673000000000001,0.8784,0.357112161581435,194,194
195,cell_05,60.17,0.832,0.89465,0.3685555555555557,195,195
196,cell_05,60.84,0.8492,0.9029,0.3774444444444446,196,196
197,cell_05,59.09,0.9101,0.91455,0.37566666666666654,197,197
198,cell_05,59.5,0.8692,0.915,0.3218134161731872,198,198
199,cell_05,61.72,0.8571,0.9041,0.3657777777777774,199,199
200,cell_05,60.77,0.8682,0.88625,0.3439749608763697,200,200
201,cell_05,60.46,0.8419,0.88495,0.36744444444444413,201,201
202,cell_05,62.39,0.9127,0.8702,0.3673333333333333,202,202
203,cell_05,61.56,0.8536,0.9148,0.3756519809122186,203,203
204,cell_05,60.08,0.835,0.8846,0.40733333333333344,204,204
205,cell_05,62.15,0.8765999999999999,0.8952,0.37932134879268137,205,205
206,cell_05,60.21,0.8677,0.90595,0.3592005953013716,206,206
207,cell_05,57.15,0.8736,0.9001,0.3862222222222226,207,207
208,cell_05,59.82,0.8426,0.89985,0.3670000000000003,208,208
209,cell_05,59.47,0.8795000000000001,0.8774,0.36811111111111133,209,209
210,cell_05,57.0,0.8728,0.9067,0.37588888888888866,210,210
211,cell_05,58.31,0.8447,0.8922,0.3879999999999996,211,211
212,cell_05,60.77,0.8599,0.89785,0.3793333333333335,212,212
213,cell_05,58.51,0.8762000000000001,0.92895,0.382,213,213
214,cell_05,58.79,0.9113,0.91265,0.39122222222222236,214,214
215,cell_05,60.46,0.8523999999999999,0.88575,0.3690000000000001,215,215
216,cell_05,58.85,0.8606,0.8963,0.4014444444444443,216,216
217,cell_05,59.4,0.8421,0.94,0.385222222222222,217,217
218,cell_05,62.5,0.8516,0.8923,0.3696666666666666,218,218
219,cell_05,61.19,0.8714000000000001,0.901,0.38480929416922427,219,219
220,cell_05,57.01,0.8498,0.9166,0.3762222222222222,220,220
221,cell_05,61.4,0.8411,0.9054,0.3755555555555557,221,221
222,cell_05,62.28,0.8725,0.8907,0.37055555555555547,222,222
223,cell_05,58.31,0.8271,0.8814,0.40422222222222215,223,223
224,cell_05,57.79,0.8858,0.89975,0.3740601503759397,224,224
225,cell_05,56.76,0.8681,0.91645,0.3835555555555553,225,225
226,cell_05,58.41,0.8634,0.933,0.357673764564082,226,226
227,cell_05,61.83,0.8707999999999999,0.86335,0.3768993613741469,227,227
228,cell_05,54.81,0.9018,0.94405,0.39255555555555594,228,228
229,cell_05,57.77,0.8479,0.8928,0.3643637149962155,229,229
230,cell_05,57.43,0.8707,0.9231,0.3319081236949385,230,230
231,cell_05,61.53,0.8558,0.88155,0.37361674153610175,231,231
232,cell_05,61.76,0.8602000000000001,0.85975,0.38222222222222213,232,232
233,cell_05,59.84,0.8994,0.8672,0.36523437500000017,233,233
234,cell_05,60.09,0.8593999999999999,0.89175,0.37977777777777744,234,234
235,cell_05,61.14,0.8738999999999999,0.9131,0.38322222222222224,235,235
236,cell_05,56.48,0.8685,0.9008,0.3423030056864338,236,236
237,cell_05,59.04,0.9066000000000001,0.89375,0.3535571296581458,237,237
238,cell_05,56.03,0.875,0.92795,0.38300000000000006,238,238
239,cell_05,57.07,0.8664999999999999,0.90005,0.383777777777778,239,239
240,cell_05,60.07,0.8514,0.907,0.3948237885462553,240,240
241,cell_05,56.26,0.8749,0.9778,0.3744444444444447,241,241
242,cell_05,57.54,0.8397,0.8998,0.38055555555555526,242,242
243,cell_05,58.62,0.856,0.8826,0.3868888888888892,243,243
244,cell_05,55.28,0.8628,0.912,0.38644444444444426,244,244
245,cell_05,58.09,0.8459,0.91835,0.3737777777777776,245,245
246,cell_05,54.97,0.8734999999999999,0.9075,0.36116422349691923,246,246
247,cell_05,58.08,0.8677,0.9039,0.3572172464069986,247,247
248,cell_05,53.9,0.9055,0.93705,0.37600000000000017,248,248
249,cell_05,57.27,0.8801,0.93395,0.374888888888889,249,249
250,cell_05,61.04,0.8593,0.89705,0.36790123456790147,250,250
251,cell_05,57.21,0.8166,0.8839,0.39451172091989806,251,251
252,cell_05,59.29,0.8639,0.91075,0.36374695863746953,252,252
253,cell_05,61.32,0.9136,0.88375,0.38877777777777817,253,253
254,cell_05,55.09,0.8402999999999999,0.92215,0.3597030752916224,254,254
255,cell_05,60.32,0.8499,0.9106,0.41222222222222216,255,255
256,cell_05,54.55,0.8908999999999999,0.96675,0.3889999999999999,256,256
257,cell_05,55.99,0.9306,0.93685,0.33448582436036745,257,257
258,cell_05,61.04,0.8837,0.87305,0.33899136577708044,258,258
259,cell_05,57.44,0.88,0.88705,0.37755555555555537,259,259
260,cell_05,58.42,0.8923000000000001,0.85215,0.3816959444805902,260,260
261,cell_05,61.26,0.855,0.84655,0.40288888888888885,261,261
262,cell_05,59.25,0.8958,0.90285,0.37655555555555525,262,262
263,cell_05,62.49,0.8656999999999999,0.8702,0.4024444444444445,263,263
264,cell_05,55.03,0.8181,0.94105,0.37688888888888894,264,264
265,cell_05,54.59,0.8716999999999999,0.92895,0.36393872203184846,265,265
266,cell_05,56.29,0.8738,0.8932,0.39388888888888873,266,266
267,cell_05,60.68,0.8589,0.8918,0.38415512465373985,267,267
268,cell_05,54.05,0.8517,0.93715,0.3774444444444445,268,268
269,cell_05,57.71,0.8595,0.94285,0.37240241891149006,269,269
270,cell_05,57.87,0.8802000000000001,0.8767,0.37566666666666704,270,270
271,cell_05,57.31,0.8688,0.87345,0.3745555555555555,271,271
272,cell_05,56.76,0.8654000000000001,0.89245,0.3796666666666666,272,272
273,cell_05,57.07,0.8429,0.9108,0.3543437694381092,273,273
274,cell_05,58.02,0.8258000000000001,0.88715,0.38711111111111135,274,274
275,cell_05,59.97,0.855,0.9113,0.37633333333333363,275,275
276,cell_05,55.53,0.8565999999999999,0.94875,0.392222222222222,276,276
277,cell_05,57.81,0.8549,0.86485,0.3883333333333332,277,277
278,cell_05,59.4,0.8517,0.88885,0.38544444444444464,278,278
279,cell_05,59.34,0.9078999999999999,0.86535,0.3993465430016861,279,279
280,cell_05,60.14,0.8369000000000001,0.8791,0.3781111111111112,280,280
281,cell_05,59.78,0.8909,0.89265,0.38688888888888884,281,281
282,cell_05,61.46,0.9165,0.8818,0.3817486338797814,282,282
283,cell_05,57.25,0.8835,0.913,0.3831111111111109,283,283
284,cell_05,56.7,0.8539,0.90375,0.3674669279764822,284,284
285,cell_05,56.49,0.9147,0.9075,0.3800000000000001,285,285
286,cell_05,57.72,0.8213,0.89235,0.36917562724014297,286,286
287,cell_05,57.78,0.8708,0.89465,0.37076383724636164,287,287
288,cell_05,55.21,0.8603000000000001,0.89125,0.3922222222222224,288,288
289,cell_05,56.64,0.869,0.8938,0.38383615943624727,289,289
290,cell_05,59.79,0.8312999999999999,0.9105,0.3783333333333333,290,290
291,cell_05,63.29,0.8566999999999999,0.8519,0.3919229506402537,291,291
292,cell_05,54.56,0.861,0.9072,0.39668508287292825,292,292
293,cell_05,61.51,0.9026000000000001,0.8783,0.38644444444444426,293,293
294,cell_05,59.58,0.8579000000000001,0.89155,0.38000000000000006,294,294
295,cell_05,56.37,0.8982,0.86095,0.36961337092227164,295,295
296,cell_05,60.35,0.8415,0.89105,0.3728612934466802,296,296
297,cell_05,59.54,0.8654000000000001,0.90695,0.38922222222222197,297,297
298,cell_05,57.43,0.8573,0.91145,0.38066666666666665,298,298
299,cell_05,60.61,0.9104000000000001,0.87035,0.3817777777777777,299,299
300,cell_05,55.75,0.8911,0.9102,0.36595245709412655,300,300
301,cell_05,56.0,0.8705,0.9285,0.38733333333333303,301,301
302,cell_05,59.15,0.8266,0.88765,0.3883581426349702,302,302
303,cell_05,57.71,0.8916,0.9,0.39433333333333304,303,303
304,cell_05,59.55,0.8207,0.8483,0.38622222222222213,304,304
305,cell_05,58.93,0.8733,0.87755,0.3674685969767934,305,305
306,cell_05,58.57,0.8819,0.90675,0.37720403022670007,306,306
307,cell_05,57.16,0.869,0.9239,0.3719622200997558,307,307
308,cell_05,55.43,0.8932,0.885,0.38733333333333314,308,308
309,cell_05,52.78,0.8834,0.96675,0.38777777777777805,309,309
310,cell_05,53.82,0.8544,0.90785,0.3868741097841568,310,310
311,cell_05,60.09,0.841,0.86815,0.38844444444444465,311,311
312,cell_05,53.49,0.8573999999999999,0.9322,0.38233333333333286,312,312
313,cell_05,61.59,0.8408,0.8687,0.3896666666666665,313,313
314,cell_05,57.09,0.8663,0.9082,0.35938461538461547,314,314
315,cell_05,57.97,0.8781,0.87675,0.38299999999999995,315,315
316,cell_05,60.24,0.8437,0.86605,0.408133865248227,316,316
317,cell_05,53.77,0.8746,0.92405,0.38222222222222213,317,317
318,cell_05,54.88,0.8699,0.8935,0.38322222222222224,318,318
319,cell_05,52.12,0.8695,0.94315,0.38644444444444426,319,319
320,cell_05,58.7,0.8509,0.87455,0.37051623203831785,320,320
321,cell_05,61.24,0.8974,0.861,0.38389886892880903,321,321
322,cell_05,55.63,0.8915,0.888,0.3976666666666665,322,322
323,cell_05,53.97,0.8654999999999999,0.97225,0.3995125193884331,323,323
324,cell_05,52.34,0.879,0.92085,0.3906666666666666,324,324
325,cell_05,54.96,0.8283999999999999,0.91385,0.3736739554016023,325,325
326,cell_05,56.69,0.8391,0.91465,0.3847777777777781,326,326
327,cell_05,59.25,0.8887,0.8879,0.4071111111111111,327,327
328,cell_05,55.22,0.8632,0.96825,0.37165082108902375,328,328
329,cell_05,56.71,0.8358,0.91145,0.3982222222222222,329,329
330,cell_05,55.79,0.8655999999999999,0.9091,0.38388888888888884,330,330
331,cell_05,52.48,0.8695,0.9246,0.38324290484140255,331,331
332,cell_05,57.33,0.8384,0.86815,0.3982222222222223,332,332
333,cell_05,60.5,0.8812,0.878,0.38281081081081114,333,333
334,cell_05,57.35,0.8283,0.89385,0.3845910290237471,334,334
335,cell_05,53.56,0.8795,0.9248,0.3794218929354068,335,335
336,cell_05,56.42,0.8936,0.86755,0.3548770816812055,336,336
337,cell_05,54.0,0.8612,0.8983,0.4044444444444443,337,337
338,cell_05,57.46,0.8691,0.8948,0.38800000000000023,338,338
339,cell_05,57.98,0.8663000000000001,0.86065,0.37085459183673464,339,339
340,cell_05,58.73,0.9029,0.8873,0.3745512143611402,340,340
341,cell_05,55.04,0.8641,0.91355,0.40877777777777785,341,341
342,cell_05,60.47,0.8462000000000001,0.8629,0.3755274261603377,342,342
343,cell_05,51.87,0.8874,0.9353,0.33593900791353026,343,343
344,cell_05,53.66,0.8559,0.9117,0.39427750773309755,344,344
345,cell_05,54.36,0.8684999999999999,0.90865,0.367047135912069,345,345
346,cell_05,54.24,0.8822000000000001,0.9002,0.3749489170412751,346,346
347,cell_05,60.36,0.8372,0.8727,0.348224736636754,347,347
348,cell_05,58.59,0.8746999999999999,0.88375,0.39548394168584916,348,348
349,cell_05,54.6,0.8524,0.90905,0.36162476625805123,349,349
350,cell_05,57.0,0.8928,0.8837,0.4027777777777775,350,350
351,cell_05,55.89,0.8603,0.9047,0.39886830134250484,351,351
352,cell_05,58.06,0.8572,0.87755,0.3927777777777777,352,352
353,cell_05,52.96,0.8914,0.9113,0.40033333333333293,353,353
354,cell_05,54.43,0.8442,0.91315,0.40333333333333327,354,354
355,cell_05,56.03,0.8622,0.8593,0.39034183396635935,355,355
356,cell_05,58.09,0.8424,0.9017,0.38887684301821357,356,356
357,cell_05,57.55,0.7934,0.86195,0.3956666666666663,357,357
358,cell_05,60.18,0.8878,0.85345,0.3714081194396155,358,358
359,cell_05,59.64,0.896,0.88515,0.4075555555555555,359,359
360,cell_05,50.27,0.8529,0.9699,0.39018512432906155,360,360
361,cell_05,52.08,0.8635,0.9194,0.3892222222222226,361,361
362,cell_05,52.38,0.8568,0.9348,0.40656063618290267,362,362
363,cell_05,54.94,0.8699,0.9152,0.38109852894486196,363,363
364,cell_05,55.17,0.8866999999999999,0.90515,0.41416080187673265,364,364
1,cell_06,123.42,0.7973,0.47645,0.5492115280043501,0,1
2,cell_06,126.11,0.7992,0.45695,0.5535653937140932,0,2
3,cell_06,119.49,0.8239000000000001,0.50335,0.5947933227344994,0,3
4,cell_06,115.32,0.8068,0.5132,0.5978000000000003,0,4
5,cell_06,115.71,0.7935,0.50005,0.5262797466187294,0,5
6,cell_06,125.84,0.8109,0.49845,0.6034000000000007,0,6
7,cell_06,121.05,0.7918,0.47755,0.608055770720371,0,7
8,cell_06,120.98,0.8289,0.5063,0.6017999999999999,0,8
9,cell_06,113.96,0.7943,0.50425,0.5837553564472147,0,9
10,cell_06,117.31,0.7767,0.51185,0.6138000000000003,0,10
11,cell_06,120.34,0.8070999999999999,0.5081,0.6171999999999995,0,11
12,cell_06,114.3,0.8004,0.50985,0.6029999999999998,0,12
13,cell_06,107.97,0.8322,0.53295,0.5815828957239307,0,13
14,cell_06,118.22,0.7891999999999999,0.5143,0.587957497048406,0,14
15,cell_06,118.52,0.7773,0.512,0.5788602941176474,0,15
16,cell_06,129.11,0.7898,0.45645,0.6264000000000003,0,16
17,cell_06,112.89,0.8088,0.52635,0.6341999999999999,0,17
18,cell_06,116.86,0.8333999999999999,0.49255,0.6128364389233957,0,18
19,cell_06,117.05,0.8102,0.502,0.5527721495671396,0,19
20,cell_06,133.27,0.7963,0.4682,0.6226000000000004,0,20
21,cell_06,105.55,0.803,0.55225,0.5900368288427985,0,21
22,cell_06,136.78,0.7574,0.43815,0.6189999999999997,0,22
23,cell_06,112.98,0.8386,0.5372,0.578735105407883,0,23
24,cell_06,120.8,0.8451,0.51065,0.5069139966273183,0,24
25,cell_06,127.37,0.8004,0.45235,0.6117999999999996,0,25
26,cell_06,109.78,0.7968000000000001,0.5509,0.6376,0,26
27,cell_06,119.0,0.8061,0.51285,0.5921667965705372,0,27
28,cell_06,132.58,0.7864,0.44105,0.6005999999999999,0,28
29,cell_06,116.63,0.7999999999999999,0.48945,0.5650822669104203,0,29
30,cell_06,120.53,0.815,0.51335,0.6353174603174608,0,30
31,cell_06,109.75,0.7977,0.54285,0.6048,0,31
32,cell_06,116.89,0.8048,0.48975,0.6022000000000007,0,32
33,cell_06,139.92,0.8093,0.43385,0.5987999999999999,0,33
34,cell_06,110.04,0.7885,0.5365,0.6326,0,34
35,cell_06,112.34,0.8129000000000001,0.51245,0.5999999999999996,0,35
36,cell_06,132.66,0.7779999999999999,0.4442,0.5853235747303545,0,36
37,cell_06,116.14,0.7604,0.50855,0.6036000000000001,0,37
38,cell_06,118.32,0.7806,0.5112,0.6081999999999992,0,38
39,cell_06,120.66,0.8017,0.4919,0.6008000000000004,0,39
40,cell_06,120.55,0.8016,0.4793,0.6231999999999999,0,40
41,cell_06,124.97,0.8178000000000001,0.48475,0.6188000000000002,0,41
42,cell_06,124.73,0.8168,0.49185,0.6213999999999995,0,42
43,cell_06,117.56,0.8159,0.50885,0.5729810755105867,0,43
44,cell_06,109.45,0.7997,0.5197,0.5374736101337094,0,44
45,cell_06,128.59,0.8146,0.4463,0.6394000000000001,0,45
46,cell_06,123.3,0.7915,0.5064,0.555935251798561,0,46
47,cell_06,113.09,0.7846,0.5122,0.5724705442304101,0,47
48,cell_06,116.1,0.7787000000000001,0.50425,0.6257367387033402,0,48
49,cell_06,124.61,0.7761,0.4899,0.532882179420441,0,49
50,cell_06,115.2,0.7709,0.5355,0.6192000000000002,0,50
51,cell_06,116.23,0.7829,0.5336,0.5835416266102674,0,51
52,cell_06,120.09,0.796,0.49085,0.5999604899249301,0,52
53,cell_06,125.25,0.7738,0.4979,0.6222885572139304,0,53
54,cell_06,110.11,0.7934,0.5193,0.5880665519219737,0,54
55,cell_06,115.95,0.8101,0.53205,0.6305732484076428,0,55
56,cell_06,121.67,0.8327,0.4796,0.6055799732467037,0,56
57,cell_06,130.74,0.819,0.47385,0.6521999999999997,0,57
58,cell_06,122.39,0.8373999999999999,0.50685,0.6362000000000005,0,58
59,cell_06,129.17,0.7964,0.4719,0.6539999999999999,0,59
60,cell_06,132.7,0.8010999999999999,0.4514,0.6445999999999996,0,60
61,cell_06,119.98,0.8027,0.4795,0.5584816563748639,0,61
62,cell_06,115.68,0.8476,0.51045,0.6247999999999996,0,62
63,cell_06,105.33,0.7834,0.53885,0.5993240705970709,0,63
64,cell_06,125.79,0.7897000000000001,0.4823,0.6056118472330475,0,64
65,cell_06,114.86,0.7814,0.4969,0.6533999999999995,0,65
66,cell_06,114.87,0.7693,0.5039,0.5647329324372121,0,66
67,cell_06,119.39,0.7894,0.4838,0.5713487332339787,0,67
68,cell_06,126.63,0.7868,0.4818,0.6266746650669869,0,68
69,cell_06,116.17,0.7905,0.50835,0.6364000000000001,0,69
70,cell_06,127.64,0.8114,0.47005,0.5963938973647714,0,70
71,cell_06,120.75,0.8107,0.4808,0.6452,0,71
72,cell_06,118.4,0.7823,0.49495,0.6168000000000005,0,72
73,cell_06,117.01,0.7201,0.50805,0.5794303192506208,0,73
74,cell_06,124.49,0.7927,0.4621,0.6184000000000004,0,74
75,cell_06,122.27,0.7888,0.49675,0.6041999999999996,0,75
76,cell_06,126.4,0.8034999999999999,0.46775,0.6151999999999997,0,76
77,cell_06,129.26,0.7846000000000001,0.4829,0.4821760694358341,0,77
78,cell_06,112.17,0.8198,0.5197,0.5637998875772907,0,78
79,cell_06,118.21,0.7763,0.49815,0.5606415570373043,0,79
80,cell_06,115.22,0.7992,0.54175,0.6012000000000004,0,80
81,cell_06,123.4,0.8352999999999999,0.4982,0.5967959853310174,0,81
82,cell_06,113.28,0.8059000000000001,0.5242,0.6255999999999995,0,82
83,cell_06,110.05,0.7959,0.51985,0.6262000000000008,0,83
84,cell_06,117.43,0.7921,0.49965,0.6127926898914903,0,84
85,cell_06,128.58,0.7946,0.4671,0.6162000000000002,0,85
86,cell_06,117.02,0.7807999999999999,0.49735,0.6090051953049838,0,86
87,cell_06,119.06,0.7924,0.4867,0.5750286368843072,0,87
88,cell_06,122.82,0.8159,0.4857,0.6155999999999997,0,88
89,cell_06,113.39,0.8064,0.5039,0.633,0,89
90,cell_06,133.06,0.7922,0.46375,0.6132,0,90
91,cell_06,119.19,0.7531,0.47815,0.6374000000000005,0,91
92,cell_06,131.12,0.8210999999999999,0.4747,0.6066000000000003,0,92
93,cell_06,120.85,0.7877,0.49365,0.5893434823977171,0,93
94,cell_06,129.32,0.8016000000000001,0.4808,0.6209999999999996,0,94
95,cell_06,126.16,0.7978999999999999,0.48245,0.5411136011032578,0,95
96,cell_06,114.25,0.8313,0.5034,0.5318268069691219,0,96
97,cell_06,118.68,0.7842,0.48885,0.5894880812817503,0,97
98,cell_06,113.35,0.7983,0.5001,0.6097999999999999,0,98
99,cell_06,128.15,0.7713,0.4721,0.6086000000000001,0,99
100,cell_06,118.92,0.802,0.4793,0.5917022101589767,0,100
101,cell_06,110.43,0.8075,0.551,0.6240945482272214,1,101
102,cell_06,127.51,0.7968000000000001,0.48255,0.6162,1,102
103,cell_06,130.45,0.808,0.44735,0.6112000000000002,1,103
104,cell_06,118.34,0.7635000000000001,0.50855,0.6230680061823806,1,104
105,cell_06,127.57,0.8107,0.4823,0.6204568023833174,1,105
106,cell_06,119.74,0.7834,0.5061,0.6135999999999999,1,106
107,cell_06,114.97,0.8237,0.49775,0.6118251928020567,1,107
108,cell_06,113.0,0.7638,0.51375,0.6450000000000005,1,108
109,cell_06,119.32,0.8097000000000001,0.4975,0.6234000000000001,1,109
110,cell_06,116.51,0.8199,0.49435,0.6289999999999997,1,110
111,cell_06,111.64,0.8242,0.5287,0.6787999999999998,1,111
112,cell_06,138.99,0.7734,0.44455,0.6215999999999999,1,112
113,cell_06,125.82,0.8216,0.46685,0.5643671917436177,1,113
114,cell_06,120.35,0.8055,0.47935,0.6131999999999999,1,114
115,cell_06,124.78,0.8246,0.4577,0.517649045769296,1,115
116,cell_06,125.37,0.8166,0.488,0.5756492284531423,1,116
117,cell_06,118.16,0.7988,0.48555,0.6101999999999997,1,117
118,cell_06,109.24,0.8058,0.52435,0.546774193548387,1,118
119,cell_06,119.9,0.8295,0.4978,0.6265999999999998,2,119
120,cell_06,119.32,0.7861,0.49465,0.5072657424419577,2,120
121,cell_06,119.11,0.7922,0.4905,0.6176413064736943,2,121
122,cell_06,125.9,0.8024,0.4737,0.576930373743123,2,122
123,cell_06,113.91,0.8055,0.52225,0.6072567783094103,2,123
124,cell_06,107.0,0.7935,0.53025,0.6425092538476526,2,124
125,cell_06,124.92,0.7693,0.4697,0.6554000000000002,2,125
126,cell_06,112.2,0.8075,0.5405,0.6067999999999998,2,126
127,cell_06,120.36,0.8286,0.48325,0.5914103308183398,2,127
128,cell_06,127.94,0.7745,0.4812,0.5566037735849064,2,128
129,cell_06,111.92,0.8287,0.5118,0.6593999999999998,2,129
130,cell_06,114.49,0.7767999999999999,0.51405,0.5409012131715765,2,130
131,cell_06,120.93,0.7983,0.4982,0.5934729296359177,2,131
132,cell_06,119.56,0.8257000000000001,0.49135,0.6334000000000001,2,132
133,cell_06,105.94,0.7799,0.5293,0.6142000000000003,2,133
134,cell_06,121.5,0.7753,0.4844,0.5161834120026972,2,134
135,cell_06,123.58,0.7934,0.4983,0.5624428597549832,2,135
136,cell_06,107.95,0.7983,0.54235,0.6098743267504491,2,136
137,cell_06,121.49,0.7651,0.46655,0.6158000000000001,2,137
138,cell_06,114.01,0.8247,0.48855,0.6407049459920415,2,138
139,cell_06,111.38,0.8241999999999999,0.52565,0.588906068805567,2,139
140,cell_06,111.25,0.8083,0.5132,0.6104000000000003,2,140
141,cell_06,116.19,0.7572,0.52235,0.6243323442136496,2,141
142,cell_06,130.7,0.7921,0.46695,0.5695769576957691,2,142
143,cell_06,120.53,0.8251999999999999,0.50805,0.5290567339196411,2,143
144,cell_06,117.73,0.7946,0.49285,0.6185999999999998,2,144
145,cell_06,105.22,0.8205,0.5568,0.6703999999999999,2,145
146,cell_06,110.1,0.7919,0.52025,0.5397697990036077,2,146
147,cell_06,112.86,0.7794,0.49945,0.5902539464653394,2,147
148,cell_06,116.77,0.7681,0.50715,0.6288461538461537,2,148
149,cell_06,113.89,0.7991,0.50135,0.5186567164179104,2,149
150,cell_06,108.54,0.8223,0.5175,0.6182452062754211,2,150
151,cell_06,127.33,0.8029999999999999,0.4786,0.6111999999999993,2,151
152,cell_06,113.29,0.7719,0.53415,0.6299999999999999,2,152
153,cell_06,131.42,0.744,0.4669,0.6228000000000007,2,153
154,cell_06,114.21,0.8259000000000001,0.50515,0.6125549780087965,2,154
155,cell_06,127.12,0.7485,0.4794,0.6588000000000002,2,155
156,cell_06,115.48,0.7827999999999999,0.50105,0.6539999999999999,2,156
157,cell_06,107.29,0.7671,0.5247,0.6436000000000002,2,157
158,cell_06,127.31,0.7975000000000001,0.4572,0.5667710443912324,2,158
159,cell_06,119.26,0.7935,0.49575,0.6153999999999993,2,159
160,cell_06,125.43,0.7808,0.464,0.6346000000000008,2,160
161,cell_06,122.55,0.8212,0.493,0.6310000000000002,2,161
162,cell_06,124.24,0.7854,0.46395,0.5981684981684982,2,162
163,cell_06,121.13,0.7643,0.50405,0.6541999999999994,2,163
164,cell_06,114.93,0.8156,0.48935,0.5982490272373544,2,164
165,cell_06,115.89,0.8631,0.5187,0.537569252077562,2,165
166,cell_06,115.69,0.8064,0.5307,0.48769853628153237,2,166
167,cell_06,117.5,0.8016,0.50025,0.5782747603833868,2,167
168,cell_06,116.05,0.8015,0.52235,0.5843293492695879,2,168
169,cell_06,111.54,0.8084,0.53455,0.6406000000000001,2,169
170,cell_06,116.49,0.7769,0.47695,0.595486111111111,2,170
171,cell_06,111.74,0.8543,0.53585,0.6203538064003182,2,171
172,cell_06,119.72,0.8147,0.4991,0.5818949687844289,2,172
173,cell_06,116.68,0.7926,0.47555,0.6337999999999998,2,173
174,cell_06,115.0,0.7594000000000001,0.50745,0.5990982160360707,2,174
175,cell_06,112.61,0.7994000000000001,0.4982,0.5845747689986801,2,175
176,cell_06,122.81,0.8013,0.4648,0.5184873949579832,2,176
177,cell_06,129.62,0.8215,0.47245,0.5326876513317197,2,177
178,cell_06,112.5,0.8087,0.54095,0.5577844842890113,2,178
179,cell_06,117.67,0.7726999999999999,0.50695,0.5725205070842657,2,179
180,cell_06,107.64,0.8312999999999999,0.53705,0.6257999999999999,2,180
181,cell_06,118.43,0.8260000000000001,0.4896,0.5726272608614574,2,181
182,cell_06,115.7,0.8089999999999999,0.47995,0.6177999999999999,2,182
183,cell_06,125.32,0.778,0.4579,0.6472000000000007,2,183
184,cell_06,114.19,0.8117,0.5242,0.5376124978773982,2,184
185,cell_06,114.42,0.7756000000000001,0.51025,0.60466881761245,2,185
186,cell_06,117.72,0.7912,0.4898,0.6081345326554554,2,186
187,cell_06,115.7,0.7958000000000001,0.4802,0.6096948628814216,2,187
188,cell_06,115.09,0.8088,0.52815,0.6168000000000005,2,188
189,cell_06,114.13,0.7685,0.49555,0.6503999999999993,2,189
190,cell_06,115.67,0.8009,0.49585,0.6538000000000004,2,190
191,cell_06,117.16,0.7928000000000001,0.485,0.6266013564431044,2,191
192,cell_06,116.75,0.8058000000000001,0.4898,0.6323999999999996,2,192
193,cell_06,113.37,0.818,0.51375,0.6231999999999998,2,193
194,cell_06,126.38,0.7776,0.4646,0.6208,2,194
195,cell_06,117.08,0.7885,0.502,0.6208,2,195
196,cell_06,106.2,0.7636999999999999,0.5239,0.625,2,196
197,cell_06,121.86,0.8343999999999999,0.4979,0.5750640790919074,2,197
198,cell_06,112.37,0.8006,0.52635,0.5780294857964767,2,198
199,cell_06,112.86,0.7874,0.5335,0.6200000000000001,2,199
200,cell_06,106.84,0.8097,0.5226,0.6235202794488645,2,200
201,cell_06,124.39,0.8349,0.48655,0.6197999999999996,2,201
202,cell_06,118.82,0.8374999999999999,0.4991,0.6193317422434376,2,202
203,cell_06,113.96,0.8039000000000001,0.50865,0.5663684498813221,2,203
204,cell_06,113.54,0.8009999999999999,0.48825,0.6266000000000008,2,204
205,cell_06,115.74,0.8308,0.4874,0.5493107104984093,2,205
206,cell_06,122.83,0.7575000000000001,0.4859,0.574644768407455,2,206
207,cell_06,101.56,0.7528,0.5636,0.6244140625000002,2,207
208,cell_06,119.81,0.8086,0.4932,0.6306000000000004,2,208
209,cell_06,112.69,0.8446,0.5267,0.6366000000000005,2,209
210,cell_06,124.54,0.8109999999999999,0.47825,0.6342,2,210
211,cell_06,105.26,0.8544,0.54255,0.6498000000000008,2,211
212,cell_06,122.69,0.8256,0.49055,0.5730398399126796,2,212
213,cell_06,113.1,0.7975,0.5013,0.5393434080250126,2,213
214,cell_06,131.74,0.8299000000000001,0.4542,0.6428000000000001,2,214
215,cell_06,109.4,0.7988,0.5279,0.6611044894715937,2,215
216,cell_06,105.93,0.8285,0.53335,0.6542000000000003,2,216
217,cell_06,121.17,0.8169,0.4703,0.6745999999999998,2,217
218,cell_06,113.22,0.784,0.52935,0.6056530214424946,2,218
219,cell_06,125.9,0.8329,0.46655,0.6437999999999997,2,219
220,cell_06,107.89,0.7896000000000001,0.5158,0.6224000000000007,2,220
221,cell_06,112.12,0.8125,0.4928,0.5342208568015023,2,221
222,cell_06,110.3,0.8191,0.5334,0.6223999999999998,2,222
223,cell_06,111.78,0.8240000000000001,0.50625,0.6190000000000007,2,223
224,cell_06,107.89,0.7831,0.5233,0.610584518167456,2,224
225,cell_06,111.37,0.8362999999999999,0.53095,0.625,2,225
226,cell_06,115.85,0.8145,0.4927,0.6021876799078875,2,226
227,cell_06,111.35,0.7779,0.4993,0.6189999999999999,2,227
228,cell_06,122.41,0.7893,0.4722,0.6306708026366808,2,228
229,cell_06,118.92,0.8019000000000001,0.4925,0.5979532163742689,2,229
230,cell_06,107.31,0.8045,0.5482,0.6176000000000004,2,230
231,cell_06,106.99,0.7929999999999999,0.5189,0.6209999999999996,2,231
232,cell_06,121.98,0.7787000000000001,0.4739,0.5967890754751797,2,232
233,cell_06,105.62,0.8217,0.5408,0.6437999999999997,2,233
234,cell_06,113.48,0.8083,0.50975,0.6239999999999997,2,234
235,cell_06,105.82,0.7822,0.52075,0.6269999999999998,2,235
236,cell_06,110.85,0.8001,0.51225,0.6285999999999996,2,236
237,cell_06,115.42,0.7934,0.5105,0.6790000000000003,2,237
238,cell_06,124.58,0.7882,0.45005,0.6735999999999996,2,238
239,cell_06,114.78,0.8038,0.52765,0.6212237093690246,2,239
240,cell_06,137.59,0.8288,0.44365,0.5588501175194358,2,240
241,cell_06,108.77,0.7821,0.5254,0.6204000000000001,2,241
242,cell_06,117.86,0.7961,0.5025,0.5826484018264838,2,242
243,cell_06,112.56,0.8179,0.5209,0.6215999999999999,2,243
244,cell_06,110.44,0.836,0.50395,0.6242000000000001,2,244
245,cell_06,107.94,0.8078,0.5261,0.6317002881844385,2,245
246,cell_06,119.87,0.8419,0.5004,0.6020329881089379,2,246
247,cell_06,109.03,0.7889,0.507,0.6257999999999999,2,247
248,cell_06,113.93,0.8017000000000001,0.5101,0.6027345944933501,2,248
249,cell_06,105.73,0.8230999999999999,0.54695,0.6273999999999997,2,249
250,cell_06,107.33,0.7845,0.515,0.6617999999999995,2,250
251,cell_06,123.58,0.78,0.4671,0.5715067493615468,2,251
252,cell_06,122.51,0.8115,0.4859,0.5840175150519978,2,252
253,cell_06,107.64,0.8028,0.51495,0.5793650793650799,2,253
254,cell_06,105.04,0.7977000000000001,0.5315,0.5693284936479125,2,254
255,cell_06,116.44,0.7705,0.48195,0.6492000000000004,2,255
256,cell_06,105.71,0.8156,0.556,0.6482000000000001,2,256
257,cell_06,115.15,0.8129,0.5044,0.6385999999999994,2,257
258,cell_06,112.83,0.7831,0.5105,0.6103798420458822,2,258
259,cell_06,125.71,0.786,0.46865,0.599259259259259,2,259
260,cell_06,114.19,0.7827999999999999,0.5279,0.6247999999999996,2,260
261,cell_06,113.27,0.8112,0.48885,0.6558000000000002,2,261
262,cell_06,122.62,0.7498,0.48135,0.6275999999999994,2,262
263,cell_06,114.23,0.8004,0.49205,0.6461999999999994,2,263
264,cell_06,103.39,0.8043,0.53455,0.6787999999999998,2,264
265,cell_06,109.11,0.8033999999999999,0.51165,0.6308000000000007,2,265
266,cell_06,118.5,0.7767999999999999,0.47775,0.6309713375796173,2,266
267,cell_06,122.3,0.8002,0.48675,0.6513999999999998,2,267
268,cell_06,106.58,0.7828,0.53525,0.6453999999999995,2,268
269,cell_06,117.25,0.7873,0.4941,0.6271999999999993,2,269
270,cell_06,106.65,0.887,0.514,0.6585999999999999,2,270
271,cell_06,104.96,0.7874000000000001,0.52015,0.6652000000000005,2,271
272,cell_06,144.61,0.8094999999999999,0.41455,0.6175261584454405,2,272
273,cell_06,111.45,0.7952,0.5316,0.6577999999999999,2,273
274,cell_06,119.66,0.8091,0.4787,0.4923287255050884,2,274
275,cell_06,113.14,0.775,0.491,0.6272000000000002,2,275
276,cell_06,101.24,0.7842,0.5385,0.6100785591109408,2,276
277,cell_06,112.05,0.8175,0.53615,0.6284000000000001,2,277
278,cell_06,106.44,0.8294999999999999,0.5123,0.6459999999999999,2,278
279,cell_06,107.35,0.7568,0.5182,0.5436775644352192,2,279
280,cell_06,110.74,0.801,0.52445,0.6255682851427529,2,280
281,cell_06,111.61,0.8047,0.53575,0.6547999999999998,2,281
282,cell_06,102.44,0.7405,0.53895,0.6257999999999999,2,282
283,cell_06,117.42,0.8147,0.5027,0.6326,2,283
284,cell_06,117.37,0.8189000000000001,0.48155,0.6337999999999998,2,284
285,cell_06,118.25,0.8021,0.4936,0.6503999999999993,2,285
286,cell_06,109.14,0.8259,0.5032,0.6251482799525501,2,286
287,cell_06,119.04,0.8371,0.49865,0.6271999999999992,2,287
288,cell_06,122.67,0.7971,0.4747,0.621765751530713,2,288
289,cell_06,116.95,0.8103,0.5109,0.5858341099720407,2,289
290,cell_06,124.29,0.794,0.4608,0.582597498160412,2,290
291,cell_06,118.38,0.8092,0.50215,0.6692,2,291
292,cell_06,114.19,0.7975000000000001,0.50375,0.5746307558644661,2,292
293,cell_06,113.54,0.8233,0.5029,0.6348499515972896,2,293
294,cell_06,105.03,0.7895000000000001,0.5213,0.6182924580490498,2,294
295,cell_06,114.32,0.7821,0.51795,0.6294000000000004,2,295
296,cell_06,101.91,0.7884,0.55555,0.5634438465544171,2,296
297,cell_06,118.51,0.8163,0.48705,0.6487999999999996,2,297
298,cell_06,114.7,0.8207,0.507,0.5564961990324807,2,298
299,cell_06,116.1,0.8049,0.5054,0.5536185948230322,2,299
300,cell_06,114.84,0.7759,0.5042,0.63443166309222,2,300
301,cell_06,122.55,0.8119,0.4684,0.614571318723568,2,301
302,cell_06,121.3,0.7941,0.4704,0.6427999999999993,2,302
303,cell_06,114.88,0.7591,0.50015,0.6345999999999998,2,303
304,cell_06,123.0,0.8424,0.4606,0.6608154020385048,2,304
305,cell_06,118.84,0.7975,0.49165,0.6289833080424893,2,305
306,cell_06,121.35,0.8246,0.4838,0.6453999999999995,2,306
307,cell_06,116.26,0.8351,0.49255,0.6284,2,307
308,cell_06,103.75,0.7915000000000001,0.5283,0.6065513433934487,2,308
309,cell_06,118.6,0.8063,0.47305,0.5726495726495727,2,309
310,cell_06,112.74,0.781,0.52175,0.6067499533843,2,310
311,cell_06,122.69,0.8318,0.4857,0.6825999999999999,2,311
312,cell_06,113.75,0.7952,0.48885,0.6442000000000005,2,312
313,cell_06,116.66,0.8216,0.51165,0.6520000000000001,2,313
314,cell_06,112.83,0.8188000000000001,0.49315,0.5722056501140556,2,314
315,cell_06,124.67,0.8201999999999999,0.4777,0.6306000000000003,2,315
316,cell_06,121.25,0.7747999999999999,0.49075,0.5776813166937962,2,316
317,cell_06,125.27,0.8169,0.4556,0.6387999999999998,2,317
318,cell_06,116.26,0.7949,0.50955,0.6257121154576525,2,318
319,cell_06,134.28,0.7909999999999999,0.42245,0.6356000000000002,2,319
320,cell_06,107.69,0.7954,0.5222,0.6448,2,320
321,cell_06,113.88,0.8009,0.5154,0.6533999999999995,2,321
322,cell_06,101.72,0.7878,0.54005,0.5490298898793924,2,322
323,cell_06,98.94,0.8195,0.55455,0.6352000000000002,2,323
324,cell_06,105.45,0.8008,0.5234,0.6382000000000003,2,324
325,cell_06,118.18,0.7837999999999999,0.4843,0.6346000000000008,2,325
326,cell_06,104.23,0.8119,0.5543,0.6369999999999996,2,326
327,cell_06,124.53,0.8071999999999999,0.47015,0.6335999999999996,2,327
328,cell_06,130.56,0.81,0.45245,0.593726521412472,2,328
329,cell_06,107.51,0.8170999999999999,0.5463,0.6686000000000005,2,329
330,cell_06,112.16,0.8177000000000001,0.51505,0.577646426652337,2,330
331,cell_06,130.74,0.8435,0.4531,0.6311999999999999,2,331
332,cell_06,119.4,0.7548,0.4661,0.5718171926006531,2,332
333,cell_06,113.15,0.764,0.5138,0.6547999999999998,2,333
334,cell_06,113.76,0.813,0.47825,0.6317999999999994,2,334
335,cell_06,113.27,0.7854,0.48185,0.7092,2,335
336,cell_06,100.29,0.7667999999999999,0.54915,0.6448,2,336
337,cell_06,98.55,0.8138,0.5537,0.6478000000000002,2,337
338,cell_06,117.48,0.8321999999999999,0.50365,0.6093719992318033,2,338
339,cell_06,113.98,0.7706999999999999,0.49625,0.6456000000000001,2,339
340,cell_06,112.59,0.8095000000000001,0.52255,0.6943403667915599,2,340
341,cell_06,116.44,0.8055000000000001,0.48595,0.6166413373860178,2,341
342,cell_06,129.8,0.7958,0.44425,0.6639999999999996,2,342
343,cell_06,129.11,0.8004,0.43095,0.600946073793756,2,343
344,cell_06,118.74,0.7309000000000001,0.49815,0.6581999999999999,2,344
345,cell_06,103.34,0.8082,0.52205,0.6634000000000002,2,345
346,cell_06,115.56,0.7969,0.5004,0.6752000000000002,2,346
347,cell_06,113.07,0.7867999999999999,0.52025,0.6044678055190541,2,347
348,cell_06,110.86,0.7624000000000001,0.52275,0.6434000000000006,2,348
349,cell_06,109.63,0.7778,0.53465,0.6602000000000006,2,349
350,cell_06,109.97,0.8203,0.50465,0.6366000000000005,2,350
351,cell_06,110.88,0.7912,0.5069,0.6353999999999997,2,351
352,cell_06,109.64,0.8562,0.4991,0.6319999999999997,2,352
353,cell_06,113.05,0.7971,0.49355,0.6228264890862004,2,353
354,cell_06,116.62,0.8064,0.4607,0.6350000000000007,2,354
355,cell_06,109.66,0.7829999999999999,0.5293,0.5794273208097762,2,355
356,cell_06,121.39,0.7686999999999999,0.4904,0.6073217726396916,2,356
357,cell_06,118.18,0.8019,0.48895,0.6823999999999995,2,357
358,cell_06,120.05,0.7774,0.48645,0.6646,2,358
359,cell_06,121.69,0.8103,0.4665,0.5612510860121633,2,359
360,cell_06,109.45,0.777,0.49785,0.5680441752760951,2,360
361,cell_06,112.49,0.7919,0.5129,0.5870288248337028,2,361
362,cell_06,115.06,0.7757000000000001,0.48235,0.6033223804308139,2,362
363,cell_06,107.1,0.7817999999999999,0.52595,0.6292048929663604,2,363
364,cell_06,120.69,0.7779999999999999,0.4908,0.6100251596671182,2,364
365,cell_06,120.74,0.8354,0.4617,0.6340298507462687,2,365
366,cell_06,103.91,0.7847,0.53435,0.5426568644212688,2,366
367,cell_06,107.02,0.8005,0.50495,0.6738,2,367
368,cell_06,110.65,0.8002,0.5216,0.6578125000000004,2,368
369,cell_06,105.32,0.8032,0.52215,0.6392000000000007,2,369
370,cell_06,119.82,0.7843,0.47635,0.6471999999999997,2,370
371,cell_06,112.67,0.7701,0.48695,0.5524712254570074,2,371
1,cell_07,86.04,0.8347,0.6765,0.4579896119767794,1,1
2,cell_07,88.49,0.7923,0.6486,0.46415384615384586,2,2
3,cell_07,94.48,0.8404,0.66515,0.46676923076923066,3,3
4,cell_07,85.05,0.8072,0.6794,0.4987860394537179,4,4
5,cell_07,93.55,0.8164,0.63585,0.4461130742049469,4,5
6,cell_07,92.96,0.8183,0.6293,0.4518063258881728,4,6
7,cell_07,84.23,0.8433999999999999,0.7117,0.4789230769230772,5,7
8,cell_07,92.84,0.8428,0.66485,0.4606153846153845,5,8
9,cell_07,94.07,0.8084,0.64305,0.47292307692307683,5,9
10,cell_07,88.64,0.8013,0.681,0.4707692307692309,5,10
11,cell_07,93.4,0.8294999999999999,0.6423,0.43086632243258716,6,11
12,cell_07,87.73,0.8624,0.65815,0.47969230769230753,7,12
13,cell_07,93.4,0.8028000000000001,0.6358,0.4060653800708945,7,13
14,cell_07,95.62,0.8358,0.6496,0.49784615384615427,7,14
15,cell_07,95.58,0.8365,0.64315,0.4489674639726638,7,15
16,cell_07,90.74,0.8177,0.6312,0.47523076923076907,8,16
17,cell_07,94.04,0.8036,0.65605,0.5055384615384619,9,17
18,cell_07,97.6,0.8252999999999999,0.63405,0.4699635922330098,9,18
19,cell_07,92.53,0.7999,0.6644,0.44473304473304454,9,19
20,cell_07,96.29,0.8548,0.6424,0.43729490654872333,10,20
21,cell_07,103.33,0.7925,0.607,0.4590617715617717,10,21
22,cell_07,85.92,0.8182,0.6655,0.44778458469867527,10,22
23,cell_07,88.75,0.8307,0.66595,0.47707692307692284,11,23
24,cell_07,88.58,0.8027,0.70635,0.4413833528722153,11,24
25,cell_07,92.42,0.8465,0.65045,0.48338461538461536,11,25
26,cell_07,93.42,0.7985,0.6546,0.42857142857142855,11,26
27,cell_07,88.74,0.8397,0.66195,0.4658432448917352,11,27
28,cell_07,85.87,0.8388,0.6755,0.4665198237885467,12,28
29,cell_07,93.19,0.882,0.67395,0.4654627539503392,13,29
30,cell_07,89.77,0.7850999999999999,0.65795,0.45836360994041553,13,30
31,cell_07,92.97,0.8341999999999999,0.6492,0.46938461538461534,13,31
32,cell_07,86.74,0.8301000000000001,0.67105,0.4924615384615386,14,32
33,cell_07,96.11,0.8318,0.64815,0.4543894766943095,14,33
34,cell_07,94.06,0.8358000000000001,0.61775,0.42450857381848595,15,34
35,cell_07,101.5,0.828,0.61245,0.4841538461538458,15,35
36,cell_07,91.24,0.8167,0.64265,0.43527367506516046,15,36
37,cell_07,95.22,0.8374999999999999,0.653,0.4652307692307693,15,37
38,cell_07,82.49,0.8765,0.7118,0.5066153846153846,16,38
39,cell_07,95.61,0.8263,0.647,0.4613973398562913,16,39
40,cell_07,91.88,0.8252,0.65115,0.4686153846153843,17,40
41,cell_07,88.88,0.8376,0.6399,0.47276923076923105,18,41
42,cell_07,86.93,0.8512000000000001,0.66545,0.4642042863657093,18,42
43,cell_07,92.78,0.8522,0.657,0.46784615384615397,18,43
44,cell_07,95.29,0.8286,0.63405,0.46923076923076956,19,44
45,cell_07,93.16,0.857,0.6247,0.5113846153846159,20,45
46,cell_07,89.63,0.8150000000000001,0.63995,0.46799999999999975,20,46
47,cell_07,97.48,0.8066,0.6289,0.49615384615384656,21,47
48,cell_07,92.75,0.8297,0.6442,0.48430769230769233,21,48
49,cell_07,92.39,0.7981,0.65355,0.4870769230769233,21,49
50,cell_07,92.64,0.8412,0.63745,0.48076923076923067,22,50
51,cell_07,84.7,0.8422999999999999,0.68635,0.4763076923076918,22,51
52,cell_07,86.68,0.8202,0.679,0.43849493487699054,22,52
53,cell_07,87.54,0.8011,0.64425,0.4810769230769231,22,53
54,cell_07,99.0,0.837,0.6259,0.4730769230769233,23,54
55,cell_07,89.71,0.8206,0.64925,0.4689230769230766,23,55
56,cell_07,91.88,0.8059,0.64665,0.43683606086706855,23,56
57,cell_07,90.58,0.7972,0.64845,0.48476923076923023,23,57
58,cell_07,90.79,0.8343,0.64005,0.4695384615384618,23,58
59,cell_07,96.68,0.8355999999999999,0.62375,0.40734289159855325,24,59
60,cell_07,92.93,0.8339,0.65085,0.4451291079812205,24,60
61,cell_07,95.11,0.8538,0.64125,0.4687692307692306,24,61
62,cell_07,88.23,0.8208,0.64345,0.42010523400719996,24,62
63,cell_07,93.72,0.8382,0.65235,0.47695817490494313,24,63
64,cell_07,95.32,0.8414,0.64825,0.4692595362752428,24,64
65,cell_07,95.41,0.8113999999999999,0.6518,0.5148827420324718,24,65
66,cell_07,88.3,0.7916000000000001,0.64005,0.45766853528819895,24,66
67,cell_07,89.01,0.8209,0.659,0.4969230769230769,24,67
68,cell_07,96.67,0.833,0.63205,0.49169230769230826,24,68
69,cell_07,96.84,0.8363999999999999,0.6228,0.4593215250675474,25,69
70,cell_07,88.98,0.813,0.62775,0.47369230769230786,26,70
71,cell_07,96.56,0.8072,0.6331,0.44654427645788386,27,71
72,cell_07,97.93,0.8402,0.6178,0.5078461538461536,28,72
73,cell_07,99.41,0.8253,0.6077,0.4859999999999995,29,73
74,cell_07,87.88,0.8553,0.6626,0.49446153846153856,29,74
75,cell_07,86.84,0.8131999999999999,0.68185,0.4781109445277357,29,75
76,cell_07,90.04,0.8674,0.66395,0.46008621971160985,30,76
77,cell_07,90.81,0.8457,0.6379,0.47276923076923105,31,77
78,cell_07,98.97,0.8634,0.6071,0.4680344930121914,31,78
79,cell_07,86.95,0.8194,0.6548,0.4860728497092135,31,79
80,cell_07,93.03,0.8365,0.6098,0.479076923076923,31,80
81,cell_07,93.33,0.8678,0.64785,0.47800000000000037,32,81
82,cell_07,90.89,0.8334,0.63,0.4086456836881284,32,82
83,cell_07,94.12,0.7913,0.593,0.43435340572556735,33,83
84,cell_07,87.72,0.8778,0.687,0.47392191142191137,34,84
85,cell_07,96.74,0.8459,0.6186,0.4403228090046722,35,85
86,cell_07,93.86,0.8646,0.6411,0.4720300751879697,36,86
87,cell_07,88.76,0.8011,0.6468,0.4787692307692307,36,87
88,cell_07,91.96,0.8290000000000001,0.63825,0.5066153846153844,37,88
89,cell_07,83.58,0.8262999999999999,0.6616,0.49076923076923057,37,89
90,cell_07,87.88,0.8062,0.6315,0.4075441835927198,38,90
91,cell_07,86.35,0.8222,0.65955,0.436440677966102,39,91
92,cell_07,88.29,0.8314,0.65795,0.48931980003029846,40,92
93,cell_07,94.96,0.8341000000000001,0.61555,0.491076923076923,40,93
94,cell_07,85.45,0.832,0.6559,0.45342526037846553,40,94
95,cell_07,96.16,0.8249,0.62365,0.4858461538461537,40,95
96,cell_07,98.05,0.8216,0.62085,0.45116075339465633,41,96
97,cell_07,85.47,0.8701000000000001,0.65725,0.4790769230769237,42,97
98,cell_07,93.79,0.8198000000000001,0.6398,0.5024615384615385,43,98
99,cell_07,88.8,0.8001999999999999,0.6593,0.45038167938931284,44,99
100,cell_07,88.09,0.8429,0.65955,0.4502947481243301,44,100
101,cell_07,94.63,0.7912,0.6143,0.5036923076923081,45,101
102,cell_07,88.97,0.8241,0.6685,0.47676923076923045,46,102
103,cell_07,85.84,0.84,0.65715,0.454000855798032,46,103
104,cell_07,92.07,0.8472,0.63535,0.481846153846154,47,104
105,cell_07,86.89,0.8227,0.6466,0.4830769230769224,48,105
106,cell_07,82.84,0.8321999999999999,0.66925,0.4759535655058039,48,106
107,cell_07,90.04,0.8324,0.642,0.41535198197003836,48,107
108,cell_07,79.45,0.8331,0.7029,0.5006153846153847,48,108
109,cell_07,85.81,0.8402,0.68725,0.48030769230769194,48,109
110,cell_07,89.69,0.8327,0.6529,0.4977120195240998,48,110
111,cell_07,87.27,0.8434,0.6443,0.4783076923076925,48,111
112,cell_07,93.0,0.8314999999999999,0.6454,0.48138461538461524,48,112
113,cell_07,89.4,0.8311,0.635,0.45558614693522687,49,113
114,cell_07,90.27,0.8474999999999999,0.65315,0.516456848172304,49,114
115,cell_07,84.26,0.7957,0.6672,0.5071075864132878,50,115
116,cell_07,90.63,0.8133,0.61625,0.47999999999999965,50,116
117,cell_07,89.44,0.8222,0.66605,0.44191814799503937,51,117
118,cell_07,89.13,0.84,0.67335,0.49169230769230826,52,118
119,cell_07,85.13,0.8036,0.6643,0.508153846153846,52,119
120,cell_07,87.86,0.8164,0.64675,0.43303327877796016,53,120
121,cell_07,87.82,0.8024,0.66325,0.48984615384615393,53,121
122,cell_07,82.13,0.8405,0.6825,0.4824615384615385,54,122
123,cell_07,92.01,0.8070999999999999,0.64855,0.4932307692307688,54,123
124,cell_07,84.16,0.8395999999999999,0.6506,0.5118461538461537,55,124
125,cell_07,78.57,0.8474999999999999,0.7033,0.48292307692307673,55,125
126,cell_07,83.53,0.7941,0.6577,0.49123076923076864,55,126
127,cell_07,90.38,0.8371999999999999,0.6248,0.44762860008597255,55,127
128,cell_07,88.95,0.8647,0.6718,0.4444598915612402,56,128
129,cell_07,88.25,0.8509,0.66005,0.5024615384615385,56,129
130,cell_07,87.27,0.8108,0.6336,0.4938461538461535,56,130
131,cell_07,88.22,0.84,0.6224,0.49707692307692325,57,131
132,cell_07,85.75,0.8429,0.65595,0.4485726581552145,58,132
133,cell_07,89.93,0.8612000000000001,0.6485,0.4568571428571425,58,133
134,cell_07,93.54,0.8131999999999999,0.6189,0.48199999999999993,58,134
135,cell_07,85.52,0.7976,0.6478,0.4798461538461533,58,135
136,cell_07,90.69,0.8220000000000001,0.6462,0.5191048865885214,58,136
137,cell_07,89.53,0.8516,0.64845,0.47278757726518933,59,137
138,cell_07,91.02,0.8437,0.6623,0.5112307692307694,60,138
139,cell_07,95.8,0.8263,0.60595,0.47876923076923056,60,139
140,cell_07,90.68,0.8062,0.6222,0.5072307692307689,61,140
141,cell_07,86.3,0.8081,0.63785,0.48195915860586497,61,141
142,cell_07,88.07,0.8171999999999999,0.68315,0.47892307692307634,62,142
143,cell_07,77.17,0.8209,0.7092,0.4867692307692312,62,143
144,cell_07,87.15,0.8524999999999999,0.6501,0.5004615384615384,62,144
145,cell_07,88.34,0.8472,0.65115,0.4856923076923079,63,145
146,cell_07,98.2,0.8373999999999999,0.5889,0.48446153846153794,63,146
147,cell_07,85.11,0.7937000000000001,0.6726,0.4961538461538464,63,147
148,cell_07,88.52,0.8702000000000001,0.66125,0.4544268946529484,63,148
149,cell_07,83.66,0.8503999999999999,0.6571,0.4890769230769236,63,149
150,cell_07,94.46,0.8473999999999999,0.61885,0.4983076923076925,63,150
151,cell_07,84.27,0.8374999999999999,0.6995,0.4761503928170593,63,151
152,cell_07,78.34,0.8125,0.688,0.48966205618137715,63,152
153,cell_07,82.26,0.8134,0.65735,0.43898466132754155,63,153
154,cell_07,88.95,0.8235,0.6748,0.41158736400576756,63,154
155,cell_07,85.42,0.7992,0.6513,0.4976259764129269,63,155
156,cell_07,84.55,0.8151,0.67055,0.4850769230769232,63,156
157,cell_07,89.55,0.8671000000000001,0.6173,0.4895384615384615,63,157
158,cell_07,95.6,0.7982,0.59315,0.4707529099749522,64,158
159,cell_07,93.34,0.8282,0.61825,0.4494459833795014,64,159
160,cell_07,92.7,0.8451,0.62985,0.494769230769231,64,160
161,cell_07,88.19,0.829,0.6339,0.4989438744719375,64,161
162,cell_07,82.9,0.863,0.6612,0.491076923076923,64,162
163,cell_07,88.43,0.8334999999999999,0.64355,0.4872307692307691,64,163
164,cell_07,85.74,0.858,0.6493,0.49661538461538446,65,164
165,cell_07,92.03,0.8206,0.6204,0.49192825112107613,66,165
166,cell_07,92.29,0.8119999999999999,0.6182,0.435147000133032,67,166
167,cell_07,90.32,0.8145,0.65105,0.48151996437583466,67,167
168,cell_07,84.46,0.832,0.63645,0.5192307692307689,67,168
169,cell_07,83.27,0.8169,0.6501,0.4970769230769227,67,169
170,cell_07,87.39,0.8759,0.6636,0.49261538461538423,68,170
171,cell_07,82.54,0.8422,0.691,0.49584615384615344,68,171
172,cell_07,82.5,0.8410000000000001,0.6495,0.5251141552511418,68,172
173,cell_07,85.07,0.8337,0.69535,0.49538461538461537,69,173
174,cell_07,86.39,0.8326,0.66015,0.5040000000000006,69,174
175,cell_07,84.35,0.8203,0.66725,0.48953846153846164,70,175
176,cell_07,85.46,0.7913,0.67635,0.5132307692307695,70,176
177,cell_07,84.8,0.843,0.668,0.5036923076923077,70,177
178,cell_07,88.4,0.8190999999999999,0.62995,0.4504249291784704,70,178
179,cell_07,81.55,0.8145,0.6771,0.45377677564825264,71,179
180,cell_07,87.47,0.8452,0.64065,0.49000000000000044,71,180
181,cell_07,85.39,0.843,0.65755,0.4819580005915413,71,181
182,cell_07,88.46,0.8024,0.6533,0.4983076923076925,71,182
183,cell_07,83.35,0.8408,0.6786,0.49353846153846176,72,183
184,cell_07,81.57,0.8495,0.65985,0.4987150415721842,72,184
185,cell_07,93.29,0.7807,0.61535,0.4473358116480792,73,185
186,cell_07,76.34,0.8473999999999999,0.7023,0.45081736189402505,74,186
187,cell_07,87.03,0.7875,0.67085,0.502195306585919,75,187
188,cell_07,90.55,0.8558,0.63625,0.49076923076923057,75,188
189,cell_07,91.6,0.8261999999999999,0.62155,0.46197771587743747,76,189
190,cell_07,82.8,0.8092999999999999,0.67375,0.5021538461538461,76,190
191,cell_07,87.35,0.8489,0.6245,0.4767286245353164,77,191
192,cell_07,85.68,0.8198,0.67,0.5061538461538458,77,192
193,cell_07,79.62,0.8148,0.67675,0.4264941302027743,77,193
194,cell_07,89.88,0.851,0.63375,0.4893846153846152,78,194
195,cell_07,86.02,0.7822,0.63155,0.45918367346938715,78,195
196,cell_07,88.95,0.8164,0.63825,0.49076923076923057,79,196
197,cell_07,86.08,0.8404,0.6253,0.4988207547169811,80,197
198,cell_07,81.76,0.8289000000000001,0.65575,0.4424076607387146,81,198
199,cell_07,84.51,0.8044,0.6593,0.5126153846153843,81,199
200,cell_07,85.59,0.8427,0.6682,0.5235384615384617,82,200
201,cell_07,86.83,0.831,0.62915,0.4915384615384616,83,201
202,cell_07,83.68,0.7986,0.671,0.4853488026178787,83,202
203,cell_07,91.94,0.8558,0.6253,0.4773590417762196,84,203
204,cell_07,83.88,0.8361000000000001,0.671,0.5332307692307693,84,204
205,cell_07,91.84,0.8061999999999999,0.61285,0.49430769230769295,84,205
206,cell_07,78.87,0.8361,0.6892,0.48530748258103634,85,206
207,cell_07,84.54,0.8555,0.63695,0.5093846153846158,85,207
208,cell_07,80.69,0.8142,0.665,0.5109510951095108,86,208
209,cell_07,87.74,0.8059999999999999,0.66695,0.4933846153846154,86,209
210,cell_07,86.44,0.845,0.61825,0.46774428425804526,86,210
211,cell_07,80.28,0.8487,0.6709,0.5221538461538461,86,211
212,cell_07,85.42,0.8008,0.63625,0.4929230769230765,86,212
213,cell_07,89.21,0.8056000000000001,0.64235,0.49707692307692325,86,213
214,cell_07,87.42,0.8351,0.63325,0.5132307692307693,87,214
215,cell_07,83.53,0.7966000000000001,0.69035,0.448247078464107,88,215
216,cell_07,89.52,0.8398,0.62075,0.47147190524339166,89,216
217,cell_07,86.84,0.8116000000000001,0.66075,0.49430769230769206,89,217
218,cell_07,91.11,0.812,0.6344,0.5549230769230769,89,218
219,cell_07,81.73,0.8466,0.6773,0.49250936329588,90,219
220,cell_07,82.18,0.8517,0.70805,0.5169230769230766,90,220
221,cell_07,91.95,0.8481,0.63425,0.5011518967900473,90,221
222,cell_07,81.41,0.8425,0.6535,0.49769230769230777,90,222
223,cell_07,87.69,0.8575,0.64035,0.4938461538461533,90,223
224,cell_07,83.44,0.8321999999999999,0.67595,0.47125271542360553,91,224
225,cell_07,89.5,0.8298,0.6438,0.5478461538461541,92,225
226,cell_07,84.2,0.8078,0.67265,0.4604265063689713,92,226
227,cell_07,88.39,0.8376,0.64005,0.42697368421052645,93,227
228,cell_07,77.03,0.8336,0.7061,0.47927080270508676,93,228
229,cell_07,97.13,0.8568,0.5952,0.5076923076923077,94,229
230,cell_07,80.46,0.8504999999999999,0.6594,0.46758016669021046,94,230
231,cell_07,86.03,0.8340000000000001,0.64975,0.49969230769230805,95,231
232,cell_07,82.57,0.8093,0.64885,0.450413223140496,96,232
233,cell_07,86.66,0.8368,0.65715,0.5063076923076923,96,233
234,cell_07,87.54,0.8279000000000001,0.65145,0.43486286919831224,97,234
235,cell_07,81.33,0.856,0.6555,0.5106153846153839,97,235
236,cell_07,85.91,0.8618,0.6602,0.47504025764895347,98,236
237,cell_07,81.94,0.7941,0.6937,0.5049230769230774,98,237
238,cell_07,90.78,0.8698,0.58085,0.5315384615384613,98,238
239,cell_07,78.99,0.8062,0.6962,0.511384615384615,98,239
240,cell_07,75.26,0.8138,0.714,0.5173846153846156,98,240
241,cell_07,88.03,0.8443999999999999,0.6062,0.45966493031113576,98,241
242,cell_07,86.96,0.813,0.6512,0.5086153846153847,98,242
243,cell_07,78.9,0.8684999999999999,0.6843,0.5029230769230771,98,243
244,cell_07,83.02,0.8160000000000001,0.67295,0.4993846153846151,99,244
245,cell_07,75.87,0.846,0.6919,0.45813295615275806,100,245
246,cell_07,80.08,0.8276000000000001,0.6593,0.470823227279212,100,246
247,cell_07,92.96,0.819,0.5992,0.4912403644008413,101,247
248,cell_07,80.09,0.8351999999999999,0.6826,0.49892307692307686,101,248
249,cell_07,85.96,0.8359,0.6659,0.4518466898954701,102,249
250,cell_07,76.97,0.8206,0.68665,0.5076923076923072,103,250
251,cell_07,91.37,0.8137,0.61165,0.4986153846153848,103,251
252,cell_07,90.98,0.8460000000000001,0.6196,0.509692307692308,103,252
253,cell_07,85.9,0.8130999999999999,0.6504,0.5329230769230768,103,253
254,cell_07,82.55,0.8130999999999999,0.68335,0.5183076923076921,103,254
255,cell_07,77.43,0.8159000000000001,0.6903,0.5130769230769229,104,255
256,cell_07,89.56,0.8030999999999999,0.63185,0.4962212817412335,105,256
257,cell_07,86.49,0.7871,0.63985,0.5289230769230768,105,257
258,cell_07,78.4,0.8337,0.7218,0.49138191714544865,105,258
259,cell_07,83.48,0.7975,0.6362,0.4993846153846149,105,259
260,cell_07,79.82,0.7866,0.6669,0.5210769230769234,106,260
261,cell_07,85.14,0.8009,0.6387,0.5004615384615391,106,261
262,cell_07,82.49,0.7984,0.66185,0.4827882960413084,107,262
263,cell_07,83.74,0.7932,0.62835,0.49422393364928957,107,263
264,cell_07,83.79,0.8305,0.62905,0.5000000000000003,107,264
265,cell_07,81.86,0.8419,0.64075,0.5335384615384616,107,265
266,cell_07,82.24,0.8029999999999999,0.63635,0.4731572838073126,107,266
267,cell_07,81.49,0.8291,0.6424,0.4692442882249562,107,267
268,cell_07,85.23,0.787,0.66315,0.5093846153846158,107,268
269,cell_07,81.4,0.837,0.69725,0.5047692307692307,107,269
270,cell_07,85.96,0.8359,0.63525,0.5173846153846147,107,270
271,cell_07,84.99,0.8629,0.6253,0.4804543442985688,107,271
272,cell_07,82.67,0.8192,0.65025,0.502307692307692,107,272
273,cell_07,89.74,0.8481000000000001,0.6287,0.523846153846154,107,273
274,cell_07,93.58,0.8171,0.6091,0.512153846153846,108,274
275,cell_07,78.32,0.8936999999999999,0.6766,0.523831347387718,109,275
276,cell_07,79.51,0.8066,0.652,0.504769230769231,109,276
277,cell_07,82.23,0.8481,0.65445,0.5010769230769228,109,277
278,cell_07,90.2,0.8546,0.6018,0.5069518716577538,109,278
279,cell_07,81.75,0.8365,0.6354,0.5030769230769229,109,279
280,cell_07,90.41,0.8230000000000001,0.6146,0.5032307692307696,109,280
281,cell_07,80.88,0.8327,0.6495,0.4741047224996433,109,281
282,cell_07,80.03,0.8086,0.65335,0.5032307692307687,110,282
283,cell_07,84.93,0.8170999999999999,0.65335,0.49878530215608863,110,283
284,cell_07,88.35,0.8039,0.63335,0.4873961824275101,110,284
285,cell_07,83.78,0.8386,0.6287,0.5193798449612409,111,285
286,cell_07,86.57,0.8202,0.64515,0.4904440697020801,112,286
287,cell_07,81.25,0.8576,0.65895,0.5144615384615385,113,287
288,cell_07,84.16,0.8314,0.6355,0.5112307692307692,114,288
289,cell_07,82.66,0.8583,0.62655,0.5258461538461541,115,289
290,cell_07,83.85,0.8102,0.62765,0.41141804788213604,115,290
291,cell_07,81.45,0.8338000000000001,0.63355,0.5026650873556413,116,291
292,cell_07,86.44,0.8117,0.6387,0.4996348765882867,116,292
293,cell_07,89.46,0.8213,0.62255,0.484839607441043,117,293
294,cell_07,80.0,0.7984,0.63885,0.5330275229357796,118,294
295,cell_07,77.67,0.8576,0.6809,0.46832740213523166,119,295
296,cell_07,83.1,0.8368,0.64265,0.5106153846153848,119,296
297,cell_07,85.88,0.841,0.61905,0.5210906899668574,119,297
298,cell_07,94.0,0.8903000000000001,0.59355,0.5092344355078944,119,298
299,cell_07,74.51,0.8523999999999999,0.6959,0.4748930099857346,120,299
300,cell_07,80.3,0.8079000000000001,0.6785,0.5086153846153845,121,300
301,cell_07,82.57,0.8258000000000001,0.6571,0.5070769230769233,121,301
302,cell_07,82.45,0.8534999999999999,0.67905,0.527076923076923,121,302
303,cell_07,79.56,0.802,0.6632,0.4907558053542381,122,303
304,cell_07,79.94,0.8207,0.6481,0.4890661938534278,122,304
305,cell_07,83.64,0.8262,0.619,0.5095384615384615,122,305
306,cell_07,78.45,0.8259000000000001,0.6977,0.4424031111707126,122,306
307,cell_07,84.76,0.8133,0.63905,0.533564118001204,122,307
308,cell_07,85.25,0.8335,0.64045,0.5547089302042058,122,308
309,cell_07,80.21,0.8062,0.65095,0.5301538461538459,122,309
310,cell_07,79.46,0.8552,0.65135,0.4869365489520527,122,310
311,cell_07,82.44,0.8472000000000001,0.66435,0.5148618371919343,123,311
312,cell_07,78.25,0.8141999999999999,0.6615,0.4613834788448625,124,312
313,cell_07,88.5,0.8433,0.6356,0.5093846153846158,124,313
314,cell_07,85.39,0.8343,0.65065,0.5276923076923076,124,314
315,cell_07,78.5,0.7894000000000001,0.6636,0.5198461538461535,125,315
316,cell_07,85.93,0.7861,0.63345,0.49727017854507843,125,316
317,cell_07,75.43,0.829,0.68615,0.5106153846153848,125,317
318,cell_07,86.51,0.8506,0.6495,0.4640504555010506,126,318
319,cell_07,78.35,0.8888999999999999,0.68995,0.5109230769230769,126,319
320,cell_07,85.64,0.8314,0.6152,0.5074563272262461,127,320
321,cell_07,82.23,0.8021,0.66635,0.5312307692307692,128,321
322,cell_07,81.33,0.8139,0.62775,0.47948103229445765,129,322
323,cell_07,82.42,0.8563000000000001,0.63415,0.4763363028953231,129,323
324,cell_07,77.78,0.8239000000000001,0.6726,0.5233846153846157,129,324
325,cell_07,81.92,0.8527,0.6443,0.4935507783543364,129,325
326,cell_07,72.34,0.8309,0.71495,0.5253240880313536,130,326
327,cell_07,85.14,0.7963,0.66295,0.49378514353358965,130,327
328,cell_07,84.04,0.8222999999999999,0.6326,0.4735368244189304,131,328
329,cell_07,83.97,0.8086,0.663,0.47416630885930966,132,329
330,cell_07,79.68,0.8238,0.64405,0.5246411129199353,133,330
331,cell_07,82.27,0.8269000000000001,0.6708,0.4877049180327871,133,331
332,cell_07,84.95,0.8367,0.6426,0.5375384615384616,133,332
333,cell_07,82.3,0.8036,0.66015,0.5195384615384614,133,333
334,cell_07,84.68,0.8231,0.65495,0.5092307692307693,133,334
335,cell_07,82.26,0.8569,0.65195,0.5389230769230767,133,335
336,cell_07,79.95,0.81,0.67605,0.4722300935109095,133,336
337,cell_07,92.78,0.8769,0.6049,0.5141538461538463,134,337
338,cell_07,78.64,0.8306,0.65245,0.5136923076923073,134,338
339,cell_07,80.74,0.8215,0.63245,0.5483076923076926,134,339
340,cell_07,90.96,0.8028000000000001,0.6163,0.4905743740795286,134,340
341,cell_07,88.29,0.8251000000000001,0.62905,0.5115384615384616,134,341
342,cell_07,84.76,0.8386,0.6345,0.5023215322112595,134,342
343,cell_07,85.54,0.836,0.6441,0.5107692307692313,135,343
344,cell_07,84.77,0.8189,0.65845,0.5296667164848304,135,344
345,cell_07,80.58,0.798,0.66355,0.5077427039904708,135,345
346,cell_07,79.93,0.8089000000000001,0.63975,0.5010877447425676,135,346
347,cell_07,77.69,0.8117000000000001,0.6896,0.5484615384615386,135,347
348,cell_07,82.45,0.8315,0.6407,0.4815674891146595,135,348
349,cell_07,84.68,0.8465,0.60135,0.4700124086584862,135,349
350,cell_07,87.72,0.8569,0.6414,0.5167692307692308,135,350
351,cell_07,83.97,0.8379,0.6512,0.5472796934865899,135,351
352,cell_07,96.66,0.8210999999999999,0.5682,0.5124615384615384,135,352
353,cell_07,79.27,0.8392000000000001,0.6802,0.5124615384615383,136,353
354,cell_07,80.18,0.8097000000000001,0.6475,0.5143076923076926,137,354
355,cell_07,86.59,0.8468,0.6212,0.5127692307692305,137,355
356,cell_07,86.65,0.8495,0.626,0.5108386903872026,137,356
357,cell_07,80.17,0.7885,0.66905,0.48288262370540863,138,357
358,cell_07,75.92,0.8015,0.6721,0.5188480096501811,138,358
359,cell_07,86.62,0.8295,0.6338,0.48829724985371575,138,359
360,cell_07,84.8,0.8447,0.6161,0.5139999999999997,139,360
361,cell_07,80.63,0.789,0.65325,0.49608763693270747,139,361
362,cell_07,81.26,0.8182,0.65785,0.5340000000000004,139,362
363,cell_07,83.96,0.8154,0.66415,0.4597273853779427,139,363
364,cell_07,82.03,0.8101,0.6359,0.48438806802341805,140,364
365,cell_07,78.9,0.8408,0.64695,0.48363636363636364,141,365
366,cell_07,85.75,0.8272999999999999,0.6505,0.44819435325016405,142,366
367,cell_07,82.41,0.7841,0.67415,0.5235384615384617,142,367
368,cell_07,75.07,0.8579,0.68325,0.48700827406009595,142,368
369,cell_07,79.6,0.831,0.69,0.5290803897685751,143,369
370,cell_07,81.07,0.8041,0.68255,0.5072485653881005,143,370
371,cell_07,72.65,0.8258,0.69535,0.5261538461538462,144,371
372,cell_07,81.06,0.8366,0.67535,0.497386889652083,144,372
373,cell_07,81.11,0.8504,0.63525,0.5373089601438418,144,373
374,cell_07,79.38,0.8156000000000001,0.68835,0.5270769230769232,144,374
375,cell_07,82.47,0.8483,0.6156,0.5127692307692308,144,375
376,cell_07,76.07,0.8604,0.7091,0.5160000000000005,144,376
377,cell_07,87.96,0.8572,0.6256,0.5136923076923076,144,377
378,cell_07,75.37,0.8272,0.6722,0.5028653295128939,145,378
379,cell_07,79.58,0.857,0.6861,0.505507080532113,145,379
380,cell_07,77.37,0.8661000000000001,0.6615,0.48518303312027894,145,380
381,cell_07,85.09,0.8293,0.59875,0.4786532951289403,145,381
382,cell_07,88.6,0.8322999999999999,0.6263,0.4838986689566341,145,382
383,cell_07,84.2,0.8617,0.6589,0.5135384615384617,145,383
384,cell_07,81.7,0.834,0.6659,0.5095952023988002,145,384
385,cell_07,85.03,0.7939,0.64555,0.4784892801363051,146,385
386,cell_07,76.9,0.8044,0.65185,0.5598461538461534,146,386
387,cell_07,85.7,0.8308,0.6133,0.5344615384615382,147,387
388,cell_07,78.71,0.8106,0.69435,0.5178461538461536,147,388
389,cell_07,85.09,0.8205,0.64055,0.5340000000000001,148,389
390,cell_07,77.53,0.8556,0.6697,0.5183076923076921,149,390
391,cell_07,74.78,0.8702,0.6851,0.5219999999999996,150,391
392,cell_07,85.82,0.8602,0.6211,0.47774562491387657,150,392
393,cell_07,76.28,0.8695999999999999,0.6532,0.5346153846153849,151,393
394,cell_07,82.13,0.8285,0.65695,0.5203076923076918,151,394
395,cell_07,79.29,0.8535,0.64355,0.514051344371867,152,395
396,cell_07,78.21,0.8217000000000001,0.6732,0.5189230769230769,152,396
397,cell_07,79.94,0.8113,0.6333,0.5213846153846149,152,397
398,cell_07,82.5,0.8127,0.65135,0.5309230769230767,152,398
399,cell_07,85.7,0.848,0.64075,0.4797383762263611,152,399
400,cell_07,74.37,0.8146,0.70815,0.5463076923076925,152,400
401,cell_07,86.48,0.8552,0.63345,0.521230769230769,152,401
402,cell_07,77.65,0.8252,0.6686,0.5051975051975055,152,402
403,cell_07,73.58,0.7882,0.6949,0.5210769230769227,152,403
404,cell_07,86.09,0.8140000000000001,0.62705,0.4688015393073122,152,404
405,cell_07,76.77,0.8045,0.6524,0.5507692307692308,153,405
406,cell_07,81.72,0.8178000000000001,0.62535,0.530461538461538,153,406
407,cell_07,89.03,0.8596999999999999,0.5997,0.4903525315537503,154,407
408,cell_07,80.83,0.883,0.63035,0.5184615384615386,154,408
409,cell_07,85.36,0.8355,0.63575,0.5330634278002696,155,409
410,cell_07,81.78,0.8131,0.63725,0.5507692307692308,155,410
411,cell_07,79.26,0.845,0.6425,0.4828913601368694,155,411
412,cell_07,79.44,0.8195,0.65015,0.528,155,412
413,cell_07,82.71,0.8101999999999999,0.6201,0.5129022465088037,156,413
414,cell_07,80.99,0.8576,0.6588,0.5207692307692312,156,414
415,cell_07,74.38,0.8277,0.68035,0.5463763793617651,156,415
416,cell_07,79.34,0.8138000000000001,0.68325,0.5210769230769227,156,416
417,cell_07,78.61,0.8188,0.6435,0.5320464484994725,156,417
418,cell_07,76.06,0.8151,0.67235,0.4589941710722517,157,418
419,cell_07,83.94,0.8529,0.63295,0.5195384615384614,158,419
420,cell_07,80.27,0.8321000000000001,0.6414,0.5468516860638611,158,420
421,cell_07,79.12,0.8158,0.65995,0.4465524008897035,158,421
422,cell_07,82.17,0.8239000000000001,0.64165,0.5420463032113514,158,422
423,cell_07,82.35,0.8434,0.6184,0.5344615384615382,158,423
424,cell_07,78.14,0.8298000000000001,0.67085,0.529230769230769,158,424
425,cell_07,86.88,0.8433999999999999,0.6293,0.5224615384615382,158,425
426,cell_07,77.9,0.8359,0.637,0.4868553368768858,158,426
427,cell_07,77.83,0.8229,0.67645,0.5378461538461534,158,427
428,cell_07,77.09,0.8427,0.66345,0.5061868866448581,158,428
429,cell_07,82.92,0.8742000000000001,0.6544,0.5035263003232439,159,429
430,cell_07,81.55,0.8046,0.61325,0.5024985302763084,160,430
431,cell_07,80.32,0.8181999999999999,0.6209,0.5486153846153851,160,431
432,cell_07,78.39,0.8346,0.65995,0.5078495260663504,161,432
433,cell_07,79.81,0.8082,0.66575,0.4718084365863848,161,433
434,cell_07,75.84,0.8327,0.65635,0.538461538461538,162,434
435,cell_07,84.28,0.8155,0.63815,0.5666153846153849,163,435
436,cell_07,80.91,0.8358000000000001,0.63735,0.5066646697618695,164,436
437,cell_07,82.88,0.8401000000000001,0.6554,0.5466483432585129,164,437
438,cell_07,86.31,0.816,0.6187,0.48988639512330306,165,438
1,cell_08,66.23,0.8383,0.9307,0.33922222222222254,1,1
2,cell_08,67.73,0.8537,0.91365,0.3119096509240245,2,2
3,cell_08,69.51,0.8842,0.90015,0.3226044744617981,3,3
4,cell_08,63.52,0.8541,0.89405,0.33519920974646006,4,4
5,cell_08,66.2,0.8234999999999999,0.8722,0.31427675585284276,5,5
6,cell_08,69.71,0.8117,0.8678,0.33322222222222225,6,6
7,cell_08,66.38,0.8603999999999999,0.89585,0.33311111111111097,7,7
8,cell_08,67.78,0.8624,0.8653,0.319205158017123,8,8
9,cell_08,64.99,0.862,0.9412,0.3514444444444445,9,9
10,cell_08,66.41,0.8824000000000001,0.9024,0.35855555555555574,10,10
11,cell_08,63.06,0.8434999999999999,0.9523,0.34488888888888886,11,11
12,cell_08,64.26,0.8425,0.8891,0.3391111111111113,12,12
13,cell_08,67.25,0.8246,0.88525,0.3071888844140152,13,13
14,cell_08,66.17,0.8731,0.91475,0.3230720068172136,14,14
15,cell_08,65.1,0.8765,0.8935,0.3482222222222224,15,15
16,cell_08,62.89,0.8441000000000001,0.92435,0.3551111111111115,16,16
17,cell_08,64.06,0.8865999999999999,0.93595,0.3340604209837498,17,17
18,cell_08,66.91,0.842,0.9275,0.3556760137600336,18,18
19,cell_08,60.96,0.817,0.9341,0.3490050295211021,19,19
20,cell_08,63.18,0.8345,0.92045,0.3468888888888887,20,20
21,cell_08,63.8,0.8568,0.88625,0.3379999999999998,21,21
22,cell_08,63.23,0.848,0.9285,0.3397777777777778,22,22
23,cell_08,66.07,0.8736,0.91745,0.3519327364053284,23,23
24,cell_08,65.94,0.8765999999999999,0.88455,0.33900000000000047,24,24
25,cell_08,65.91,0.8633000000000001,0.88775,0.3210565084710091,25,25
26,cell_08,68.63,0.8763000000000001,0.8977,0.3306347150259066,26,26
27,cell_08,62.8,0.8366,0.9278,0.3400965123930685,27,27
28,cell_08,65.86,0.8791,0.9029,0.3428787551329155,28,28
29,cell_08,68.35,0.868,0.89985,0.3435555555555557,29,29
30,cell_08,66.23,0.8573000000000001,0.896,0.34833333333333316,30,30
31,cell_08,64.46,0.841,0.89115,0.33666666666666706,31,31
32,cell_08,65.11,0.8758999999999999,0.8709,0.3327893820713667,32,32
33,cell_08,66.55,0.8802000000000001,0.9199,0.3692222222222224,33,33
34,cell_08,70.37,0.9043000000000001,0.87455,0.33591416878663877,34,34
35,cell_08,63.91,0.9028999999999999,0.9017,0.3383333333333334,35,35
36,cell_08,66.99,0.8450000000000001,0.8898,0.3287096774193552,36,36
37,cell_08,62.22,0.8985,0.91915,0.35999999999999976,37,37
38,cell_08,64.33,0.8928,0.89145,0.34792976371125056,38,38
39,cell_08,69.77,0.8611,0.87485,0.36266666666666664,39,39
40,cell_08,62.52,0.8946999999999999,0.92475,0.34577777777777774,40,40
41,cell_08,64.69,0.866,0.87935,0.34122222222222187,41,41
42,cell_08,65.18,0.8889,0.90385,0.33923734111273196,42,42
43,cell_08,64.99,0.839,0.93185,0.34166666666666673,43,43
44,cell_08,68.8,0.8673000000000001,0.88175,0.3599999999999999,44,44
45,cell_08,66.27,0.8527,0.8974,0.34988888888888914,45,45
46,cell_08,68.11,0.8975,0.8892,0.3468888888888887,46,46
47,cell_08,66.52,0.8583999999999999,0.9033,0.3303805113750754,47,47
48,cell_08,68.51,0.8553000000000001,0.8983,0.33902545138133566,48,48
49,cell_08,64.54,0.8402000000000001,0.923,0.340777777777778,49,49
50,cell_08,66.87,0.9105,0.8845,0.34355555555555517,50,50
51,cell_08,65.42,0.8772,0.93185,0.325464949928469,51,51
52,cell_08,61.31,0.8493,0.9401,0.354111111111111,52,52
53,cell_08,64.42,0.839,0.9064,0.35922222222222233,53,53
54,cell_08,68.56,0.868,0.88025,0.343,54,54
55,cell_08,67.6,0.8659,0.89895,0.3319426615318788,55,55
56,cell_08,64.27,0.8516,0.8969,0.3438888888888893,56,56
57,cell_08,62.01,0.8634,0.9443,0.3470750317931329,57,57
58,cell_08,67.17,0.8589,0.8974,0.33413764162819987,58,58
59,cell_08,62.51,0.8629,0.93455,0.3507037713548942,59,59
60,cell_08,64.11,0.8894,0.9028,0.34199999999999986,60,60
61,cell_08,61.66,0.8864,0.90115,0.3438888888888887,61,61
62,cell_08,63.22,0.8641,0.89115,0.3443333333333331,62,62
63,cell_08,63.7,0.8672000000000001,0.89345,0.3751111111111112,63,63
64,cell_08,62.49,0.8488,0.92225,0.34655555555555567,64,64
65,cell_08,67.96,0.8638,0.88175,0.35244444444444417,65,65
66,cell_08,60.73,0.8853,0.924,0.33748241151639774,66,66
67,cell_08,59.09,0.8526,0.936,0.3520000000000003,67,67
68,cell_08,65.84,0.8541000000000001,0.8852,0.34922222222222254,68,68
69,cell_08,59.11,0.8404,0.9302,0.3552222222222218,69,69
70,cell_08,64.98,0.8516,0.9262,0.3284916201117318,70,70
71,cell_08,61.25,0.8772,0.92175,0.3350226439508304,71,71
72,cell_08,67.34,0.8634,0.8841,0.3573333333333329,72,72
73,cell_08,63.47,0.8596,0.897,0.3317781233799894,73,73
74,cell_08,67.28,0.8659,0.897,0.34788888888888886,74,74
75,cell_08,60.39,0.8442,0.95225,0.3082158003747904,75,75
76,cell_08,66.65,0.8679,0.89975,0.3432263717007991,76,76
77,cell_08,63.76,0.8748,0.8954,0.35053323279112364,77,77
78,cell_08,67.2,0.851,0.8713,0.33899564709629487,78,78
79,cell_08,62.7,0.8826999999999999,0.8757,0.32125628656471295,79,79
80,cell_08,64.41,0.8432,0.8829,0.3580000000000001,80,80
81,cell_08,61.39,0.8636999999999999,0.90905,0.33384885039694806,81,81
82,cell_08,68.1,0.8752,0.8644,0.36099999999999993,82,82
83,cell_08,64.73,0.8418,0.88335,0.3607777777777777,83,83
84,cell_08,68.09,0.8469,0.8535,0.34806752554420267,84,84
85,cell_08,59.53,0.8574,0.93505,0.3339323467230445,85,85
86,cell_08,60.66,0.8838999999999999,0.90265,0.3512222222222223,86,86
87,cell_08,63.88,0.8343999999999999,0.90775,0.3274984734378181,87,87
88,cell_08,64.89,0.8509,0.87275,0.3417158232432992,88,88
89,cell_08,60.54,0.8557,0.92905,0.35081494622463677,89,89
90,cell_08,63.6,0.8627,0.9376,0.35244444444444467,90,90
91,cell_08,60.79,0.8565999999999999,0.90165,0.3372276602462896,91,91
92,cell_08,65.37,0.8477,0.888,0.36522222222222217,92,92
93,cell_08,59.46,0.8675,0.9138,0.35823284601429906,93,93
94,cell_08,63.06,0.8345,0.91835,0.35677777777777775,94,94
95,cell_08,61.95,0.8413,0.92175,0.32841711674283325,95,95
96,cell_08,63.55,0.8695,0.9166,0.365333333333333,96,96
97,cell_08,63.09,0.8713000000000001,0.9241,0.35066666666666646,97,97
98,cell_08,62.25,0.8813000000000001,0.8827,0.34721770257077783,98,98
99,cell_08,60.16,0.8793,0.9228,0.35587571228900106,99,99
100,cell_08,62.51,0.8901,0.88865,0.35022222222222227,100,100
101,cell_08,68.61,0.8809,0.83725,0.36711111111111117,101,101
102,cell_08,61.8,0.878,0.88845,0.3461376108062472,102,102
103,cell_08,64.09,0.8492,0.88615,0.3438914027149321,103,103
104,cell_08,61.76,0.8518,0.90605,0.35400000000000004,104,104
105,cell_08,61.94,0.878,0.92095,0.3592222222222225,105,105
106,cell_08,61.59,0.8867,0.9048,0.36844444444444435,106,106
107,cell_08,61.96,0.8475,0.9502,0.35586720718746606,107,107
108,cell_08,66.65,0.849,0.88685,0.3408100350802592,108,108
109,cell_08,65.44,0.8534999999999999,0.8503,0.3557734684883205,109,109
110,cell_08,64.92,0.8929,0.90695,0.3587777777777779,110,110
111,cell_08,65.56,0.8438,0.8864,0.3427676134640656,111,111
112,cell_08,63.45,0.8904,0.87285,0.3655555555555557,112,112
113,cell_08,63.28,0.8603999999999999,0.89255,0.33827735988981844,113,113
114,cell_08,62.79,0.854,0.8804,0.3599736524316611,114,114
115,cell_08,65.26,0.8535999999999999,0.8829,0.34697855750487355,115,115
116,cell_08,62.39,0.8582,0.93805,0.3634444444444447,116,116
117,cell_08,62.66,0.8852,0.9031,0.3582222222222218,117,117
118,cell_08,63.47,0.8663,0.89335,0.3738930796982618,118,118
119,cell_08,60.84,0.865,0.93995,0.36266666666666614,119,119
120,cell_08,63.01,0.8741,0.8926,0.3539999999999999,120,120
121,cell_08,64.36,0.8611000000000001,0.86925,0.32954545454545475,121,121
122,cell_08,64.67,0.8996999999999999,0.86685,0.34766756032171614,122,122
123,cell_08,64.29,0.8685,0.898,0.3776200510147499,123,123
124,cell_08,65.38,0.84,0.85895,0.35827163222455505,124,124
125,cell_08,61.67,0.8626,0.8707,0.3267628530786422,125,125
126,cell_08,60.54,0.8523000000000001,0.89045,0.3612222222222222,126,126
127,cell_08,59.56,0.8678,0.9283,0.35899999999999965,127,127
128,cell_08,61.02,0.867,0.9323,0.34429708222811667,128,128
129,cell_08,59.8,0.8376,0.9165,0.3598743364749213,129,129
130,cell_08,61.14,0.8711000000000001,0.8999,0.3697777777777775,130,130
131,cell_08,65.6,0.8522,0.88575,0.3375943000838223,131,131
132,cell_08,63.7,0.8389,0.9097,0.3592041976388279,132,132
133,cell_08,59.05,0.8368,0.94455,0.35633333333333334,133,133
134,cell_08,63.16,0.9090999999999999,0.90355,0.34689021092482425,134,134
135,cell_08,62.29,0.8588,0.88845,0.3511450381679389,135,135
136,cell_08,62.77,0.8092999999999999,0.89605,0.35844444444444445,136,136
137,cell_08,61.53,0.8366,0.89335,0.3679286335944294,137,137
138,cell_08,60.82,0.8409,0.9137,0.34811553742080936,138,138
139,cell_08,63.97,0.8419,0.8809,0.3407000105741774,139,139
140,cell_08,61.1,0.8865999999999999,0.91015,0.3643693395184448,140,140
141,cell_08,62.42,0.8493,0.9142,0.35766666666666647,141,141
142,cell_08,59.91,0.8726,0.9086,0.3637061403508768,142,142
143,cell_08,60.93,0.8784,0.87285,0.34413757165190206,143,143
144,cell_08,64.12,0.8806999999999999,0.89625,0.35673644659151904,144,144
145,cell_08,61.47,0.8271,0.88685,0.4032222222222224,145,145
146,cell_08,59.61,0.8811,0.89815,0.38203367301727953,146,146
147,cell_08,62.58,0.8577,0.88335,0.32889250483067256,147,147
148,cell_08,57.25,0.864,0.9311,0.3506507360785151,148,148
149,cell_08,62.03,0.8721000000000001,0.90465,0.3589687086822385,149,149
150,cell_08,62.87,0.8571,0.85955,0.33908045977011503,150,150
151,cell_08,66.79,0.8989999999999999,0.86675,0.37477777777777765,151,151
152,cell_08,57.61,0.853,0.9301,0.37752318603382445,152,152
153,cell_08,60.55,0.8674,0.8955,0.3270275709398266,153,153
154,cell_08,61.77,0.8615,0.89025,0.3650691540688324,154,154
155,cell_08,56.34,0.87,0.9282,0.3311589032718377,155,155
156,cell_08,58.26,0.8285,0.8962,0.3614444444444443,156,156
157,cell_08,61.49,0.8615999999999999,0.8701,0.3689999999999995,157,157
158,cell_08,60.67,0.8641,0.8718,0.35521920668058415,158,158
159,cell_08,61.77,0.8479,0.9157,0.3634444444444447,159,159
160,cell_08,60.2,0.9062,0.95075,0.3708470847084707,160,160
161,cell_08,59.26,0.8382999999999999,0.921,0.35028901734104045,161,161
162,cell_08,62.11,0.8805999999999999,0.89045,0.3598750134683763,162,162
163,cell_08,61.91,0.9067999999999999,0.89435,0.36811111111111133,163,163
164,cell_08,58.2,0.8845999999999999,0.9012,0.38555555555555554,164,164
165,cell_08,64.38,0.8794,0.8495,0.3686666666666665,165,165
166,cell_08,63.51,0.8658,0.9006,0.3679766157843452,166,166
167,cell_08,58.06,0.8780000000000001,0.9146,0.38954304850383464,167,167
168,cell_08,55.77,0.9042,0.9443,0.3614444444444448,168,168
169,cell_08,57.79,0.8643,0.92725,0.34810464495461835,169,169
170,cell_08,57.82,0.863,0.94825,0.3549576914732046,170,170
171,cell_08,60.29,0.8596,0.942,0.3624444444444445,171,171
172,cell_08,57.33,0.8392,0.93485,0.3539756176502319,172,172
173,cell_08,59.34,0.8703000000000001,0.90065,0.37022222222222245,173,173
174,cell_08,58.72,0.863,0.9086,0.35808563150552625,174,174
175,cell_08,65.29,0.8977,0.85825,0.3724444444444444,175,175
176,cell_08,59.96,0.851,0.90325,0.370943314582432,176,176
177,cell_08,58.39,0.8662000000000001,0.91415,0.35593587521663755,177,177
178,cell_08,58.81,0.8406,0.8929,0.3665555555555554,178,178
179,cell_08,60.58,0.8832,0.86145,0.38506117192530587,179,179
180,cell_08,60.38,0.8692000000000001,0.93955,0.3368808841588208,180,180
181,cell_08,59.7,0.8852,0.91015,0.37644444444444447,181,181
182,cell_08,54.72,0.8478,0.943,0.3624564735675848,182,182
183,cell_08,61.26,0.8658,0.91855,0.3587970239966468,183,183
184,cell_08,60.72,0.895,0.9342,0.37588888888888866,184,184
185,cell_08,57.08,0.8641,0.9291,0.3486170212765959,185,185
186,cell_08,60.17,0.881,0.883,0.37844444444444475,186,186
187,cell_08,63.67,0.8120999999999999,0.8873,0.34877440797673437,187,187
188,cell_08,57.59,0.847,0.8893,0.3703333333333333,188,188
189,cell_08,60.52,0.8429,0.87585,0.33995062744291327,189,189
190,cell_08,56.95,0.848,0.94415,0.37188888888888866,190,190
191,cell_08,61.9,0.8543999999999999,0.90105,0.3719181868435598,191,191
192,cell_08,58.18,0.8588,0.9115,0.38566666666666694,192,192
193,cell_08,60.9,0.8555999999999999,0.8667,0.3402400246179092,193,193
194,cell_08,59.8,0.8591,0.92045,0.3882222222222219,194,194
195,cell_08,62.24,0.8908999999999999,0.88975,0.38622222222222213,195,195
196,cell_08,55.63,0.8948,0.9315,0.34504758916431316,196,196
197,cell_08,58.51,0.8524999999999999,0.88285,0.3545803971812936,197,197
198,cell_08,58.62,0.9125,0.9333,0.37644444444444497,198,198
199,cell_08,57.23,0.8614,0.9235,0.36744444444444424,199,199
200,cell_08,61.71,0.8808,0.88835,0.37322222222222234,200,200
201,cell_08,55.68,0.838,0.93545,0.3432603507315554,201,201
202,cell_08,59.69,0.8742,0.9287,0.36568946796959845,202,202
203,cell_08,58.0,0.8777,0.91225,0.36381644106965993,203,203
204,cell_08,60.63,0.8402000000000001,0.87515,0.3764871295695436,204,204
205,cell_08,56.94,0.8726,0.92,0.3660000000000001,205,205
206,cell_08,57.73,0.8731,0.90165,0.3803333333333331,206,206
207,cell_08,59.91,0.8886,0.90125,0.37544444444444425,207,207
208,cell_08,59.83,0.8671,0.90185,0.3548625013170374,208,208
209,cell_08,60.99,0.883,0.89925,0.37411111111111106,209,209
210,cell_08,61.39,0.865,0.87835,0.35047759000734785,210,210
211,cell_08,61.27,0.8287,0.8621,0.35118205698120825,211,211
212,cell_08,64.17,0.8656,0.85695,0.38122222222222235,212,212
213,cell_08,56.21,0.8825000000000001,0.9075,0.3833259325044403,213,213
214,cell_08,65.1,0.8912,0.8394,0.3591351351351354,214,214
215,cell_08,58.34,0.8545,0.91815,0.35583342163823245,215,215
216,cell_08,56.83,0.885,0.91265,0.3721111111111109,216,216
217,cell_08,61.13,0.8671,0.89245,0.3625654450261777,217,217
218,cell_08,60.67,0.8896999999999999,0.92565,0.3691111111111109,218,218
219,cell_08,58.94,0.865,0.8935,0.42766666666666675,219,219
220,cell_08,59.54,0.8898,0.91045,0.33751868460388623,220,220
221,cell_08,62.36,0.8524,0.85105,0.38822222222222236,221,221
222,cell_08,63.07,0.8782000000000001,0.84395,0.38601626016260177,222,222
223,cell_08,58.31,0.8525,0.8941,0.38344444444444437,223,223
224,cell_08,56.87,0.8458,0.91055,0.390746628659138,224,224
225,cell_08,55.75,0.8699,0.92375,0.3671841310909872,225,225
226,cell_08,60.9,0.8607,0.89555,0.35503334391870434,226,226
227,cell_08,57.57,0.8435,0.90615,0.3883333333333333,227,227
228,cell_08,58.11,0.8438000000000001,0.91965,0.37285147642133093,228,228
229,cell_08,57.47,0.8877,0.8968,0.37750164943919096,229,229
230,cell_08,56.27,0.8794000000000001,0.9147,0.3728888888888892,230,230
231,cell_08,61.18,0.8744,0.8718,0.3728888888888892,231,231
232,cell_08,61.98,0.8544,0.8586,0.355849655902594,232,232
233,cell_08,59.55,0.8858,0.88665,0.3785555555555557,233,233
234,cell_08,58.71,0.8761,0.91935,0.32573258296138186,234,234
235,cell_08,60.9,0.8623,0.8822,0.36764395697110336,235,235
236,cell_08,55.83,0.868,0.91625,0.4062432256665944,236,236
237,cell_08,57.42,0.8573,0.87435,0.34577139928241957,237,237
238,cell_08,58.1,0.8917,0.88545,0.3716173023652246,238,238
239,cell_08,57.69,0.8646,0.90605,0.373405191377035,239,239
240,cell_08,57.7,0.8956,0.8833,0.3831111111111114,240,240
241,cell_08,59.27,0.9066,0.88755,0.3723347262402229,241,241
242,cell_08,60.56,0.8505,0.8348,0.3550216539492679,242,242
243,cell_08,57.01,0.8548,0.921,0.3806666666666667,243,243
244,cell_08,57.3,0.8508,0.89705,0.3778888888888889,244,244
245,cell_08,62.89,0.8558,0.87635,0.38211111111111074,245,245
246,cell_08,57.77,0.9145,0.9458,0.3624493927125505,246,246
247,cell_08,62.56,0.9104,0.88025,0.37230394867824373,247,247
248,cell_08,60.04,0.8882,0.8871,0.3687564234326825,248,248
249,cell_08,62.52,0.9267000000000001,0.87595,0.3756936736958938,249,249
250,cell_08,54.6,0.8945,0.9276,0.38222222222222213,250,250
251,cell_08,56.43,0.8469,0.93585,0.3372404887255385,251,251
252,cell_08,57.86,0.8626,0.93335,0.39088888888888923,252,252
253,cell_08,55.92,0.8436,0.9331,0.38911111111111124,253,253
254,cell_08,57.05,0.8559,0.88505,0.36843245585527035,254,254
255,cell_08,56.53,0.8724000000000001,0.9418,0.37533333333333296,255,255
256,cell_08,61.01,0.8756,0.8951,0.3641495366918734,256,256
257,cell_08,60.72,0.8593999999999999,0.86145,0.3675593624634067,257,257
258,cell_08,57.29,0.8988,0.88935,0.3930542031807852,258,258
259,cell_08,55.04,0.9440000000000001,0.90815,0.3872222222222223,259,259
260,cell_08,56.69,0.8501,0.8839,0.3803333333333331,260,260
261,cell_08,59.52,0.871,0.90365,0.3758888888888891,261,261
262,cell_08,57.16,0.8238000000000001,0.9134,0.37877777777777777,262,262
263,cell_08,55.35,0.8545,0.91025,0.3722531977697607,263,263
264,cell_08,59.25,0.8702000000000001,0.9164,0.38166666666666677,264,264
265,cell_08,57.96,0.8779,0.8955,0.3781111111111112,265,265
266,cell_08,60.45,0.879,0.8818,0.3878888888888888,266,266
267,cell_08,61.96,0.8744,0.86325,0.3704589949967372,267,267
268,cell_08,59.23,0.8634000000000001,0.8978,0.3725385273972604,268,268
269,cell_08,61.44,0.8508,0.88655,0.39211111111111113,269,269
270,cell_08,60.41,0.853,0.89705,0.38299999999999995,270,270
271,cell_08,59.1,0.8736,0.84825,0.37606102933276025,271,271
272,cell_08,59.14,0.8801000000000001,0.86205,0.38170208081030516,272,272
273,cell_08,58.95,0.8602000000000001,0.91275,0.35723965391431217,273,273
274,cell_08,61.5,0.8653,0.8591,0.3952222222222224,274,274
275,cell_08,57.89,0.8732,0.89525,0.3999999999999998,275,275
276,cell_08,61.25,0.8659,0.87925,0.3564916692863877,276,276
277,cell_08,60.21,0.8387,0.87765,0.3881111111111111,277,277
278,cell_08,56.7,0.8622,0.90215,0.37877777777777777,278,278
279,cell_08,56.35,0.8704000000000001,0.9007,0.36868847253096215,279,279
280,cell_08,58.73,0.8776,0.91365,0.3560925449871464,280,280
281,cell_08,61.82,0.8776,0.87245,0.3748350197976244,281,281
282,cell_08,60.99,0.8169,0.8779,0.3878888888888888,282,282
283,cell_08,57.55,0.8554,0.9281,0.34852052830961383,283,283
284,cell_08,55.73,0.853,0.8944,0.37897257292120146,284,284
285,cell_08,56.23,0.8414,0.90915,0.3748627881448957,285,285
286,cell_08,56.99,0.8924,0.88755,0.3894444444444442,286,286
287,cell_08,55.46,0.8864,0.9114,0.3690538421327754,287,287
288,cell_08,63.64,0.8529,0.8378,0.39122222222222225,288,288
289,cell_08,53.37,0.8722,0.9288,0.38055555555555526,289,289
290,cell_08,57.96,0.8563,0.8886,0.36037394451145943,290,290
291,cell_08,61.79,0.8541000000000001,0.8688,0.3993333333333333,291,291
292,cell_08,60.8,0.8693000000000001,0.87345,0.3685654008438815,292,292
293,cell_08,56.15,0.9084,0.8934,0.3561771080606873,293,293
294,cell_08,54.73,0.8920999999999999,0.89725,0.3761669412410766,294,294
295,cell_08,56.35,0.871,0.90355,0.38133333333333325,295,295
296,cell_08,59.75,0.8691,0.8702,0.3806763285024155,296,296
297,cell_08,57.68,0.8208,0.9218,0.367405879319237,297,297
298,cell_08,58.24,0.8749,0.8869,0.3753134881692289,298,298
299,cell_08,56.36,0.8879,0.88565,0.3898888888888887,299,299
300,cell_08,58.38,0.8775,0.89435,0.3953894897847698,300,300
301,cell_08,55.22,0.8889,0.91655,0.382666666666667,301,301
302,cell_08,58.83,0.8775999999999999,0.89915,0.3945555555555557,302,302
303,cell_08,54.78,0.8699,0.88645,0.3870000000000001,303,303
304,cell_08,56.83,0.8304,0.8919,0.3914295205403609,304,304
305,cell_08,54.81,0.8588,0.9305,0.3811111111111115,305,305
306,cell_08,56.0,0.8762,0.9264,0.38882191780821923,306,306
307,cell_08,54.75,0.8749,0.90915,0.38527156894503806,307,307
308,cell_08,55.7,0.882,0.9037,0.3916666666666667,308,308
309,cell_08,54.61,0.8326,0.95785,0.3827777777777778,309,309
310,cell_08,54.06,0.8309,0.9116,0.42498895271763143,310,310
311,cell_08,54.86,0.9038999999999999,0.9045,0.3534517561566412,311,311
312,cell_08,54.7,0.8627,0.89495,0.3745801278578393,312,312
313,cell_08,54.44,0.8741,0.9089,0.38543516873889877,313,313
314,cell_08,61.84,0.8731,0.82385,0.383777777777778,314,314
315,cell_08,53.35,0.8834,0.9257,0.37155469422911286,315,315
316,cell_08,56.13,0.9018999999999999,0.8682,0.38884007029876994,316,316
317,cell_08,60.46,0.8187,0.88205,0.37588197562540127,317,317
318,cell_08,58.55,0.8714000000000001,0.865,0.4043333333333335,318,318
319,cell_08,59.39,0.874,0.8816,0.382671081677704,319,319
320,cell_08,58.56,0.8432999999999999,0.8915,0.3898888888888892,320,320
321,cell_08,53.06,0.8705,0.92225,0.38094719651605874,321,321
322,cell_08,54.37,0.8776999999999999,0.93225,0.3961111111111112,322,322
323,cell_08,54.02,0.9046,0.94855,0.38622222222222213,323,323
324,cell_08,54.38,0.9138999999999999,0.90255,0.38194369539423983,324,324
325,cell_08,54.46,0.8789,0.8945,0.3766039349871687,325,325
326,cell_08,53.58,0.8874,0.9195,0.40877777777777796,326,326
327,cell_08,56.28,0.8888,0.87865,0.3852222222222224,327,327
328,cell_08,56.4,0.867,0.87585,0.3792511533097306,328,328
329,cell_08,55.53,0.8734999999999999,0.8908,0.3684640522875819,329,329
330,cell_08,56.39,0.8519,0.89915,0.3935555555555556,330,330
331,cell_08,58.01,0.8449,0.84835,0.3922222222222221,331,331
332,cell_08,55.77,0.8424,0.92665,0.37558485750744386,332,332
333,cell_08,53.22,0.849,0.906,0.3719868323245194,333,333
334,cell_08,55.64,0.8935,0.91995,0.3634935595350301,334,334
335,cell_08,60.09,0.859,0.86075,0.37582833701483154,335,335
336,cell_08,56.72,0.8363,0.88335,0.3865555555555556,336,336
337,cell_08,56.44,0.8742,0.8821,0.38499999999999973,337,337
338,cell_08,55.6,0.8879,0.89495,0.39622033716310556,338,338
339,cell_08,55.27,0.8733,0.89915,0.38577777777777766,339,339
340,cell_08,52.65,0.872,0.92175,0.3924643362735492,340,340
341,cell_08,56.3,0.8609,0.90245,0.4125555555555553,341,341
342,cell_08,58.13,0.845,0.88145,0.39511111111111097,342,342
343,cell_08,52.27,0.8467,0.9547,0.3863333333333334,343,343
344,cell_08,59.32,0.8522,0.89335,0.39844444444444443,344,344
345,cell_08,60.15,0.8582000000000001,0.87735,0.3931111111111107,345,345
346,cell_08,58.12,0.8535,0.85285,0.3856666666666663,346,346
347,cell_08,57.19,0.8632000000000001,0.90225,0.3865555555555557,347,347
348,cell_08,52.88,0.8434,0.91725,0.37462300732442944,348,348
349,cell_08,59.11,0.8662,0.8715,0.39522222222222203,349,349
350,cell_08,56.46,0.8671,0.9156,0.3532221996340721,350,350
351,cell_08,55.18,0.8742,0.9021,0.3912636505460218,351,351
352,cell_08,58.08,0.8503999999999999,0.85565,0.38733333333333364,352,352
353,cell_08,56.11,0.86,0.91565,0.3794922518958126,353,353
354,cell_08,55.41,0.8957999999999999,0.89335,0.3673363172686583,354,354
355,cell_08,57.63,0.8348,0.87185,0.38944444444444476,355,355
356,cell_08,56.67,0.8324,0.9239,0.4052222222222224,356,356
357,cell_08,53.79,0.8655999999999999,0.92345,0.37015544041450793,357,357
358,cell_08,55.89,0.8491,0.8713,0.38454953991012186,358,358
359,cell_08,55.48,0.8321000000000001,0.90735,0.3674111355772255,359,359
360,cell_08,56.03,0.8572,0.9051,0.3925958283280551,360,360
361,cell_08,55.78,0.8441,0.8983,0.4023333333333331,361,361
362,cell_08,53.92,0.8764,0.8871,0.3876666666666667,362,362
363,cell_08,56.75,0.881,0.8963,0.39137626819585336,363,363
364,cell_08,51.47,0.848,0.92345,0.40463810316139764,364,364
365,cell_08,53.92,0.8420000000000001,0.91025,0.36648996985760296,365,365
366,cell_08,58.09,0.8592,0.8518,0.37587834294703737,366,366
367,cell_08,60.67,0.8705,0.8464,0.3788588460719609,367,367
368,cell_08,60.65,0.8837999999999999,0.85355,0.3471205224619039,368,368
369,cell_08,59.0,0.8557,0.86605,0.3904444444444444,369,369
370,cell_08,58.18,0.8821,0.8811,0.40061430451952634,370,370
371,cell_08,54.32,0.8842000000000001,0.8887,0.395888888888889,371,371
372,cell_08,56.82,0.8662,0.89835,0.36968085106382986,372,372
373,cell_08,56.38,0.8856999999999999,0.89915,0.4017777777777774,373,373
374,cell_08,57.08,0.8547,0.8988,0.3846801346801348,374,374
375,cell_08,55.26,0.8744,0.9286,0.3896666666666669,375,375
376,cell_08,56.05,0.8664,0.8581,0.38783930510314896,376,376
377,cell_08,53.39,0.8399,0.90835,0.4106666666666669,377,377
378,cell_08,56.47,0.8451,0.90825,0.39188888888888895,378,378
379,cell_08,55.12,0.848,0.86845,0.39384682522365233,379,379
380,cell_08,52.28,0.9032,0.91335,0.3910147991543344,380,380
381,cell_08,57.27,0.8355,0.9093,0.39055555555555577,381,381
382,cell_08,58.23,0.8755,0.8989,0.3705272072835059,382,382
383,cell_08,57.91,0.822,0.83955,0.37472423573904834,383,383
384,cell_08,51.23,0.8737,0.9241,0.39711111111111075,384,384
385,cell_08,54.28,0.8458000000000001,0.90565,0.3548224881826408,385,385
386,cell_08,51.97,0.8456,0.9101,0.39020486555697814,386,386
387,cell_08,58.46,0.8716,0.81525,0.4023333333333332,387,387
388,cell_08,54.15,0.9069,0.8867,0.3793918555925648,388,388
389,cell_08,59.06,0.9113,0.86415,0.41107259165878784,389,389
390,cell_08,51.81,0.8139,0.93235,0.38235610543302845,390,390
