cycle_id,cell_id,timestamp,voltage_mean,voltage_min,voltage_max,current_mean,current_max,temperature_mean,temperature_max,soc_min,soc_max,charge_time_min,discharge_time_min,soh_ground_truth
1,cell_00,2024-01-01 00:00:00,3.6976,3.5467,3.8631,1.0471,1.5781,23.85,33.08,0.1815,0.9598,110.09,113.38,99.647
2,cell_00,2024-01-01 06:00:00,3.6892,3.5398,3.8536,0.9508,1.4508,25.13,34.39,0.1488,0.9504,124.07,117.08,100.235
3,cell_00,2024-01-01 12:00:00,3.7057,3.5419,3.8557,0.9772,1.4788,23.81,32.77,0.1525,0.9578,122.06,112.2,99.943
4,cell_00,2024-01-01 18:00:00,3.7058,3.5567,3.8593,0.9307,1.438,23.35,32.17,0.1432,0.9324,127.09,125.03,100.351
5,cell_00,2024-01-02 00:00:00,3.6854,3.5135,3.8353,0.9295,1.4295,25.35,33.35,0.1322,0.9586,127.93,123.13,100.225
6,cell_00,2024-01-02 06:00:00,3.7077,3.559,3.8577,0.9913,1.5131,25.23,34.8,0.1206,0.9518,125.55,115.86,100.5
7,cell_00,2024-01-02 12:00:00,3.7209,3.5673,3.8707,0.9635,1.4635,25.87,33.87,0.1627,0.9563,121.78,123.88,100.219
8,cell_00,2024-01-02 18:00:00,3.701,3.5337,3.8674,1.0189,1.5444,28.28,36.28,0.1343,0.9538,120.09,112.77,99.528
9,cell_00,2024-01-03 00:00:00,3.6966,3.5452,3.8502,1.0226,1.5502,25.42,33.42,0.2112,0.9401,112.32,109.24,99.98
10,cell_00,2024-01-03 06:00:00,3.6981,3.5472,3.8482,1.016,1.516,25.73,37.77,0.1283,0.935,120.82,110.63,99.648
11,cell_00,2024-01-03 12:00:00,3.7059,3.5555,3.8679,1.0119,1.5714,23.38,31.38,0.1249,0.9429,121.86,108.14,99.845
12,cell_00,2024-01-03 18:00:00,3.6834,3.5345,3.8331,1.0789,1.5789,23.07,32.07,0.1602,0.9556,110.63,102.71,100.453
13,cell_00,2024-01-04 00:00:00,3.7019,3.5524,3.8518,0.9466,1.4466,27.37,35.37,0.1806,0.9569,129.83,116.13,100.191
14,cell_00,2024-01-04 06:00:00,3.6958,3.5453,3.8538,0.9973,1.5485,23.61,31.61,0.1513,0.9363,125.06,117.8,99.79
15,cell_00,2024-01-04 12:00:00,3.718,3.5673,3.8688,1.0566,1.5566,23.43,31.43,0.1614,0.9402,116.63,109.88,99.696
16,cell_00,2024-01-04 18:00:00,3.6983,3.5391,3.8508,1.0632,1.5632,24.94,32.94,0.1131,0.9428,111.64,107.57,100.01
17,cell_00,2024-01-05 00:00:00,3.7161,3.5649,3.8663,0.9289,1.4289,24.86,33.64,0.1364,0.9464,128.51,120.66,99.635
18,cell_00,2024-01-05 06:00:00,3.6887,3.5382,3.8388,0.9844,1.5357,23.65,31.65,0.1285,0.9364,125.06,117.63,99.799
19,cell_00,2024-01-05 12:00:00,3.706,3.5562,3.876,1.0679,1.5679,24.54,32.54,0.1121,0.9358,110.14,110.37,100.094
20,cell_00,2024-01-05 18:00:00,3.7037,3.5523,3.8618,1.0254,1.5819,26.84,36.52,0.1523,0.9418,121.0,116.04,100.347
21,cell_00,2024-01-06 00:00:00,3.6916,3.5359,3.8432,1.0098,1.5098,23.79,34.66,0.1051,0.9509,117.01,113.66,100.183
22,cell_00,2024-01-06 06:00:00,3.7007,3.549,3.8511,0.9891,1.4891,22.91,33.89,0.1236,0.9382,124.17,118.32,99.313
23,cell_00,2024-01-06 12:00:00,3.7123,3.5625,3.8622,0.9808,1.4808,26.41,35.13,0.1393,0.9488,117.4,116.48,100.091
24,cell_00,2024-01-06 18:00:00,3.6968,3.5358,3.8468,1.0144,1.5144,25.74,33.83,0.1334,0.9606,112.93,112.1,100.022
25,cell_00,2024-01-07 00:00:00,3.6833,3.5336,3.8358,0.9874,1.5307,24.07,34.73,0.1579,0.937,127.74,120.05,100.124
26,cell_00,2024-01-07 06:00:00,3.7006,3.5518,3.8588,0.9979,1.5345,22.63,33.99,0.1561,0.9479,125.3,113.42,100.485
27,cell_00,2024-01-07 12:00:00,3.69,3.5341,3.8404,1.0039,1.5039,23.88,34.15,0.1679,0.9602,123.34,111.61,99.381
28,cell_00,2024-01-07 18:00:00,3.6963,3.5412,3.8464,0.9661,1.4661,24.92,32.92,0.165,0.9458,129.59,115.37,99.823
29,cell_00,2024-01-08 00:00:00,3.6995,3.5499,3.8494,1.0266,1.5266,26.75,35.15,0.1728,0.9443,116.37,111.46,100.177
30,cell_00,2024-01-08 06:00:00,3.6819,3.5278,3.8322,1.1457,1.7104,23.45,32.32,0.15,0.9616,101.79,99.27,99.299
31,cell_00,2024-01-08 12:00:00,3.6842,3.5274,3.8346,0.9112,1.4112,24.87,32.87,0.1561,0.9469,127.1,127.5,100.216
32,cell_00,2024-01-08 18:00:00,3.7046,3.5506,3.8547,1.0162,1.5964,26.01,34.95,0.1602,0.961,117.96,111.23,99.884
33,cell_00,2024-01-09 00:00:00,3.6948,3.5386,3.8509,0.962,1.462,21.43,33.97,0.1528,0.9543,121.28,115.02,100.027
34,cell_00,2024-01-09 06:00:00,3.6738,3.5228,3.8315,1.0289,1.5289,26.55,35.83,0.1421,0.9466,121.23,114.62,99.602
35,cell_00,2024-01-09 12:00:00,3.7075,3.5536,3.8576,1.0023,1.5023,23.23,34.17,0.1434,0.9548,113.52,111.63,99.765
36,cell_00,2024-01-09 18:00:00,3.7025,3.5521,3.8526,1.0381,1.5381,25.5,33.86,0.1336,0.9532,111.29,114.52,99.841
37,cell_00,2024-01-10 00:00:00,3.6922,3.5412,3.8425,1.0588,1.5588,25.37,33.37,0.1584,0.9602,110.01,103.93,99.59
38,cell_00,2024-01-10 06:00:00,3.6862,3.5265,3.8488,1.0096,1.5144,26.63,35.39,0.1481,0.9445,114.81,113.16,99.591
39,cell_00,2024-01-10 12:00:00,3.7078,3.542,3.858,1.0566,1.5566,25.83,33.83,0.1367,0.9504,110.02,107.88,99.602
40,cell_00,2024-01-10 18:00:00,3.7023,3.5325,3.8527,0.8828,1.3828,21.43,29.43,0.1368,0.9494,136.99,132.57,99.229
41,cell_00,2024-01-11 00:00:00,3.723,3.5585,3.8733,1.0795,1.5795,23.82,34.36,0.1258,0.957,108.64,101.02,99.444
42,cell_00,2024-01-11 06:00:00,3.7034,3.552,3.8617,1.0188,1.5188,25.21,35.95,0.1696,0.9397,118.48,116.08,99.442
43,cell_00,2024-01-11 12:00:00,3.7033,3.5488,3.8535,1.0539,1.5539,24.71,32.71,0.1516,0.9602,117.84,108.1,99.603
44,cell_00,2024-01-11 18:00:00,3.698,3.5398,3.8522,0.939,1.439,25.72,35.65,0.1327,0.9547,128.83,122.25,99.788
45,cell_00,2024-01-12 00:00:00,3.7069,3.5536,3.863,0.9585,1.4585,26.18,34.18,0.1662,0.9368,126.58,118.08,99.171
46,cell_00,2024-01-12 06:00:00,3.7054,3.5527,3.8741,1.0073,1.6073,25.91,34.59,0.1388,0.9621,116.88,107.06,99.451
47,cell_00,2024-01-12 12:00:00,3.7124,3.554,3.8624,0.9991,1.502,24.68,33.6,0.1219,0.9723,115.94,113.99,99.932
48,cell_00,2024-01-12 18:00:00,3.6937,3.5418,3.8478,1.0142,1.5264,22.23,32.22,0.1704,0.96,115.35,108.81,99.265
49,cell_00,2024-01-13 00:00:00,3.6945,3.5426,3.8449,1.0542,1.5542,24.32,32.48,0.1393,0.9643,118.21,105.54,99.241
50,cell_00,2024-01-13 06:00:00,3.6945,3.5434,3.8567,0.9117,1.4117,25.62,36.44,0.1418,0.9509,132.62,126.43,99.549
51,cell_00,2024-01-13 12:00:00,3.7075,3.5505,3.8576,1.0487,1.5595,23.36,31.98,0.1508,0.9334,111.59,108.4,99.741
52,cell_00,2024-01-13 18:00:00,3.7142,3.5629,3.8645,1.0004,1.5004,25.95,35.2,0.1729,0.9316,118.75,108.52,99.491
53,cell_00,2024-01-14 00:00:00,3.6952,3.5416,3.8453,0.9898,1.5352,26.36,34.36,0.1504,0.9526,125.16,109.87,99.887
54,cell_00,2024-01-14 06:00:00,3.6954,3.538,3.8455,0.9264,1.4264,25.19,37.51,0.126,0.9441,131.37,118.68,99.745
55,cell_00,2024-01-14 12:00:00,3.7028,3.5521,3.8552,1.0252,1.5252,20.4,29.34,0.1609,0.9409,117.46,107.31,99.741
56,cell_00,2024-01-14 18:00:00,3.697,3.5386,3.8569,0.8793,1.3793,23.08,32.51,0.1403,0.9494,141.24,130.67,99.654
57,cell_00,2024-01-15 00:00:00,3.7094,3.5555,3.8624,1.0324,1.5406,27.83,35.83,0.1878,0.9562,118.16,106.61,99.937
58,cell_00,2024-01-15 06:00:00,3.6762,3.5242,3.8267,0.9254,1.4254,24.18,32.18,0.15,0.9355,130.44,127.09,99.177
59,cell_00,2024-01-15 12:00:00,3.6894,3.5211,3.8402,1.0027,1.5027,22.02,32.5,0.1053,0.9455,114.17,108.51,98.451
60,cell_00,2024-01-15 18:00:00,3.6915,3.5403,3.8491,0.994,1.494,26.85,35.43,0.1571,0.9651,115.43,109.24,99.533
61,cell_00,2024-01-16 00:00:00,3.6752,3.5225,3.8257,1.0585,1.5585,25.02,33.02,0.1889,0.9392,117.36,110.75,98.915
62,cell_00,2024-01-16 06:00:00,3.689,3.5367,3.8394,0.9911,1.5153,26.66,36.73,0.1815,0.9587,121.16,111.52,99.084
63,cell_00,2024-01-16 12:00:00,3.69,3.5386,3.8491,0.9653,1.4772,25.42,33.42,0.1866,0.9452,122.58,116.52,99.445
64,cell_00,2024-01-16 18:00:00,3.6958,3.5418,3.8493,0.9747,1.4747,25.69,36.51,0.1296,0.9555,122.44,120.86,98.571
65,cell_00,2024-01-17 00:00:00,3.7091,3.5557,3.8639,1.0636,1.5636,25.54,33.54,0.1682,0.961,106.41,110.67,98.644
66,cell_00,2024-01-17 06:00:00,3.6954,3.5417,3.8647,1.0268,1.5666,26.05,34.46,0.1356,0.9574,118.87,111.88,98.539
67,cell_00,2024-01-17 12:00:00,3.6879,3.5286,3.8432,0.9807,1.4807,28.42,38.77,0.1545,0.9591,117.44,109.61,98.781
68,cell_00,2024-01-17 18:00:00,3.6979,3.5418,3.855,0.9882,1.4882,26.46,34.46,0.1245,0.9385,123.82,115.27,98.949
69,cell_00,2024-01-18 00:00:00,3.709,3.5532,3.8866,0.9216,1.4269,22.63,30.63,0.1371,0.9611,129.31,128.73,98.975
70,cell_00,2024-01-18 06:00:00,3.6886,3.5317,3.8391,1.0194,1.6043,25.67,33.67,0.1365,0.9415,113.82,115.8,98.9
71,cell_00,2024-01-18 12:00:00,3.6885,3.5283,3.8393,0.912,1.412,26.71,36.37,0.168,0.9526,123.38,117.89,98.393
72,cell_00,2024-01-18 18:00:00,3.7028,3.5481,3.858,1.0376,1.5761,26.8,34.8,0.166,0.9526,117.07,106.63,98.124
73,cell_00,2024-01-19 00:00:00,3.696,3.5431,3.851,1.0064,1.5064,24.36,32.36,0.1555,0.9549,114.03,109.78,98.834
74,cell_00,2024-01-19 06:00:00,3.7045,3.5512,3.8552,1.1193,1.6302,26.75,36.39,0.123,0.9534,101.04,96.58,98.676
75,cell_00,2024-01-19 12:00:00,3.6982,3.545,3.8487,0.945,1.5237,26.39,34.39,0.1438,0.9416,128.76,121.72,98.871
76,cell_00,2024-01-19 18:00:00,3.7054,3.5528,3.8791,0.9949,1.5193,28.86,36.86,0.1351,0.9365,117.56,110.68,98.944
77,cell_00,2024-01-20 00:00:00,3.6878,3.5243,3.8417,1.0899,1.5984,23.87,31.87,0.1674,0.9587,107.55,101.63,98.775
78,cell_00,2024-01-20 06:00:00,3.6982,3.5334,3.8487,1.0596,1.5596,24.24,32.24,0.1736,0.9519,109.13,101.77,98.856
79,cell_00,2024-01-20 12:00:00,3.6959,3.5407,3.8557,0.9652,1.4667,24.54,32.54,0.1711,0.9615,127.11,116.55,98.696
80,cell_00,2024-01-20 18:00:00,3.6859,3.5327,3.8366,1.0112,1.5112,24.26,34.13,0.1349,0.9496,114.78,107.29,98.722
81,cell_00,2024-01-21 00:00:00,3.6819,3.5229,3.8327,1.0001,1.5001,23.66,31.66,0.0952,0.9359,114.59,111.31,98.352
82,cell_00,2024-01-21 06:00:00,3.7046,3.5509,3.861,1.0141,1.5141,20.86,32.17,0.1147,0.9597,114.34,106.58,98.509
83,cell_00,2024-01-21 12:00:00,3.6944,3.541,3.8451,0.9651,1.475,24.35,32.35,0.1784,0.9463,118.99,122.06,98.622
84,cell_00,2024-01-21 18:00:00,3.688,3.5252,3.8421,0.9955,1.4955,25.55,33.55,0.142,0.9534,116.93,108.92,98.809
85,cell_00,2024-01-22 00:00:00,3.6967,3.5428,3.8666,0.9201,1.4201,24.26,35.33,0.135,0.9435,123.04,122.25,98.445
86,cell_00,2024-01-22 06:00:00,3.7094,3.5481,3.8647,1.0068,1.5068,27.9,36.33,0.1829,0.9664,113.65,108.22,98.72
87,cell_00,2024-01-22 12:00:00,3.6749,3.5144,3.8257,1.0225,1.542,25.02,33.02,0.1753,0.9412,114.62,104.9,98.483
88,cell_00,2024-01-22 18:00:00,3.6828,3.5291,3.8336,0.9886,1.5159,26.94,34.94,0.1505,0.9466,124.13,110.05,98.528
89,cell_00,2024-01-23 00:00:00,3.689,3.5263,3.8396,0.9192,1.4308,25.39,36.1,0.1441,0.9511,123.28,116.8,98.812
90,cell_00,2024-01-23 06:00:00,3.7116,3.5495,3.8626,1.0494,1.5977,26.24,37.17,0.1474,0.9391,108.8,102.38,97.965
91,cell_00,2024-01-23 12:00:00,3.7001,3.5445,3.851,1.0182,1.5226,25.42,33.42,0.1545,0.9533,120.42,109.84,98.174
92,cell_00,2024-01-23 18:00:00,3.7049,3.5501,3.865,0.9637,1.4833,27.05,35.05,0.182,0.9661,126.94,117.92,98.119
93,cell_00,2024-01-24 00:00:00,3.6854,3.5301,3.8365,0.986,1.5012,25.08,33.26,0.1584,0.9451,121.24,108.24,97.863
94,cell_00,2024-01-24 06:00:00,3.6863,3.5322,3.8458,0.925,1.425,25.74,33.74,0.1645,0.954,124.29,120.47,98.36
95,cell_00,2024-01-24 12:00:00,3.7027,3.5442,3.8533,0.9487,1.4487,25.55,33.55,0.1734,0.9225,123.95,119.72,98.788
96,cell_00,2024-01-24 18:00:00,3.6983,3.5445,3.8528,0.9731,1.5838,24.57,32.58,0.1266,0.9496,117.93,112.14,98.478
97,cell_00,2024-01-25 00:00:00,3.7034,3.5456,3.8541,1.0614,1.5614,25.61,35.89,0.1651,0.9469,107.36,104.5,98.623
98,cell_00,2024-01-25 06:00:00,3.6965,3.5437,3.8603,0.968,1.468,28.35,38.77,0.1441,0.9418,121.12,111.21,98.89
99,cell_00,2024-01-25 12:00:00,3.7012,3.5486,3.8642,1.032,1.5537,24.59,32.59,0.0997,0.9608,115.94,106.1,98.961
100,cell_00,2024-01-25 18:00:00,3.6994,3.5447,3.8597,0.9731,1.4857,25.63,33.63,0.1074,0.9467,119.82,115.04,98.542
101,cell_00,2024-01-26 00:00:00,3.7061,3.5289,3.8567,1.0124,1.5124,26.89,36.22,0.1296,0.9482,118.53,117.12,98.902
102,cell_00,2024-01-26 06:00:00,3.7059,3.5522,3.8649,0.9929,1.5491,26.71,34.71,0.1606,0.9462,116.64,119.03,98.523
103,cell_00,2024-01-26 12:00:00,3.6812,3.5121,3.8361,1.0437,1.5437,25.02,34.19,0.1523,0.9308,111.22,112.73,98.244
104,cell_00,2024-01-26 18:00:00,3.675,3.5193,3.8258,0.9733,1.4733,21.42,29.42,0.1537,0.9387,124.75,114.23,98.317
105,cell_00,2024-01-27 00:00:00,3.7071,3.5481,3.8581,0.9214,1.4808,25.78,33.78,0.189,0.9596,132.53,115.96,98.051
106,cell_00,2024-01-27 06:00:00,3.7092,3.5536,3.8638,0.9309,1.4622,21.67,29.67,0.1246,0.9289,124.37,118.06,98.229
107,cell_00,2024-01-27 12:00:00,3.6874,3.5289,3.8437,0.9734,1.4734,27.2,38.1,0.1495,0.9423,122.16,112.05,98.388
108,cell_00,2024-01-27 18:00:00,3.6795,3.5263,3.8319,0.9375,1.5264,25.25,33.25,0.1561,0.946,123.57,113.92,98.737
109,cell_00,2024-01-28 00:00:00,3.6995,3.5325,3.8529,1.0205,1.5535,26.5,37.78,0.1353,0.9674,111.23,105.89,99.012
110,cell_00,2024-01-28 06:00:00,3.7064,3.5516,3.8721,0.9767,1.4767,23.65,31.65,0.1506,0.9577,123.37,113.91,98.081
111,cell_00,2024-01-28 12:00:00,3.7159,3.5511,3.8788,1.1187,1.6982,22.67,31.25,0.118,0.9444,102.3,98.79,98.613
112,cell_00,2024-01-28 18:00:00,3.7024,3.5479,3.8533,0.9131,1.4211,25.39,38.18,0.1782,0.963,128.07,118.45,98.183
113,cell_00,2024-01-29 00:00:00,3.6942,3.5408,3.8449,1.0102,1.5102,24.95,32.95,0.1364,0.9426,117.02,113.85,98.638
114,cell_00,2024-01-29 06:00:00,3.6888,3.5349,3.8395,0.9436,1.4436,24.26,32.26,0.1906,0.9601,121.26,117.16,98.456
115,cell_00,2024-01-29 12:00:00,3.697,3.5373,3.8481,0.9753,1.5044,25.13,35.7,0.1494,0.9364,115.62,118.72,97.946
116,cell_00,2024-01-29 18:00:00,3.6952,3.5277,3.8467,1.0071,1.5309,29.15,37.15,0.1706,0.9607,115.91,108.76,98.774
117,cell_00,2024-01-30 00:00:00,3.6873,3.5331,3.8507,0.8837,1.3845,26.25,34.25,0.1489,0.9459,139.54,127.34,98.314
118,cell_00,2024-01-30 06:00:00,3.718,3.5638,3.8688,1.0118,1.5118,26.57,34.57,0.1494,0.9397,117.96,107.11,98.335
119,cell_00,2024-01-30 12:00:00,3.7151,3.5605,3.8694,1.0951,1.6016,26.27,34.8,0.1383,0.9478,106.3,102.14,98.175
120,cell_00,2024-01-30 18:00:00,3.7088,3.5546,3.8597,0.9773,1.4773,27.22,35.22,0.1524,0.9528,115.13,110.47,98.299
121,cell_00,2024-01-31 00:00:00,3.6887,3.5353,3.8394,1.013,1.513,24.71,32.71,0.1564,0.9451,118.0,107.04,98.624
122,cell_00,2024-01-31 06:00:00,3.7062,3.5523,3.8718,1.0512,1.5512,21.92,30.82,0.1343,0.9555,107.79,108.01,98.439
123,cell_00,2024-01-31 12:00:00,3.7043,3.5485,3.855,0.9918,1.5201,24.72,32.72,0.1475,0.9442,119.8,110.51,98.594
124,cell_00,2024-01-31 18:00:00,3.7023,3.5357,3.8577,0.971,1.471,26.22,34.22,0.1378,0.9562,124.94,111.78,98.604
125,cell_00,2024-02-01 00:00:00,3.7108,3.53,3.8614,0.8862,1.3965,23.55,31.55,0.196,0.9544,132.88,132.97,98.892
126,cell_00,2024-02-01 06:00:00,3.7039,3.5499,3.8734,1.032,1.532,24.74,32.74,0.1482,0.9494,112.11,103.46,98.393
127,cell_00,2024-02-01 12:00:00,3.7045,3.5353,3.8615,0.9943,1.5598,23.96,31.96,0.1809,0.9456,112.98,113.19,98.052
128,cell_00,2024-02-01 18:00:00,3.7046,3.5492,3.8552,0.9494,1.4494,27.25,35.49,0.1461,0.9515,118.97,119.26,98.816
129,cell_00,2024-02-02 00:00:00,3.701,3.547,3.8576,1.0063,1.5393,26.12,34.12,0.1552,0.9555,116.51,108.54,98.396
130,cell_00,2024-02-02 06:00:00,3.6804,3.5232,3.831,0.9708,1.4708,25.98,33.98,0.1236,0.9706,126.84,115.48,98.83
131,cell_00,2024-02-02 12:00:00,3.6988,3.5447,3.8613,0.9736,1.4793,25.93,33.93,0.1411,0.9594,118.43,110.46,98.61
132,cell_00,2024-02-02 18:00:00,3.6921,3.5372,3.8429,1.0303,1.5672,24.94,32.94,0.1542,0.9598,115.52,111.47,98.456
133,cell_00,2024-02-03 00:00:00,3.6851,3.5316,3.8358,0.9331,1.4331,25.3,34.68,0.1817,0.9809,129.14,116.94,98.6
134,cell_00,2024-02-03 06:00:00,3.7154,3.5631,3.8659,1.0524,1.6022,23.22,34.09,0.1544,0.9552,108.02,103.87,99.081
135,cell_00,2024-02-03 12:00:00,3.716,3.5638,3.8664,0.9301,1.4301,21.72,29.72,0.1777,0.9548,123.44,119.12,99.119
136,cell_00,2024-02-03 18:00:00,3.7114,3.5511,3.8691,0.9669,1.4816,25.23,34.2,0.1628,0.957,120.21,121.08,98.516
137,cell_00,2024-02-04 00:00:00,3.7004,3.5467,3.8537,1.0961,1.6423,25.49,33.49,0.1825,0.9399,109.71,105.68,98.543
138,cell_00,2024-02-04 06:00:00,3.7117,3.5588,3.8688,1.0564,1.5894,26.81,35.54,0.1488,0.9456,111.57,111.66,98.818
139,cell_00,2024-02-04 12:00:00,3.6964,3.54,3.8476,1.0049,1.6007,27.36,38.49,0.1978,0.9449,119.16,112.38,97.503
140,cell_00,2024-02-04 18:00:00,3.6988,3.5355,3.855,0.953,1.453,27.35,36.37,0.1403,0.9565,127.75,119.07,97.857
141,cell_00,2024-02-05 00:00:00,3.6857,3.5283,3.8368,0.9735,1.4735,23.5,31.5,0.1347,0.9483,123.6,114.22,97.749
142,cell_00,2024-02-05 06:00:00,3.7007,3.5454,3.8741,1.0037,1.5037,24.47,33.38,0.1258,0.9514,122.75,115.88,97.851
143,cell_00,2024-02-05 12:00:00,3.6969,3.5284,3.8481,1.0019,1.5349,25.72,36.19,0.1966,0.9609,119.76,111.08,97.507
144,cell_00,2024-02-05 18:00:00,3.6829,3.5103,3.8469,0.9955,1.5204,28.8,36.8,0.1664,0.9586,121.4,109.71,97.28
145,cell_00,2024-02-06 00:00:00,3.6952,3.5331,3.8603,0.9985,1.5036,27.22,37.21,0.1433,0.9484,120.62,112.54,97.135
146,cell_00,2024-02-06 06:00:00,3.6953,3.5292,3.8466,0.9893,1.4893,26.68,34.68,0.175,0.9433,120.89,112.81,97.422
147,cell_00,2024-02-06 12:00:00,3.7144,3.546,3.8879,0.9279,1.4662,24.42,32.42,0.1638,0.9614,130.06,115.19,97.62
148,cell_00,2024-02-06 18:00:00,3.7054,3.5383,3.8666,0.9742,1.4742,23.68,31.96,0.1893,0.9577,125.54,113.0,97.669
149,cell_00,2024-02-07 00:00:00,3.6976,3.5373,3.8582,1.0457,1.6037,26.18,34.18,0.119,0.9339,112.57,105.1,98.338
150,cell_00,2024-02-07 06:00:00,3.6996,3.5389,3.8509,0.9316,1.5745,23.35,31.35,0.1447,0.9469,128.1,124.42,98.089
151,cell_00,2024-02-07 12:00:00,3.6966,3.5351,3.8479,0.9905,1.5088,24.64,35.22,0.1407,0.9517,118.26,110.75,97.468
152,cell_00,2024-02-07 18:00:00,3.6948,3.5394,3.8458,0.959,1.4882,24.83,32.83,0.1105,0.9578,126.75,120.27,97.861
153,cell_00,2024-02-08 00:00:00,3.6856,3.5227,3.8407,1.0056,1.5056,27.39,35.39,0.1712,0.9591,115.71,110.02,97.635
154,cell_00,2024-02-08 06:00:00,3.695,3.5392,3.8602,0.9806,1.4806,24.47,32.47,0.1446,0.9528,123.35,116.58,97.672
155,cell_00,2024-02-08 12:00:00,3.6893,3.5338,3.8422,1.0739,1.5739,21.34,29.34,0.1648,0.9559,112.57,99.85,97.813
156,cell_00,2024-02-08 18:00:00,3.6844,3.5162,3.8354,1.0253,1.5253,25.76,33.76,0.1972,0.9506,119.92,113.76,97.943
157,cell_00,2024-02-09 00:00:00,3.7016,3.5373,3.861,0.9344,1.4344,23.95,34.75,0.1429,0.9433,122.26,118.9,97.655
158,cell_00,2024-02-09 06:00:00,3.701,3.5313,3.8612,1.0336,1.6197,25.06,34.97,0.1416,0.9474,116.26,105.44,98.076
159,cell_00,2024-02-09 12:00:00,3.6783,3.5218,3.8361,0.9613,1.4749,24.87,33.86,0.1524,0.9502,124.73,112.38,97.415
160,cell_00,2024-02-09 18:00:00,3.6954,3.5398,3.854,0.9712,1.4901,24.59,32.88,0.1697,0.9497,126.07,111.92,97.759
161,cell_00,2024-02-10 00:00:00,3.7078,3.5541,3.8585,1.0157,1.5157,26.19,34.97,0.1387,0.9311,121.15,109.04,98.536
162,cell_00,2024-02-10 06:00:00,3.7066,3.549,3.8579,0.9754,1.4754,22.7,30.7,0.1374,0.946,120.64,116.38,97.349
163,cell_00,2024-02-10 12:00:00,3.7068,3.5503,3.858,1.0446,1.5929,24.22,33.94,0.1711,0.9506,113.13,111.68,97.712
164,cell_00,2024-02-10 18:00:00,3.6964,3.5283,3.8477,0.9613,1.4613,26.03,34.03,0.1576,0.9472,117.43,117.46,97.309
165,cell_00,2024-02-11 00:00:00,3.6877,3.5314,3.8414,0.9691,1.4956,24.08,33.75,0.1091,0.9475,126.41,115.22,97.456
166,cell_00,2024-02-11 06:00:00,3.6851,3.5247,3.8364,0.9672,1.4672,22.59,32.96,0.1255,0.9549,117.72,114.02,97.265
167,cell_00,2024-02-11 12:00:00,3.6993,3.5424,3.8507,0.9717,1.4717,26.0,34.42,0.18,0.9392,122.77,118.01,97.231
168,cell_00,2024-02-11 18:00:00,3.6994,3.5375,3.8508,1.055,1.555,26.68,34.68,0.158,0.9337,113.66,108.73,97.048
169,cell_00,2024-02-12 00:00:00,3.709,3.5525,3.8603,1.0314,1.5314,24.93,33.73,0.1348,0.9465,112.66,105.32,97.411
170,cell_00,2024-02-12 06:00:00,3.7065,3.5491,3.8692,1.0855,1.5855,22.06,30.06,0.1466,0.9576,104.16,106.76,97.027
171,cell_00,2024-02-12 12:00:00,3.6949,3.5386,3.8462,1.1134,1.6162,26.06,34.66,0.1503,0.9669,101.8,98.71,97.482
172,cell_00,2024-02-12 18:00:00,3.684,3.528,3.8388,0.9485,1.4485,22.51,30.51,0.1647,0.9578,127.9,121.02,97.608
173,cell_00,2024-02-13 00:00:00,3.6929,3.5364,3.8442,1.0035,1.5035,25.46,33.46,0.1228,0.9353,116.59,116.07,97.392
174,cell_00,2024-02-13 06:00:00,3.698,3.5232,3.8638,0.9412,1.4439,23.67,33.08,0.1332,0.9477,118.84,120.25,97.196
175,cell_00,2024-02-13 12:00:00,3.6941,3.5377,3.8454,0.9611,1.4611,23.26,31.26,0.1555,0.9526,124.27,111.43,97.418
176,cell_00,2024-02-13 18:00:00,3.6897,3.5323,3.8441,0.9685,1.4685,24.34,32.34,0.148,0.9518,117.19,115.22,97.009
177,cell_00,2024-02-14 00:00:00,3.6986,3.5421,3.8732,0.9471,1.4675,24.73,32.73,0.1614,0.9554,128.02,112.51,97.382
178,cell_00,2024-02-14 06:00:00,3.6898,3.5312,3.8567,0.9474,1.4668,24.03,32.17,0.1254,0.9408,119.97,119.72,96.552
179,cell_00,2024-02-14 12:00:00,3.6892,3.5317,3.8407,0.9928,1.4928,25.88,34.11,0.1571,0.9506,113.73,108.82,97.001
180,cell_00,2024-02-14 18:00:00,3.6979,3.5391,3.8496,0.9392,1.4471,24.33,32.65,0.1718,0.9542,118.19,119.55,96.504
181,cell_00,2024-02-15 00:00:00,3.691,3.5188,3.8426,1.0421,1.5932,26.47,36.55,0.1597,0.9583,111.43,110.3,96.653
182,cell_00,2024-02-15 06:00:00,3.6987,3.5425,3.8551,0.9541,1.493,25.42,33.42,0.1528,0.9419,122.04,112.6,97.511
183,cell_00,2024-02-15 12:00:00,3.6988,3.5293,3.8501,1.1405,1.6405,23.95,32.31,0.1481,0.9465,105.03,96.23,97.37
184,cell_00,2024-02-15 18:00:00,3.6839,3.5255,3.8355,0.9774,1.4774,23.7,34.28,0.1333,0.923,118.53,114.75,96.886
185,cell_00,2024-02-16 00:00:00,3.6901,3.5314,3.8565,1.0036,1.5036,22.53,30.53,0.1486,0.9438,113.74,108.84,96.636
186,cell_00,2024-02-16 06:00:00,3.7087,3.5492,3.8606,0.9352,1.4586,25.44,33.8,0.1752,0.9448,120.49,113.25,96.197
187,cell_00,2024-02-16 12:00:00,3.6838,3.526,3.8583,1.0853,1.5951,24.47,32.47,0.1476,0.9398,104.79,96.76,96.924
188,cell_00,2024-02-16 18:00:00,3.6756,3.5029,3.8276,1.056,1.5874,21.44,29.44,0.1322,0.9517,115.91,104.56,97.813
189,cell_00,2024-02-17 00:00:00,3.6772,3.5202,3.8465,1.0148,1.5214,24.2,32.2,0.1402,0.9494,111.1,110.92,97.217
190,cell_00,2024-02-17 06:00:00,3.6954,3.5373,3.8506,0.9327,1.4736,23.65,31.65,0.154,0.9274,130.57,119.19,96.76
191,cell_00,2024-02-17 12:00:00,3.6959,3.5386,3.857,1.0105,1.5153,27.36,39.05,0.1425,0.9522,113.27,105.54,97.067
192,cell_00,2024-02-17 18:00:00,3.6935,3.5345,3.8453,0.9439,1.4832,22.45,30.45,0.1597,0.9407,117.58,115.89,96.459
193,cell_00,2024-02-18 00:00:00,3.7072,3.5419,3.8588,1.0731,1.6167,22.84,30.84,0.1605,0.9549,105.39,101.29,96.673
194,cell_00,2024-02-18 06:00:00,3.6685,3.5057,3.8247,1.0405,1.5405,26.66,34.66,0.1678,0.9372,106.7,103.53,96.792
195,cell_00,2024-02-18 12:00:00,3.6991,3.5409,3.8606,1.0048,1.5048,27.04,38.49,0.1785,0.9503,118.88,112.4,96.737
196,cell_00,2024-02-18 18:00:00,3.7111,3.5434,3.863,0.8782,1.4554,23.88,31.88,0.1699,0.9472,132.71,123.4,97.0
197,cell_00,2024-02-19 00:00:00,3.684,3.5159,3.8356,0.9508,1.4637,24.05,32.05,0.1313,0.953,120.26,116.63,96.866
198,cell_00,2024-02-19 06:00:00,3.6916,3.5322,3.8432,1.0344,1.5344,25.92,33.92,0.1319,0.9512,114.31,111.62,96.963
199,cell_00,2024-02-19 12:00:00,3.6873,3.5191,3.839,1.0606,1.5606,21.51,29.51,0.1485,0.9474,110.67,104.21,96.556
200,cell_00,2024-02-19 18:00:00,3.6866,3.5265,3.8381,1.0555,1.5941,22.21,30.21,0.141,0.9346,115.17,106.1,97.032
201,cell_00,2024-02-20 00:00:00,3.6926,3.5357,3.8451,0.9204,1.4204,24.58,37.5,0.1272,0.9352,132.64,115.04,97.251
202,cell_00,2024-02-20 06:00:00,3.709,3.5432,3.872,1.0151,1.5151,27.32,38.11,0.1412,0.9442,116.11,104.67,96.471
203,cell_00,2024-02-20 12:00:00,3.7131,3.5533,3.8649,1.0508,1.6208,24.35,32.35,0.1405,0.9499,113.7,100.29,96.496
204,cell_00,2024-02-20 18:00:00,3.6924,3.5353,3.8438,0.9171,1.4171,25.15,34.45,0.1366,0.9439,130.86,124.15,97.163
205,cell_00,2024-02-21 00:00:00,3.7141,3.5411,3.8658,0.9996,1.4996,26.7,34.7,0.1437,0.9563,115.99,114.19,96.705
206,cell_00,2024-02-21 06:00:00,3.6961,3.5391,3.8475,1.0137,1.5243,28.16,36.16,0.1736,0.9472,117.4,105.69,97.184
207,cell_00,2024-02-21 12:00:00,3.7125,3.5541,3.8851,0.985,1.5045,24.13,34.17,0.154,0.9403,112.76,108.53,96.63
208,cell_00,2024-02-21 18:00:00,3.6949,3.5379,3.8463,0.9074,1.4322,24.97,35.29,0.1994,0.9472,131.86,119.84,97.199
209,cell_00,2024-02-22 00:00:00,3.6965,3.5385,3.8481,0.9837,1.5293,27.73,37.83,0.1534,0.9523,123.54,113.26,96.802
210,cell_00,2024-02-22 06:00:00,3.6989,3.541,3.8676,0.9836,1.4936,22.72,30.72,0.1442,0.9532,113.24,113.67,96.84
211,cell_00,2024-02-22 12:00:00,3.7276,3.5707,3.8835,0.9926,1.5171,26.54,34.54,0.1501,0.9688,121.5,113.87,97.232
212,cell_00,2024-02-22 18:00:00,3.7035,3.5451,3.8608,0.9718,1.4718,23.47,32.97,0.1551,0.9433,124.51,118.22,96.654
213,cell_00,2024-02-23 00:00:00,3.6876,3.5288,3.8406,0.9778,1.481,25.15,33.94,0.1587,0.9493,115.16,110.05,96.48
214,cell_00,2024-02-23 06:00:00,3.7046,3.5216,3.8596,0.998,1.5034,24.64,32.64,0.1915,0.9543,116.47,112.22,96.628
215,cell_00,2024-02-23 12:00:00,3.6917,3.516,3.8511,1.0221,1.5329,23.56,31.56,0.1331,0.9498,118.63,108.75,96.898
216,cell_00,2024-02-23 18:00:00,3.6895,3.5303,3.8414,0.9848,1.5234,23.53,31.75,0.1672,0.945,122.74,109.19,96.293
217,cell_00,2024-02-24 00:00:00,3.7045,3.5469,3.8648,0.9795,1.5073,25.41,35.57,0.1542,0.9345,114.36,117.68,96.954
218,cell_00,2024-02-24 06:00:00,3.6952,3.5367,3.8469,1.0046,1.5068,26.49,34.49,0.1186,0.9449,113.65,104.95,96.601
219,cell_00,2024-02-24 12:00:00,3.6984,3.5412,3.8532,0.904,1.404,24.81,34.08,0.1654,0.9393,131.46,125.2,97.107
220,cell_00,2024-02-24 18:00:00,3.6942,3.5343,3.848,1.0239,1.5272,25.11,33.77,0.1754,0.9327,109.43,109.5,96.044
221,cell_00,2024-02-25 00:00:00,3.6982,3.5395,3.8499,1.0,1.5,25.86,35.36,0.1329,0.942,113.81,114.85,96.526
222,cell_00,2024-02-25 06:00:00,3.6986,3.5393,3.8505,1.002,1.5116,23.54,33.29,0.1498,0.9395,109.78,109.73,96.256
223,cell_00,2024-02-25 12:00:00,3.6754,3.5167,3.8271,1.048,1.6584,26.11,34.11,0.1155,0.9558,106.68,103.01,96.515
224,cell_00,2024-02-25 18:00:00,3.7019,3.544,3.8535,0.9024,1.4024,26.23,34.23,0.1248,0.956,129.58,126.56,96.837
225,cell_00,2024-02-26 00:00:00,3.6852,3.5255,3.8369,0.9013,1.4224,28.91,36.91,0.171,0.941,130.73,125.81,96.709
226,cell_00,2024-02-26 06:00:00,3.6803,3.5177,3.832,1.0137,1.5671,24.44,34.21,0.1407,0.9474,115.88,108.48,96.456
227,cell_00,2024-02-26 12:00:00,3.6941,3.5312,3.8491,0.9996,1.5045,24.31,32.31,0.1278,0.9314,119.05,113.13,96.484
228,cell_00,2024-02-26 18:00:00,3.6957,3.5372,3.8474,1.0085,1.6254,26.15,34.15,0.1546,0.9451,113.96,106.52,96.593
229,cell_00,2024-02-27 00:00:00,3.6874,3.5194,3.8464,0.9769,1.4769,26.23,34.23,0.1396,0.954,115.53,113.35,96.229
230,cell_00,2024-02-27 06:00:00,3.7034,3.5453,3.8551,1.0332,1.5494,24.2,35.7,0.1406,0.9582,106.92,110.85,96.744
231,cell_00,2024-02-27 12:00:00,3.6817,3.5172,3.8333,1.0466,1.5466,24.4,34.05,0.1648,0.9429,107.65,103.34,96.731
232,cell_00,2024-02-27 18:00:00,3.6909,3.5325,3.8426,1.0242,1.5242,25.81,35.35,0.1268,0.9605,111.11,107.39,96.647
233,cell_00,2024-02-28 00:00:00,3.6892,3.5309,3.8541,0.987,1.4994,23.76,33.69,0.1319,0.9348,113.79,117.0,96.699
234,cell_00,2024-02-28 06:00:00,3.6945,3.536,3.8495,0.8946,1.4369,24.38,33.54,0.1531,0.9375,123.38,126.99,96.621
235,cell_00,2024-02-28 12:00:00,3.6985,3.5377,3.8499,1.0385,1.5544,25.13,33.13,0.1694,0.9571,108.41,110.99,97.143
236,cell_00,2024-02-28 18:00:00,3.6847,3.5198,3.8414,1.0611,1.624,26.49,34.49,0.1748,0.9667,110.95,102.43,96.506
237,cell_00,2024-02-29 00:00:00,3.7019,3.543,3.8537,1.0322,1.5322,24.09,32.09,0.1367,0.9549,113.57,112.08,96.44
238,cell_00,2024-02-29 06:00:00,3.6951,3.5205,3.8469,0.956,1.456,22.24,35.51,0.1687,0.9496,126.15,110.64,96.306
239,cell_00,2024-02-29 12:00:00,3.6754,3.5059,3.8473,1.0337,1.6689,22.13,31.24,0.1343,0.928,115.03,106.33,96.222
240,cell_00,2024-02-29 18:00:00,3.6747,3.515,3.8279,1.043,1.5627,23.11,31.11,0.1865,0.9298,111.38,104.87,96.159
241,cell_00,2024-03-01 00:00:00,3.6943,3.5274,3.8468,1.0779,1.5779,23.03,31.96,0.1273,0.9513,103.28,105.01,96.265
242,cell_00,2024-03-01 06:00:00,3.6926,3.5145,3.8498,0.9562,1.4562,24.77,32.77,0.1766,0.9464,121.89,120.01,96.511
243,cell_00,2024-03-01 12:00:00,3.6939,3.5159,3.8546,0.9887,1.4887,23.22,34.23,0.1369,0.9389,112.14,114.13,96.632
244,cell_00,2024-03-01 18:00:00,3.6945,3.5359,3.8463,1.0374,1.5842,23.95,31.95,0.1903,0.9507,110.91,107.52,96.547
245,cell_00,2024-03-02 00:00:00,3.6967,3.5375,3.8486,1.0029,1.5029,23.84,32.84,0.1618,0.9512,113.97,108.63,96.302
246,cell_00,2024-03-02 06:00:00,3.7047,3.5318,3.8584,0.9441,1.4505,24.34,34.47,0.1297,0.9594,122.15,117.01,96.802
247,cell_00,2024-03-02 12:00:00,3.684,3.5259,3.8356,1.0207,1.5207,26.98,35.75,0.1396,0.9514,111.24,108.16,96.754
248,cell_00,2024-03-02 18:00:00,3.6822,3.5221,3.8473,1.0289,1.5655,25.99,34.18,0.1656,0.9623,113.97,100.93,95.944
249,cell_00,2024-03-03 00:00:00,3.6828,3.5223,3.8349,1.0044,1.5044,25.02,33.05,0.1711,0.9501,118.35,108.76,95.796
250,cell_00,2024-03-03 06:00:00,3.6971,3.5333,3.849,1.011,1.511,24.31,32.31,0.1486,0.9488,117.2,112.49,96.156
251,cell_00,2024-03-03 12:00:00,3.7065,3.5466,3.8585,0.9871,1.4983,24.35,32.35,0.1509,0.9606,118.26,113.37,96.048
252,cell_00,2024-03-03 18:00:00,3.6887,3.527,3.841,1.0739,1.604,25.49,33.49,0.1652,0.9402,106.94,104.36,95.341
253,cell_00,2024-03-04 00:00:00,3.6686,3.508,3.8207,0.955,1.4716,25.88,36.84,0.1526,0.9781,114.68,112.99,95.755
254,cell_00,2024-03-04 06:00:00,3.6767,3.5164,3.8288,0.9706,1.4706,23.64,31.64,0.1241,0.9538,121.15,112.92,95.854
255,cell_00,2024-03-04 12:00:00,3.6849,3.5237,3.8372,1.0005,1.5344,25.05,33.05,0.1337,0.9538,115.06,103.47,95.505
256,cell_00,2024-03-04 18:00:00,3.6882,3.5049,3.851,1.0439,1.5439,21.95,29.95,0.1547,0.9553,107.63,103.36,95.832
257,cell_00,2024-03-05 00:00:00,3.6889,3.5243,3.8532,0.9251,1.4251,25.32,35.52,0.1743,0.9688,121.54,117.17,95.339
258,cell_00,2024-03-05 06:00:00,3.6946,3.5262,3.8466,0.9345,1.4345,26.14,35.49,0.1823,0.9579,128.88,114.3,96.176
259,cell_00,2024-03-05 12:00:00,3.6911,3.5315,3.843,0.8981,1.4632,24.58,33.7,0.1656,0.9339,130.07,116.02,96.15
260,cell_00,2024-03-05 18:00:00,3.704,3.5433,3.8624,1.0016,1.5333,27.72,35.72,0.1557,0.964,114.38,111.1,95.7
261,cell_00,2024-03-06 00:00:00,3.6871,3.5268,3.8447,0.9441,1.4743,23.68,32.82,0.165,0.9466,123.35,114.99,95.884
262,cell_00,2024-03-06 06:00:00,3.684,3.5216,3.8395,0.9808,1.5431,25.33,33.33,0.1367,0.9511,115.3,109.5,95.052
263,cell_00,2024-03-06 12:00:00,3.6979,3.5365,3.86,1.0331,1.6737,24.95,32.95,0.1469,0.9372,110.52,102.53,95.428
264,cell_00,2024-03-06 18:00:00,3.6782,3.5174,3.8303,0.9679,1.4679,24.85,34.79,0.1335,0.9553,116.14,113.15,95.687
265,cell_00,2024-03-07 00:00:00,3.6971,3.5357,3.8694,1.0116,1.5116,24.83,34.58,0.125,0.9435,112.55,106.87,95.454
266,cell_00,2024-03-07 06:00:00,3.695,3.535,3.847,0.985,1.485,25.16,33.16,0.1567,0.951,119.11,110.79,95.99
267,cell_00,2024-03-07 12:00:00,3.6931,3.5208,3.8524,1.0336,1.5336,26.27,34.27,0.1537,0.9472,106.74,107.2,96.374
268,cell_00,2024-03-07 18:00:00,3.709,3.5476,3.8613,1.0238,1.5238,27.07,35.28,0.1638,0.9693,115.15,100.74,95.422
269,cell_00,2024-03-08 00:00:00,3.6871,3.513,3.8393,0.9654,1.4654,25.0,36.45,0.1609,0.9698,116.16,117.64,95.524
270,cell_00,2024-03-08 06:00:00,3.7144,3.5499,3.8816,0.9916,1.4916,26.22,34.22,0.1549,0.9505,118.11,105.22,95.846
271,cell_00,2024-03-08 12:00:00,3.6921,3.525,3.844,1.0522,1.5689,23.95,32.5,0.1611,0.9506,111.35,103.75,96.259
272,cell_00,2024-03-08 18:00:00,3.6803,3.5189,3.841,1.0197,1.5223,26.15,34.15,0.1491,0.9463,114.0,103.38,95.409
273,cell_00,2024-03-09 00:00:00,3.6941,3.528,3.8487,0.9302,1.4542,23.86,31.86,0.1583,0.9611,124.7,117.49,95.625
274,cell_00,2024-03-09 06:00:00,3.6831,3.5155,3.8351,1.0328,1.5582,26.64,34.64,0.1355,0.9467,116.51,103.38,95.875
275,cell_00,2024-03-09 12:00:00,3.6847,3.5218,3.851,0.9458,1.4759,28.32,36.32,0.1574,0.9458,120.43,118.64,94.833
276,cell_00,2024-03-09 18:00:00,3.6964,3.5282,3.8489,1.0706,1.5706,24.82,32.82,0.1634,0.9598,108.89,99.99,94.945
277,cell_00,2024-03-10 00:00:00,3.6984,3.5307,3.8508,1.0512,1.6573,21.71,29.73,0.1366,0.9446,110.91,104.75,95.202
278,cell_00,2024-03-10 06:00:00,3.6863,3.524,3.8388,1.0145,1.5262,24.18,32.18,0.151,0.9496,109.46,103.98,95.046
279,cell_00,2024-03-10 12:00:00,3.703,3.5417,3.8608,1.0079,1.5079,26.85,34.85,0.1375,0.9342,111.18,102.5,95.446
280,cell_00,2024-03-10 18:00:00,3.7045,3.5427,3.8608,0.9895,1.4895,25.83,35.39,0.1395,0.957,114.66,108.65,95.275
281,cell_00,2024-03-11 00:00:00,3.7064,3.5422,3.859,1.0339,1.5339,25.37,34.88,0.1275,0.9694,107.43,104.78,94.67
282,cell_00,2024-03-11 06:00:00,3.6983,3.5335,3.8507,0.9815,1.4823,26.51,36.2,0.1753,0.9572,115.04,110.29,95.357
283,cell_00,2024-03-11 12:00:00,3.7062,3.5438,3.8587,1.0118,1.5118,25.73,33.73,0.1713,0.9646,111.48,112.28,95.029
284,cell_00,2024-03-11 18:00:00,3.6746,3.5133,3.8268,1.0436,1.5436,26.83,35.42,0.1607,0.9415,111.05,106.69,95.585
285,cell_00,2024-03-12 00:00:00,3.6893,3.5212,3.8418,0.9719,1.5725,26.38,35.73,0.1894,0.9524,114.03,117.26,95.014
286,cell_00,2024-03-12 06:00:00,3.6838,3.5152,3.8363,0.9692,1.4966,27.28,35.28,0.1462,0.9406,121.22,109.35,95.012
287,cell_00,2024-03-12 12:00:00,3.6942,3.5171,3.8466,0.9403,1.4766,25.54,33.56,0.2106,0.9477,120.95,119.14,95.365
288,cell_00,2024-03-12 18:00:00,3.6874,3.5132,3.8474,0.9468,1.4468,26.36,34.36,0.1454,0.9577,123.45,115.58,95.431
289,cell_00,2024-03-13 00:00:00,3.6913,3.5297,3.8518,0.9086,1.4086,24.54,36.22,0.1551,0.951,120.65,121.03,95.337
290,cell_00,2024-03-13 06:00:00,3.7109,3.5308,3.8635,1.0365,1.5383,24.1,35.95,0.142,0.9359,109.31,109.48,94.697
291,cell_00,2024-03-13 12:00:00,3.6913,3.5298,3.8437,1.0904,1.5991,27.56,35.56,0.1574,0.9368,99.99,101.31,95.364
292,cell_00,2024-03-13 18:00:00,3.6964,3.5231,3.8504,1.0713,1.5713,25.32,38.31,0.1667,0.9362,108.13,105.18,94.859
293,cell_00,2024-03-14 00:00:00,3.6905,3.528,3.8429,0.9187,1.4187,26.21,34.21,0.1477,0.9549,122.46,120.99,95.24
294,cell_00,2024-03-14 06:00:00,3.6929,3.5297,3.8455,1.0362,1.5369,25.19,35.15,0.1855,0.9706,114.64,100.14,94.742
295,cell_00,2024-03-14 12:00:00,3.693,3.5313,3.8454,1.0711,1.5711,24.12,34.06,0.1548,0.9636,104.89,103.56,95.303
296,cell_00,2024-03-14 18:00:00,3.6969,3.5342,3.8494,0.9772,1.4772,25.02,33.02,0.1554,0.931,117.32,110.56,94.928
297,cell_00,2024-03-15 00:00:00,3.7038,3.5408,3.8564,1.0051,1.5051,27.15,36.14,0.1318,0.9642,110.42,112.25,94.785
298,cell_00,2024-03-15 06:00:00,3.7095,3.5383,3.8635,0.8996,1.3996,25.83,33.83,0.1584,0.9594,128.76,124.78,95.384
299,cell_00,2024-03-15 12:00:00,3.696,3.5189,3.8556,1.0133,1.5179,22.43,31.54,0.1473,0.9345,112.41,102.68,95.242
300,cell_00,2024-03-15 18:00:00,3.6981,3.5352,3.8507,0.9468,1.4771,24.68,33.14,0.1378,0.947,118.64,109.78,94.836
301,cell_00,2024-03-16 00:00:00,3.6817,3.5173,3.8342,1.01,1.564,27.67,38.07,0.1345,0.961,110.05,102.86,95.455
302,cell_00,2024-03-16 06:00:00,3.6915,3.5287,3.844,0.9219,1.4219,24.68,32.83,0.2034,0.9555,118.71,117.25,94.888
303,cell_00,2024-03-16 12:00:00,3.7019,3.5395,3.8578,1.0271,1.5271,22.3,30.3,0.1447,0.9369,106.8,100.82,95.03
304,cell_00,2024-03-16 18:00:00,3.7013,3.5313,3.8538,1.0512,1.5731,27.84,38.03,0.1209,0.9561,113.98,105.56,95.101
305,cell_00,2024-03-17 00:00:00,3.6944,3.5315,3.847,0.9608,1.4914,26.02,35.18,0.136,0.9286,117.4,113.14,94.834
306,cell_00,2024-03-17 06:00:00,3.7016,3.5221,3.854,0.9432,1.4432,24.89,34.36,0.149,0.9478,115.05,119.09,95.161
307,cell_00,2024-03-17 12:00:00,3.6972,3.5343,3.8501,0.8922,1.4317,24.44,32.44,0.1609,0.9614,133.36,118.4,94.86
308,cell_00,2024-03-17 18:00:00,3.7043,3.5316,3.8672,0.9867,1.5357,26.62,34.62,0.1611,0.9502,109.87,109.86,94.897
309,cell_00,2024-03-18 00:00:00,3.696,3.5335,3.8483,0.9709,1.5355,24.19,32.19,0.1635,0.945,116.93,107.48,95.383
310,cell_00,2024-03-18 06:00:00,3.6884,3.5171,3.8446,0.9224,1.5114,26.72,34.72,0.1371,0.9589,125.82,121.72,94.662
311,cell_00,2024-03-18 12:00:00,3.6947,3.5304,3.8595,1.0227,1.5227,25.81,35.39,0.1568,0.9597,115.18,101.47,94.251
312,cell_00,2024-03-18 18:00:00,3.6633,3.5009,3.8158,0.9775,1.4782,25.37,35.32,0.1325,0.9631,119.18,106.22,95.058
313,cell_00,2024-03-19 00:00:00,3.6968,3.5352,3.8547,0.9462,1.4468,25.22,33.22,0.1376,0.9587,120.47,111.3,95.339
314,cell_00,2024-03-19 06:00:00,3.6552,3.4913,3.808,0.9723,1.4723,24.74,35.6,0.1316,0.9608,122.1,114.31,94.451
315,cell_00,2024-03-19 12:00:00,3.6738,3.5021,3.8268,1.0536,1.5536,26.57,37.31,0.1262,0.9573,102.12,97.48,93.991
316,cell_00,2024-03-19 18:00:00,3.6962,3.5259,3.849,1.0301,1.5301,23.7,32.19,0.1713,0.9527,115.42,105.81,94.479
317,cell_00,2024-03-20 00:00:00,3.6965,3.5268,3.8493,0.9935,1.4981,22.57,30.57,0.1638,0.9509,118.11,111.23,94.486
1,cell_01,2024-01-01 00:00:00,3.6923,3.5424,3.8476,1.4037,2.1424,31.41,39.41,0.113,0.9463,81.68,78.88,100.035
2,cell_01,2024-01-01 06:00:00,3.7096,3.5572,3.86,1.3743,2.0243,30.66,39.04,0.0975,0.9529,87.39,82.33,99.078
3,cell_01,2024-01-01 12:00:00,3.6961,3.5399,3.846,1.2247,1.9119,30.63,38.63,0.1215,0.9519,99.25,94.49,100.054
4,cell_01,2024-01-01 18:00:00,3.6899,3.5315,3.8398,1.2732,1.9232,31.07,39.07,0.1017,0.956,90.16,87.02,100.193
5,cell_01,2024-01-02 00:00:00,3.6959,3.5463,3.8459,1.3211,1.9711,31.11,39.73,0.1454,0.956,89.85,85.28,100.134
6,cell_01,2024-01-02 06:00:00,3.6737,3.5169,3.8237,1.2965,1.9781,31.25,39.25,0.12,0.9239,93.57,85.28,99.969
7,cell_01,2024-01-02 12:00:00,3.6995,3.5508,3.8493,1.23,1.88,30.1,39.15,0.117,0.9476,99.58,97.09,100.493
8,cell_01,2024-01-02 18:00:00,3.6984,3.5485,3.856,1.3193,1.9693,30.17,38.61,0.1318,0.9552,94.03,84.1,100.093
9,cell_01,2024-01-03 00:00:00,3.7084,3.5446,3.8608,1.2995,1.9495,30.82,38.82,0.0999,0.9459,91.73,84.34,100.131
10,cell_01,2024-01-03 06:00:00,3.6816,3.5243,3.8376,1.3957,2.1093,30.93,38.93,0.0942,0.9504,86.66,77.93,100.313
11,cell_01,2024-01-03 12:00:00,3.7118,3.5541,3.8617,1.2873,1.9989,30.34,38.61,0.1282,0.9575,94.05,84.4,100.109
12,cell_01,2024-01-03 18:00:00,3.7078,3.538,3.8579,1.3584,2.1028,31.49,39.49,0.098,0.9508,86.45,80.98,99.731
13,cell_01,2024-01-04 00:00:00,3.7114,3.5596,3.8684,1.2366,1.8866,28.28,36.28,0.098,0.9651,92.03,92.55,99.268
14,cell_01,2024-01-04 06:00:00,3.6993,3.5489,3.8493,1.2486,1.8986,29.9,38.86,0.1367,0.9613,91.21,86.54,99.857
15,cell_01,2024-01-04 12:00:00,3.7105,3.5611,3.8726,1.3361,1.9861,30.58,41.41,0.1305,0.9488,93.05,83.6,100.228
16,cell_01,2024-01-04 18:00:00,3.6851,3.5349,3.8352,1.3542,2.0048,29.72,37.72,0.0949,0.948,85.87,80.18,99.894
17,cell_01,2024-01-05 00:00:00,3.7075,3.5581,3.8658,1.2521,1.9021,33.44,42.55,0.1076,0.9215,97.32,90.34,100.24
18,cell_01,2024-01-05 06:00:00,3.6924,3.5425,3.8423,1.3012,2.0336,31.03,39.03,0.1019,0.9467,92.97,83.49,100.045
19,cell_01,2024-01-05 12:00:00,3.6841,3.535,3.8444,1.2309,1.9929,31.27,39.76,0.1555,0.9365,96.88,94.02,100.386
20,cell_01,2024-01-05 18:00:00,3.6886,3.5306,3.8708,1.2909,1.9649,30.28,38.28,0.1381,0.9522,95.97,89.98,99.911
21,cell_01,2024-01-06 00:00:00,3.7003,3.5471,3.8502,1.3418,1.9918,30.98,41.43,0.1116,0.9515,91.33,87.15,100.14
22,cell_01,2024-01-06 06:00:00,3.692,3.5424,3.8489,1.2783,1.9283,29.18,37.18,0.1315,0.957,89.53,86.73,100.152
23,cell_01,2024-01-06 12:00:00,3.7044,3.5497,3.8542,1.2875,2.0149,30.75,38.75,0.0929,0.964,96.21,92.39,100.45
24,cell_01,2024-01-06 18:00:00,3.6811,3.5226,3.8357,1.2435,1.8973,29.59,39.71,0.1065,0.9497,96.07,93.03,99.488
25,cell_01,2024-01-07 00:00:00,3.6785,3.5282,3.8286,1.2676,1.9176,30.58,38.58,0.1221,0.9728,93.09,85.62,99.862
26,cell_01,2024-01-07 06:00:00,3.7141,3.5647,3.8653,1.3879,2.062,27.16,35.16,0.129,0.9523,88.65,81.83,100.255
27,cell_01,2024-01-07 12:00:00,3.7097,3.5609,3.8595,1.3036,1.9536,29.31,42.41,0.1181,0.9369,94.2,90.33,100.464
28,cell_01,2024-01-07 18:00:00,3.6896,3.5398,3.8474,1.2499,1.9072,33.2,41.2,0.125,0.9444,94.26,89.46,100.072
29,cell_01,2024-01-08 00:00:00,3.6998,3.5496,3.8499,1.2843,1.9343,32.25,40.25,0.1216,0.9463,97.87,87.58,99.912
30,cell_01,2024-01-08 06:00:00,3.7105,3.5604,3.8728,1.2201,1.9245,32.98,41.67,0.1167,0.9559,100.04,94.92,100.227
31,cell_01,2024-01-08 12:00:00,3.7046,3.5552,3.8545,1.2493,1.8993,33.08,41.62,0.1141,0.9405,97.32,87.21,100.261
32,cell_01,2024-01-08 18:00:00,3.7013,3.5511,3.8514,1.368,2.076,32.01,40.01,0.1115,0.947,83.85,87.33,99.892
33,cell_01,2024-01-09 00:00:00,3.7101,3.5587,3.8763,1.2929,1.9429,30.32,38.32,0.1246,0.9484,90.26,84.67,99.437
34,cell_01,2024-01-09 06:00:00,3.6922,3.5397,3.8424,1.3945,2.0445,29.44,37.44,0.1282,0.9455,85.33,77.44,99.692
35,cell_01,2024-01-09 12:00:00,3.7002,3.5457,3.8693,1.2952,1.9452,32.72,40.72,0.124,0.9581,93.77,83.35,99.905
36,cell_01,2024-01-09 18:00:00,3.6992,3.544,3.8616,1.2982,1.9862,31.1,43.4,0.0964,0.9564,92.15,86.5,99.56
37,cell_01,2024-01-10 00:00:00,3.6963,3.5446,3.8466,1.332,1.982,34.74,42.74,0.1,0.9617,91.86,88.47,99.351
38,cell_01,2024-01-10 06:00:00,3.6951,3.5434,3.8454,1.1664,1.8164,30.45,39.65,0.128,0.9467,99.76,100.34,99.321
39,cell_01,2024-01-10 12:00:00,3.6994,3.5473,3.8511,1.3102,1.9603,33.96,41.96,0.1494,0.962,92.63,90.0,99.139
40,cell_01,2024-01-10 18:00:00,3.6987,3.5461,3.8645,1.2976,1.9536,30.76,38.76,0.123,0.9364,94.4,87.23,98.937
41,cell_01,2024-01-11 00:00:00,3.6881,3.5356,3.8429,1.3743,2.0243,33.0,41.0,0.1118,0.9361,88.76,81.7,99.028
42,cell_01,2024-01-11 06:00:00,3.706,3.5519,3.8584,1.3482,1.9982,33.55,41.55,0.1245,0.9379,90.19,82.41,98.654
43,cell_01,2024-01-11 12:00:00,3.6889,3.5223,3.8393,1.2433,1.9331,29.47,37.47,0.0973,0.9501,99.35,86.52,99.09
44,cell_01,2024-01-11 18:00:00,3.6954,3.5331,3.8462,1.3621,2.0121,30.27,38.27,0.1462,0.962,83.05,85.87,98.359
45,cell_01,2024-01-12 00:00:00,3.6949,3.5413,3.8587,1.2869,1.9369,29.45,39.79,0.1237,0.944,93.73,87.29,98.572
46,cell_01,2024-01-12 06:00:00,3.7017,3.5417,3.8523,1.2548,1.9129,29.16,37.16,0.1066,0.9452,98.85,89.28,98.731
47,cell_01,2024-01-12 12:00:00,3.6778,3.5196,3.8281,1.3099,1.9599,32.0,40.0,0.1167,0.9478,91.64,86.56,99.299
48,cell_01,2024-01-12 18:00:00,3.7068,3.5532,3.8575,1.2899,1.9399,30.71,38.71,0.1095,0.9557,89.11,89.82,98.574
49,cell_01,2024-01-13 00:00:00,3.6908,3.5281,3.8416,1.3769,2.0269,31.08,41.96,0.1462,0.9452,89.99,79.07,98.35
50,cell_01,2024-01-13 06:00:00,3.7094,3.5546,3.8603,1.317,2.0167,31.83,39.83,0.116,0.9447,86.48,86.8,98.109
51,cell_01,2024-01-13 12:00:00,3.6933,3.54,3.8439,1.3103,1.9603,28.21,37.34,0.1231,0.9365,88.9,87.77,98.692
52,cell_01,2024-01-13 18:00:00,3.6955,3.5344,3.8618,1.345,1.995,32.93,42.87,0.1315,0.9443,84.0,85.55,97.35
53,cell_01,2024-01-14 00:00:00,3.716,3.5585,3.867,1.3546,2.0046,30.48,38.48,0.1052,0.9618,86.41,78.12,97.893
54,cell_01,2024-01-14 06:00:00,3.6957,3.5431,3.8532,1.3392,2.0362,31.8,39.8,0.1239,0.9509,87.97,81.33,98.976
55,cell_01,2024-01-14 12:00:00,3.7099,3.5557,3.8607,1.371,2.021,31.93,39.93,0.1255,0.9426,86.0,81.52,98.334
56,cell_01,2024-01-14 18:00:00,3.6971,3.5417,3.8539,1.3304,1.9804,33.06,42.78,0.0889,0.9624,92.01,86.92,97.825
57,cell_01,2024-01-15 00:00:00,3.7014,3.5406,3.8523,1.3084,1.963,30.84,38.84,0.1251,0.9441,89.82,89.7,98.144
58,cell_01,2024-01-15 06:00:00,3.698,3.5434,3.8489,1.362,2.012,27.81,36.6,0.1191,0.9642,86.63,83.0,98.177
59,cell_01,2024-01-15 12:00:00,3.7061,3.5505,3.8587,1.2955,1.9455,31.09,39.31,0.1226,0.964,94.68,83.98,98.41
60,cell_01,2024-01-15 18:00:00,3.6912,3.5344,3.8419,1.3017,1.9517,31.3,40.06,0.1207,0.9506,93.89,83.58,98.708
61,cell_01,2024-01-16 00:00:00,3.6876,3.5333,3.8384,1.3861,2.0361,29.45,38.39,0.1252,0.935,82.87,82.01,98.273
62,cell_01,2024-01-16 06:00:00,3.6906,3.5356,3.8508,1.3811,2.099,31.22,39.22,0.1467,0.9729,81.0,78.42,97.995
63,cell_01,2024-01-16 12:00:00,3.6986,3.5446,3.8518,1.2996,1.9496,30.46,38.46,0.0964,0.9539,92.03,86.79,98.393
64,cell_01,2024-01-16 18:00:00,3.6947,3.5339,3.8457,1.2773,1.9506,28.99,38.42,0.1132,0.9468,95.19,90.5,97.947
65,cell_01,2024-01-17 00:00:00,3.7039,3.5485,3.8549,1.3732,2.0232,32.01,40.01,0.1333,0.9596,85.96,80.29,97.847
66,cell_01,2024-01-17 06:00:00,3.7095,3.5522,3.8607,1.34,2.028,30.15,38.15,0.1296,0.957,84.9,81.99,97.629
67,cell_01,2024-01-17 12:00:00,3.6868,3.5273,3.8402,1.3158,1.9658,30.39,39.69,0.1292,0.9631,91.24,80.5,97.687
68,cell_01,2024-01-17 18:00:00,3.6895,3.5282,3.8567,1.2839,1.9359,30.31,38.31,0.1751,0.9434,93.04,84.67,97.888
69,cell_01,2024-01-18 00:00:00,3.6823,3.5269,3.8355,1.3166,1.9692,32.85,41.79,0.1323,0.9532,89.72,86.45,97.803
70,cell_01,2024-01-18 06:00:00,3.7177,3.5633,3.8686,1.2989,2.0653,30.94,41.72,0.1426,0.9381,94.07,84.96,98.25
71,cell_01,2024-01-18 12:00:00,3.6997,3.5275,3.8531,1.2668,1.9483,31.12,39.15,0.1139,0.9567,95.27,84.84,97.797
72,cell_01,2024-01-18 18:00:00,3.7006,3.5265,3.852,1.3065,1.9565,30.34,40.33,0.1001,0.9498,90.79,81.31,97.213
73,cell_01,2024-01-19 00:00:00,3.6834,3.5181,3.8431,1.3133,1.9975,31.69,40.0,0.1137,0.9528,90.88,81.31,97.843
74,cell_01,2024-01-19 06:00:00,3.697,3.5387,3.8541,1.2812,2.0381,33.02,44.2,0.1342,0.9485,93.29,88.67,98.015
75,cell_01,2024-01-19 12:00:00,3.7016,3.5458,3.8528,1.3452,1.9952,31.97,39.97,0.1281,0.9475,87.34,83.75,97.666
76,cell_01,2024-01-19 18:00:00,3.6949,3.5335,3.8512,1.3644,2.0144,32.03,40.03,0.1281,0.9413,86.14,82.29,98.303
77,cell_01,2024-01-20 00:00:00,3.7073,3.5514,3.8584,1.3485,1.9985,31.91,41.26,0.1157,0.9579,88.73,82.57,97.663
78,cell_01,2024-01-20 06:00:00,3.7203,3.56,3.8712,1.2862,1.9362,28.93,36.93,0.1125,0.9649,92.55,83.79,98.112
79,cell_01,2024-01-20 12:00:00,3.6873,3.5319,3.8384,1.3378,1.9878,29.69,39.99,0.1164,0.9444,87.68,83.38,97.842
80,cell_01,2024-01-20 18:00:00,3.6865,3.5311,3.8417,1.3039,1.9539,30.69,38.69,0.1345,0.9555,86.68,81.57,97.835
81,cell_01,2024-01-21 00:00:00,3.6869,3.528,3.8383,1.2382,1.9584,29.91,42.05,0.1368,0.9543,96.02,93.42,97.113
82,cell_01,2024-01-21 06:00:00,3.7121,3.5529,3.8704,1.3336,1.9836,29.4,41.65,0.0999,0.9501,88.86,79.33,97.332
83,cell_01,2024-01-21 12:00:00,3.7061,3.544,3.8652,1.3073,1.9573,28.19,36.76,0.1352,0.9347,87.74,84.01,97.12
84,cell_01,2024-01-21 18:00:00,3.6947,3.5382,3.8465,1.4297,2.132,28.98,38.09,0.107,0.937,80.58,73.58,97.4
85,cell_01,2024-01-22 00:00:00,3.6963,3.5395,3.8476,1.3729,2.0229,30.62,41.0,0.1294,0.9422,82.88,83.21,97.278
86,cell_01,2024-01-22 06:00:00,3.6874,3.5139,3.8389,1.3356,1.9856,30.9,38.9,0.1162,0.9286,91.24,79.94,97.066
87,cell_01,2024-01-22 12:00:00,3.7054,3.5246,3.8668,1.3125,1.9625,29.81,37.81,0.1513,0.9641,92.5,88.61,97.647
88,cell_01,2024-01-22 18:00:00,3.6924,3.5316,3.8437,1.3082,1.9582,31.12,41.63,0.1116,0.9537,89.96,80.87,97.477
89,cell_01,2024-01-23 00:00:00,3.6932,3.5363,3.8553,1.2498,1.8998,30.35,38.9,0.1236,0.9497,92.42,91.67,97.215
90,cell_01,2024-01-23 06:00:00,3.7022,3.5457,3.8535,1.2131,1.8733,32.64,40.64,0.1321,0.9281,98.63,93.04,97.393
91,cell_01,2024-01-23 12:00:00,3.6941,3.5323,3.8454,1.2564,1.9064,30.76,38.78,0.1025,0.9318,93.22,85.98,97.324
92,cell_01,2024-01-23 18:00:00,3.6933,3.5226,3.8447,1.2976,1.9883,32.04,40.04,0.1185,0.95,94.06,82.62,97.089
93,cell_01,2024-01-24 00:00:00,3.6962,3.5396,3.8475,1.1947,1.8505,31.3,39.3,0.1147,0.9697,93.45,91.52,97.37
94,cell_01,2024-01-24 06:00:00,3.7037,3.5466,3.8613,1.2728,1.9323,28.9,36.9,0.1097,0.943,87.34,90.03,97.163
95,cell_01,2024-01-24 12:00:00,3.7118,3.552,3.8633,1.2876,2.0097,30.86,40.7,0.1112,0.9586,90.89,89.03,96.864
96,cell_01,2024-01-24 18:00:00,3.7008,3.5339,3.8575,1.2892,1.9392,29.15,39.14,0.1422,0.9452,87.3,82.55,96.661
97,cell_01,2024-01-25 00:00:00,3.7036,3.5462,3.856,1.2669,1.9169,30.84,39.99,0.108,0.9506,92.87,85.97,97.04
98,cell_01,2024-01-25 06:00:00,3.694,3.5373,3.8453,1.2829,1.9329,29.88,38.67,0.1313,0.9621,93.59,84.09,97.318
99,cell_01,2024-01-25 12:00:00,3.6883,3.5245,3.8484,1.3862,2.0362,31.57,39.57,0.1263,0.9465,80.88,76.56,96.939
100,cell_01,2024-01-25 18:00:00,3.7034,3.5369,3.8544,1.3331,1.9831,28.99,38.17,0.0921,0.9431,87.6,85.01,97.904
101,cell_01,2024-01-26 00:00:00,3.6978,3.5414,3.8526,1.272,1.922,31.02,40.28,0.1304,0.9642,93.63,85.89,97.413
102,cell_01,2024-01-26 06:00:00,3.6821,3.5219,3.8495,1.2966,1.9466,31.86,42.35,0.0917,0.9505,93.29,83.28,97.539
103,cell_01,2024-01-26 12:00:00,3.6928,3.5363,3.8585,1.2986,1.9486,32.36,44.6,0.1326,0.9609,89.96,88.79,97.386
104,cell_01,2024-01-26 18:00:00,3.6957,3.54,3.8508,1.2616,1.9296,29.85,37.85,0.1099,0.9431,90.2,90.59,97.703
105,cell_01,2024-01-27 00:00:00,3.6903,3.5223,3.8418,1.2615,1.9184,31.03,39.03,0.1202,0.9641,92.97,90.1,96.911
106,cell_01,2024-01-27 06:00:00,3.7094,3.5465,3.8612,1.3505,2.0605,31.28,39.28,0.0941,0.9527,85.25,77.41,96.379
107,cell_01,2024-01-27 12:00:00,3.7003,3.5379,3.8518,1.279,2.0268,33.32,41.67,0.1224,0.9543,93.5,90.25,97.014
108,cell_01,2024-01-27 18:00:00,3.7097,3.538,3.8665,1.2453,1.9332,28.78,36.8,0.1385,0.9513,94.3,89.79,97.315
109,cell_01,2024-01-28 00:00:00,3.6984,3.5414,3.8498,1.2978,2.017,29.63,37.63,0.1039,0.9449,87.88,85.41,97.193
110,cell_01,2024-01-28 06:00:00,3.6967,3.5397,3.8556,1.3059,1.9942,35.21,45.26,0.1079,0.95,91.62,80.51,97.23
111,cell_01,2024-01-28 12:00:00,3.6869,3.5292,3.8595,1.2014,1.9369,30.59,38.59,0.1291,0.9456,97.61,96.44,97.544
112,cell_01,2024-01-28 18:00:00,3.696,3.5392,3.8474,1.298,2.0405,28.16,36.16,0.1296,0.9596,87.02,85.82,97.262
113,cell_01,2024-01-29 00:00:00,3.6962,3.5318,3.8475,1.3434,2.041,30.13,38.13,0.0713,0.948,87.54,85.47,97.387
114,cell_01,2024-01-29 06:00:00,3.6806,3.521,3.8325,1.3226,2.0079,26.85,34.85,0.1603,0.935,91.17,84.25,96.165
115,cell_01,2024-01-29 12:00:00,3.6888,3.5291,3.8485,1.4115,2.0615,31.36,39.36,0.1306,0.9332,83.4,80.06,96.119
116,cell_01,2024-01-29 18:00:00,3.6922,3.5338,3.8437,1.3626,2.0126,32.21,40.21,0.1339,0.9327,83.65,82.75,96.932
117,cell_01,2024-01-30 00:00:00,3.6989,3.5383,3.8594,1.3724,2.0224,29.63,37.63,0.1171,0.9562,86.13,83.69,96.478
118,cell_01,2024-01-30 06:00:00,3.699,3.5303,3.8509,1.44,2.1211,30.29,38.29,0.0829,0.9385,78.47,74.0,96.26
119,cell_01,2024-01-30 12:00:00,3.688,3.5236,3.8483,1.3379,1.9879,32.39,42.13,0.1335,0.953,86.33,79.1,95.843
120,cell_01,2024-01-30 18:00:00,3.6984,3.5334,3.8505,1.3082,1.9582,28.37,36.37,0.1087,0.9514,88.15,85.38,95.835
121,cell_01,2024-01-31 00:00:00,3.6919,3.5282,3.844,1.3487,1.9987,29.02,39.14,0.1309,0.9494,83.1,81.0,95.817
122,cell_01,2024-01-31 06:00:00,3.6648,3.5039,3.8169,1.272,2.0082,30.66,38.66,0.1156,0.9544,88.85,86.61,95.64
123,cell_01,2024-01-31 12:00:00,3.6885,3.5275,3.8407,1.3054,1.9554,29.87,37.87,0.1248,0.9516,91.74,85.3,95.575
124,cell_01,2024-01-31 18:00:00,3.7047,3.5418,3.8767,1.2676,1.9404,30.56,38.56,0.1045,0.9229,88.58,86.74,95.967
125,cell_01,2024-02-01 00:00:00,3.6768,3.5162,3.8289,1.3199,2.0428,29.1,37.1,0.1373,0.9468,89.67,85.2,95.742
126,cell_01,2024-02-01 06:00:00,3.6951,3.5181,3.8535,1.2674,1.9324,31.32,40.75,0.0962,0.9543,92.38,84.67,95.966
127,cell_01,2024-02-01 12:00:00,3.7093,3.5348,3.8615,1.2657,1.9879,30.78,38.78,0.1649,0.9664,90.94,89.37,95.603
128,cell_01,2024-02-01 18:00:00,3.6858,3.5184,3.838,1.3207,1.9707,31.82,40.86,0.1648,0.9669,83.71,79.11,95.595
129,cell_01,2024-02-02 00:00:00,3.693,3.5274,3.8453,1.2931,2.063,31.3,39.3,0.1527,0.9364,85.82,85.19,95.292
130,cell_01,2024-02-02 06:00:00,3.6802,3.5189,3.8435,1.2036,1.908,31.31,40.83,0.1455,0.9465,92.14,94.15,95.479
131,cell_01,2024-02-02 12:00:00,3.7097,3.5487,3.8619,1.2272,1.8877,28.83,36.83,0.1183,0.9343,94.31,86.51,95.617
132,cell_01,2024-02-02 18:00:00,3.6928,3.5321,3.8449,1.2426,1.9639,31.74,41.44,0.1433,0.9652,96.82,86.22,95.724
133,cell_01,2024-02-03 00:00:00,3.6937,3.5314,3.8475,1.2559,1.9059,30.5,38.63,0.1181,0.9601,94.68,84.9,95.481
134,cell_01,2024-02-03 06:00:00,3.7073,3.5446,3.8644,1.3207,1.9707,30.75,41.79,0.0889,0.9535,82.94,83.28,95.833
135,cell_01,2024-02-03 12:00:00,3.6999,3.534,3.8686,1.3109,2.0332,32.57,40.57,0.1501,0.9517,85.45,82.29,95.511
136,cell_01,2024-02-03 18:00:00,3.6849,3.515,3.8405,1.3533,2.0033,29.92,37.92,0.1426,0.9638,81.99,77.33,95.747
137,cell_01,2024-02-04 00:00:00,3.6866,3.525,3.8453,1.3376,2.0157,33.03,41.03,0.1194,0.9621,89.62,84.62,95.362
138,cell_01,2024-02-04 06:00:00,3.6974,3.5348,3.8571,1.3536,2.0302,33.17,41.17,0.0955,0.9616,81.96,77.49,94.965
139,cell_01,2024-02-04 12:00:00,3.6871,3.5116,3.8393,1.3304,2.0789,32.13,40.13,0.1083,0.9546,83.64,82.2,95.589
140,cell_01,2024-02-04 18:00:00,3.6724,3.504,3.8246,1.3105,1.9605,29.53,38.77,0.0836,0.9465,88.72,84.1,95.727
141,cell_01,2024-02-05 00:00:00,3.6926,3.5311,3.8449,1.355,2.0854,27.72,35.72,0.1389,0.9577,84.96,76.38,95.401
142,cell_01,2024-02-05 06:00:00,3.6782,3.5166,3.8306,1.346,1.996,32.62,40.62,0.0879,0.9582,82.68,77.33,95.355
143,cell_01,2024-02-05 12:00:00,3.7088,3.5467,3.8692,1.3188,1.9688,31.17,39.17,0.1257,0.9481,88.03,86.31,95.123
144,cell_01,2024-02-05 18:00:00,3.6942,3.5314,3.8497,1.3636,2.0136,29.88,37.88,0.1031,0.9465,80.22,80.79,94.986
145,cell_01,2024-02-06 00:00:00,3.684,3.5178,3.8371,1.1827,1.8327,32.76,44.06,0.0915,0.9613,92.14,87.43,95.394
146,cell_01,2024-02-06 06:00:00,3.686,3.4991,3.8384,1.2855,1.9557,29.71,37.71,0.1248,0.9666,85.3,87.18,95.356
147,cell_01,2024-02-06 12:00:00,3.6737,3.5094,3.8467,1.2847,1.9347,30.36,38.36,0.1133,0.9425,87.59,84.43,95.06
148,cell_01,2024-02-06 18:00:00,3.6823,3.5146,3.8346,1.3576,2.0446,31.79,41.38,0.1368,0.9474,88.48,76.65,95.561
149,cell_01,2024-02-07 00:00:00,3.7026,3.54,3.8756,1.3786,2.0286,29.33,37.33,0.0946,0.9535,83.05,80.02,94.963
150,cell_01,2024-02-07 06:00:00,3.7145,3.5515,3.8671,1.2275,1.8775,30.84,42.91,0.1049,0.9549,95.03,88.03,94.797
151,cell_01,2024-02-07 12:00:00,3.7005,3.5268,3.8527,1.3706,2.0206,32.63,40.63,0.0722,0.9448,82.09,76.94,95.463
152,cell_01,2024-02-07 18:00:00,3.6919,3.526,3.8443,1.2414,1.9083,31.32,41.01,0.0763,0.9688,94.07,90.93,95.233
153,cell_01,2024-02-08 00:00:00,3.6878,3.5247,3.8441,1.2429,1.8929,32.87,43.04,0.156,0.9542,95.75,85.01,94.762
154,cell_01,2024-02-08 06:00:00,3.6829,3.5135,3.8354,1.2883,1.94,32.7,40.7,0.1617,0.9553,87.19,82.12,94.956
155,cell_01,2024-02-08 12:00:00,3.713,3.5311,3.8655,1.2841,1.9689,31.01,39.01,0.1219,0.9676,93.13,82.25,94.916
156,cell_01,2024-02-08 18:00:00,3.6892,3.5243,3.8422,1.2221,1.9262,27.49,36.98,0.1035,0.9455,93.62,90.2,94.046
157,cell_01,2024-02-09 00:00:00,3.7131,3.5344,3.8735,1.3325,1.9825,29.34,38.49,0.114,0.9491,87.31,82.69,94.598
158,cell_01,2024-02-09 06:00:00,3.7062,3.5434,3.8659,1.334,1.984,32.15,40.15,0.1375,0.9375,83.21,84.5,94.854
159,cell_01,2024-02-09 12:00:00,3.6747,3.5023,3.8455,1.3527,2.0065,28.67,36.67,0.1097,0.9483,85.27,77.59,94.762
160,cell_01,2024-02-09 18:00:00,3.6858,3.5231,3.8383,1.2783,1.9519,30.51,38.51,0.1248,0.9351,89.22,87.22,94.944
161,cell_01,2024-02-10 00:00:00,3.6861,3.5241,3.8407,1.298,1.948,31.51,40.7,0.1197,0.9575,92.04,84.26,95.208
162,cell_01,2024-02-10 06:00:00,3.6914,3.5238,3.844,1.2985,1.9485,33.2,41.2,0.1086,0.9542,91.13,81.53,94.773
163,cell_01,2024-02-10 12:00:00,3.6912,3.5161,3.8439,1.3844,2.0344,30.14,38.14,0.1095,0.9472,81.11,74.05,94.552
164,cell_01,2024-02-10 18:00:00,3.7224,3.5562,3.8749,1.1583,1.8083,30.03,38.03,0.1259,0.949,102.78,96.61,94.967
165,cell_01,2024-02-11 00:00:00,3.6808,3.5109,3.8382,1.2522,1.9022,30.92,38.92,0.1005,0.9576,93.92,83.58,94.371
166,cell_01,2024-02-11 06:00:00,3.6939,3.53,3.8569,1.3003,1.9856,31.53,39.53,0.129,0.9386,87.93,83.93,94.422
167,cell_01,2024-02-11 12:00:00,3.6977,3.5337,3.8605,1.2457,1.8957,30.77,38.77,0.1106,0.952,87.12,86.82,94.381
168,cell_01,2024-02-11 18:00:00,3.6927,3.5236,3.8451,1.2871,1.9371,32.57,40.81,0.1225,0.957,85.7,79.87,95.141
169,cell_01,2024-02-12 00:00:00,3.6918,3.5088,3.8549,1.2937,1.9437,29.8,38.97,0.1477,0.9322,83.32,86.95,93.796
170,cell_01,2024-02-12 06:00:00,3.6811,3.5057,3.8339,1.2671,1.9171,31.18,43.72,0.1166,0.9568,85.85,87.7,94.352
171,cell_01,2024-02-12 12:00:00,3.6928,3.5289,3.8455,1.3032,1.9532,31.67,39.67,0.1384,0.9333,91.13,82.52,94.468
172,cell_01,2024-02-12 18:00:00,3.6964,3.5319,3.8493,1.3314,1.9814,30.4,40.63,0.0842,0.9488,82.45,82.18,94.187
173,cell_01,2024-02-13 00:00:00,3.6953,3.532,3.848,1.2882,1.9382,32.26,40.26,0.1106,0.9384,89.89,83.59,94.691
174,cell_01,2024-02-13 06:00:00,3.6977,3.5344,3.8678,1.2773,1.9273,31.22,39.22,0.1206,0.9643,90.15,86.66,94.665
175,cell_01,2024-02-13 12:00:00,3.7057,3.5413,3.8616,1.2917,1.9493,32.18,40.18,0.1585,0.9384,88.85,80.11,94.407
176,cell_01,2024-02-13 18:00:00,3.7009,3.5328,3.8555,1.2996,1.9496,31.29,39.29,0.0808,0.9335,84.55,82.29,94.34
177,cell_01,2024-02-14 00:00:00,3.6917,3.5266,3.8447,1.213,1.9369,31.56,39.59,0.1181,0.9513,93.7,86.79,93.968
178,cell_01,2024-02-14 06:00:00,3.6792,3.5064,3.8567,1.3231,1.9975,30.05,38.05,0.1491,0.9459,86.3,80.62,93.971
179,cell_01,2024-02-14 12:00:00,3.685,3.5139,3.851,1.2774,1.9274,30.05,38.05,0.1043,0.935,88.9,83.43,93.978
180,cell_01,2024-02-14 18:00:00,3.6887,3.5236,3.8417,1.3631,2.0178,32.84,44.31,0.1157,0.9553,80.11,75.62,93.946
181,cell_01,2024-02-15 00:00:00,3.6936,3.5288,3.8466,1.3296,1.9858,31.95,39.95,0.1266,0.9301,86.8,84.71,94.078
182,cell_01,2024-02-15 06:00:00,3.6866,3.5221,3.8394,1.3585,2.0692,29.47,37.47,0.1237,0.9396,79.68,75.04,94.228
183,cell_01,2024-02-15 12:00:00,3.6811,3.5152,3.8357,1.2494,1.8994,31.27,41.07,0.1513,0.9442,90.75,81.03,93.633
184,cell_01,2024-02-15 18:00:00,3.6786,3.5128,3.8318,1.2814,1.9698,27.44,35.44,0.129,0.958,87.17,82.24,93.687
185,cell_01,2024-02-16 00:00:00,3.6737,3.5057,3.8314,1.2379,1.89,30.14,40.32,0.1466,0.963,88.35,87.18,93.477
186,cell_01,2024-02-16 06:00:00,3.689,3.5209,3.8564,1.2647,1.9893,32.44,40.44,0.1128,0.961,92.19,82.1,94.262
187,cell_01,2024-02-16 12:00:00,3.6764,3.5092,3.8294,1.3626,2.0771,30.81,38.81,0.1052,0.9485,80.17,78.98,94.077
188,cell_01,2024-02-16 18:00:00,3.6812,3.5166,3.8341,1.3744,2.0342,31.18,39.87,0.1155,0.9257,85.77,79.93,94.154
189,cell_01,2024-02-17 00:00:00,3.6864,3.5175,3.8396,1.2426,1.8926,26.48,35.66,0.0968,0.9539,93.84,82.18,93.573
190,cell_01,2024-02-17 06:00:00,3.6783,3.5043,3.8311,1.2771,1.9524,30.41,39.95,0.1297,0.9647,87.48,88.58,94.421
191,cell_01,2024-02-17 12:00:00,3.6944,3.5286,3.8675,1.2962,1.9462,31.51,39.51,0.1123,0.9623,85.06,81.0,93.703
192,cell_01,2024-02-17 18:00:00,3.6983,3.53,3.8614,1.3293,2.0633,31.7,40.76,0.1066,0.9546,81.73,81.77,93.936
193,cell_01,2024-02-18 00:00:00,3.6857,3.5211,3.8481,1.212,1.8659,32.44,41.93,0.13,0.9381,97.09,84.92,94.142
194,cell_01,2024-02-18 06:00:00,3.686,3.52,3.8392,1.2198,1.8698,30.68,39.09,0.0971,0.9447,93.24,89.39,93.589
195,cell_01,2024-02-18 12:00:00,3.696,3.525,3.8491,1.3245,1.9745,30.75,38.75,0.1354,0.9693,80.94,83.56,93.722
196,cell_01,2024-02-18 18:00:00,3.6838,3.5186,3.8368,1.2025,1.8525,29.0,37.0,0.1104,0.9358,93.84,85.35,93.939
197,cell_01,2024-02-19 00:00:00,3.6843,3.5173,3.8447,1.2777,1.9555,30.69,39.89,0.1432,0.9385,85.3,81.21,94.743
198,cell_01,2024-02-19 06:00:00,3.7029,3.5376,3.8609,1.3081,1.9581,29.11,37.19,0.1121,0.9594,86.85,80.01,93.976
199,cell_01,2024-02-19 12:00:00,3.7004,3.5363,3.8661,1.3208,2.0257,28.23,36.23,0.1326,0.9457,85.81,77.27,94.367
200,cell_01,2024-02-19 18:00:00,3.6974,3.533,3.8503,1.2929,1.9429,29.37,39.93,0.1236,0.9382,83.83,87.35,94.247
201,cell_01,2024-02-20 00:00:00,3.7003,3.5352,3.8533,1.2817,1.9381,33.26,41.26,0.1349,0.9653,90.78,84.47,93.996
202,cell_01,2024-02-20 06:00:00,3.6706,3.5046,3.8255,1.3422,2.0497,30.59,41.88,0.1222,0.9546,81.68,80.39,93.589
203,cell_01,2024-02-20 12:00:00,3.7048,3.5365,3.8667,1.3143,1.9643,31.33,39.33,0.0867,0.9462,86.37,85.66,94.203
204,cell_01,2024-02-20 18:00:00,3.6941,3.5253,3.8474,1.2676,2.0186,30.23,38.86,0.1402,0.9385,89.68,86.96,93.436
205,cell_01,2024-02-21 00:00:00,3.7017,3.5291,3.8618,1.3019,1.9519,28.31,36.31,0.1182,0.9705,91.0,85.36,94.366
206,cell_01,2024-02-21 06:00:00,3.6948,3.5297,3.8478,1.3192,1.9762,32.4,40.4,0.1358,0.9498,85.41,79.81,93.945
207,cell_01,2024-02-21 12:00:00,3.6901,3.5039,3.8436,1.3859,2.0645,27.74,35.74,0.1338,0.964,83.97,75.24,93.09
208,cell_01,2024-02-21 18:00:00,3.6879,3.5224,3.841,1.3393,2.0256,30.17,38.84,0.1045,0.9589,82.81,78.08,93.783
209,cell_01,2024-02-22 00:00:00,3.6948,3.53,3.8478,1.3607,2.0244,30.92,40.27,0.1017,0.9448,85.93,77.55,94.082
210,cell_01,2024-02-22 06:00:00,3.6876,3.5221,3.8552,1.2695,1.9693,31.35,39.35,0.1331,0.9449,86.34,83.09,93.814
211,cell_01,2024-02-22 12:00:00,3.6986,3.5318,3.8687,1.2738,1.9497,29.91,37.91,0.1139,0.9645,89.71,80.33,93.288
212,cell_01,2024-02-22 18:00:00,3.6734,3.4901,3.8305,1.2882,2.0263,28.24,36.24,0.1387,0.9646,82.9,80.89,92.819
213,cell_01,2024-02-23 00:00:00,3.6836,3.5016,3.8569,1.2928,1.9689,29.8,41.9,0.1164,0.9312,90.21,81.27,92.682
214,cell_01,2024-02-23 06:00:00,3.71,3.5367,3.8635,1.2496,1.9978,29.88,37.88,0.1405,0.9555,93.42,83.19,93.052
215,cell_01,2024-02-23 12:00:00,3.6834,3.5161,3.8464,1.3633,2.0584,29.84,40.69,0.1285,0.9488,81.46,75.1,93.083
216,cell_01,2024-02-23 18:00:00,3.6871,3.5014,3.8406,1.3442,1.9942,32.46,40.46,0.1258,0.9397,83.2,77.8,92.969
217,cell_01,2024-02-24 00:00:00,3.6813,3.5149,3.8346,1.2847,2.0653,29.18,37.18,0.1125,0.9526,88.13,82.75,93.442
218,cell_01,2024-02-24 06:00:00,3.6926,3.5246,3.8462,1.3321,1.9821,31.45,40.7,0.1246,0.9365,81.73,81.28,92.819
219,cell_01,2024-02-24 12:00:00,3.6824,3.5009,3.8358,1.3111,2.0359,31.24,39.24,0.1439,0.9453,86.76,82.81,93.168
220,cell_01,2024-02-24 18:00:00,3.6878,3.5139,3.8541,1.336,1.9873,32.44,43.63,0.1189,0.942,85.28,76.95,93.094
221,cell_01,2024-02-25 00:00:00,3.6974,3.5069,3.8511,1.2328,1.9358,30.8,38.95,0.1306,0.945,90.37,81.46,92.607
222,cell_01,2024-02-25 06:00:00,3.6818,3.5105,3.8355,1.2927,1.9427,32.19,41.11,0.1209,0.9493,82.84,79.88,92.494
223,cell_01,2024-02-25 12:00:00,3.6972,3.5295,3.8508,1.2971,1.9784,30.74,38.74,0.1225,0.9398,89.54,78.7,92.893
224,cell_01,2024-02-25 18:00:00,3.6981,3.5312,3.8515,1.3312,1.9812,31.65,40.97,0.1545,0.9657,80.83,78.98,93.251
225,cell_01,2024-02-26 00:00:00,3.6995,3.5311,3.8708,1.2686,1.9975,28.75,39.9,0.144,0.9549,88.75,87.44,92.629
226,cell_01,2024-02-26 06:00:00,3.6893,3.5192,3.8643,1.175,1.8469,27.04,35.04,0.1216,0.9679,90.17,86.2,91.937
227,cell_01,2024-02-26 12:00:00,3.7197,3.5371,3.8739,1.2459,1.9427,31.57,43.03,0.1243,0.9484,85.03,82.15,91.522
228,cell_01,2024-02-26 18:00:00,3.6996,3.5253,3.8532,1.2969,1.9469,31.65,39.65,0.106,0.9445,81.64,83.39,92.675
229,cell_01,2024-02-27 00:00:00,3.6919,3.5228,3.8457,1.3032,1.9532,31.71,41.24,0.1165,0.9676,83.94,80.93,92.426
230,cell_01,2024-02-27 06:00:00,3.6804,3.5124,3.8439,1.3842,2.0547,30.21,39.19,0.1262,0.9442,81.57,72.76,92.798
231,cell_01,2024-02-27 12:00:00,3.6873,3.5155,3.8441,1.3291,1.9903,33.23,41.23,0.137,0.9482,83.41,76.26,92.191
232,cell_01,2024-02-27 18:00:00,3.7031,3.5244,3.8568,1.3041,2.0021,30.31,38.74,0.135,0.9572,86.66,84.62,92.56
233,cell_01,2024-02-28 00:00:00,3.7059,3.5328,3.8603,1.2984,1.9484,31.63,39.65,0.0978,0.9376,86.99,77.83,92.507
234,cell_01,2024-02-28 06:00:00,3.703,3.5316,3.8569,1.3552,2.0076,31.89,39.89,0.1395,0.9571,78.63,78.59,92.119
235,cell_01,2024-02-28 12:00:00,3.696,3.5264,3.8661,1.2705,1.9796,33.58,42.29,0.1182,0.9558,83.16,85.21,92.125
236,cell_01,2024-02-28 18:00:00,3.6758,3.4978,3.8352,1.293,1.943,30.52,38.82,0.1003,0.9627,86.7,79.34,92.261
237,cell_01,2024-02-29 00:00:00,3.6935,3.5245,3.854,1.2455,1.925,30.02,38.02,0.1467,0.9589,90.4,86.59,92.416
238,cell_01,2024-02-29 06:00:00,3.676,3.5028,3.8298,1.3709,2.0209,28.75,36.75,0.1493,0.963,81.2,74.04,92.249
239,cell_01,2024-02-29 12:00:00,3.6739,3.4796,3.8277,1.3196,1.9696,33.33,41.33,0.1253,0.9489,82.02,78.14,92.545
240,cell_01,2024-02-29 18:00:00,3.6906,3.5208,3.8653,1.2646,1.9315,31.63,39.63,0.1342,0.9414,90.12,81.39,92.115
241,cell_01,2024-03-01 00:00:00,3.693,3.5227,3.8603,1.2943,2.0056,31.68,39.96,0.1353,0.9711,81.55,85.13,91.855
242,cell_01,2024-03-01 06:00:00,3.6983,3.5304,3.8519,1.3255,2.0274,35.68,43.68,0.1479,0.9347,85.17,77.45,92.846
243,cell_01,2024-03-01 12:00:00,3.6931,3.5233,3.847,1.2875,1.9375,31.49,44.8,0.1346,0.9357,82.56,78.34,92.072
244,cell_01,2024-03-01 18:00:00,3.6934,3.5133,3.8474,1.2733,1.9671,29.05,37.05,0.0934,0.9557,88.12,86.14,92.083
245,cell_01,2024-03-02 00:00:00,3.6785,3.5044,3.8495,1.2673,1.9607,30.71,38.71,0.1602,0.9662,86.62,80.02,92.233
246,cell_01,2024-03-02 06:00:00,3.6874,3.5165,3.8437,1.3169,1.9669,29.54,37.54,0.1413,0.9519,85.91,83.06,92.273
247,cell_01,2024-03-02 12:00:00,3.6731,3.4955,3.8271,1.2821,1.9321,30.41,42.49,0.1098,0.96,82.38,83.22,92.137
248,cell_01,2024-03-02 18:00:00,3.6683,3.4988,3.8226,1.2773,1.9273,30.4,38.4,0.0994,0.93,87.14,83.0,92.248
249,cell_01,2024-03-03 00:00:00,3.6958,3.4946,3.8496,1.2332,1.9251,30.12,38.97,0.1301,0.945,86.57,87.53,92.241
250,cell_01,2024-03-03 06:00:00,3.6809,3.5102,3.8348,1.3039,1.9539,28.91,37.41,0.1144,0.9313,86.5,82.62,92.306
251,cell_01,2024-03-03 12:00:00,3.6953,3.521,3.8502,1.2909,1.9409,33.39,42.06,0.1266,0.9578,81.43,77.12,91.064
252,cell_01,2024-03-03 18:00:00,3.6996,3.5304,3.8619,1.2839,1.9339,31.45,41.92,0.1349,0.9345,82.62,86.3,92.335
253,cell_01,2024-03-04 00:00:00,3.6814,3.5107,3.8355,1.3099,2.0015,30.66,41.09,0.1087,0.9372,85.82,83.54,91.727
254,cell_01,2024-03-04 06:00:00,3.6938,3.5122,3.8478,1.3374,1.9874,32.14,40.14,0.0977,0.9551,78.9,81.65,91.945
255,cell_01,2024-03-04 12:00:00,3.6804,3.5088,3.8448,1.3351,2.0016,31.71,40.09,0.1277,0.9606,79.85,79.01,91.358
256,cell_01,2024-03-04 18:00:00,3.669,3.4981,3.8232,1.3276,2.0396,31.41,39.41,0.1093,0.9484,85.51,78.87,91.63
257,cell_01,2024-03-05 00:00:00,3.6886,3.5172,3.8451,1.288,1.938,32.03,40.23,0.1229,0.9557,87.96,81.36,91.57
258,cell_01,2024-03-05 06:00:00,3.6836,3.5004,3.8382,1.2717,1.9217,31.2,39.2,0.0931,0.9554,90.1,78.44,92.212
259,cell_01,2024-03-05 12:00:00,3.683,3.5116,3.8543,1.2478,1.8978,32.01,40.01,0.115,0.9478,86.55,83.68,91.595
260,cell_01,2024-03-05 18:00:00,3.7078,3.5377,3.8618,1.2703,1.9393,32.13,40.13,0.1343,0.9391,87.15,83.63,91.999
261,cell_01,2024-03-06 00:00:00,3.6721,3.501,3.8263,1.301,2.0129,31.24,40.05,0.1321,0.9556,86.78,81.59,91.576
262,cell_01,2024-03-06 06:00:00,3.6913,3.5158,3.854,1.2607,1.9107,30.67,38.67,0.1042,0.9561,84.06,81.4,91.635
263,cell_01,2024-03-06 12:00:00,3.6776,3.5002,3.8317,1.3048,1.9833,33.3,41.59,0.0966,0.9589,86.22,79.87,91.698
264,cell_01,2024-03-06 18:00:00,3.6973,3.5277,3.8512,1.2517,1.9533,30.28,38.28,0.1203,0.9531,84.79,85.13,92.156
265,cell_01,2024-03-07 00:00:00,3.6896,3.5059,3.8441,1.217,1.867,31.59,39.59,0.1312,0.9383,93.51,84.67,91.072
266,cell_01,2024-03-07 06:00:00,3.6907,3.5111,3.845,1.341,1.991,31.62,41.93,0.1281,0.9569,82.77,81.34,91.244
267,cell_01,2024-03-07 12:00:00,3.6771,3.4934,3.8401,1.2763,1.9472,30.09,39.26,0.1098,0.95,85.56,83.09,91.054
268,cell_01,2024-03-07 18:00:00,3.6793,3.5018,3.8392,1.2581,1.9254,29.79,40.09,0.126,0.9452,86.96,78.39,91.312
269,cell_01,2024-03-08 00:00:00,3.6964,3.5183,3.8507,1.2453,1.9244,30.47,41.59,0.15,0.9471,85.26,79.47,91.395
270,cell_01,2024-03-08 06:00:00,3.7044,3.5271,3.8602,1.3212,1.9992,30.26,38.26,0.1241,0.9431,81.52,80.23,91.154
271,cell_01,2024-03-08 12:00:00,3.6919,3.5118,3.8611,1.3687,2.0187,28.81,39.81,0.0873,0.9589,81.97,75.44,91.418
272,cell_01,2024-03-08 18:00:00,3.677,3.5036,3.8317,1.2798,1.9794,30.02,38.02,0.1241,0.9358,85.33,83.62,90.638
273,cell_01,2024-03-09 00:00:00,3.6898,3.5171,3.8458,1.2892,1.9976,31.4,40.89,0.1609,0.9401,84.89,77.64,90.937
274,cell_01,2024-03-09 06:00:00,3.7117,3.5407,3.8659,1.3536,2.0129,32.9,40.9,0.0943,0.9467,78.73,73.2,91.603
275,cell_01,2024-03-09 12:00:00,3.6881,3.5165,3.8424,1.2095,1.8595,31.83,39.83,0.1206,0.9661,92.37,85.1,91.364
276,cell_01,2024-03-09 18:00:00,3.7016,3.5259,3.8559,1.3983,2.0483,27.1,36.33,0.1155,0.9605,77.5,76.28,91.299
277,cell_01,2024-03-10 00:00:00,3.679,3.5031,3.8476,1.4222,2.0819,31.96,41.85,0.1219,0.9336,74.3,76.52,90.942
278,cell_01,2024-03-10 06:00:00,3.6858,3.5015,3.8404,1.1647,1.8147,30.16,39.99,0.1239,0.9635,97.69,92.45,90.782
279,cell_01,2024-03-10 12:00:00,3.6925,3.5083,3.8574,1.2951,1.9451,31.68,40.11,0.1428,0.9635,84.28,79.88,90.901
280,cell_01,2024-03-10 18:00:00,3.6908,3.5189,3.8452,1.2641,1.9141,30.98,39.24,0.1217,0.9383,86.85,84.99,91.229
281,cell_01,2024-03-11 00:00:00,3.6793,3.5052,3.8337,1.2868,1.9671,30.71,39.76,0.1455,0.9248,89.26,77.25,91.32
282,cell_01,2024-03-11 06:00:00,3.6789,3.5072,3.8454,1.2791,1.9374,30.85,39.45,0.1176,0.9493,84.54,82.02,91.33
283,cell_01,2024-03-11 12:00:00,3.6964,3.524,3.8608,1.3406,1.9906,30.97,40.05,0.113,0.9612,85.08,80.86,91.017
284,cell_01,2024-03-11 18:00:00,3.6978,3.5211,3.8546,1.2944,1.9619,33.02,41.42,0.1066,0.9659,85.64,78.93,90.606
285,cell_01,2024-03-12 00:00:00,3.7014,3.5285,3.8636,1.2545,1.9045,30.97,40.66,0.0837,0.9413,88.05,86.55,90.835
286,cell_01,2024-03-12 06:00:00,3.7041,3.5069,3.8588,1.2914,1.9672,32.63,40.63,0.1255,0.9675,82.07,77.74,90.731
287,cell_01,2024-03-12 12:00:00,3.6875,3.5088,3.8421,1.3257,1.9757,32.41,40.41,0.1611,0.9277,78.48,74.81,90.767
288,cell_01,2024-03-12 18:00:00,3.684,3.5126,3.8383,1.2408,1.8908,32.0,40.0,0.1292,0.9463,87.88,84.23,91.439
289,cell_01,2024-03-13 00:00:00,3.699,3.5054,3.8628,1.2177,1.8677,28.32,36.87,0.1337,0.9458,84.63,88.16,90.299
290,cell_01,2024-03-13 06:00:00,3.6933,3.5202,3.8479,1.3996,2.0496,32.67,43.96,0.1117,0.9615,74.47,72.45,90.757
291,cell_01,2024-03-13 12:00:00,3.677,3.5036,3.8462,1.2679,1.9188,30.31,38.31,0.1151,0.963,87.13,84.58,91.191
292,cell_01,2024-03-13 18:00:00,3.6752,3.5012,3.8301,1.2931,1.9505,32.07,40.33,0.1397,0.9595,85.76,76.91,90.388
293,cell_01,2024-03-14 00:00:00,3.6909,3.5009,3.8458,1.2801,1.9301,29.54,39.05,0.1602,0.9365,82.14,82.8,90.635
294,cell_01,2024-03-14 06:00:00,3.6842,3.5109,3.8465,1.3274,1.9774,29.22,37.22,0.1498,0.9586,83.87,78.34,90.669
295,cell_01,2024-03-14 12:00:00,3.6856,3.5106,3.8406,1.3886,2.0386,33.96,41.96,0.1361,0.9551,81.81,71.83,90.594
296,cell_01,2024-03-14 18:00:00,3.696,3.5094,3.8509,1.329,2.1044,29.56,38.29,0.1207,0.9333,83.41,79.13,90.182
297,cell_01,2024-03-15 00:00:00,3.6937,3.5148,3.8484,1.2241,1.8741,32.72,40.72,0.1242,0.9293,91.51,86.43,90.764
298,cell_01,2024-03-15 06:00:00,3.6995,3.5264,3.863,1.2308,1.8808,31.18,39.18,0.1049,0.9604,90.29,84.22,90.785
299,cell_01,2024-03-15 12:00:00,3.6668,3.4825,3.8214,1.2801,2.0947,30.37,40.57,0.091,0.9482,82.72,78.47,90.738
300,cell_01,2024-03-15 18:00:00,3.688,3.4884,3.8429,1.2866,1.9576,30.93,40.94,0.0975,0.9371,83.07,76.94,90.324
301,cell_01,2024-03-16 00:00:00,3.6929,3.5162,3.8477,1.2139,1.8639,29.05,37.8,0.121,0.9479,93.6,89.19,90.611
302,cell_01,2024-03-16 06:00:00,3.6698,3.4939,3.8335,1.341,2.0331,30.98,40.74,0.1142,0.9536,81.9,77.83,90.073
303,cell_01,2024-03-16 12:00:00,3.6788,3.5027,3.8337,1.2457,1.8957,29.38,37.81,0.0906,0.9492,89.45,85.27,90.243
304,cell_01,2024-03-16 18:00:00,3.6781,3.4924,3.8507,1.3747,2.0701,30.41,39.52,0.1193,0.9345,83.15,77.02,90.988
305,cell_01,2024-03-17 00:00:00,3.6858,3.5117,3.8406,1.391,2.041,32.39,40.39,0.1136,0.9689,75.87,76.63,90.371
306,cell_01,2024-03-17 06:00:00,3.7013,3.5262,3.8563,1.2876,1.9376,31.38,39.61,0.0965,0.96,82.37,76.84,89.986
307,cell_01,2024-03-17 12:00:00,3.7058,3.5318,3.8606,1.3219,2.0524,28.78,36.78,0.1126,0.9466,83.25,77.93,90.397
308,cell_01,2024-03-17 18:00:00,3.6767,3.5015,3.8318,1.2384,1.9167,32.28,42.8,0.1136,0.947,82.97,84.22,89.903
309,cell_01,2024-03-18 00:00:00,3.6902,3.5151,3.8452,1.3312,2.0298,30.99,42.03,0.1077,0.9536,81.66,73.81,89.949
310,cell_01,2024-03-18 06:00:00,3.6906,3.5156,3.8456,1.2751,1.9468,30.19,40.95,0.1385,0.9387,87.31,77.5,89.996
311,cell_01,2024-03-18 12:00:00,3.689,3.4965,3.8553,1.2456,1.8956,32.12,40.12,0.0819,0.9532,87.73,83.59,90.067
312,cell_01,2024-03-18 18:00:00,3.6896,3.5102,3.8444,1.2855,1.9661,30.75,38.75,0.0803,0.9367,82.66,83.28,90.402
313,cell_01,2024-03-19 00:00:00,3.6885,3.5142,3.8433,1.2767,1.9872,29.25,39.81,0.1201,0.9493,86.77,81.99,90.294
314,cell_01,2024-03-19 06:00:00,3.7023,3.528,3.8694,1.2837,1.9405,33.77,42.86,0.1219,0.9383,81.4,76.26,90.277
315,cell_01,2024-03-19 12:00:00,3.6957,3.5064,3.8663,1.3475,2.0876,30.97,39.63,0.1281,0.9388,83.12,79.73,89.791
316,cell_01,2024-03-19 18:00:00,3.6743,3.488,3.8419,1.2607,1.9533,30.88,38.88,0.1092,0.9665,82.21,78.26,89.958
317,cell_01,2024-03-20 00:00:00,3.6933,3.5185,3.8482,1.3868,2.0474,30.39,39.24,0.1016,0.9506,80.89,72.06,90.202
318,cell_01,2024-03-20 06:00:00,3.6938,3.5187,3.8489,1.2337,1.8963,32.77,40.77,0.1199,0.9521,87.45,87.25,89.932
319,cell_01,2024-03-20 12:00:00,3.6882,3.502,3.8613,1.3808,2.0376,30.21,39.48,0.1112,0.9299,77.69,76.46,90.037
320,cell_01,2024-03-20 18:00:00,3.6967,3.5223,3.854,1.2492,1.8992,28.68,39.44,0.151,0.944,86.71,86.15,90.253
321,cell_01,2024-03-21 00:00:00,3.6869,3.508,3.8419,1.2999,1.9499,29.98,41.24,0.1135,0.9546,80.6,81.49,90.016
322,cell_01,2024-03-21 06:00:00,3.6873,3.49,3.8494,1.2755,1.9365,32.99,42.41,0.1189,0.9519,84.49,81.9,90.188
323,cell_01,2024-03-21 12:00:00,3.6871,3.5116,3.8519,1.2828,1.9328,32.25,40.25,0.1695,0.9285,87.71,78.69,90.598
324,cell_01,2024-03-21 18:00:00,3.6649,3.4901,3.8199,1.3401,2.007,30.62,39.01,0.1161,0.9521,83.08,75.23,90.069
325,cell_01,2024-03-22 00:00:00,3.6849,3.507,3.8419,1.375,2.0261,33.06,45.34,0.1311,0.9537,76.3,78.54,90.474
326,cell_01,2024-03-22 06:00:00,3.6782,3.5031,3.8425,1.3595,2.0482,32.12,40.12,0.1329,0.9628,80.77,78.29,89.953
327,cell_01,2024-03-22 12:00:00,3.6722,3.4955,3.8275,1.2798,1.9629,30.6,38.6,0.1346,0.9434,86.77,78.41,89.345
328,cell_01,2024-03-22 18:00:00,3.6985,3.5151,3.8539,1.3092,1.9676,30.75,41.58,0.1258,0.9276,84.61,76.85,89.454
329,cell_01,2024-03-23 00:00:00,3.6893,3.502,3.8446,1.2609,1.9109,31.49,40.73,0.1239,0.94,84.58,79.23,89.535
330,cell_01,2024-03-23 06:00:00,3.684,3.5078,3.8392,1.2504,1.99,29.75,42.71,0.122,0.939,82.04,80.13,89.529
331,cell_01,2024-03-23 12:00:00,3.679,3.5034,3.8341,1.2427,1.8927,31.01,39.01,0.1085,0.9574,90.41,85.47,89.758
332,cell_01,2024-03-23 18:00:00,3.6879,3.5128,3.8477,1.2781,1.9281,31.46,39.46,0.1265,0.9228,83.59,76.11,89.97
333,cell_01,2024-03-24 00:00:00,3.6952,3.5206,3.8501,1.3125,1.9625,28.47,38.92,0.1606,0.9455,81.29,77.79,90.162
334,cell_01,2024-03-24 06:00:00,3.6765,3.5012,3.8316,1.2044,1.8544,30.72,38.72,0.1442,0.9643,91.87,89.04,89.878
335,cell_01,2024-03-24 12:00:00,3.6844,3.5086,3.8401,1.2977,2.0249,30.55,38.55,0.1261,0.9501,80.95,79.11,89.651
336,cell_01,2024-03-24 18:00:00,3.6924,3.4964,3.8478,1.3758,2.0951,32.54,40.54,0.1371,0.959,80.37,73.49,89.16
337,cell_01,2024-03-25 00:00:00,3.6653,3.4852,3.8247,1.3561,2.0283,28.23,38.31,0.1026,0.9336,76.1,74.0,89.806
338,cell_01,2024-03-25 06:00:00,3.6841,3.5029,3.8505,1.2707,1.9207,30.43,39.66,0.1148,0.934,86.84,76.94,89.793
339,cell_01,2024-03-25 12:00:00,3.6805,3.4962,3.8355,1.2302,1.9111,30.28,39.19,0.139,0.9644,91.72,80.84,89.84
340,cell_01,2024-03-25 18:00:00,3.6843,3.5026,3.8391,1.323,1.9767,32.44,40.44,0.1497,0.951,86.08,74.55,90.417
341,cell_01,2024-03-26 00:00:00,3.6802,3.5056,3.8389,1.1841,1.8341,30.93,41.36,0.1046,0.951,95.24,83.39,90.157
342,cell_01,2024-03-26 06:00:00,3.6864,3.5087,3.8414,1.3555,2.0224,33.69,49.75,0.1103,0.9388,82.65,73.03,90.021
343,cell_01,2024-03-26 12:00:00,3.7035,3.5272,3.8641,1.2893,1.9393,31.99,41.38,0.1636,0.951,81.45,77.48,89.496
344,cell_01,2024-03-26 18:00:00,3.6812,3.5009,3.8674,1.3916,2.0542,30.38,38.58,0.1219,0.9385,80.9,69.65,89.631
345,cell_01,2024-03-27 00:00:00,3.6876,3.5085,3.8427,1.2137,1.8739,31.36,39.36,0.1565,0.9619,92.54,88.3,89.757
346,cell_01,2024-03-27 06:00:00,3.7043,3.5282,3.8595,1.3459,2.0261,30.47,38.47,0.1241,0.9773,80.12,72.85,89.552
347,cell_01,2024-03-27 12:00:00,3.6789,3.5028,3.8415,1.295,1.945,32.29,40.29,0.1249,0.9548,82.2,77.89,89.578
348,cell_01,2024-03-27 18:00:00,3.7024,3.5248,3.8741,1.2834,1.969,29.0,37.0,0.1139,0.9437,80.44,82.71,89.535
349,cell_01,2024-03-28 00:00:00,3.6837,3.5065,3.8489,1.2315,1.8815,29.76,37.76,0.1389,0.9247,87.61,79.07,89.102
350,cell_01,2024-03-28 06:00:00,3.7025,3.527,3.8576,1.3298,1.9798,31.68,43.24,0.1472,0.9332,82.65,76.84,89.787
351,cell_01,2024-03-28 12:00:00,3.6917,3.5103,3.8526,1.3338,1.9838,32.84,43.33,0.0993,0.9655,79.71,79.24,89.459
352,cell_01,2024-03-28 18:00:00,3.6864,3.4991,3.8677,1.3893,2.0393,27.7,35.7,0.113,0.9397,76.08,73.4,88.91
353,cell_01,2024-03-29 00:00:00,3.6835,3.4817,3.845,1.3504,2.0512,33.06,41.06,0.1383,0.9463,80.04,73.18,89.413
354,cell_01,2024-03-29 06:00:00,3.678,3.5018,3.8333,1.2703,1.9203,30.79,41.46,0.1174,0.9566,80.57,82.32,89.513
355,cell_01,2024-03-29 12:00:00,3.6853,3.5096,3.8433,1.2498,1.8998,28.17,36.17,0.1101,0.9648,90.09,83.4,89.72
356,cell_01,2024-03-29 18:00:00,3.693,3.5163,3.8483,1.2316,1.9443,26.5,34.5,0.1402,0.948,85.21,81.49,89.327
357,cell_01,2024-03-30 00:00:00,3.6844,3.5065,3.8519,1.3737,2.0237,28.71,38.13,0.1421,0.946,75.53,70.87,89.677
358,cell_01,2024-03-30 06:00:00,3.6811,3.5027,3.8363,1.2611,1.9111,30.97,41.02,0.111,0.9507,80.94,76.7,89.484
359,cell_01,2024-03-30 12:00:00,3.681,3.5036,3.8373,1.374,2.024,30.9,38.9,0.1242,0.9437,80.53,76.4,89.034
360,cell_01,2024-03-30 18:00:00,3.6929,3.5145,3.8486,1.3263,2.0179,31.95,39.95,0.0958,0.9443,83.12,74.76,88.644
361,cell_01,2024-03-31 00:00:00,3.6964,3.5199,3.8517,1.3165,2.0088,30.18,38.18,0.1021,0.9541,78.2,74.47,89.405
362,cell_01,2024-03-31 06:00:00,3.6775,3.4918,3.8476,1.2847,1.9716,29.34,38.81,0.1225,0.9519,80.63,79.51,89.427
363,cell_01,2024-03-31 12:00:00,3.6771,3.5,3.8335,1.333,2.0099,30.38,38.38,0.1206,0.9713,79.85,79.63,89.165
364,cell_01,2024-03-31 18:00:00,3.6875,3.5103,3.8429,1.2992,1.9529,31.05,39.05,0.1007,0.9544,79.74,74.16,89.132
365,cell_01,2024-04-01 00:00:00,3.6988,3.5212,3.8543,1.2815,1.9315,31.35,40.8,0.1057,0.9615,85.29,75.46,88.99
366,cell_01,2024-04-01 06:00:00,3.6948,3.517,3.8503,1.3348,1.9848,29.82,37.82,0.0987,0.9393,76.37,75.24,88.878
367,cell_01,2024-04-01 12:00:00,3.6701,3.4911,3.8259,1.2928,2.0073,32.35,41.44,0.1291,0.9553,82.46,79.4,88.4
368,cell_01,2024-04-01 18:00:00,3.6811,3.5041,3.8377,1.2601,1.9483,30.07,38.07,0.0806,0.9428,83.94,80.49,89.192
369,cell_01,2024-04-02 00:00:00,3.6739,3.4912,3.8393,1.33,1.98,29.7,37.7,0.0998,0.954,79.87,79.33,88.834
370,cell_01,2024-04-02 06:00:00,3.6802,3.4872,3.8359,1.2968,1.9488,30.19,39.7,0.0827,0.9569,81.33,74.11,88.557
371,cell_01,2024-04-02 12:00:00,3.6988,3.5126,3.8702,1.3244,1.9744,32.61,41.12,0.1284,0.9505,77.38,74.87,88.472
372,cell_01,2024-04-02 18:00:00,3.6689,3.4812,3.8245,1.2773,1.9273,30.8,40.65,0.0839,0.9741,81.05,77.97,88.75
373,cell_01,2024-04-03 00:00:00,3.6661,3.472,3.822,1.2395,1.8984,29.96,37.96,0.1206,0.9643,81.64,79.73,88.172
374,cell_01,2024-04-03 06:00:00,3.675,3.4915,3.8306,1.3868,2.0368,32.39,40.39,0.1528,0.9618,73.95,72.97,88.883
375,cell_01,2024-04-03 12:00:00,3.6855,3.5064,3.8512,1.3773,2.0273,34.21,44.94,0.1535,0.9576,80.69,75.39,88.387
376,cell_01,2024-04-03 18:00:00,3.6894,3.5013,3.866,1.3442,1.9942,31.31,39.31,0.0839,0.9676,77.51,73.85,88.784
377,cell_01,2024-04-04 00:00:00,3.6871,3.4977,3.8429,1.2806,1.9306,32.85,43.35,0.126,0.9356,81.34,80.83,88.516
378,cell_01,2024-04-04 06:00:00,3.6945,3.5093,3.8503,1.285,1.935,32.55,43.2,0.1002,0.9637,79.58,75.61,88.519
379,cell_01,2024-04-04 12:00:00,3.6649,3.4859,3.8334,1.3691,2.0191,30.09,39.81,0.0961,0.9401,79.43,74.05,88.371
380,cell_01,2024-04-04 18:00:00,3.6947,3.5161,3.8504,1.2823,1.9323,31.04,39.04,0.1177,0.9444,86.38,77.69,88.549
381,cell_01,2024-04-05 00:00:00,3.6806,3.5035,3.8417,1.2684,1.9509,29.08,37.08,0.1446,0.9556,86.8,80.47,89.165
382,cell_01,2024-04-05 06:00:00,3.6902,3.5038,3.8581,1.3936,2.0436,30.69,38.69,0.132,0.9623,77.13,69.46,88.574
383,cell_01,2024-04-05 12:00:00,3.6692,3.4898,3.8258,1.2976,1.9765,30.06,38.06,0.1057,0.9385,84.18,81.25,88.265
384,cell_01,2024-04-05 18:00:00,3.6823,3.4913,3.8437,1.3884,2.0384,30.4,38.4,0.1341,0.9449,75.46,75.47,88.151
385,cell_01,2024-04-06 00:00:00,3.685,3.4929,3.8584,1.2301,1.8801,29.88,39.16,0.0751,0.951,89.35,84.75,88.412
386,cell_01,2024-04-06 06:00:00,3.6943,3.5036,3.8695,1.3259,1.9816,30.57,39.87,0.1049,0.9481,82.48,79.24,88.498
387,cell_01,2024-04-06 12:00:00,3.666,3.4737,3.8221,1.4036,2.0536,31.8,39.8,0.1035,0.9585,71.42,68.75,87.91
388,cell_01,2024-04-06 18:00:00,3.6825,3.5028,3.8384,1.3015,1.9785,30.82,40.17,0.1216,0.9844,81.16,77.23,88.135
389,cell_01,2024-04-07 00:00:00,3.6706,3.4848,3.8268,1.2868,1.9368,28.2,37.11,0.1159,0.9542,79.78,76.13,87.612
390,cell_01,2024-04-07 06:00:00,3.6878,3.509,3.8533,1.2416,1.9375,29.88,40.9,0.1172,0.9426,81.99,84.57,88.495
391,cell_01,2024-04-07 12:00:00,3.6909,3.5129,3.8466,1.3541,2.0041,28.72,37.86,0.1165,0.937,81.4,72.3,88.778
392,cell_01,2024-04-07 18:00:00,3.6951,3.5156,3.8511,1.2615,1.9646,31.37,41.48,0.1204,0.9467,79.76,77.34,88.183
393,cell_01,2024-04-08 00:00:00,3.6759,3.4815,3.8332,1.2953,1.9453,31.75,40.71,0.1308,0.9406,82.95,78.54,87.521
394,cell_01,2024-04-08 06:00:00,3.6918,3.508,3.8476,1.2383,1.8883,31.38,41.34,0.123,0.9547,89.79,77.81,88.341
395,cell_01,2024-04-08 12:00:00,3.6954,3.495,3.8543,1.3778,2.0469,29.82,37.82,0.1143,0.9545,76.41,74.49,87.887
396,cell_01,2024-04-08 18:00:00,3.6655,3.4836,3.8472,1.3577,2.0663,31.37,39.37,0.128,0.9454,76.74,72.05,87.96
397,cell_01,2024-04-09 00:00:00,3.6882,3.4838,3.8442,1.2984,2.0318,30.29,38.29,0.1365,0.9698,82.23,78.61,88.041
398,cell_01,2024-04-09 06:00:00,3.6915,3.5095,3.8475,1.2423,1.8944,29.29,37.29,0.1089,0.9426,87.52,83.86,87.93
399,cell_01,2024-04-09 12:00:00,3.679,3.498,3.8453,1.3768,2.1187,32.11,41.0,0.1188,0.9488,74.46,73.46,87.707
400,cell_01,2024-04-09 18:00:00,3.6694,3.4885,3.8279,1.2817,1.9317,32.23,41.5,0.1432,0.9564,80.02,75.61,87.659
401,cell_01,2024-04-10 00:00:00,3.6913,3.4999,3.8617,1.2447,1.9497,32.42,41.21,0.0979,0.9589,85.64,76.68,87.891
402,cell_01,2024-04-10 06:00:00,3.6696,3.4889,3.8274,1.2119,1.8619,30.09,38.09,0.1561,0.9628,90.69,78.57,87.731
403,cell_01,2024-04-10 12:00:00,3.6795,3.4983,3.8357,1.2677,1.9387,32.77,40.77,0.0932,0.9543,81.18,75.3,87.521
404,cell_01,2024-04-10 18:00:00,3.6809,3.487,3.8372,1.2273,1.8773,30.26,40.45,0.1131,0.9605,84.55,82.01,87.553
405,cell_01,2024-04-11 00:00:00,3.6888,3.4966,3.8449,1.2689,1.9189,31.98,40.68,0.101,0.9433,87.09,77.58,87.755
406,cell_01,2024-04-11 06:00:00,3.6751,3.4828,3.8313,1.3372,2.0106,30.23,38.23,0.1638,0.9592,76.06,72.66,87.599
407,cell_01,2024-04-11 12:00:00,3.6739,3.4918,3.8341,1.2812,1.9312,30.66,38.66,0.1099,0.959,78.17,75.25,87.151
408,cell_01,2024-04-11 18:00:00,3.6828,3.5025,3.8389,1.3178,1.9891,27.37,35.37,0.11,0.9651,80.74,79.61,87.872
409,cell_01,2024-04-12 00:00:00,3.6902,3.5071,3.8594,1.2638,1.9592,30.55,38.62,0.1126,0.9333,78.45,75.11,86.753
410,cell_01,2024-04-12 06:00:00,3.704,3.5148,3.8606,1.3033,1.9533,31.14,39.14,0.1219,0.9409,77.94,74.92,87.441
411,cell_01,2024-04-12 12:00:00,3.666,3.4689,3.8223,1.396,2.046,30.38,38.38,0.1134,0.9582,76.03,71.15,87.389
412,cell_01,2024-04-12 18:00:00,3.6846,3.4999,3.8408,1.2826,1.9326,33.63,44.8,0.1173,0.9235,83.29,73.78,87.619
413,cell_01,2024-04-13 00:00:00,3.6707,3.4704,3.8331,1.3192,1.9692,29.26,37.26,0.0494,0.9549,79.9,79.18,87.743
414,cell_01,2024-04-13 06:00:00,3.6921,3.5029,3.8481,1.2217,1.8717,30.15,39.57,0.1211,0.9606,85.35,78.57,87.913
415,cell_01,2024-04-13 12:00:00,3.6717,3.4901,3.828,1.376,2.0311,29.64,42.02,0.1204,0.9442,76.77,73.77,87.361
416,cell_01,2024-04-13 18:00:00,3.6749,3.486,3.8429,1.2761,1.9261,30.15,40.31,0.1408,0.9457,83.7,79.45,87.751
417,cell_01,2024-04-14 00:00:00,3.6756,3.4776,3.8353,1.3525,2.0862,32.55,40.55,0.1462,0.9393,80.11,76.27,87.634
418,cell_01,2024-04-14 06:00:00,3.6798,3.4775,3.8363,1.2938,1.9438,33.22,41.22,0.1162,0.9448,83.11,77.93,87.061
419,cell_01,2024-04-14 12:00:00,3.6854,3.4939,3.8478,1.3306,2.0502,29.95,37.95,0.1363,0.9451,80.8,77.66,88.145
420,cell_01,2024-04-14 18:00:00,3.6856,3.5032,3.8421,1.3336,1.9836,29.92,37.92,0.098,0.9432,81.51,73.88,87.143
421,cell_01,2024-04-15 00:00:00,3.6815,3.5007,3.8415,1.2774,1.931,29.26,37.26,0.1353,0.9426,85.17,78.18,87.701
422,cell_01,2024-04-15 06:00:00,3.6682,3.4817,3.8244,1.3546,2.0638,32.96,40.96,0.1086,0.9473,74.83,75.37,87.692
423,cell_01,2024-04-15 12:00:00,3.6888,3.4912,3.8656,1.2621,1.9686,32.68,40.68,0.0963,0.9472,87.15,79.75,87.657
424,cell_01,2024-04-15 18:00:00,3.6799,3.4929,3.8364,1.3389,1.9889,30.84,38.84,0.1163,0.9687,80.97,74.11,86.94
425,cell_01,2024-04-16 00:00:00,3.6926,3.5064,3.8645,1.2805,1.9582,28.91,37.88,0.148,0.9461,80.38,75.34,87.337
426,cell_01,2024-04-16 06:00:00,3.6729,3.4889,3.8295,1.3175,1.9885,29.04,37.04,0.1236,0.9534,75.11,73.04,86.62
427,cell_01,2024-04-16 12:00:00,3.6646,3.4823,3.8291,1.2769,1.9269,31.26,39.26,0.1499,0.9442,82.68,76.58,87.069
428,cell_01,2024-04-16 18:00:00,3.68,3.4973,3.8439,1.3025,1.9833,31.82,39.82,0.105,0.9441,79.59,72.15,86.919
429,cell_01,2024-04-17 00:00:00,3.6933,3.5091,3.8613,1.2463,1.9894,27.9,35.9,0.141,0.933,85.75,78.79,86.885
430,cell_01,2024-04-17 06:00:00,3.6824,3.4833,3.8388,1.3124,1.986,30.52,42.19,0.107,0.9343,79.94,71.8,87.217
431,cell_01,2024-04-17 12:00:00,3.6791,3.4976,3.8462,1.3022,1.9805,33.43,41.89,0.1245,0.9379,77.14,77.05,87.412
432,cell_01,2024-04-17 18:00:00,3.6717,3.4885,3.8467,1.273,1.9566,30.67,38.67,0.1243,0.9518,79.87,79.53,86.943
433,cell_01,2024-04-18 00:00:00,3.6985,3.5167,3.8549,1.2972,1.9472,33.23,42.07,0.1332,0.9608,83.83,77.2,87.28
434,cell_01,2024-04-18 06:00:00,3.6703,3.4808,3.8271,1.3067,1.9797,31.97,41.06,0.125,0.9321,76.26,77.5,87.061
435,cell_01,2024-04-18 12:00:00,3.6729,3.4762,3.8295,1.2692,1.9192,29.37,37.37,0.1052,0.9445,83.99,73.84,86.778
436,cell_01,2024-04-18 18:00:00,3.6862,3.4873,3.8427,1.2936,1.9436,30.56,38.56,0.1376,0.9363,79.0,73.09,86.969
437,cell_01,2024-04-19 00:00:00,3.6619,3.4772,3.8355,1.2497,2.0078,30.81,42.32,0.1546,0.9474,83.1,80.98,86.956
438,cell_01,2024-04-19 06:00:00,3.693,3.5044,3.8496,1.4173,2.0673,29.57,37.57,0.1083,0.9608,73.75,72.07,86.837
439,cell_01,2024-04-19 12:00:00,3.687,3.5049,3.8434,1.353,2.003,29.55,38.87,0.0833,0.9455,75.39,75.14,87.175
440,cell_01,2024-04-19 18:00:00,3.6897,3.5022,3.8622,1.3137,2.0213,33.26,41.66,0.13,0.9495,80.79,76.9,87.117
441,cell_01,2024-04-20 00:00:00,3.6854,3.4987,3.8484,1.3586,2.0086,29.53,38.74,0.1134,0.9646,77.94,74.23,86.569
442,cell_01,2024-04-20 06:00:00,3.6782,3.494,3.8561,1.201,1.851,32.62,44.03,0.1174,0.9546,82.89,84.22,86.551
443,cell_01,2024-04-20 12:00:00,3.6701,3.4867,3.8265,1.1721,1.8846,30.35,39.47,0.1311,0.9424,88.12,86.79,87.174
444,cell_01,2024-04-20 18:00:00,3.6788,3.4913,3.8367,1.28,1.9322,30.96,38.96,0.1109,0.9516,83.36,79.24,86.802
445,cell_01,2024-04-21 00:00:00,3.671,3.4888,3.8274,1.2311,1.8811,31.84,42.05,0.1146,0.9417,86.82,77.07,87.137
446,cell_01,2024-04-21 06:00:00,3.6857,3.5036,3.8435,1.2882,1.9654,30.1,38.1,0.118,0.9542,81.59,73.62,87.194
447,cell_01,2024-04-21 12:00:00,3.6873,3.4857,3.8442,1.3103,1.9603,31.85,40.18,0.1494,0.9552,81.11,73.88,86.175
448,cell_01,2024-04-21 18:00:00,3.694,3.4822,3.8578,1.346,2.073,27.93,35.93,0.1206,0.9363,73.78,73.16,86.133
449,cell_01,2024-04-22 00:00:00,3.6843,3.502,3.844,1.2431,1.8931,31.66,39.66,0.0953,0.9518,80.83,82.05,87.059
450,cell_01,2024-04-22 06:00:00,3.6891,3.5055,3.8458,1.32,2.0225,27.3,35.4,0.0961,0.9488,79.93,73.45,86.556
451,cell_01,2024-04-22 12:00:00,3.6765,3.4923,3.8334,1.3007,2.0395,30.66,39.4,0.1228,0.9554,81.18,73.87,86.325
452,cell_01,2024-04-22 18:00:00,3.6742,3.4893,3.8312,1.3174,1.9674,32.28,40.28,0.0974,0.9583,80.82,76.64,86.02
453,cell_01,2024-04-23 00:00:00,3.684,3.4904,3.8482,1.274,1.924,31.93,40.93,0.0888,0.9548,78.55,75.05,86.148
454,cell_01,2024-04-23 06:00:00,3.6751,3.484,3.8321,1.3692,2.0386,29.05,37.05,0.1327,0.947,75.45,73.98,85.943
455,cell_01,2024-04-23 12:00:00,3.6825,3.4972,3.8444,1.2948,1.9448,29.25,39.8,0.1337,0.9593,81.52,73.62,86.566
1,cell_02,2024-01-01 00:00:00,3.7025,3.5526,3.8634,1.7439,2.6486,40.18,48.18,0.1068,0.9554,68.25,62.6,100.043
2,cell_02,2024-01-01 06:00:00,3.6949,3.5457,3.8477,1.8117,2.7117,36.24,44.24,0.0843,0.9325,67.43,60.79,100.309
3,cell_02,2024-01-01 12:00:00,3.6987,3.5489,3.8486,1.799,2.708,38.59,47.01,0.0656,0.9355,66.65,64.02,100.091
4,cell_02,2024-01-01 18:00:00,3.7212,3.5531,3.872,1.8372,2.7457,41.47,50.24,0.0748,0.9554,62.68,59.29,99.769
5,cell_02,2024-01-02 00:00:00,3.7212,3.5534,3.872,1.8533,2.7533,39.83,49.52,0.1226,0.9478,66.81,60.66,99.97
6,cell_02,2024-01-02 06:00:00,3.6897,3.5401,3.8396,1.8229,2.7395,36.19,45.36,0.0973,0.943,66.6,63.45,100.149
7,cell_02,2024-01-02 12:00:00,3.6913,3.5419,3.8411,1.843,2.8029,39.99,49.09,0.105,0.9451,62.4,63.85,100.264
8,cell_02,2024-01-02 18:00:00,3.6889,3.5379,3.8515,1.7825,2.6825,37.88,45.88,0.0632,0.9353,68.26,61.83,99.631
9,cell_02,2024-01-03 00:00:00,3.7093,3.545,3.8704,1.9412,2.8412,40.04,48.63,0.0702,0.9548,59.98,59.27,99.176
10,cell_02,2024-01-03 06:00:00,3.6947,3.5426,3.8452,1.7391,2.6391,37.96,45.96,0.0704,0.9419,65.47,66.0,99.155
11,cell_02,2024-01-03 12:00:00,3.7015,3.55,3.8518,1.7736,2.7163,38.92,50.04,0.0877,0.9446,67.96,66.3,99.389
12,cell_02,2024-01-03 18:00:00,3.7181,3.5434,3.8688,1.8451,2.7451,38.19,46.19,0.0805,0.9535,65.74,59.84,98.785
13,cell_02,2024-01-04 00:00:00,3.6999,3.5469,3.8499,1.8376,2.7666,39.0,47.0,0.0742,0.9474,65.43,63.69,100.025
14,cell_02,2024-01-04 06:00:00,3.7066,3.5512,3.8567,1.8244,2.7244,38.15,46.15,0.0767,0.943,62.32,63.93,99.666
15,cell_02,2024-01-04 12:00:00,3.7037,3.5512,3.8542,1.8338,2.7459,38.66,46.66,0.0681,0.9301,65.29,59.86,99.005
16,cell_02,2024-01-04 18:00:00,3.6924,3.5349,3.843,1.6958,2.5958,37.24,45.26,0.0804,0.9537,66.51,67.31,98.862
17,cell_02,2024-01-05 00:00:00,3.7098,3.5586,3.8601,1.8795,2.7795,39.74,47.74,0.1063,0.9508,66.24,61.47,99.504
18,cell_02,2024-01-05 06:00:00,3.6898,3.5369,3.8421,1.7898,2.766,39.26,49.55,0.0537,0.9448,64.74,61.47,98.861
19,cell_02,2024-01-05 12:00:00,3.7117,3.5579,3.8739,1.8623,2.7623,36.58,45.03,0.0909,0.9396,66.09,60.23,98.89
20,cell_02,2024-01-05 18:00:00,3.6926,3.54,3.8515,1.6983,2.6226,40.49,48.49,0.1116,0.9501,66.52,65.98,98.966
21,cell_02,2024-01-06 00:00:00,3.6941,3.5421,3.8444,1.8128,2.7994,38.74,46.74,0.0803,0.9548,63.04,64.2,99.23
22,cell_02,2024-01-06 06:00:00,3.6879,3.5358,3.8383,1.7718,2.7061,39.24,49.68,0.0734,0.951,66.84,60.46,99.174
23,cell_02,2024-01-06 12:00:00,3.6898,3.5381,3.8473,1.8286,2.7286,40.15,49.96,0.1025,0.9664,66.88,61.94,99.345
24,cell_02,2024-01-06 18:00:00,3.6947,3.5429,3.8465,1.8159,2.7159,39.49,47.49,0.0643,0.957,68.53,60.27,99.301
25,cell_02,2024-01-07 00:00:00,3.6742,3.5216,3.8289,1.8183,2.7183,40.75,48.75,0.0835,0.9489,65.47,63.02,98.988
26,cell_02,2024-01-07 06:00:00,3.6966,3.5448,3.8663,1.7471,2.6549,38.56,47.51,0.0632,0.9574,67.22,66.02,99.294
27,cell_02,2024-01-07 12:00:00,3.6931,3.5386,3.8437,1.7972,2.7084,40.55,49.26,0.0466,0.9505,62.96,62.67,98.786
28,cell_02,2024-01-07 18:00:00,3.7056,3.5517,3.8563,1.791,2.691,39.18,47.18,0.081,0.9505,66.51,62.94,98.441
29,cell_02,2024-01-08 00:00:00,3.7024,3.5494,3.853,1.8248,2.7248,39.76,49.26,0.0587,0.963,64.18,60.51,98.786
30,cell_02,2024-01-08 06:00:00,3.691,3.5373,3.8465,1.8495,2.7495,39.61,47.61,0.0838,0.941,66.69,59.67,98.746
31,cell_02,2024-01-08 12:00:00,3.6928,3.5383,3.8439,1.8075,2.7075,40.86,51.47,0.1063,0.9502,65.08,63.55,98.226
32,cell_02,2024-01-08 18:00:00,3.6948,3.5402,3.8458,1.7362,2.7354,40.08,49.14,0.1211,0.9619,69.62,61.93,98.128
33,cell_02,2024-01-09 00:00:00,3.7123,3.558,3.8631,1.8054,2.7054,38.34,46.34,0.0859,0.9531,67.6,63.83,98.277
34,cell_02,2024-01-09 06:00:00,3.6897,3.5294,3.8404,1.9306,2.8306,38.04,46.04,0.1044,0.9463,58.83,59.17,98.602
35,cell_02,2024-01-09 12:00:00,3.6912,3.5385,3.8417,1.8823,2.7823,38.93,46.93,0.092,0.9329,62.7,62.34,98.93
36,cell_02,2024-01-09 18:00:00,3.6856,3.5297,3.8418,1.6513,2.5831,37.86,46.18,0.0763,0.9273,73.94,65.88,97.898
37,cell_02,2024-01-10 00:00:00,3.6822,3.5273,3.8332,1.8032,2.7032,37.42,45.42,0.0455,0.9708,64.75,62.02,98.029
38,cell_02,2024-01-10 06:00:00,3.7003,3.5458,3.8512,1.8466,2.7466,35.81,43.81,0.1165,0.9531,64.22,57.67,98.178
39,cell_02,2024-01-10 12:00:00,3.7,3.5351,3.8507,1.7909,2.6909,36.68,44.68,0.063,0.9442,68.56,65.52,98.645
40,cell_02,2024-01-10 18:00:00,3.7104,3.5509,3.8638,1.777,2.677,41.98,51.08,0.1117,0.9535,64.64,64.26,98.354
41,cell_02,2024-01-11 00:00:00,3.7068,3.5395,3.8584,1.7867,2.7014,38.02,46.59,0.0947,0.9405,68.13,63.07,97.587
42,cell_02,2024-01-11 06:00:00,3.721,3.5627,3.874,1.8276,2.8618,41.86,50.07,0.0645,0.9467,63.7,62.64,98.02
43,cell_02,2024-01-11 12:00:00,3.6964,3.5377,3.8492,1.7426,2.6701,39.6,48.15,0.0902,0.9406,68.18,62.71,98.092
44,cell_02,2024-01-11 18:00:00,3.6935,3.537,3.8448,1.8594,2.7594,38.93,46.93,0.1267,0.9359,61.78,60.37,97.411
45,cell_02,2024-01-12 00:00:00,3.6828,3.5257,3.8342,1.7972,2.6972,36.75,45.12,0.1147,0.929,65.06,63.59,97.172
46,cell_02,2024-01-12 06:00:00,3.7032,3.547,3.8545,1.7532,2.6532,39.01,52.08,0.0737,0.934,63.72,60.66,97.498
47,cell_02,2024-01-12 12:00:00,3.6971,3.528,3.8484,1.8562,2.7929,41.84,52.19,0.0698,0.9602,60.14,62.61,97.251
48,cell_02,2024-01-12 18:00:00,3.7024,3.5455,3.8744,1.7227,2.6567,41.34,49.34,0.086,0.9401,67.16,67.01,97.248
49,cell_02,2024-01-13 00:00:00,3.6844,3.5246,3.8358,1.7722,2.6722,39.41,47.41,0.0807,0.9553,64.71,65.55,97.167
50,cell_02,2024-01-13 06:00:00,3.6999,3.5417,3.8511,1.7714,2.7321,37.28,45.28,0.108,0.9596,66.88,64.85,97.598
51,cell_02,2024-01-13 12:00:00,3.6981,3.5301,3.8504,1.9072,2.8083,37.56,47.7,0.0988,0.9502,58.45,56.96,97.396
52,cell_02,2024-01-13 18:00:00,3.6974,3.5407,3.8487,1.7657,2.7045,37.72,47.29,0.0502,0.947,63.94,63.37,97.321
53,cell_02,2024-01-14 00:00:00,3.6893,3.5245,3.8513,1.6923,2.6071,40.92,48.92,0.0932,0.9513,67.07,63.0,97.411
54,cell_02,2024-01-14 06:00:00,3.7076,3.5505,3.859,1.7709,2.6709,41.45,49.45,0.0804,0.9458,65.44,64.21,97.148
55,cell_02,2024-01-14 12:00:00,3.7158,3.5579,3.8674,1.8228,2.7228,39.29,47.29,0.0847,0.962,62.15,58.37,96.859
56,cell_02,2024-01-14 18:00:00,3.6849,3.5282,3.8444,1.8392,2.7392,38.55,47.43,0.089,0.9688,61.2,62.65,97.323
57,cell_02,2024-01-15 00:00:00,3.7029,3.5379,3.8725,1.9138,2.8559,41.32,49.32,0.108,0.9645,61.51,56.29,97.15
58,cell_02,2024-01-15 06:00:00,3.6679,3.5057,3.8331,1.8703,2.7703,37.53,46.92,0.1036,0.9285,64.27,57.47,97.791
59,cell_02,2024-01-15 12:00:00,3.7023,3.5361,3.8538,1.8094,2.7314,39.08,47.25,0.069,0.9456,65.59,58.42,97.104
60,cell_02,2024-01-15 18:00:00,3.6771,3.5202,3.8285,1.7554,2.6554,39.69,49.63,0.0828,0.95,64.97,64.54,97.22
61,cell_02,2024-01-16 00:00:00,3.6904,3.5331,3.8423,1.8812,2.8202,37.71,46.44,0.075,0.9546,64.13,56.9,97.098
62,cell_02,2024-01-16 06:00:00,3.6823,3.5248,3.8353,1.7816,2.6972,38.05,47.7,0.0504,0.9327,66.05,60.08,96.981
63,cell_02,2024-01-16 12:00:00,3.6932,3.5211,3.8448,1.7671,2.6671,37.93,45.93,0.0818,0.9326,66.58,60.36,96.933
64,cell_02,2024-01-16 18:00:00,3.704,3.5298,3.8649,1.7791,2.6791,41.13,49.13,0.1209,0.9631,63.61,60.94,97.099
65,cell_02,2024-01-17 00:00:00,3.6772,3.5122,3.8307,1.7374,2.684,41.87,49.87,0.0498,0.9444,65.38,66.72,97.167
66,cell_02,2024-01-17 06:00:00,3.6924,3.5325,3.8438,1.7767,2.6767,39.17,49.33,0.0835,0.9351,65.59,62.38,97.357
67,cell_02,2024-01-17 12:00:00,3.6896,3.5174,3.8413,1.7883,2.6883,38.6,50.36,0.0829,0.939,63.03,59.94,96.463
68,cell_02,2024-01-17 18:00:00,3.7102,3.5507,3.8627,1.8365,2.7365,38.1,46.1,0.0898,0.9539,64.06,57.66,96.231
69,cell_02,2024-01-18 00:00:00,3.6987,3.5394,3.8506,1.7806,2.7873,39.0,47.0,0.0647,0.9418,63.64,58.52,96.272
70,cell_02,2024-01-18 06:00:00,3.6822,3.5221,3.8342,1.7366,2.6366,38.17,46.17,0.0555,0.9524,64.01,62.11,95.973
71,cell_02,2024-01-18 12:00:00,3.6906,3.5328,3.8422,1.7198,2.6446,38.85,48.58,0.0564,0.9402,65.24,61.57,96.868
72,cell_02,2024-01-18 18:00:00,3.7099,3.5504,3.8646,1.8105,2.7235,39.62,47.62,0.1106,0.9326,61.39,57.56,96.208
73,cell_02,2024-01-19 00:00:00,3.7021,3.5438,3.8726,1.8036,2.7036,38.39,52.31,0.0643,0.9642,63.92,58.54,96.66
74,cell_02,2024-01-19 06:00:00,3.6853,3.5158,3.8429,1.7723,2.6803,38.72,46.72,0.074,0.954,61.97,60.77,96.317
75,cell_02,2024-01-19 12:00:00,3.6916,3.5265,3.858,1.7766,2.6766,38.72,50.93,0.1261,0.9467,65.22,63.33,96.156
76,cell_02,2024-01-19 18:00:00,3.6917,3.5175,3.8501,1.8194,2.7194,38.52,48.02,0.0693,0.9448,62.06,57.43,96.03
77,cell_02,2024-01-20 00:00:00,3.6884,3.5279,3.8517,1.8695,2.7695,38.34,46.34,0.0908,0.9646,61.83,59.53,95.829
78,cell_02,2024-01-20 06:00:00,3.6766,3.497,3.8472,1.761,2.661,40.14,48.61,0.1053,0.9559,68.11,62.79,95.775
79,cell_02,2024-01-20 12:00:00,3.6881,3.5296,3.8398,1.8044,2.7494,36.34,45.89,0.1043,0.9615,66.6,63.47,96.584
80,cell_02,2024-01-20 18:00:00,3.7075,3.5468,3.8596,1.8479,2.7508,41.36,49.36,0.0574,0.9442,62.65,57.1,95.739
81,cell_02,2024-01-21 00:00:00,3.6903,3.5304,3.8489,1.7612,2.7157,39.2,48.88,0.0697,0.9505,64.9,64.09,96.042
82,cell_02,2024-01-21 06:00:00,3.6931,3.5204,3.8451,1.7992,2.7282,39.92,49.55,0.09,0.954,65.38,63.24,96.12
83,cell_02,2024-01-21 12:00:00,3.6948,3.5315,3.8492,1.7981,2.6981,40.09,49.28,0.1226,0.9445,66.49,63.64,95.581
84,cell_02,2024-01-21 18:00:00,3.7159,3.5555,3.868,1.7344,2.6344,37.94,45.94,0.0688,0.949,66.23,65.03,95.832
85,cell_02,2024-01-22 00:00:00,3.6937,3.533,3.8458,1.8084,2.7084,37.63,45.63,0.0741,0.9442,60.97,57.95,95.718
86,cell_02,2024-01-22 06:00:00,3.704,3.5424,3.8725,1.8016,2.7016,37.45,45.45,0.0924,0.954,65.21,63.18,95.358
87,cell_02,2024-01-22 12:00:00,3.6875,3.5153,3.8397,1.8278,2.7278,38.63,46.98,0.0964,0.9368,59.72,61.64,95.649
88,cell_02,2024-01-22 18:00:00,3.6912,3.5229,3.8502,1.7407,2.648,40.05,48.05,0.0976,0.9557,67.85,60.89,95.881
89,cell_02,2024-01-23 00:00:00,3.6935,3.5188,3.8509,1.8005,2.7863,38.12,46.46,0.0671,0.9531,61.04,58.37,95.555
90,cell_02,2024-01-23 06:00:00,3.6857,3.5207,3.8379,1.8691,2.7955,39.91,47.91,0.0734,0.948,58.97,60.99,95.607
91,cell_02,2024-01-23 12:00:00,3.6914,3.5306,3.8436,1.9039,2.8039,35.45,43.45,0.0883,0.9545,61.99,55.2,95.653
92,cell_02,2024-01-23 18:00:00,3.7034,3.5442,3.8552,1.864,2.764,38.42,46.42,0.1092,0.9464,63.2,60.64,96.338
93,cell_02,2024-01-24 00:00:00,3.6847,3.518,3.8428,1.7411,2.6411,40.75,48.75,0.0792,0.9433,65.99,61.68,95.154
94,cell_02,2024-01-24 06:00:00,3.6938,3.5334,3.8459,1.8226,2.7631,38.74,50.6,0.0836,0.9554,65.14,61.37,95.855
95,cell_02,2024-01-24 12:00:00,3.7005,3.5396,3.8527,1.7758,2.6758,37.76,46.2,0.0635,0.9559,66.89,58.75,95.629
96,cell_02,2024-01-24 18:00:00,3.6836,3.5201,3.8363,1.8142,2.7413,38.01,48.09,0.1213,0.9449,62.3,60.84,94.586
97,cell_02,2024-01-25 00:00:00,3.703,3.5303,3.8789,1.7614,2.6614,34.46,42.46,0.0871,0.9441,67.72,61.37,94.695
98,cell_02,2024-01-25 06:00:00,3.6932,3.5261,3.8464,1.7143,2.6502,37.48,45.48,0.1056,0.9482,65.54,65.82,94.979
99,cell_02,2024-01-25 12:00:00,3.6908,3.5233,3.8483,1.7828,2.6828,40.59,49.93,0.0846,0.9445,61.84,58.75,94.996
100,cell_02,2024-01-25 18:00:00,3.6722,3.5093,3.8248,1.8361,2.8163,38.13,46.13,0.0857,0.9653,64.12,56.46,94.834
101,cell_02,2024-01-26 00:00:00,3.6889,3.5249,3.8414,1.8144,2.7144,38.3,46.3,0.054,0.9532,62.37,57.85,95.106
102,cell_02,2024-01-26 06:00:00,3.6965,3.5344,3.868,1.8201,2.7598,35.5,43.5,0.041,0.9501,65.09,56.96,95.159
103,cell_02,2024-01-26 12:00:00,3.71,3.5475,3.8625,1.8108,2.7108,36.55,44.7,0.109,0.9407,60.21,62.85,95.023
104,cell_02,2024-01-26 18:00:00,3.6976,3.5341,3.8531,1.8202,2.7202,40.79,50.92,0.0856,0.9574,59.95,56.9,94.615
105,cell_02,2024-01-27 00:00:00,3.7037,3.541,3.8562,1.8265,2.7265,39.93,49.79,0.0881,0.9439,59.5,57.38,94.927
106,cell_02,2024-01-27 06:00:00,3.6803,3.5176,3.8328,1.7863,2.699,37.05,48.23,0.059,0.9435,64.42,62.56,94.928
107,cell_02,2024-01-27 12:00:00,3.6905,3.5031,3.8433,1.8041,2.727,38.05,49.51,0.0659,0.9577,64.96,58.14,94.534
108,cell_02,2024-01-27 18:00:00,3.703,3.5377,3.8561,1.8872,2.8401,38.96,46.96,0.1052,0.9539,59.11,55.05,93.874
109,cell_02,2024-01-28 00:00:00,3.6817,3.5161,3.8352,1.8071,2.7775,37.21,45.21,0.1188,0.925,59.7,60.21,93.738
110,cell_02,2024-01-28 06:00:00,3.7012,3.5349,3.854,1.8021,2.7187,35.99,43.99,0.0716,0.9484,62.04,59.06,94.366
111,cell_02,2024-01-28 12:00:00,3.699,3.5174,3.8518,1.8051,2.7908,38.76,48.03,0.0974,0.9513,61.82,61.74,94.434
112,cell_02,2024-01-28 18:00:00,3.6937,3.5267,3.8467,1.7891,2.6938,39.86,47.86,0.0878,0.9466,63.95,60.76,93.99
113,cell_02,2024-01-29 00:00:00,3.6887,3.5183,3.8414,1.7782,2.7321,39.89,47.89,0.0816,0.9516,64.85,59.33,94.659
114,cell_02,2024-01-29 06:00:00,3.6817,3.5177,3.8497,1.8104,2.7319,40.31,48.31,0.121,0.9319,60.08,60.05,94.39
115,cell_02,2024-01-29 12:00:00,3.7099,3.5468,3.8625,1.7747,2.6747,36.67,45.43,0.0749,0.9217,63.55,63.21,94.75
116,cell_02,2024-01-29 18:00:00,3.6968,3.5302,3.85,1.7927,2.7018,39.09,47.09,0.1088,0.9402,63.59,58.72,93.671
117,cell_02,2024-01-30 00:00:00,3.6932,3.5262,3.8466,1.7605,2.6856,38.6,46.6,0.0916,0.9528,61.99,61.85,93.191
118,cell_02,2024-01-30 06:00:00,3.6863,3.5132,3.8395,1.8054,2.7054,38.87,46.87,0.0837,0.9178,61.67,58.61,93.648
119,cell_02,2024-01-30 12:00:00,3.6909,3.5252,3.8572,1.8292,2.7499,38.68,49.08,0.1114,0.9416,62.18,58.67,93.712
120,cell_02,2024-01-30 18:00:00,3.6917,3.5161,3.8697,1.7894,2.7327,38.01,46.01,0.0898,0.9308,61.99,60.93,93.346
121,cell_02,2024-01-31 00:00:00,3.6935,3.5256,3.8545,1.6996,2.5996,34.47,42.47,0.0821,0.9476,62.59,59.5,93.008
122,cell_02,2024-01-31 06:00:00,3.6975,3.5312,3.8617,1.8295,2.7295,40.74,48.74,0.1116,0.9696,59.61,57.97,93.471
123,cell_02,2024-01-31 12:00:00,3.6819,3.5147,3.8525,1.806,2.7899,39.49,49.4,0.109,0.9478,63.6,56.29,93.14
124,cell_02,2024-01-31 18:00:00,3.676,3.5104,3.8316,1.7503,2.6503,36.77,44.77,0.108,0.9489,62.67,62.52,93.777
125,cell_02,2024-02-01 00:00:00,3.6908,3.5121,3.8599,1.8387,2.7387,39.71,47.71,0.02,0.9584,62.84,58.52,93.319
126,cell_02,2024-02-01 06:00:00,3.6735,3.5084,3.8344,1.7301,2.6301,38.33,46.33,0.0928,0.9502,64.95,60.78,93.958
127,cell_02,2024-02-01 12:00:00,3.6854,3.5137,3.8406,1.8523,2.7523,38.37,46.37,0.0882,0.9479,59.71,54.34,92.419
128,cell_02,2024-02-01 18:00:00,3.6846,3.5173,3.8415,1.7971,2.6971,37.85,45.85,0.0833,0.9593,63.85,61.7,93.097
129,cell_02,2024-02-02 00:00:00,3.6951,3.5289,3.8484,1.6866,2.5866,39.81,47.81,0.0962,0.9547,65.74,61.96,93.485
130,cell_02,2024-02-02 06:00:00,3.709,3.541,3.8655,1.8089,2.7089,37.8,45.8,0.0892,0.9529,59.94,57.09,92.782
131,cell_02,2024-02-02 12:00:00,3.6701,3.5016,3.8236,1.7797,2.7062,37.35,45.73,0.0976,0.9486,60.23,57.07,93.002
132,cell_02,2024-02-02 18:00:00,3.7121,3.5407,3.8657,1.7722,2.7737,40.7,48.7,0.0786,0.9465,64.01,60.27,92.928
133,cell_02,2024-02-03 00:00:00,3.6869,3.5158,3.8424,1.7631,2.7041,38.73,51.18,0.114,0.9592,63.0,58.55,92.844
134,cell_02,2024-02-03 06:00:00,3.6932,3.526,3.8466,1.7936,2.7498,38.78,46.78,0.0996,0.9466,64.23,61.32,93.123
135,cell_02,2024-02-03 12:00:00,3.6748,3.5065,3.8285,1.7757,2.6757,40.04,48.36,0.0949,0.9623,62.35,60.63,92.661
136,cell_02,2024-02-03 18:00:00,3.6995,3.5267,3.8544,1.7072,2.6124,38.0,46.35,0.0939,0.9395,64.83,58.87,93.016
137,cell_02,2024-02-04 00:00:00,3.6902,3.5232,3.8454,1.8636,2.7849,38.3,46.3,0.1071,0.9643,58.81,57.41,93.204
138,cell_02,2024-02-04 06:00:00,3.6889,3.5213,3.8424,1.7878,2.6878,39.46,47.65,0.1044,0.9547,60.54,57.62,92.985
139,cell_02,2024-02-04 12:00:00,3.6697,3.4826,3.8324,1.7634,2.6634,36.69,46.23,0.0817,0.9403,65.2,56.9,92.749
140,cell_02,2024-02-04 18:00:00,3.6908,3.5242,3.8441,1.7436,2.6863,39.33,47.52,0.1038,0.9551,61.65,61.81,93.358
141,cell_02,2024-02-05 00:00:00,3.6984,3.5207,3.8561,1.8385,2.7931,37.87,48.64,0.0875,0.9435,63.32,56.04,93.268
142,cell_02,2024-02-05 06:00:00,3.6867,3.5186,3.8404,1.7351,2.6384,40.28,48.28,0.1223,0.9503,61.1,63.49,92.737
143,cell_02,2024-02-05 12:00:00,3.7007,3.5258,3.8544,1.8067,2.7067,39.82,47.82,0.106,0.9451,61.68,58.92,92.661
144,cell_02,2024-02-05 18:00:00,3.7005,3.5253,3.8651,1.7708,2.6708,39.62,50.57,0.0715,0.9487,60.09,57.89,92.764
145,cell_02,2024-02-06 00:00:00,3.6822,3.5131,3.8457,1.7737,2.6737,36.59,46.41,0.1306,0.9594,64.25,62.37,92.381
146,cell_02,2024-02-06 06:00:00,3.7044,3.5352,3.8583,1.7448,2.6486,38.84,47.93,0.042,0.9552,61.65,60.6,92.3
147,cell_02,2024-02-06 12:00:00,3.6891,3.5203,3.8429,1.769,2.6818,37.23,47.7,0.0967,0.9387,63.13,57.48,92.454
148,cell_02,2024-02-06 18:00:00,3.6887,3.519,3.8426,1.8004,2.7004,38.94,46.94,0.0701,0.9393,63.95,58.43,92.119
149,cell_02,2024-02-07 00:00:00,3.6887,3.5129,3.8428,1.8118,2.7239,35.53,45.12,0.1216,0.9527,61.71,60.56,91.801
150,cell_02,2024-02-07 06:00:00,3.6892,3.5201,3.843,1.7607,2.6816,36.69,46.82,0.0891,0.9534,60.92,59.32,92.354
151,cell_02,2024-02-07 12:00:00,3.6616,3.4904,3.8156,1.7955,2.7083,40.78,48.78,0.0681,0.9433,63.25,57.9,91.912
152,cell_02,2024-02-07 18:00:00,3.6863,3.5167,3.8466,1.8444,2.7444,39.55,52.81,0.0787,0.9659,59.59,56.71,92.134
153,cell_02,2024-02-08 00:00:00,3.6738,3.5028,3.828,1.7169,2.6169,38.47,46.86,0.0697,0.9581,60.92,59.42,91.613
154,cell_02,2024-02-08 06:00:00,3.7037,3.5327,3.8579,1.7997,2.7202,37.64,45.64,0.0779,0.9437,61.01,55.97,91.614
155,cell_02,2024-02-08 12:00:00,3.704,3.5342,3.8579,1.7525,2.7314,37.37,46.14,0.0774,0.9428,65.03,60.4,92.088
156,cell_02,2024-02-08 18:00:00,3.6959,3.5248,3.8606,1.7474,2.6474,39.3,47.3,0.069,0.9477,62.45,62.22,91.57
157,cell_02,2024-02-09 00:00:00,3.6853,3.5147,3.8394,1.8131,2.7406,38.48,48.81,0.0894,0.9467,62.31,59.13,91.767
158,cell_02,2024-02-09 06:00:00,3.6762,3.5032,3.8307,1.7727,2.7166,41.32,50.42,0.0918,0.9626,62.74,55.92,90.823
159,cell_02,2024-02-09 12:00:00,3.6805,3.5088,3.8348,1.7392,2.6392,38.72,46.72,0.0641,0.9598,62.76,59.26,91.355
160,cell_02,2024-02-09 18:00:00,3.7066,3.5353,3.8609,1.8662,2.8236,39.09,50.09,0.0508,0.9504,57.78,52.97,91.471
161,cell_02,2024-02-10 00:00:00,3.6811,3.5004,3.8404,1.846,2.8061,36.92,46.8,0.0902,0.9568,61.19,55.69,92.045
162,cell_02,2024-02-10 06:00:00,3.6627,3.4897,3.8173,1.7034,2.6724,38.46,46.46,0.0946,0.9582,63.13,61.86,90.809
163,cell_02,2024-02-10 12:00:00,3.6973,3.5257,3.8522,1.7263,2.6492,39.27,47.27,0.0986,0.9506,61.41,59.0,91.361
164,cell_02,2024-02-10 18:00:00,3.7022,3.5309,3.8692,1.8297,2.8477,38.44,47.47,0.095,0.954,58.92,59.04,91.476
165,cell_02,2024-02-11 00:00:00,3.703,3.5212,3.8709,1.7858,2.6858,38.27,46.27,0.1155,0.9559,63.42,57.92,90.943
166,cell_02,2024-02-11 06:00:00,3.697,3.5246,3.8514,1.875,2.8812,39.49,47.49,0.1039,0.9549,57.01,56.34,91.047
167,cell_02,2024-02-11 12:00:00,3.6988,3.5118,3.8597,1.8308,2.7692,41.27,49.35,0.1376,0.9422,58.19,59.08,91.202
168,cell_02,2024-02-11 18:00:00,3.6866,3.5134,3.8435,1.815,2.782,39.22,47.22,0.146,0.9432,57.78,58.08,90.715
169,cell_02,2024-02-12 00:00:00,3.6658,3.4883,3.8203,1.7489,2.6489,40.72,48.72,0.0488,0.9471,59.68,61.81,91.023
170,cell_02,2024-02-12 06:00:00,3.6876,3.5061,3.8451,1.8246,2.7668,39.93,48.41,0.0401,0.9429,63.08,59.05,91.542
171,cell_02,2024-02-12 12:00:00,3.6932,3.517,3.8475,1.7362,2.7076,40.63,48.63,0.0839,0.9353,63.35,60.38,91.316
172,cell_02,2024-02-12 18:00:00,3.6851,3.5126,3.8543,1.8653,2.7653,38.09,46.09,0.0941,0.9568,59.88,54.42,90.987
173,cell_02,2024-02-13 00:00:00,3.6848,3.5125,3.8444,1.8211,2.7211,38.69,46.69,0.0825,0.9535,61.65,55.8,91.068
174,cell_02,2024-02-13 06:00:00,3.6772,3.4935,3.8316,1.7588,2.6588,38.7,46.7,0.0981,0.9366,61.31,61.46,91.209
175,cell_02,2024-02-13 12:00:00,3.6769,3.505,3.8312,1.8402,2.7402,39.82,48.67,0.0786,0.9476,61.29,53.88,91.266
176,cell_02,2024-02-13 18:00:00,3.7047,3.5221,3.8592,1.9121,2.8121,40.19,48.19,0.0701,0.9482,59.66,56.69,90.868
177,cell_02,2024-02-14 00:00:00,3.706,3.5347,3.8602,1.7891,2.6891,39.19,47.19,0.0731,0.9518,62.85,57.24,91.495
178,cell_02,2024-02-14 06:00:00,3.6871,3.5143,3.8414,1.8275,2.8737,40.32,48.32,0.08,0.9392,61.31,58.47,91.429
179,cell_02,2024-02-14 12:00:00,3.6897,3.5178,3.8441,1.7784,2.7643,38.16,46.16,0.1009,0.9365,61.15,57.44,91.238
180,cell_02,2024-02-14 18:00:00,3.6764,3.5033,3.8387,1.8043,2.7043,40.33,49.08,0.0743,0.9552,62.44,60.1,90.782
181,cell_02,2024-02-15 00:00:00,3.6925,3.5193,3.8599,1.7246,2.6524,40.52,48.52,0.0782,0.9347,60.53,57.05,90.728
182,cell_02,2024-02-15 06:00:00,3.704,3.5291,3.8585,1.8,2.7399,40.02,49.66,0.0954,0.9477,62.14,56.7,90.937
183,cell_02,2024-02-15 12:00:00,3.6713,3.498,3.8258,1.8022,2.7022,39.2,49.13,0.08,0.9467,59.79,59.82,91.053
184,cell_02,2024-02-15 18:00:00,3.6904,3.512,3.8495,1.8899,2.7989,40.07,48.07,0.1063,0.9488,57.84,53.29,90.504
185,cell_02,2024-02-16 00:00:00,3.6922,3.5201,3.8466,1.7102,2.624,37.66,45.66,0.0656,0.9525,66.49,59.34,91.183
186,cell_02,2024-02-16 06:00:00,3.6924,3.521,3.8467,1.786,2.686,39.3,47.3,0.0613,0.966,62.07,60.8,91.421
187,cell_02,2024-02-16 12:00:00,3.7032,3.5294,3.8576,1.8644,2.7644,39.45,47.45,0.0901,0.934,55.92,57.71,91.207
188,cell_02,2024-02-16 18:00:00,3.7066,3.5337,3.8612,1.7879,2.6965,37.01,45.01,0.0921,0.9588,62.32,55.51,90.832
189,cell_02,2024-02-17 00:00:00,3.6824,3.4963,3.84,1.7914,2.6964,39.71,47.71,0.0667,0.9249,62.77,57.66,89.851
190,cell_02,2024-02-17 06:00:00,3.692,3.5174,3.847,1.7583,2.6583,37.13,45.27,0.1109,0.9639,62.42,56.76,90.179
191,cell_02,2024-02-17 12:00:00,3.6859,3.511,3.843,1.7534,2.6534,38.36,51.22,0.1225,0.9296,63.85,56.79,90.043
192,cell_02,2024-02-17 18:00:00,3.679,3.4999,3.8339,1.7087,2.6087,39.06,47.06,0.0714,0.9744,65.42,60.92,90.222
193,cell_02,2024-02-18 00:00:00,3.6881,3.5138,3.8496,1.7685,2.7128,37.9,45.9,0.1137,0.9461,63.46,55.88,90.27
194,cell_02,2024-02-18 06:00:00,3.6923,3.5184,3.8472,1.7505,2.6505,39.12,47.12,0.0364,0.9629,61.02,58.69,90.417
195,cell_02,2024-02-18 12:00:00,3.6868,3.5112,3.8674,1.8059,2.787,39.1,49.59,0.1055,0.9608,59.48,55.2,89.75
196,cell_02,2024-02-18 18:00:00,3.6764,3.4912,3.8313,1.7606,2.6606,37.77,47.52,0.0668,0.9456,63.59,60.55,90.156
197,cell_02,2024-02-19 00:00:00,3.6803,3.5044,3.8386,1.776,2.6857,39.85,49.46,0.1035,0.9464,63.29,58.09,89.98
198,cell_02,2024-02-19 06:00:00,3.6805,3.5057,3.8638,1.7774,2.6774,37.85,48.57,0.0648,0.9416,58.66,56.03,90.06
199,cell_02,2024-02-19 12:00:00,3.6771,3.4994,3.8339,1.7976,2.727,42.43,50.43,0.0826,0.9579,58.39,59.87,90.349
200,cell_02,2024-02-19 18:00:00,3.6887,3.5147,3.8435,1.7736,2.6736,38.84,46.84,0.0678,0.9458,60.22,60.07,90.381
201,cell_02,2024-02-20 00:00:00,3.6899,3.5162,3.8447,1.7469,2.7433,37.24,48.66,0.0797,0.9418,63.85,57.61,90.509
202,cell_02,2024-02-20 06:00:00,3.6949,3.5199,3.8651,1.8043,2.7043,37.52,46.79,0.1206,0.9554,62.13,59.65,90.037
203,cell_02,2024-02-20 12:00:00,3.6762,3.4909,3.8313,1.8534,2.8391,40.72,48.72,0.0818,0.941,58.66,53.93,89.876
204,cell_02,2024-02-20 18:00:00,3.679,3.5036,3.8383,1.8064,2.7109,38.39,47.3,0.1262,0.9467,57.37,55.45,89.833
205,cell_02,2024-02-21 00:00:00,3.699,3.5214,3.8545,1.7695,2.6971,36.95,44.95,0.0763,0.9511,59.15,56.63,88.966
206,cell_02,2024-02-21 06:00:00,3.6832,3.5067,3.8382,1.7938,2.7606,40.28,50.08,0.1138,0.9436,62.28,55.11,89.888
207,cell_02,2024-02-21 12:00:00,3.6844,3.4921,3.8397,1.6975,2.6404,38.38,47.19,0.0515,0.9451,62.23,61.21,89.39
208,cell_02,2024-02-21 18:00:00,3.6827,3.5013,3.8513,1.793,2.693,39.98,47.98,0.0783,0.9653,57.61,57.34,89.638
209,cell_02,2024-02-22 00:00:00,3.6959,3.5201,3.851,1.78,2.71,40.4,48.94,0.0733,0.948,59.27,59.83,89.69
210,cell_02,2024-02-22 06:00:00,3.6954,3.5029,3.8508,1.7533,2.7467,39.41,47.83,0.1148,0.9464,62.86,56.36,89.113
211,cell_02,2024-02-22 12:00:00,3.6949,3.518,3.8629,1.7624,2.6624,42.59,51.32,0.0877,0.9482,60.7,55.7,89.209
212,cell_02,2024-02-22 18:00:00,3.6852,3.5074,3.8402,1.7795,2.7854,36.41,45.56,0.0422,0.9545,58.67,56.77,89.95
213,cell_02,2024-02-23 00:00:00,3.6756,3.4947,3.8342,1.8496,2.7689,37.77,48.77,0.0578,0.9397,57.02,53.15,89.573
214,cell_02,2024-02-23 06:00:00,3.7032,3.5265,3.867,1.8546,2.7546,38.62,47.44,0.0637,0.9543,60.41,57.48,89.312
215,cell_02,2024-02-23 12:00:00,3.6927,3.5094,3.8528,1.7536,2.6536,42.39,50.44,0.1027,0.9526,60.79,59.48,89.448
216,cell_02,2024-02-23 18:00:00,3.6802,3.5047,3.8352,1.7741,2.6741,41.7,51.99,0.1001,0.9321,60.39,59.51,89.812
217,cell_02,2024-02-24 00:00:00,3.6989,3.5164,3.861,1.7754,2.6754,40.93,53.42,0.078,0.9679,58.57,59.15,89.766
218,cell_02,2024-02-24 06:00:00,3.6772,3.4982,3.833,1.8405,2.7405,37.81,47.64,0.073,0.9646,56.51,53.27,88.391
219,cell_02,2024-02-24 12:00:00,3.6981,3.518,3.8534,1.8073,2.7073,37.98,46.4,0.0983,0.942,61.17,54.21,89.321
220,cell_02,2024-02-24 18:00:00,3.6985,3.5213,3.8539,1.8046,2.7046,37.76,46.62,0.0614,0.9388,60.96,55.88,89.121
221,cell_02,2024-02-25 00:00:00,3.674,3.4844,3.8296,1.8268,2.7642,37.82,46.34,0.0932,0.9523,57.95,57.32,88.785
222,cell_02,2024-02-25 06:00:00,3.6885,3.5097,3.8462,1.7702,2.6702,41.24,49.28,0.0915,0.9357,62.34,55.96,88.474
223,cell_02,2024-02-25 12:00:00,3.6915,3.5019,3.847,1.8682,2.7682,38.63,50.96,0.0785,0.9636,56.58,51.59,89.147
224,cell_02,2024-02-25 18:00:00,3.7096,3.527,3.8651,1.7999,2.6999,38.83,46.83,0.092,0.9453,61.48,57.3,88.974
225,cell_02,2024-02-26 00:00:00,3.6752,3.4962,3.8325,1.7572,2.675,40.16,50.47,0.086,0.9662,57.54,55.54,88.394
226,cell_02,2024-02-26 06:00:00,3.6975,3.5115,3.8638,1.7885,2.6922,36.5,44.5,0.0939,0.9418,58.64,56.83,88.761
227,cell_02,2024-02-26 12:00:00,3.6848,3.5013,3.8399,1.8616,2.7616,39.08,47.08,0.0573,0.9489,59.92,52.17,89.769
228,cell_02,2024-02-26 18:00:00,3.6704,3.4871,3.8407,1.7787,2.685,37.35,45.35,0.0963,0.9627,62.15,56.81,88.564
229,cell_02,2024-02-27 00:00:00,3.6813,3.5021,3.8466,1.8475,2.7475,38.56,46.56,0.1045,0.9468,58.85,53.9,88.336
230,cell_02,2024-02-27 06:00:00,3.6824,3.503,3.8383,1.7687,2.6687,38.12,47.28,0.0904,0.9527,60.89,59.16,88.256
231,cell_02,2024-02-27 12:00:00,3.6729,3.4816,3.8284,1.7617,2.6617,38.04,46.23,0.096,0.9609,62.54,58.94,89.004
232,cell_02,2024-02-27 18:00:00,3.6862,3.508,3.8418,1.833,2.7619,39.34,47.34,0.0818,0.9444,59.29,52.49,88.726
233,cell_02,2024-02-28 00:00:00,3.6929,3.5063,3.8512,1.7563,2.6849,39.33,50.27,0.1018,0.9374,59.24,59.46,88.894
234,cell_02,2024-02-28 06:00:00,3.6852,3.4995,3.8409,1.8411,2.7411,38.67,48.85,0.0853,0.9354,57.52,56.51,88.547
235,cell_02,2024-02-28 12:00:00,3.6775,3.4989,3.8452,1.8176,2.7514,39.56,50.73,0.061,0.9558,59.42,56.52,88.583
236,cell_02,2024-02-28 18:00:00,3.6804,3.5003,3.8365,1.7563,2.6563,37.7,46.17,0.1004,0.9539,60.62,59.67,87.952
237,cell_02,2024-02-29 00:00:00,3.6823,3.5028,3.8382,1.7964,2.6964,40.02,48.02,0.0513,0.9606,61.2,57.77,88.22
238,cell_02,2024-02-29 06:00:00,3.6846,3.4844,3.8428,1.7726,2.6726,38.69,48.1,0.0897,0.9473,59.59,55.08,88.258
239,cell_02,2024-02-29 12:00:00,3.694,3.5154,3.8497,1.8174,2.7923,38.27,46.27,0.0763,0.9357,56.61,54.87,88.586
240,cell_02,2024-02-29 18:00:00,3.6851,3.5058,3.8411,1.8944,2.8026,37.81,46.07,0.075,0.9265,54.32,52.28,88.267
241,cell_02,2024-03-01 00:00:00,3.6679,3.4879,3.8338,1.7815,2.6815,38.64,46.64,0.0874,0.9787,61.32,56.33,87.984
242,cell_02,2024-03-01 06:00:00,3.6766,3.4848,3.8337,1.8267,2.8039,41.81,49.81,0.0698,0.9553,55.06,57.63,88.142
243,cell_02,2024-03-01 12:00:00,3.6831,3.5021,3.8405,1.8012,2.7012,38.91,47.16,0.0942,0.9514,60.53,56.13,87.62
244,cell_02,2024-03-01 18:00:00,3.6924,3.5109,3.8507,1.8012,2.8129,37.28,45.28,0.0851,0.9528,55.66,54.24,87.427
245,cell_02,2024-03-02 00:00:00,3.6955,3.5023,3.8514,1.7917,2.6917,40.38,48.38,0.0717,0.9357,58.55,58.84,88.372
246,cell_02,2024-03-02 06:00:00,3.6998,3.514,3.8597,1.7571,2.6571,38.29,47.02,0.1108,0.9421,61.91,58.3,88.011
247,cell_02,2024-03-02 12:00:00,3.6834,3.5035,3.841,1.8168,2.7168,39.43,49.97,0.0881,0.9674,57.62,53.89,88.045
248,cell_02,2024-03-02 18:00:00,3.6902,3.5111,3.8549,1.7856,2.6856,38.09,46.09,0.0966,0.9566,61.31,58.84,88.372
249,cell_02,2024-03-03 00:00:00,3.6683,3.478,3.8301,1.7548,2.6548,40.92,48.92,0.1123,0.9424,58.13,56.58,88.542
250,cell_02,2024-03-03 06:00:00,3.6865,3.5067,3.8424,1.8507,2.8808,38.11,46.11,0.112,0.9377,57.22,54.39,88.145
251,cell_02,2024-03-03 12:00:00,3.6721,3.4935,3.8381,1.805,2.7209,41.1,49.1,0.0956,0.9448,59.37,55.81,88.563
252,cell_02,2024-03-03 18:00:00,3.6816,3.5019,3.8375,1.7886,2.7118,37.43,45.43,0.0779,0.9468,61.44,58.68,88.136
253,cell_02,2024-03-04 00:00:00,3.7124,3.5326,3.8708,1.867,2.767,38.56,46.56,0.0554,0.9705,54.31,52.45,88.076
254,cell_02,2024-03-04 06:00:00,3.6851,3.5053,3.8411,1.7082,2.6082,41.1,50.27,0.0881,0.9481,60.86,57.74,88.057
255,cell_02,2024-03-04 12:00:00,3.672,3.4897,3.8331,1.8636,2.8149,39.25,47.89,0.1059,0.9381,56.97,54.17,87.081
256,cell_02,2024-03-04 18:00:00,3.6854,3.5042,3.8416,1.756,2.656,42.41,50.41,0.0911,0.9494,62.69,59.15,87.542
257,cell_02,2024-03-05 00:00:00,3.6746,3.4909,3.8478,1.8106,2.7106,38.6,49.18,0.02,0.9526,59.34,52.27,86.521
258,cell_02,2024-03-05 06:00:00,3.671,3.4887,3.8476,1.7706,2.6706,39.39,49.27,0.1014,0.9372,61.06,54.35,87.079
259,cell_02,2024-03-05 12:00:00,3.7018,3.5028,3.8669,1.7538,2.7214,41.86,49.86,0.1026,0.954,59.74,59.33,87.169
260,cell_02,2024-03-05 18:00:00,3.6911,3.5084,3.863,1.8657,2.7657,36.73,47.18,0.078,0.9621,56.27,54.66,86.925
261,cell_02,2024-03-06 00:00:00,3.684,3.5016,3.8405,1.8928,2.8136,36.54,45.2,0.1038,0.9514,57.15,51.57,87.027
262,cell_02,2024-03-06 06:00:00,3.6777,3.4918,3.8338,1.7889,2.6903,37.81,45.81,0.0966,0.942,61.01,55.06,87.714
263,cell_02,2024-03-06 12:00:00,3.6781,3.4969,3.8344,1.8168,2.7816,40.22,48.94,0.0703,0.9447,59.54,54.72,87.493
264,cell_02,2024-03-06 18:00:00,3.6959,3.5092,3.8528,1.8028,2.7028,36.59,44.59,0.1094,0.9334,59.72,55.99,86.956
265,cell_02,2024-03-07 00:00:00,3.6836,3.4983,3.8401,1.8865,2.8233,39.9,48.99,0.0587,0.9487,57.45,52.92,87.021
266,cell_02,2024-03-07 06:00:00,3.6493,3.4651,3.806,1.6943,2.5943,39.79,48.16,0.0829,0.9531,59.09,60.08,86.779
267,cell_02,2024-03-07 12:00:00,3.7053,3.496,3.8731,1.8189,2.7651,42.02,50.02,0.0809,0.941,56.45,52.19,87.374
268,cell_02,2024-03-07 18:00:00,3.6825,3.4911,3.8605,1.7636,2.6636,40.57,48.57,0.0675,0.9694,62.08,58.18,87.087
269,cell_02,2024-03-08 00:00:00,3.6833,3.4997,3.8528,1.6822,2.5834,39.55,48.6,0.0901,0.9579,62.03,55.94,86.572
270,cell_02,2024-03-08 06:00:00,3.6917,3.5059,3.8589,1.782,2.682,41.04,49.04,0.1102,0.9321,56.82,58.02,87.192
271,cell_02,2024-03-08 12:00:00,3.6856,3.5038,3.8442,1.8924,2.7924,39.81,49.36,0.109,0.9323,55.37,50.06,87.294
272,cell_02,2024-03-08 18:00:00,3.6886,3.5028,3.8449,1.7672,2.6672,38.31,47.27,0.0985,0.9402,60.25,54.2,87.451
273,cell_02,2024-03-09 00:00:00,3.6765,3.4943,3.8336,1.8395,2.7395,37.28,45.28,0.0501,0.9657,58.71,52.18,87.14
274,cell_02,2024-03-09 06:00:00,3.6677,3.4843,3.8454,1.8599,2.7664,38.15,48.19,0.0573,0.9589,57.64,51.56,86.641
275,cell_02,2024-03-09 12:00:00,3.6838,3.4988,3.8402,1.7994,2.6994,38.94,47.35,0.0873,0.9662,55.63,54.77,87.349
276,cell_02,2024-03-09 18:00:00,3.6944,3.5014,3.8511,1.806,2.706,39.26,47.59,0.0833,0.9501,57.38,55.66,86.755
277,cell_02,2024-03-10 00:00:00,3.6738,3.486,3.8415,1.7142,2.6142,35.8,43.8,0.074,0.9479,57.9,60.17,86.881
278,cell_02,2024-03-10 06:00:00,3.6725,3.4802,3.841,1.7642,2.6642,38.67,50.04,0.1221,0.9375,61.12,56.04,86.503
279,cell_02,2024-03-10 12:00:00,3.6925,3.506,3.8491,1.8454,2.7965,39.04,47.04,0.0861,0.9535,54.65,53.85,86.872
280,cell_02,2024-03-10 18:00:00,3.6748,3.4886,3.8317,1.803,2.7383,39.82,47.82,0.0948,0.948,58.11,53.48,86.229
281,cell_02,2024-03-11 00:00:00,3.6757,3.492,3.8324,1.8184,2.7184,41.44,49.44,0.1038,0.9477,57.5,55.96,86.527
282,cell_02,2024-03-11 06:00:00,3.6756,3.483,3.8332,1.8067,2.7188,39.28,48.73,0.0851,0.9662,57.99,52.18,86.222
283,cell_02,2024-03-11 12:00:00,3.679,3.4847,3.8468,1.9096,2.8096,37.64,45.64,0.1358,0.9487,54.64,50.5,86.403
284,cell_02,2024-03-11 18:00:00,3.6642,3.4808,3.8209,1.7785,2.7597,36.27,44.27,0.0652,0.9633,59.71,53.17,86.622
285,cell_02,2024-03-12 00:00:00,3.6737,3.4889,3.8416,1.8803,2.8837,40.03,48.03,0.0719,0.9341,55.62,50.61,86.063
286,cell_02,2024-03-12 06:00:00,3.682,3.4822,3.8398,1.8067,2.7149,37.7,45.82,0.0651,0.9769,55.08,55.05,86.463
287,cell_02,2024-03-12 12:00:00,3.6823,3.499,3.8622,1.8847,2.9142,40.3,48.3,0.1153,0.9463,54.47,50.38,86.702
288,cell_02,2024-03-12 18:00:00,3.6909,3.5058,3.851,1.7388,2.6388,41.1,49.1,0.1,0.9571,59.8,54.16,86.239
289,cell_02,2024-03-13 00:00:00,3.6982,3.5097,3.8549,1.8092,2.7092,36.68,45.6,0.0731,0.9587,56.4,56.4,86.545
290,cell_02,2024-03-13 06:00:00,3.6944,3.5099,3.8571,1.7803,2.6803,39.83,47.83,0.0667,0.945,59.6,52.97,86.181
291,cell_02,2024-03-13 12:00:00,3.6882,3.5034,3.8452,1.807,2.707,40.94,50.65,0.1117,0.9582,56.11,54.91,86.057
292,cell_02,2024-03-13 18:00:00,3.6779,3.4897,3.8348,1.8611,2.8767,40.53,51.65,0.0912,0.9587,57.44,52.01,86.247
293,cell_02,2024-03-14 00:00:00,3.6736,3.4901,3.8303,1.8189,2.7189,35.86,43.86,0.1122,0.9429,55.1,56.52,86.574
294,cell_02,2024-03-14 06:00:00,3.6789,3.4751,3.836,1.861,2.761,37.72,48.32,0.0828,0.943,56.84,53.73,85.831
295,cell_02,2024-03-14 12:00:00,3.6845,3.4909,3.8416,1.7665,2.6665,37.08,45.08,0.0942,0.9505,56.4,52.76,85.734
296,cell_02,2024-03-14 18:00:00,3.6868,3.5011,3.8439,1.7589,2.7159,39.79,50.98,0.09,0.9488,58.64,57.87,85.717
297,cell_02,2024-03-15 00:00:00,3.6857,3.4942,3.8426,1.8008,2.7507,39.62,47.62,0.0715,0.9639,56.49,54.15,86.32
298,cell_02,2024-03-15 06:00:00,3.6783,3.4912,3.8351,1.7981,2.6981,34.95,42.95,0.0811,0.957,58.43,53.59,86.361
299,cell_02,2024-03-15 12:00:00,3.6862,3.4869,3.8458,1.7907,2.6907,38.55,46.55,0.0603,0.9493,55.67,55.44,85.53
300,cell_02,2024-03-15 18:00:00,3.6902,3.5028,3.8486,1.7521,2.6521,40.2,51.62,0.0939,0.9561,59.97,56.61,85.051
301,cell_02,2024-03-16 00:00:00,3.687,3.4989,3.8443,1.8599,2.846,39.22,48.29,0.0992,0.9295,55.56,51.31,85.489
302,cell_02,2024-03-16 06:00:00,3.6785,3.4931,3.8355,1.7819,2.7163,39.22,47.22,0.1038,0.9438,60.46,54.07,85.856
303,cell_02,2024-03-16 12:00:00,3.6699,3.4831,3.8272,1.8713,2.7746,38.45,47.11,0.0973,0.9529,56.0,50.21,85.518
304,cell_02,2024-03-16 18:00:00,3.6698,3.4838,3.8271,1.8006,2.7941,37.41,47.35,0.0814,0.9612,57.65,54.72,85.592
305,cell_02,2024-03-17 00:00:00,3.6713,3.479,3.8291,1.8324,2.8303,38.97,46.97,0.115,0.952,57.75,55.67,85.381
306,cell_02,2024-03-17 06:00:00,3.6813,3.4918,3.8384,1.8279,2.7279,39.08,52.33,0.1018,0.9646,54.78,53.07,85.842
307,cell_02,2024-03-17 12:00:00,3.6837,3.4849,3.8435,1.7588,2.6588,39.92,47.92,0.1118,0.9587,59.21,58.41,85.641
308,cell_02,2024-03-17 18:00:00,3.6644,3.4787,3.8242,1.8184,2.7184,40.04,50.05,0.113,0.9451,55.95,51.91,85.714
309,cell_02,2024-03-18 00:00:00,3.6733,3.4873,3.8305,1.8964,2.7964,39.13,48.65,0.0815,0.9486,55.48,53.05,85.586
310,cell_02,2024-03-18 06:00:00,3.681,3.4873,3.8623,1.8126,2.7126,40.64,48.64,0.0918,0.9541,54.04,56.33,85.695
311,cell_02,2024-03-18 12:00:00,3.6694,3.4835,3.8266,1.8451,2.7451,38.44,46.44,0.0995,0.9455,55.28,53.95,85.619
312,cell_02,2024-03-18 18:00:00,3.6821,3.4843,3.8395,1.8347,2.7347,36.83,46.87,0.061,0.9653,56.57,50.77,85.203
313,cell_02,2024-03-19 00:00:00,3.6753,3.4785,3.8325,1.8154,2.7696,39.72,48.01,0.0615,0.9389,56.36,52.77,85.594
314,cell_02,2024-03-19 06:00:00,3.6709,3.4719,3.8282,1.8093,2.7093,39.19,47.87,0.058,0.9532,55.18,51.48,85.437
315,cell_02,2024-03-19 12:00:00,3.6789,3.489,3.8429,1.8274,2.8249,39.75,47.75,0.0818,0.9574,55.98,53.94,85.546
316,cell_02,2024-03-19 18:00:00,3.6819,3.4952,3.8392,1.8382,2.7382,37.1,46.42,0.0773,0.9469,57.65,55.69,85.325
317,cell_02,2024-03-20 00:00:00,3.6689,3.4801,3.8264,1.7324,2.7193,41.69,50.26,0.0553,0.9446,57.09,55.14,84.91
318,cell_02,2024-03-20 06:00:00,3.675,3.4836,3.8325,1.8124,2.7124,40.07,48.07,0.087,0.9492,55.5,51.54,84.956
319,cell_02,2024-03-20 12:00:00,3.6823,3.495,3.8397,1.7908,2.6908,38.57,47.29,0.0821,0.9581,59.8,52.84,85.069
320,cell_02,2024-03-20 18:00:00,3.6703,3.4701,3.8276,1.7804,2.7446,37.6,45.6,0.1076,0.945,59.83,55.0,85.257
321,cell_02,2024-03-21 00:00:00,3.6611,3.4681,3.8185,1.8648,2.8349,40.62,48.62,0.1243,0.9393,52.22,52.41,85.116
322,cell_02,2024-03-21 06:00:00,3.6619,3.4739,3.8282,1.7633,2.6633,37.35,45.35,0.0931,0.9615,57.89,53.27,84.815
323,cell_02,2024-03-21 12:00:00,3.673,3.4662,3.8326,1.7303,2.6303,42.39,50.39,0.0701,0.954,56.27,57.35,84.814
324,cell_02,2024-03-21 18:00:00,3.6631,3.4726,3.8366,1.8398,2.7398,38.08,50.44,0.0969,0.9601,57.24,49.91,84.195
325,cell_02,2024-03-22 00:00:00,3.6724,3.4821,3.8379,1.729,2.629,41.58,51.4,0.0842,0.9576,57.88,56.03,83.889
326,cell_02,2024-03-22 06:00:00,3.6938,3.5058,3.8567,1.7036,2.609,38.72,46.72,0.0792,0.9718,59.23,56.29,84.785
327,cell_02,2024-03-22 12:00:00,3.6645,3.4634,3.8406,1.8454,2.7454,41.37,53.44,0.0668,0.9611,54.35,50.76,85.521
328,cell_02,2024-03-22 18:00:00,3.6751,3.47,3.8324,1.8079,2.7079,37.9,45.9,0.0747,0.9428,56.98,54.52,85.263
329,cell_02,2024-03-23 00:00:00,3.698,3.499,3.8564,1.8236,2.7236,39.03,47.09,0.0804,0.9547,53.59,53.74,84.431
330,cell_02,2024-03-23 06:00:00,3.6812,3.48,3.8389,1.7779,2.7131,40.21,50.0,0.1001,0.9444,58.93,54.01,84.769
331,cell_02,2024-03-23 12:00:00,3.6727,3.4713,3.846,1.7308,2.6308,39.99,47.99,0.0942,0.9455,58.38,57.25,84.281
332,cell_02,2024-03-23 18:00:00,3.6749,3.4802,3.8328,1.7407,2.6407,40.65,48.65,0.1205,0.9359,58.52,55.28,84.327
333,cell_02,2024-03-24 00:00:00,3.6808,3.4884,3.8387,1.7864,2.6864,38.27,46.27,0.0975,0.9471,58.6,52.62,84.361
334,cell_02,2024-03-24 06:00:00,3.6939,3.5002,3.8575,1.7364,2.6364,39.13,47.54,0.0925,0.9555,56.66,58.23,84.653
335,cell_02,2024-03-24 12:00:00,3.6717,3.476,3.8294,1.8154,2.7858,40.87,49.61,0.0779,0.9493,54.15,55.65,84.666
336,cell_02,2024-03-24 18:00:00,3.6696,3.4816,3.8326,1.7769,2.6769,37.94,45.94,0.0633,0.939,56.81,52.09,84.796
337,cell_02,2024-03-25 00:00:00,3.6636,3.4686,3.8253,1.8093,2.7453,39.86,47.86,0.0726,0.9348,57.94,56.02,84.919
338,cell_02,2024-03-25 06:00:00,3.678,3.4749,3.8357,1.8078,2.7101,38.67,48.8,0.07,0.9711,53.69,54.91,84.619
339,cell_02,2024-03-25 12:00:00,3.663,3.4749,3.8263,1.8193,2.7316,39.31,47.91,0.0328,0.9533,57.54,50.89,84.731
340,cell_02,2024-03-25 18:00:00,3.6718,3.4824,3.8296,1.825,2.725,39.13,47.21,0.0638,0.9418,55.41,52.74,84.263
341,cell_02,2024-03-26 00:00:00,3.6672,3.4729,3.8267,1.7828,2.6828,37.82,46.11,0.116,0.9546,57.02,51.2,84.188
342,cell_02,2024-03-26 06:00:00,3.687,3.4973,3.8449,1.8092,2.7092,38.61,50.28,0.0914,0.9719,56.17,53.51,84.141
343,cell_02,2024-03-26 12:00:00,3.6721,3.4841,3.8583,1.8118,2.7118,39.22,47.56,0.0765,0.9562,53.66,55.78,84.786
344,cell_02,2024-03-26 18:00:00,3.6807,3.4805,3.84,1.6786,2.5951,38.85,46.85,0.092,0.9221,58.89,56.59,84.489
345,cell_02,2024-03-27 00:00:00,3.66,3.4701,3.818,1.8323,2.7552,41.36,49.36,0.0449,0.9765,56.44,52.33,84.03
346,cell_02,2024-03-27 06:00:00,3.6775,3.4877,3.8355,1.8075,2.8161,40.51,48.51,0.0896,0.9315,55.38,51.55,84.15
347,cell_02,2024-03-27 12:00:00,3.6637,3.4731,3.8348,1.8282,2.7421,39.43,47.43,0.1095,0.9479,55.33,52.48,83.794
348,cell_02,2024-03-27 18:00:00,3.6727,3.4716,3.8304,1.7357,2.6357,37.86,45.86,0.0816,0.9387,61.14,57.38,84.667
349,cell_02,2024-03-28 00:00:00,3.6981,3.4996,3.8561,1.7842,2.7424,37.76,45.76,0.0486,0.9426,53.93,52.06,83.995
350,cell_02,2024-03-28 06:00:00,3.6859,3.4968,3.8471,1.7454,2.6454,41.96,50.66,0.0757,0.9528,57.72,55.42,84.374
351,cell_02,2024-03-28 12:00:00,3.6755,3.4867,3.8397,1.8372,2.8378,37.49,45.49,0.1096,0.9293,54.42,51.63,84.496
352,cell_02,2024-03-28 18:00:00,3.7078,3.5175,3.8722,1.7297,2.7033,39.17,47.17,0.0892,0.9491,55.9,56.73,83.883
353,cell_02,2024-03-29 00:00:00,3.6671,3.4719,3.8252,1.7536,2.6536,39.54,48.77,0.0556,0.9615,60.21,55.9,84.192
354,cell_02,2024-03-29 06:00:00,3.6882,3.4971,3.8476,1.8267,2.7628,38.53,49.27,0.1314,0.9416,57.96,53.73,84.335
355,cell_02,2024-03-29 12:00:00,3.661,3.4704,3.8212,1.7685,2.6685,37.5,45.5,0.0589,0.9361,56.06,53.58,84.204
356,cell_02,2024-03-29 18:00:00,3.674,3.4826,3.8352,1.7536,2.6537,37.82,46.31,0.0791,0.9486,60.25,55.36,84.277
357,cell_02,2024-03-30 00:00:00,3.6619,3.4633,3.8244,1.8453,2.7791,38.18,46.18,0.0633,0.9466,51.84,52.47,83.599
358,cell_02,2024-03-30 06:00:00,3.6788,3.4892,3.8477,1.8474,2.803,37.94,45.94,0.0633,0.944,57.3,52.93,84.164
359,cell_02,2024-03-30 12:00:00,3.6763,3.4815,3.835,1.8361,2.7809,40.99,48.99,0.075,0.9381,56.64,52.47,83.852
360,cell_02,2024-03-30 18:00:00,3.6731,3.4833,3.831,1.8424,2.7462,38.99,49.26,0.0967,0.9552,53.21,54.05,84.103
361,cell_02,2024-03-31 00:00:00,3.6873,3.4725,3.8452,1.7884,2.8126,38.21,46.21,0.1098,0.956,57.11,52.3,84.274
362,cell_02,2024-03-31 06:00:00,3.6706,3.4811,3.8361,1.7898,2.6898,39.16,47.16,0.0763,0.9393,58.14,51.12,84.199
363,cell_02,2024-03-31 12:00:00,3.6793,3.4873,3.8373,1.7676,2.6676,40.0,48.07,0.0638,0.9407,56.01,56.82,84.017
364,cell_02,2024-03-31 18:00:00,3.6844,3.489,3.8423,1.8084,2.7084,38.48,46.56,0.0936,0.9514,54.99,50.57,84.105
365,cell_02,2024-04-01 00:00:00,3.6613,3.4716,3.8285,1.7736,2.7473,40.35,48.35,0.0942,0.9404,57.65,56.36,84.119
366,cell_02,2024-04-01 06:00:00,3.6691,3.4799,3.8421,1.7783,2.6783,37.09,49.07,0.0888,0.9518,54.92,54.72,84.361
367,cell_02,2024-04-01 12:00:00,3.6764,3.4861,3.8344,1.83,2.7379,40.76,48.76,0.0895,0.9647,52.92,54.57,83.902
368,cell_02,2024-04-01 18:00:00,3.6822,3.4921,3.8413,1.8592,2.7592,38.99,47.21,0.0817,0.9494,52.84,51.83,83.961
369,cell_02,2024-04-02 00:00:00,3.6905,3.4966,3.8484,1.8199,2.7199,38.93,46.93,0.086,0.9379,56.85,54.52,84.192
370,cell_02,2024-04-02 06:00:00,3.6735,3.4829,3.8316,1.8897,2.7897,37.96,46.84,0.0804,0.9539,52.48,51.71,83.765
371,cell_02,2024-04-02 12:00:00,3.6721,3.4634,3.8334,1.7647,2.6883,37.16,47.63,0.1054,0.9482,56.83,54.09,83.512
372,cell_02,2024-04-02 18:00:00,3.6668,3.4682,3.825,1.7081,2.6081,36.5,47.83,0.1286,0.9485,57.02,55.07,83.715
373,cell_02,2024-04-03 00:00:00,3.6786,3.4809,3.8368,1.8357,2.7575,37.86,45.86,0.0876,0.9548,52.92,49.14,83.505
374,cell_02,2024-04-03 06:00:00,3.6718,3.4798,3.8302,1.7614,2.6784,39.88,50.08,0.0839,0.9569,57.54,52.44,83.205
375,cell_02,2024-04-03 12:00:00,3.6728,3.4821,3.831,1.7863,2.6863,37.56,46.66,0.0891,0.9504,54.04,55.97,83.717
376,cell_02,2024-04-03 18:00:00,3.6751,3.4712,3.8331,1.7115,2.6115,36.68,46.63,0.0708,0.9494,59.88,54.63,83.997
377,cell_02,2024-04-04 00:00:00,3.6801,3.4463,3.8465,1.755,2.655,37.64,45.64,0.0993,0.9706,56.24,55.39,83.078
378,cell_02,2024-04-04 06:00:00,3.6702,3.4679,3.8282,1.7249,2.7762,38.42,46.42,0.0928,0.962,59.35,55.48,83.874
379,cell_02,2024-04-04 12:00:00,3.6665,3.4631,3.8251,1.7783,2.7522,38.48,48.35,0.0756,0.9583,55.22,52.01,82.806
380,cell_02,2024-04-04 18:00:00,3.6794,3.4826,3.8405,1.7803,2.7473,38.81,48.72,0.102,0.9513,58.16,56.16,83.393
381,cell_02,2024-04-05 00:00:00,3.6449,3.4536,3.8032,1.8045,2.7045,40.55,51.68,0.0844,0.9399,53.03,50.21,83.454
382,cell_02,2024-04-05 06:00:00,3.6682,3.4652,3.8351,1.862,2.7625,40.87,49.27,0.0646,0.9613,55.46,51.13,82.803
383,cell_02,2024-04-05 12:00:00,3.6629,3.4702,3.8214,1.8338,2.7338,42.01,50.01,0.091,0.9514,53.01,51.34,82.928
384,cell_02,2024-04-05 18:00:00,3.6867,3.4946,3.8452,1.7189,2.6189,36.56,44.56,0.0887,0.9442,55.38,52.68,83.13
385,cell_02,2024-04-06 00:00:00,3.6692,3.4751,3.828,1.8304,2.7304,37.72,45.72,0.1032,0.9476,54.35,49.77,82.386
386,cell_02,2024-04-06 06:00:00,3.6688,3.4663,3.8279,1.8056,2.7719,40.05,48.05,0.1006,0.9403,53.59,53.43,82.923
387,cell_02,2024-04-06 12:00:00,3.6739,3.4812,3.8324,1.7951,2.7371,38.32,46.32,0.0818,0.9606,55.2,50.49,82.921
388,cell_02,2024-04-06 18:00:00,3.6689,3.4761,3.8273,1.7989,2.6989,40.29,49.92,0.0746,0.9568,57.22,54.43,83.257
389,cell_02,2024-04-07 00:00:00,3.6695,3.4753,3.8301,1.8102,2.7102,39.31,47.31,0.084,0.9518,56.17,52.53,82.327
390,cell_02,2024-04-07 06:00:00,3.6747,3.481,3.8335,1.7654,2.7029,41.37,49.37,0.0913,0.9496,56.65,51.04,82.515
391,cell_02,2024-04-07 12:00:00,3.6693,3.4752,3.8281,1.7909,2.6909,40.56,48.56,0.0937,0.9432,57.82,51.24,82.351
392,cell_02,2024-04-07 18:00:00,3.6691,3.4748,3.8376,1.8592,2.7632,40.59,51.0,0.09,0.9287,52.91,48.52,82.27
393,cell_02,2024-04-08 00:00:00,3.6643,3.4716,3.8228,1.7648,2.6849,38.38,46.38,0.0822,0.9359,53.78,55.24,82.918
394,cell_02,2024-04-08 06:00:00,3.6623,3.4688,3.8325,1.7485,2.6681,38.85,47.76,0.1039,0.9426,58.49,54.03,82.588
395,cell_02,2024-04-08 12:00:00,3.6742,3.4803,3.8333,1.7969,2.7096,38.54,46.93,0.0705,0.9411,53.5,49.55,82.413
396,cell_02,2024-04-08 18:00:00,3.6767,3.477,3.8384,1.7435,2.6435,36.74,46.55,0.1336,0.9529,54.89,54.14,82.425
397,cell_02,2024-04-09 00:00:00,3.6593,3.4587,3.8181,1.7139,2.6139,41.21,50.91,0.0993,0.9581,55.22,54.71,82.407
398,cell_02,2024-04-09 06:00:00,3.6812,3.4873,3.84,1.7828,2.6828,40.12,48.12,0.0615,0.9487,54.53,53.51,82.433
399,cell_02,2024-04-09 12:00:00,3.6809,3.4864,3.8398,1.8724,2.7724,38.48,46.48,0.0877,0.9641,51.76,47.59,82.196
400,cell_02,2024-04-09 18:00:00,3.6835,3.4712,3.8422,1.7981,2.6981,40.96,48.96,0.0995,0.9422,53.97,49.75,82.498
401,cell_02,2024-04-10 00:00:00,3.6767,3.4829,3.8391,1.8089,2.7497,38.05,46.05,0.077,0.9486,55.22,51.15,82.468
402,cell_02,2024-04-10 06:00:00,3.6799,3.4815,3.8387,1.6935,2.5935,36.24,44.81,0.0541,0.9495,59.82,56.53,82.348
403,cell_02,2024-04-10 12:00:00,3.6958,3.5013,3.8545,1.8219,2.7356,40.51,48.51,0.0632,0.9609,56.8,52.6,82.622
1,cell_03,2024-01-01 00:00:00,3.7181,3.5689,3.8746,1.0069,1.5521,24.54,32.54,0.1485,0.9502,119.31,108.25,100.317
2,cell_03,2024-01-01 06:00:00,3.6896,3.5289,3.8395,0.9815,1.4815,27.16,35.16,0.1366,0.9597,117.96,115.26,100.132
3,cell_03,2024-01-01 12:00:00,3.7035,3.5539,3.8574,0.9268,1.4268,26.48,34.48,0.1666,0.9422,131.7,126.52,100.153
4,cell_03,2024-01-01 18:00:00,3.689,3.5389,3.8551,1.0434,1.5434,25.22,35.91,0.1265,0.9509,119.98,109.23,99.961
5,cell_03,2024-01-02 00:00:00,3.6943,3.5333,3.8443,1.0593,1.6215,22.66,30.66,0.1549,0.9506,108.39,110.49,99.899
6,cell_03,2024-01-02 06:00:00,3.7031,3.5537,3.8579,0.966,1.466,23.78,31.78,0.1505,0.9543,128.85,112.5,100.237
7,cell_03,2024-01-02 12:00:00,3.6976,3.5472,3.8545,0.9619,1.4757,23.42,31.42,0.1725,0.9395,120.56,114.3,99.831
8,cell_03,2024-01-02 18:00:00,3.7003,3.5509,3.8648,1.0621,1.5621,25.05,37.07,0.1383,0.9564,115.55,108.33,100.25
9,cell_03,2024-01-03 00:00:00,3.7039,3.549,3.861,0.9679,1.4713,24.24,32.24,0.14,0.9315,120.5,116.79,100.371
10,cell_03,2024-01-03 06:00:00,3.6947,3.5415,3.8458,1.089,1.6012,27.4,35.4,0.1252,0.9433,111.02,106.4,99.748
11,cell_03,2024-01-03 12:00:00,3.7085,3.558,3.8629,0.9945,1.4974,22.64,30.64,0.1587,0.9344,117.25,119.96,99.792
12,cell_03,2024-01-03 18:00:00,3.6967,3.5463,3.8468,0.9807,1.5203,23.26,31.28,0.1415,0.9583,122.67,118.01,99.836
13,cell_03,2024-01-04 00:00:00,3.6984,3.5473,3.8486,1.0023,1.5023,25.37,33.91,0.1328,0.954,120.4,112.26,99.56
14,cell_03,2024-01-04 06:00:00,3.7034,3.5419,3.8535,0.9807,1.5679,25.78,33.78,0.1347,0.9546,123.64,116.6,99.859
15,cell_03,2024-01-04 12:00:00,3.7029,3.5538,3.8675,1.0563,1.5585,21.12,31.1,0.1607,0.9647,116.13,113.05,100.39
16,cell_03,2024-01-04 18:00:00,3.706,3.5552,3.8606,1.0443,1.5443,22.4,30.94,0.1279,0.9468,109.61,110.8,99.686
17,cell_03,2024-01-05 00:00:00,3.7038,3.5548,3.8536,1.0544,1.5863,24.6,34.31,0.1297,0.9561,116.58,112.01,100.398
18,cell_03,2024-01-05 06:00:00,3.7045,3.5542,3.8573,1.0092,1.5288,27.03,35.03,0.1679,0.9507,114.65,110.45,99.87
19,cell_03,2024-01-05 12:00:00,3.6975,3.5454,3.8588,0.9772,1.4788,27.83,36.32,0.1467,0.9491,125.6,120.26,100.5
20,cell_03,2024-01-05 18:00:00,3.689,3.5173,3.849,0.9995,1.4995,24.38,32.38,0.1691,0.9631,115.3,109.5,99.795
21,cell_03,2024-01-06 00:00:00,3.6857,3.5334,3.8357,0.9787,1.4787,24.74,35.66,0.1428,0.9708,122.3,119.49,99.957
22,cell_03,2024-01-06 06:00:00,3.6829,3.5322,3.833,1.0733,1.5733,23.74,31.98,0.15,0.9457,110.23,110.18,99.727
23,cell_03,2024-01-06 12:00:00,3.7173,3.5582,3.8714,1.0501,1.6325,25.95,33.97,0.1531,0.9583,119.37,112.9,99.794
24,cell_03,2024-01-06 18:00:00,3.6785,3.5225,3.8283,0.9954,1.4954,27.29,35.29,0.1777,0.9532,122.62,110.34,100.401
25,cell_03,2024-01-07 00:00:00,3.7122,3.5625,3.8683,0.9537,1.502,26.88,34.88,0.1761,0.9533,120.82,123.86,100.142
26,cell_03,2024-01-07 06:00:00,3.6923,3.52,3.8516,1.077,1.577,24.96,33.43,0.1731,0.9525,114.01,101.81,100.309
27,cell_03,2024-01-07 12:00:00,3.711,3.5595,3.8724,1.0068,1.5068,23.74,33.38,0.1374,0.9467,114.87,112.31,99.418
28,cell_03,2024-01-07 18:00:00,3.678,3.5256,3.8454,0.9935,1.5274,25.01,33.01,0.1303,0.9142,118.21,116.96,100.009
29,cell_03,2024-01-08 00:00:00,3.6969,3.5402,3.8595,1.0775,1.5775,27.07,35.32,0.1652,0.9653,109.49,105.12,99.521
30,cell_03,2024-01-08 06:00:00,3.7137,3.5587,3.8814,0.9745,1.5014,24.4,32.77,0.1775,0.9431,125.8,114.33,99.411
31,cell_03,2024-01-08 12:00:00,3.707,3.5414,3.8708,0.9841,1.4841,22.28,30.99,0.1733,0.9476,127.21,117.95,99.884
32,cell_03,2024-01-08 18:00:00,3.6964,3.5462,3.8612,0.9885,1.4885,24.46,32.46,0.1503,0.9478,126.4,117.14,99.881
33,cell_03,2024-01-09 00:00:00,3.6803,3.5221,3.8304,0.9342,1.4342,24.58,32.58,0.1646,0.9422,124.01,122.89,99.829
34,cell_03,2024-01-09 06:00:00,3.6868,3.5352,3.8368,1.0158,1.5158,22.27,30.27,0.1649,0.9524,112.97,112.6,100.028
35,cell_03,2024-01-09 12:00:00,3.714,3.5544,3.8888,0.9619,1.532,25.35,33.41,0.153,0.9496,128.95,121.17,100.075
36,cell_03,2024-01-09 18:00:00,3.6969,3.5475,3.8474,0.9715,1.5498,25.76,33.76,0.1538,0.9428,121.19,116.42,100.233
37,cell_03,2024-01-10 00:00:00,3.6984,3.547,3.861,0.9648,1.4648,27.79,35.79,0.152,0.9515,124.7,112.16,99.435
38,cell_03,2024-01-10 06:00:00,3.7032,3.5465,3.8531,0.9706,1.4706,23.0,31.0,0.1342,0.9497,129.86,118.2,100.243
39,cell_03,2024-01-10 12:00:00,3.6875,3.5348,3.847,0.9581,1.4581,26.1,34.1,0.1363,0.9593,121.76,122.23,100.357
40,cell_03,2024-01-10 18:00:00,3.7036,3.5528,3.8538,1.0124,1.5294,26.45,34.45,0.136,0.9366,116.68,109.88,99.683
41,cell_03,2024-01-11 00:00:00,3.6947,3.5295,3.8451,0.9922,1.4922,25.78,35.3,0.118,0.9419,124.5,109.77,99.292
42,cell_03,2024-01-11 06:00:00,3.702,3.5431,3.8523,1.0024,1.5274,23.49,32.45,0.1529,0.9573,120.75,117.92,99.377
43,cell_03,2024-01-11 12:00:00,3.6937,3.5428,3.8485,1.1177,1.6177,23.4,31.7,0.1492,0.9436,111.67,105.54,99.654
44,cell_03,2024-01-11 18:00:00,3.6849,3.5359,3.8454,0.9922,1.4922,25.15,33.15,0.1652,0.941,123.02,116.79,100.397
45,cell_03,2024-01-12 00:00:00,3.6954,3.5413,3.8455,1.0302,1.6509,25.14,33.14,0.1752,0.9441,113.96,113.76,99.798
46,cell_03,2024-01-12 06:00:00,3.7058,3.5482,3.8626,1.0359,1.5359,24.16,32.16,0.1765,0.949,118.9,115.02,99.607
47,cell_03,2024-01-12 12:00:00,3.7033,3.5523,3.8658,0.9969,1.5789,26.94,34.94,0.1784,0.949,122.99,114.72,99.587
48,cell_03,2024-01-12 18:00:00,3.6994,3.5441,3.8732,1.0137,1.586,24.4,32.89,0.1349,0.9479,122.77,108.77,99.396
49,cell_03,2024-01-13 00:00:00,3.7091,3.5527,3.8661,1.001,1.5262,22.16,31.4,0.1214,0.9397,119.66,115.61,100.055
50,cell_03,2024-01-13 06:00:00,3.6976,3.547,3.8477,1.0101,1.5101,24.66,33.31,0.1686,0.9577,118.55,117.51,99.765
51,cell_03,2024-01-13 12:00:00,3.7007,3.5489,3.8506,0.9707,1.4722,25.72,36.25,0.1776,0.9633,121.54,119.89,100.075
52,cell_03,2024-01-13 18:00:00,3.6947,3.5368,3.8631,0.9753,1.4753,25.51,33.51,0.1811,0.9309,119.76,110.65,99.634
53,cell_03,2024-01-14 00:00:00,3.7091,3.5525,3.8666,1.0008,1.5019,25.5,33.5,0.1597,0.9345,125.47,118.54,99.694
54,cell_03,2024-01-14 06:00:00,3.7017,3.5416,3.8521,0.9014,1.4014,27.24,37.32,0.1101,0.96,138.33,128.78,99.179
55,cell_03,2024-01-14 12:00:00,3.6928,3.5401,3.8434,1.0748,1.6126,23.33,31.66,0.1573,0.9657,110.77,103.84,98.924
56,cell_03,2024-01-14 18:00:00,3.6836,3.5311,3.8341,1.108,1.6573,24.36,32.36,0.1611,0.9287,112.08,107.07,98.989
57,cell_03,2024-01-15 00:00:00,3.7093,3.5564,3.8662,1.0085,1.567,27.32,39.01,0.175,0.9582,115.92,114.33,98.84
58,cell_03,2024-01-15 06:00:00,3.6918,3.5297,3.8456,1.0333,1.5333,22.05,31.2,0.1786,0.9664,119.63,113.57,99.524
59,cell_03,2024-01-15 12:00:00,3.6994,3.5402,3.8499,1.0541,1.5541,24.92,32.92,0.1682,0.9414,114.38,112.22,99.136
60,cell_03,2024-01-15 18:00:00,3.7228,3.56,3.8794,0.9338,1.4514,26.84,34.84,0.1383,0.9658,130.69,115.63,99.537
61,cell_03,2024-01-16 00:00:00,3.707,3.5552,3.8573,1.0464,1.6342,26.82,37.47,0.1294,0.9482,116.35,111.3,99.292
62,cell_03,2024-01-16 06:00:00,3.7149,3.5547,3.8788,0.9787,1.4821,25.99,34.4,0.1607,0.9531,123.24,114.13,99.163
63,cell_03,2024-01-16 12:00:00,3.693,3.5402,3.8456,1.1145,1.6372,26.03,34.08,0.1342,0.9428,110.24,105.09,98.9
64,cell_03,2024-01-16 18:00:00,3.7097,3.5581,3.8601,0.9906,1.4906,23.44,32.79,0.1795,0.96,119.04,118.89,99.342
65,cell_03,2024-01-17 00:00:00,3.699,3.5455,3.8593,1.0454,1.5454,27.06,36.82,0.1159,0.9583,117.77,111.85,99.136
66,cell_03,2024-01-17 06:00:00,3.7029,3.5449,3.8567,0.9911,1.524,23.2,32.3,0.1613,0.9672,116.63,117.78,99.472
67,cell_03,2024-01-17 12:00:00,3.7187,3.5494,3.8824,1.1098,1.6098,23.29,33.06,0.1564,0.9644,103.82,104.83,98.987
68,cell_03,2024-01-17 18:00:00,3.696,3.544,3.8472,0.9744,1.4946,25.58,34.48,0.1459,0.9499,124.81,113.56,99.185
69,cell_03,2024-01-18 00:00:00,3.6994,3.5482,3.8511,1.0583,1.5836,24.26,33.37,0.1315,0.9811,115.64,106.12,99.493
70,cell_03,2024-01-18 06:00:00,3.6896,3.5373,3.8401,1.0313,1.5487,25.31,33.31,0.1088,0.9635,119.92,105.08,99.082
71,cell_03,2024-01-18 12:00:00,3.7077,3.5558,3.8608,1.0202,1.5481,25.65,37.27,0.1394,0.9554,114.09,114.75,99.236
72,cell_03,2024-01-18 18:00:00,3.6932,3.5189,3.8605,1.0115,1.5115,27.67,35.67,0.1397,0.94,112.44,113.49,99.172
73,cell_03,2024-01-19 00:00:00,3.7096,3.5509,3.8598,0.9666,1.4666,25.65,34.27,0.1722,0.9347,123.7,118.82,99.57
74,cell_03,2024-01-19 06:00:00,3.6822,3.5188,3.8391,0.8707,1.3707,24.07,32.07,0.1343,0.9355,141.72,126.3,99.112
75,cell_03,2024-01-19 12:00:00,3.7043,3.5523,3.8547,1.0537,1.5537,26.01,34.01,0.1591,0.9407,118.31,108.63,99.21
76,cell_03,2024-01-19 18:00:00,3.692,3.5395,3.8426,0.9756,1.4756,23.75,31.75,0.1242,0.9638,126.12,115.12,98.99
77,cell_03,2024-01-20 00:00:00,3.7055,3.5454,3.8581,1.0585,1.5705,26.37,34.64,0.1596,0.9549,111.86,111.92,98.768
78,cell_03,2024-01-20 06:00:00,3.6977,3.544,3.8521,1.0176,1.563,25.1,33.78,0.1052,0.9439,120.42,114.61,98.535
79,cell_03,2024-01-20 12:00:00,3.6936,3.5418,3.8439,1.06,1.6194,25.6,33.6,0.1919,0.9486,109.17,107.06,99.277
80,cell_03,2024-01-20 18:00:00,3.694,3.5405,3.8447,1.0401,1.6107,22.33,30.33,0.1472,0.9474,118.54,111.57,98.595
81,cell_03,2024-01-21 00:00:00,3.6902,3.538,3.8437,0.8768,1.3768,21.62,32.41,0.0941,0.958,136.57,124.33,99.121
82,cell_03,2024-01-21 06:00:00,3.7069,3.554,3.8601,1.0307,1.5307,22.75,30.75,0.1356,0.9412,114.01,104.92,99.022
83,cell_03,2024-01-21 12:00:00,3.6883,3.5362,3.8387,0.9828,1.4828,27.62,35.62,0.1325,0.9535,122.08,116.62,99.172
84,cell_03,2024-01-21 18:00:00,3.6954,3.5394,3.8461,1.0583,1.5623,23.28,33.0,0.1369,0.953,115.15,108.91,98.743
85,cell_03,2024-01-22 00:00:00,3.7014,3.5452,3.8521,1.0296,1.5296,26.1,34.25,0.1427,0.9415,112.0,104.1,98.66
86,cell_03,2024-01-22 06:00:00,3.7147,3.5622,3.8717,1.0301,1.5301,24.04,32.34,0.1367,0.9659,110.74,106.12,99.011
87,cell_03,2024-01-22 12:00:00,3.6981,3.5451,3.8529,0.9864,1.4864,24.64,34.68,0.1337,0.947,123.01,114.65,98.809
88,cell_03,2024-01-22 18:00:00,3.6954,3.5406,3.8461,0.9544,1.4785,24.93,32.93,0.1268,0.9401,129.49,112.28,98.528
89,cell_03,2024-01-23 00:00:00,3.7018,3.5503,3.8535,0.9784,1.4784,27.47,35.47,0.1664,0.9585,123.56,114.87,99.381
90,cell_03,2024-01-23 06:00:00,3.6771,3.523,3.8367,0.91,1.5272,25.88,33.88,0.174,0.9505,125.33,123.24,98.562
91,cell_03,2024-01-23 12:00:00,3.6858,3.521,3.8365,0.9705,1.4715,25.58,33.58,0.1449,0.9541,123.54,120.84,98.501
92,cell_03,2024-01-23 18:00:00,3.6943,3.5412,3.8456,0.9268,1.4793,26.95,37.62,0.1496,0.9382,122.93,119.08,98.726
93,cell_03,2024-01-24 00:00:00,3.6916,3.5178,3.8554,0.9281,1.4281,24.05,32.05,0.1275,0.9581,125.71,117.57,99.175
94,cell_03,2024-01-24 06:00:00,3.6812,3.5266,3.8321,1.0058,1.5345,26.6,34.6,0.1514,0.9717,111.61,105.48,98.149
95,cell_03,2024-01-24 12:00:00,3.7073,3.5511,3.8693,1.0267,1.5317,26.35,34.35,0.1546,0.9374,115.74,105.71,99.15
96,cell_03,2024-01-24 18:00:00,3.7004,3.5467,3.8673,0.9984,1.5413,26.33,37.14,0.1456,0.9535,116.3,115.47,98.526
97,cell_03,2024-01-25 00:00:00,3.6997,3.5355,3.8503,0.9751,1.4751,24.77,32.77,0.1579,0.9421,116.79,114.93,98.878
98,cell_03,2024-01-25 06:00:00,3.691,3.5374,3.8417,0.9526,1.5302,24.34,32.34,0.1562,0.9769,121.83,114.25,98.596
99,cell_03,2024-01-25 12:00:00,3.6999,3.5484,3.8605,0.9841,1.4841,23.7,31.7,0.1289,0.9624,122.99,120.39,99.397
100,cell_03,2024-01-25 18:00:00,3.7034,3.5505,3.854,0.9589,1.5064,23.79,31.79,0.1739,0.9528,121.08,121.06,98.836
101,cell_03,2024-01-26 00:00:00,3.6952,3.5417,3.8459,0.9969,1.5028,23.62,33.36,0.1458,0.9377,114.44,108.17,98.587
102,cell_03,2024-01-26 06:00:00,3.7025,3.5451,3.8532,0.9239,1.4239,25.55,34.06,0.1835,0.9401,128.78,118.83,98.709
103,cell_03,2024-01-26 12:00:00,3.6903,3.5356,3.8456,1.0351,1.6327,24.66,32.66,0.1584,0.9575,117.47,112.85,98.826
104,cell_03,2024-01-26 18:00:00,3.6993,3.5464,3.8572,0.9716,1.5641,25.65,33.65,0.1894,0.9364,126.11,118.33,98.852
105,cell_03,2024-01-27 00:00:00,3.7098,3.5571,3.8604,1.0188,1.5188,25.73,33.73,0.1735,0.9367,116.2,115.89,98.931
106,cell_03,2024-01-27 06:00:00,3.7105,3.5575,3.8611,1.0444,1.5532,23.41,31.7,0.1545,0.9501,115.92,103.04,98.799
107,cell_03,2024-01-27 12:00:00,3.7109,3.5568,3.8714,1.0164,1.5517,23.37,31.37,0.1355,0.9513,120.03,113.55,98.386
108,cell_03,2024-01-27 18:00:00,3.7009,3.543,3.8516,1.04,1.562,24.66,33.97,0.136,0.9538,115.85,103.37,98.697
109,cell_03,2024-01-28 00:00:00,3.6988,3.5396,3.8493,0.8967,1.4724,23.84,33.61,0.1607,0.9456,132.83,123.68,98.981
110,cell_03,2024-01-28 06:00:00,3.6934,3.5319,3.8565,0.9754,1.5407,23.68,31.68,0.1529,0.9592,115.97,118.28,98.598
111,cell_03,2024-01-28 12:00:00,3.6804,3.5279,3.8309,1.0552,1.5684,27.54,37.0,0.1382,0.9414,110.23,109.34,99.001
112,cell_03,2024-01-28 18:00:00,3.6848,3.5279,3.8463,1.0255,1.6393,22.7,30.7,0.1667,0.9563,113.54,104.09,98.809
113,cell_03,2024-01-29 00:00:00,3.6964,3.5433,3.8471,1.0924,1.6393,28.03,38.33,0.1508,0.9521,107.32,99.8,98.734
114,cell_03,2024-01-29 06:00:00,3.6977,3.5455,3.8481,1.0852,1.5852,25.43,37.5,0.1668,0.956,114.59,107.22,99.157
115,cell_03,2024-01-29 12:00:00,3.7115,3.5572,3.8675,1.015,1.515,26.48,34.48,0.1305,0.9618,112.81,106.04,98.278
116,cell_03,2024-01-29 18:00:00,3.711,3.5575,3.8617,0.9874,1.5496,26.3,35.84,0.17,0.9454,120.32,111.75,98.596
117,cell_03,2024-01-30 00:00:00,3.6919,3.5398,3.8423,0.9521,1.4521,25.93,36.54,0.16,0.9434,131.13,114.79,99.169
118,cell_03,2024-01-30 06:00:00,3.7072,3.5556,3.8575,0.9762,1.4762,27.49,35.49,0.174,0.9331,123.57,111.27,99.348
119,cell_03,2024-01-30 12:00:00,3.6942,3.5412,3.8598,0.9796,1.4796,23.38,31.38,0.1695,0.9298,118.15,119.7,99.338
120,cell_03,2024-01-30 18:00:00,3.7048,3.5515,3.858,0.9703,1.4881,24.77,32.77,0.1483,0.9482,127.63,110.57,98.667
121,cell_03,2024-01-31 00:00:00,3.7062,3.5532,3.8685,0.9541,1.4541,23.72,31.72,0.1467,0.9489,122.22,118.49,98.789
122,cell_03,2024-01-31 06:00:00,3.7108,3.5425,3.8706,1.0201,1.5201,22.46,30.46,0.1857,0.9391,111.08,112.76,98.897
123,cell_03,2024-01-31 12:00:00,3.6936,3.5412,3.8501,1.0848,1.6429,24.01,32.01,0.1442,0.9413,108.8,99.22,99.034
124,cell_03,2024-01-31 18:00:00,3.7083,3.5551,3.8589,1.0467,1.5467,27.81,37.48,0.165,0.9652,110.28,109.06,98.746
125,cell_03,2024-02-01 00:00:00,3.6797,3.527,3.8351,0.9839,1.5849,24.74,32.74,0.1424,0.9588,124.51,112.63,98.93
126,cell_03,2024-02-01 06:00:00,3.7111,3.5581,3.8761,1.0507,1.5659,27.98,35.98,0.1128,0.9374,109.67,110.95,98.79
127,cell_03,2024-02-01 12:00:00,3.698,3.545,3.8494,1.0173,1.5807,28.13,37.47,0.1255,0.9456,120.28,114.19,98.808
128,cell_03,2024-02-01 18:00:00,3.6968,3.5415,3.8669,0.998,1.5295,29.49,38.6,0.1581,0.9541,112.24,115.27,97.881
129,cell_03,2024-02-02 00:00:00,3.6767,3.5161,3.8277,0.9948,1.5606,27.86,35.86,0.164,0.9437,123.36,111.17,98.058
130,cell_03,2024-02-02 06:00:00,3.6931,3.5246,3.8441,0.99,1.5185,28.54,37.66,0.1582,0.9419,113.35,116.68,98.0
131,cell_03,2024-02-02 12:00:00,3.7103,3.5463,3.8712,1.0326,1.5443,25.49,36.14,0.1729,0.9466,118.64,109.45,97.8
132,cell_03,2024-02-02 18:00:00,3.6922,3.5261,3.8434,1.007,1.5616,25.34,33.34,0.1578,0.9609,111.42,109.15,97.661
133,cell_03,2024-02-03 00:00:00,3.7042,3.5493,3.8756,0.9636,1.5879,25.44,33.44,0.1345,0.9618,126.63,110.86,98.03
134,cell_03,2024-02-03 06:00:00,3.6975,3.5427,3.8618,0.9612,1.4612,25.0,34.75,0.1619,0.9426,126.51,111.02,98.078
135,cell_03,2024-02-03 12:00:00,3.7074,3.5474,3.8744,1.0153,1.555,25.22,36.67,0.1534,0.9546,116.75,107.0,97.859
136,cell_03,2024-02-03 18:00:00,3.6989,3.5352,3.8588,1.0214,1.5214,26.13,34.13,0.1385,0.9499,109.78,107.06,97.994
137,cell_03,2024-02-04 00:00:00,3.6875,3.5147,3.8386,0.9843,1.5096,24.3,32.38,0.1595,0.9399,120.77,118.46,97.884
138,cell_03,2024-02-04 06:00:00,3.6972,3.5309,3.8483,0.9434,1.4455,22.93,33.11,0.1516,0.947,125.8,124.34,97.75
139,cell_03,2024-02-04 12:00:00,3.7123,3.5473,3.8785,1.0625,1.5625,25.55,33.78,0.1379,0.9374,110.8,100.74,97.553
140,cell_03,2024-02-04 18:00:00,3.7021,3.521,3.8531,1.0519,1.5519,23.96,31.96,0.1464,0.9616,113.37,111.26,98.09
141,cell_03,2024-02-05 00:00:00,3.6955,3.5391,3.8625,0.9006,1.4506,24.12,33.0,0.1783,0.9655,136.4,126.48,97.797
142,cell_03,2024-02-05 06:00:00,3.7191,3.5632,3.8769,1.067,1.567,24.79,32.79,0.1776,0.9459,115.29,104.34,97.672
143,cell_03,2024-02-05 12:00:00,3.7082,3.5508,3.8593,0.9896,1.5356,24.44,32.44,0.1538,0.9435,118.78,118.0,97.746
144,cell_03,2024-02-05 18:00:00,3.7045,3.5485,3.8602,1.0095,1.5187,26.67,34.67,0.1511,0.9605,111.26,112.68,97.582
145,cell_03,2024-02-06 00:00:00,3.6996,3.5431,3.8555,1.0569,1.5569,24.75,35.13,0.1213,0.9622,106.8,106.36,97.643
146,cell_03,2024-02-06 06:00:00,3.7038,3.5478,3.8549,1.0826,1.6279,26.74,34.74,0.1844,0.9389,110.6,99.66,97.633
147,cell_03,2024-02-06 12:00:00,3.7042,3.5485,3.8696,1.0501,1.5842,25.31,33.98,0.1707,0.9485,117.04,103.22,97.716
148,cell_03,2024-02-06 18:00:00,3.6752,3.5202,3.8401,1.0121,1.5331,24.87,34.03,0.165,0.9494,115.45,115.17,97.999
149,cell_03,2024-02-07 00:00:00,3.7008,3.5361,3.8534,0.9312,1.482,25.24,33.56,0.1045,0.9423,121.12,116.28,97.924
150,cell_03,2024-02-07 06:00:00,3.6958,3.5303,3.8467,0.8987,1.4088,23.06,31.66,0.1508,0.9539,129.28,118.52,98.266
151,cell_03,2024-02-07 12:00:00,3.6923,3.5377,3.8562,1.0439,1.5439,25.51,34.27,0.1475,0.943,111.55,104.56,98.165
152,cell_03,2024-02-07 18:00:00,3.6956,3.5208,3.8464,1.0671,1.5671,26.27,34.55,0.1637,0.9446,116.14,104.9,98.389
153,cell_03,2024-02-08 00:00:00,3.6811,3.524,3.8366,0.9593,1.4593,26.49,34.49,0.141,0.949,124.57,114.73,97.757
154,cell_03,2024-02-08 06:00:00,3.6786,3.5206,3.8371,0.9865,1.5194,22.97,30.97,0.1454,0.9351,114.36,118.14,97.753
155,cell_03,2024-02-08 12:00:00,3.7086,3.5522,3.8599,0.9721,1.5169,22.72,30.72,0.1624,0.9294,118.32,113.29,97.443
156,cell_03,2024-02-08 18:00:00,3.7014,3.546,3.8622,0.9708,1.5179,24.19,32.19,0.1345,0.9592,115.48,119.59,97.838
157,cell_03,2024-02-09 00:00:00,3.672,3.5049,3.8233,1.0537,1.5782,27.08,35.94,0.1385,0.9426,112.61,106.41,97.393
158,cell_03,2024-02-09 06:00:00,3.69,3.5311,3.8414,1.0109,1.5593,25.33,35.53,0.1539,0.9713,117.31,109.83,97.149
159,cell_03,2024-02-09 12:00:00,3.7059,3.5499,3.8665,0.9885,1.4885,23.84,32.53,0.1768,0.9697,113.75,109.03,98.048
160,cell_03,2024-02-09 18:00:00,3.693,3.5338,3.8444,1.1329,1.6329,22.82,30.82,0.1662,0.9449,101.28,95.47,97.215
161,cell_03,2024-02-10 00:00:00,3.709,3.5533,3.8689,0.9283,1.4283,23.97,31.97,0.1715,0.9734,131.41,124.65,97.721
162,cell_03,2024-02-10 06:00:00,3.7065,3.5498,3.8578,1.0274,1.5274,23.87,31.87,0.1513,0.9594,117.39,111.18,97.326
163,cell_03,2024-02-10 12:00:00,3.6833,3.5141,3.8372,0.9476,1.5284,26.4,34.4,0.1799,0.9435,124.94,117.16,97.928
164,cell_03,2024-02-10 18:00:00,3.6955,3.5296,3.847,0.9921,1.5468,26.52,34.52,0.1152,0.9242,118.31,117.42,97.969
165,cell_03,2024-02-11 00:00:00,3.6921,3.5365,3.8433,1.0074,1.5405,23.43,31.91,0.1904,0.9569,122.17,114.33,97.748
166,cell_03,2024-02-11 06:00:00,3.6831,3.5123,3.838,1.0422,1.5422,26.13,34.3,0.193,0.9503,115.3,102.78,97.964
167,cell_03,2024-02-11 12:00:00,3.6818,3.5258,3.833,0.9869,1.4869,25.98,37.69,0.1591,0.9543,124.03,113.98,97.592
168,cell_03,2024-02-11 18:00:00,3.6893,3.535,3.8507,0.9817,1.491,23.23,32.2,0.1666,0.9477,114.97,117.7,98.26
169,cell_03,2024-02-12 00:00:00,3.6903,3.5162,3.847,0.986,1.5416,24.87,36.69,0.1492,0.9386,115.61,116.76,97.814
170,cell_03,2024-02-12 06:00:00,3.6988,3.5363,3.8547,0.946,1.4665,25.51,34.94,0.1458,0.9457,117.66,112.23,97.32
171,cell_03,2024-02-12 12:00:00,3.7069,3.5509,3.861,1.0316,1.5316,25.24,35.42,0.1378,0.9571,117.72,104.74,97.611
172,cell_03,2024-02-12 18:00:00,3.7015,3.5453,3.8527,1.0141,1.5193,22.43,30.43,0.149,0.9465,117.67,108.65,97.544
173,cell_03,2024-02-13 00:00:00,3.7033,3.5462,3.8547,1.0218,1.5218,25.2,33.2,0.1611,0.9464,110.45,105.59,97.176
174,cell_03,2024-02-13 06:00:00,3.6925,3.5316,3.8466,0.9965,1.5367,25.95,33.95,0.1584,0.9348,122.03,106.13,96.754
175,cell_03,2024-02-13 12:00:00,3.7021,3.5435,3.8534,0.9904,1.4904,27.37,35.37,0.1897,0.9509,123.36,113.6,97.367
176,cell_03,2024-02-13 18:00:00,3.6938,3.5357,3.8565,1.0588,1.5588,24.0,32.0,0.152,0.9389,106.73,104.35,96.835
177,cell_03,2024-02-14 00:00:00,3.6903,3.5316,3.843,1.0511,1.592,24.18,32.18,0.1202,0.9592,111.78,100.85,96.493
178,cell_03,2024-02-14 06:00:00,3.7147,3.5549,3.8699,1.0707,1.5987,24.69,33.52,0.1829,0.9427,110.71,104.37,97.148
179,cell_03,2024-02-14 12:00:00,3.6721,3.5143,3.8236,1.0186,1.5302,25.44,33.44,0.1256,0.947,108.51,103.46,96.913
180,cell_03,2024-02-14 18:00:00,3.6766,3.5188,3.8376,1.0676,1.6772,25.15,33.15,0.1388,0.9716,110.95,102.18,96.882
181,cell_03,2024-02-15 00:00:00,3.6981,3.526,3.85,0.9792,1.5109,25.91,33.91,0.1554,0.9469,114.62,115.46,96.209
182,cell_03,2024-02-15 06:00:00,3.6927,3.5132,3.8442,0.99,1.49,23.31,31.31,0.1583,0.9456,122.15,116.15,96.885
183,cell_03,2024-02-15 12:00:00,3.6813,3.5046,3.8492,1.0598,1.5857,25.6,33.6,0.1211,0.9559,113.66,101.64,97.088
184,cell_03,2024-02-15 18:00:00,3.6849,3.5208,3.8434,1.0422,1.5422,23.89,31.89,0.1351,0.9321,116.16,110.06,96.95
185,cell_03,2024-02-16 00:00:00,3.6866,3.5298,3.8478,0.9855,1.5488,24.78,33.99,0.1204,0.9625,121.48,117.15,97.256
186,cell_03,2024-02-16 06:00:00,3.7053,3.5492,3.861,0.9477,1.4617,27.56,36.71,0.1624,0.9599,119.39,118.68,97.558
187,cell_03,2024-02-16 12:00:00,3.7081,3.5472,3.8594,0.9898,1.5088,22.9,30.9,0.1737,0.9552,116.31,117.75,97.295
188,cell_03,2024-02-16 18:00:00,3.7126,3.5562,3.8638,0.9658,1.4658,24.58,32.58,0.1256,0.9162,123.61,111.96,97.448
189,cell_03,2024-02-17 00:00:00,3.6803,3.5108,3.8394,1.0862,1.5893,23.09,31.09,0.1699,0.9474,105.78,97.66,97.473
190,cell_03,2024-02-17 06:00:00,3.6816,3.5237,3.8445,1.038,1.538,25.23,34.54,0.1686,0.9373,114.3,110.19,96.835
191,cell_03,2024-02-17 12:00:00,3.6816,3.5247,3.8329,0.9617,1.4617,26.57,36.35,0.1368,0.9612,119.39,115.2,97.272
192,cell_03,2024-02-17 18:00:00,3.709,3.5446,3.8811,0.9478,1.4478,25.25,33.96,0.1103,0.9605,119.4,115.31,97.439
193,cell_03,2024-02-18 00:00:00,3.6997,3.5422,3.8512,0.9611,1.4829,24.82,35.23,0.1286,0.9539,121.34,109.68,97.009
194,cell_03,2024-02-18 06:00:00,3.6962,3.5384,3.8477,0.9721,1.4721,26.99,38.45,0.1381,0.938,121.85,108.44,96.903
195,cell_03,2024-02-18 12:00:00,3.6982,3.5356,3.8496,0.9917,1.4917,25.5,33.5,0.1808,0.9649,117.94,107.03,97.299
196,cell_03,2024-02-18 18:00:00,3.6945,3.521,3.8461,1.0557,1.5557,26.23,37.2,0.1476,0.9474,111.47,100.94,96.696
197,cell_03,2024-02-19 00:00:00,3.684,3.526,3.8356,0.9517,1.4517,26.07,34.07,0.1299,0.9681,121.32,121.71,96.814
198,cell_03,2024-02-19 06:00:00,3.7005,3.5429,3.8521,1.1145,1.6242,20.69,30.73,0.153,0.9527,107.28,96.88,96.94
199,cell_03,2024-02-19 12:00:00,3.6936,3.5361,3.8519,0.9528,1.4571,24.88,34.3,0.1241,0.9551,123.97,119.91,96.984
200,cell_03,2024-02-19 18:00:00,3.6834,3.5257,3.8349,0.9295,1.4295,23.38,31.38,0.1603,0.9454,126.05,112.84,96.915
201,cell_03,2024-02-20 00:00:00,3.7015,3.5444,3.8613,1.0844,1.5844,23.76,31.76,0.1304,0.9641,106.82,100.22,97.159
202,cell_03,2024-02-20 06:00:00,3.6906,3.532,3.8428,1.0661,1.5694,27.21,35.21,0.1333,0.9561,109.09,107.69,96.573
203,cell_03,2024-02-20 12:00:00,3.6971,3.5262,3.849,0.9909,1.539,24.44,32.44,0.1575,0.9644,111.68,107.4,96.557
204,cell_03,2024-02-20 18:00:00,3.6943,3.5368,3.8458,1.0191,1.533,27.84,37.6,0.185,0.9518,116.13,106.05,97.006
205,cell_03,2024-02-21 00:00:00,3.7038,3.545,3.8697,1.0203,1.5915,22.89,35.03,0.194,0.9495,110.26,111.65,96.61
206,cell_03,2024-02-21 06:00:00,3.6971,3.5387,3.8488,1.0068,1.5635,23.37,31.37,0.1292,0.956,119.3,105.03,96.613
207,cell_03,2024-02-21 12:00:00,3.6855,3.5198,3.8404,0.9352,1.51,26.14,35.85,0.1381,0.9644,127.35,111.8,96.237
208,cell_03,2024-02-21 18:00:00,3.6985,3.5219,3.8501,0.8759,1.4443,24.49,35.46,0.1603,0.9602,133.08,132.26,96.866
209,cell_03,2024-02-22 00:00:00,3.6994,3.5425,3.8586,0.9578,1.5359,25.46,33.88,0.1734,0.9514,126.07,114.58,97.242
210,cell_03,2024-02-22 06:00:00,3.6998,3.5237,3.8516,1.0908,1.5908,24.83,32.83,0.1067,0.9314,107.94,102.5,96.47
211,cell_03,2024-02-22 12:00:00,3.7056,3.5439,3.8572,1.0928,1.6251,24.79,32.79,0.1517,0.9581,102.48,97.02,96.797
212,cell_03,2024-02-22 18:00:00,3.6885,3.5296,3.8403,0.9869,1.5478,24.54,33.62,0.1403,0.9356,120.13,108.16,96.473
213,cell_03,2024-02-23 00:00:00,3.7006,3.5365,3.8666,0.9521,1.5221,25.27,35.02,0.1115,0.9504,126.94,114.42,95.961
214,cell_03,2024-02-23 06:00:00,3.6771,3.5137,3.829,1.0139,1.5139,25.96,34.89,0.1233,0.9488,108.66,110.18,96.223
215,cell_03,2024-02-23 12:00:00,3.6931,3.515,3.8647,1.0219,1.5548,27.42,36.28,0.1386,0.9358,110.08,104.98,96.204
216,cell_03,2024-02-23 18:00:00,3.6918,3.5276,3.8464,1.03,1.5338,24.7,32.7,0.1512,0.9537,113.4,111.01,96.396
217,cell_03,2024-02-24 00:00:00,3.7094,3.5455,3.8613,0.8736,1.466,24.41,32.41,0.1702,0.9715,131.58,129.8,96.617
218,cell_03,2024-02-24 06:00:00,3.694,3.5366,3.8455,1.1579,1.6579,24.22,34.01,0.1571,0.9469,101.96,96.06,97.046
219,cell_03,2024-02-24 12:00:00,3.7002,3.5319,3.8578,1.0566,1.5566,27.2,35.2,0.169,0.9577,110.04,103.2,96.062
220,cell_03,2024-02-24 18:00:00,3.6769,3.5178,3.8287,0.9901,1.4901,26.04,35.27,0.1505,0.9736,120.13,112.33,96.346
221,cell_03,2024-02-25 00:00:00,3.6908,3.5303,3.8442,0.9641,1.4713,22.15,31.66,0.1359,0.9586,114.63,116.56,96.222
222,cell_03,2024-02-25 06:00:00,3.6857,3.4971,3.8377,1.0494,1.6626,22.09,30.09,0.1463,0.9436,109.25,100.4,96.111
223,cell_03,2024-02-25 12:00:00,3.7195,3.5608,3.8745,1.0248,1.5248,23.75,31.75,0.1639,0.9524,117.09,111.36,96.52
224,cell_03,2024-02-25 18:00:00,3.6881,3.527,3.8433,1.0046,1.5097,25.35,37.59,0.1707,0.9548,113.68,109.37,96.491
225,cell_03,2024-02-26 00:00:00,3.6947,3.5318,3.8507,1.0229,1.5504,24.95,32.95,0.147,0.9643,112.6,111.83,95.947
226,cell_03,2024-02-26 06:00:00,3.696,3.5373,3.8487,0.9944,1.4944,25.77,33.77,0.1314,0.9621,110.88,115.93,96.496
227,cell_03,2024-02-26 12:00:00,3.6783,3.5186,3.8459,1.0201,1.5384,24.74,34.34,0.1567,0.9223,109.96,102.12,96.129
228,cell_03,2024-02-26 18:00:00,3.6895,3.5298,3.8455,1.0363,1.5559,27.1,35.1,0.1596,0.9414,111.33,104.86,96.495
229,cell_03,2024-02-27 00:00:00,3.6994,3.5415,3.877,1.0172,1.5172,26.16,34.16,0.1747,0.9493,113.13,108.87,96.872
230,cell_03,2024-02-27 06:00:00,3.6955,3.5343,3.8478,1.0145,1.5145,25.12,34.16,0.1364,0.9398,116.49,108.79,96.42
231,cell_03,2024-02-27 12:00:00,3.6715,3.5123,3.8329,1.0696,1.6067,26.72,34.72,0.1366,0.913,109.28,106.16,96.335
232,cell_03,2024-02-27 18:00:00,3.6885,3.5086,3.8405,0.9201,1.4666,22.53,31.17,0.1651,0.9427,130.12,114.59,96.123
233,cell_03,2024-02-28 00:00:00,3.7046,3.5452,3.8705,0.9601,1.525,24.87,32.87,0.1419,0.95,124.55,115.74,96.238
234,cell_03,2024-02-28 06:00:00,3.7005,3.5357,3.8523,1.0013,1.5181,25.21,34.62,0.141,0.9447,112.52,114.85,96.387
235,cell_03,2024-02-28 12:00:00,3.7067,3.5476,3.8631,0.9635,1.4813,25.9,34.27,0.1751,0.94,114.22,119.97,96.358
236,cell_03,2024-02-28 18:00:00,3.6844,3.5156,3.8363,0.9802,1.5177,22.43,30.43,0.1226,0.9504,121.93,106.1,96.189
237,cell_03,2024-02-29 00:00:00,3.7072,3.5406,3.8636,1.0644,1.5644,24.61,33.37,0.1911,0.9534,106.7,108.25,96.284
238,cell_03,2024-02-29 06:00:00,3.6933,3.5287,3.8454,0.9926,1.4926,25.6,33.6,0.1377,0.9453,114.08,105.68,95.823
239,cell_03,2024-02-29 12:00:00,3.7099,3.5499,3.8619,0.9085,1.4085,25.72,36.55,0.1673,0.9637,122.46,120.92,95.998
240,cell_03,2024-02-29 18:00:00,3.6947,3.5357,3.8464,0.9788,1.4788,26.78,35.57,0.1478,0.9506,120.48,109.29,96.412
241,cell_03,2024-03-01 00:00:00,3.6742,3.4985,3.8414,1.0029,1.5233,26.14,35.65,0.1554,0.9413,112.87,110.87,96.453
242,cell_03,2024-03-01 06:00:00,3.7028,3.5434,3.8594,1.002,1.5544,24.91,32.91,0.1447,0.9388,111.52,104.15,96.228
243,cell_03,2024-03-01 12:00:00,3.6905,3.5257,3.8422,1.0278,1.5278,26.01,34.01,0.1671,0.9479,112.87,104.24,96.644
244,cell_03,2024-03-01 18:00:00,3.6908,3.5316,3.8535,1.0237,1.5455,24.7,32.7,0.1431,0.9611,115.77,105.04,96.353
245,cell_03,2024-03-02 00:00:00,3.6797,3.5099,3.8316,0.9931,1.4931,25.22,33.22,0.1385,0.9418,113.49,115.18,96.13
246,cell_03,2024-03-02 06:00:00,3.71,3.5496,3.8695,0.9403,1.4403,26.19,36.87,0.1863,0.956,125.01,117.2,95.834
247,cell_03,2024-03-02 12:00:00,3.6897,3.5313,3.847,0.9779,1.5807,24.93,32.93,0.1506,0.9509,118.12,115.11,96.632
248,cell_03,2024-03-02 18:00:00,3.7104,3.5515,3.8683,0.9689,1.4689,25.54,33.54,0.1365,0.9699,118.29,115.57,96.431
249,cell_03,2024-03-03 00:00:00,3.6906,3.5321,3.8608,0.9857,1.4857,26.44,34.44,0.1202,0.9539,115.96,110.47,96.614
250,cell_03,2024-03-03 06:00:00,3.6858,3.5236,3.8374,1.0346,1.5453,26.07,36.0,0.1873,0.943,108.22,101.13,96.724
251,cell_03,2024-03-03 12:00:00,3.7067,3.5453,3.865,1.0202,1.5336,26.85,34.85,0.139,0.9574,110.67,102.5,95.688
252,cell_03,2024-03-03 18:00:00,3.6928,3.532,3.8576,1.0412,1.5746,28.49,36.49,0.1912,0.9577,114.47,104.31,95.689
253,cell_03,2024-03-04 00:00:00,3.6922,3.5302,3.8446,0.9808,1.5809,26.05,36.17,0.158,0.946,111.86,115.81,95.215
254,cell_03,2024-03-04 06:00:00,3.6817,3.5226,3.8335,1.0754,1.5754,24.31,32.31,0.1529,0.9384,112.44,99.43,96.35
255,cell_03,2024-03-04 12:00:00,3.6898,3.5241,3.8417,1.0336,1.5336,25.77,33.77,0.1534,0.9554,107.38,108.39,96.271
256,cell_03,2024-03-04 18:00:00,3.6984,3.5304,3.8536,1.0056,1.5861,25.7,33.7,0.1943,0.9506,113.1,112.69,96.103
257,cell_03,2024-03-05 00:00:00,3.6806,3.5198,3.8327,1.0302,1.5771,25.92,34.4,0.1062,0.9348,112.67,110.45,95.706
258,cell_03,2024-03-05 06:00:00,3.6887,3.5261,3.8462,0.9662,1.5062,27.24,35.24,0.1543,0.9525,123.32,110.86,96.047
259,cell_03,2024-03-05 12:00:00,3.69,3.5128,3.8419,0.8946,1.3946,22.47,30.47,0.1447,0.9436,124.36,128.07,96.129
260,cell_03,2024-03-05 18:00:00,3.6951,3.5359,3.8599,0.9697,1.526,27.27,37.3,0.1457,0.9348,114.91,114.51,96.309
261,cell_03,2024-03-06 00:00:00,3.7089,3.549,3.866,1.0374,1.5775,27.78,36.1,0.153,0.9465,112.55,105.66,96.06
262,cell_03,2024-03-06 06:00:00,3.6913,3.5259,3.8623,1.004,1.5135,25.85,34.63,0.1447,0.9628,112.57,112.4,96.177
263,cell_03,2024-03-06 12:00:00,3.687,3.5269,3.8457,0.9932,1.4932,25.89,34.73,0.1538,0.9621,117.6,107.1,95.941
264,cell_03,2024-03-06 18:00:00,3.722,3.5628,3.8738,0.9576,1.4629,24.64,32.64,0.1495,0.9595,124.59,118.45,96.332
265,cell_03,2024-03-07 00:00:00,3.6899,3.5303,3.8418,0.9022,1.4846,25.01,33.62,0.1237,0.9527,122.5,123.43,96.167
266,cell_03,2024-03-07 06:00:00,3.6915,3.5306,3.8461,1.0712,1.5712,26.05,35.86,0.1576,0.956,110.81,104.97,95.622
267,cell_03,2024-03-07 12:00:00,3.691,3.532,3.8428,0.9896,1.4896,25.95,36.23,0.1643,0.951,111.48,115.2,96.395
268,cell_03,2024-03-07 18:00:00,3.6918,3.5236,3.8554,0.9785,1.4785,26.08,35.52,0.1392,0.9389,122.86,113.63,96.345
269,cell_03,2024-03-08 00:00:00,3.695,3.5242,3.8469,0.9664,1.4664,25.94,34.97,0.1874,0.9409,125.03,107.85,96.117
270,cell_03,2024-03-08 06:00:00,3.7033,3.5342,3.8755,1.0627,1.5627,26.35,34.35,0.1767,0.9439,110.29,100.85,96.062
271,cell_03,2024-03-08 12:00:00,3.6988,3.5366,3.8633,1.0441,1.592,26.18,34.18,0.1669,0.964,116.25,109.53,96.475
272,cell_03,2024-03-08 18:00:00,3.704,3.5427,3.8563,0.9516,1.4747,23.46,31.46,0.1666,0.9608,124.29,115.92,95.488
273,cell_03,2024-03-09 00:00:00,3.705,3.5458,3.8748,1.0582,1.5613,26.25,36.81,0.1506,0.9392,104.28,108.06,96.35
274,cell_03,2024-03-09 06:00:00,3.6958,3.5317,3.8479,0.9927,1.5066,27.79,38.05,0.1728,0.9505,110.09,108.71,95.835
275,cell_03,2024-03-09 12:00:00,3.6982,3.539,3.8521,0.9695,1.5007,24.96,32.96,0.1814,0.946,113.49,113.3,96.306
276,cell_03,2024-03-09 18:00:00,3.7051,3.5451,3.8571,0.9853,1.4853,27.25,35.25,0.1662,0.9484,116.37,115.33,96.014
277,cell_03,2024-03-10 00:00:00,3.6823,3.5213,3.853,0.9608,1.5144,23.62,32.12,0.1386,0.9446,120.88,116.56,95.605
278,cell_03,2024-03-10 06:00:00,3.7187,3.5557,3.8708,0.934,1.434,24.96,34.76,0.1492,0.9641,122.9,115.46,95.829
279,cell_03,2024-03-10 12:00:00,3.6893,3.53,3.8412,1.0388,1.5388,24.04,32.04,0.1615,0.9498,113.2,100.35,96.284
280,cell_03,2024-03-10 18:00:00,3.6904,3.5148,3.8424,0.989,1.506,27.07,35.07,0.1668,0.9522,115.8,114.99,95.915
281,cell_03,2024-03-11 00:00:00,3.6816,3.5164,3.8469,1.0309,1.5309,27.46,35.54,0.1485,0.9522,106.41,109.13,95.791
282,cell_03,2024-03-11 06:00:00,3.6819,3.5213,3.8435,1.0144,1.5387,24.85,32.85,0.1387,0.9397,110.22,107.08,95.789
283,cell_03,2024-03-11 12:00:00,3.704,3.5306,3.8571,1.0274,1.5345,26.76,35.07,0.1817,0.9511,117.86,107.23,96.17
284,cell_03,2024-03-11 18:00:00,3.7166,3.5407,3.8788,0.8977,1.3977,27.48,36.66,0.1286,0.9606,126.22,118.0,95.903
285,cell_03,2024-03-12 00:00:00,3.6862,3.5176,3.8389,0.9567,1.5331,24.95,35.42,0.1312,0.9647,116.59,111.7,94.61
286,cell_03,2024-03-12 06:00:00,3.6976,3.5378,3.8538,1.0285,1.5639,25.19,33.19,0.1235,0.9385,108.23,102.74,96.092
287,cell_03,2024-03-12 12:00:00,3.6952,3.5335,3.864,0.9363,1.4514,26.1,34.42,0.1311,0.9348,128.11,112.52,95.313
288,cell_03,2024-03-12 18:00:00,3.7031,3.5417,3.8554,1.0187,1.5533,23.74,33.04,0.1749,0.9506,109.38,110.69,95.426
289,cell_03,2024-03-13 00:00:00,3.7149,3.5527,3.8673,0.9305,1.4305,25.17,33.17,0.1756,0.9611,124.48,114.85,95.121
290,cell_03,2024-03-13 06:00:00,3.7081,3.5462,3.8652,1.0008,1.6096,28.21,38.04,0.1485,0.9536,108.98,112.09,95.251
291,cell_03,2024-03-13 12:00:00,3.6906,3.5289,3.8503,1.0805,1.5805,24.25,32.8,0.1599,0.9568,101.26,100.28,95.31
292,cell_03,2024-03-13 18:00:00,3.6975,3.532,3.8512,1.0387,1.5444,26.28,34.28,0.1498,0.9364,111.93,99.38,94.835
293,cell_03,2024-03-14 00:00:00,3.6986,3.5359,3.8612,0.9075,1.4075,25.79,34.07,0.1262,0.9443,127.2,117.49,94.908
294,cell_03,2024-03-14 06:00:00,3.6931,3.5318,3.8453,1.0424,1.5424,24.75,32.75,0.1944,0.928,111.92,100.69,95.505
295,cell_03,2024-03-14 12:00:00,3.6811,3.5178,3.835,1.0911,1.5911,25.33,34.89,0.1775,0.9486,101.33,100.94,94.684
296,cell_03,2024-03-14 18:00:00,3.6849,3.5231,3.841,1.1399,1.6399,27.63,35.63,0.1571,0.9284,105.17,99.42,95.282
297,cell_03,2024-03-15 00:00:00,3.704,3.5416,3.8594,1.0238,1.5832,25.83,34.28,0.1329,0.9633,112.05,108.76,95.038
298,cell_03,2024-03-15 06:00:00,3.7048,3.542,3.8735,0.9318,1.4318,26.06,34.06,0.1455,0.9655,127.9,119.46,94.861
299,cell_03,2024-03-15 12:00:00,3.6915,3.5309,3.8474,1.0217,1.5709,27.4,35.4,0.1362,0.9514,108.67,110.89,95.741
300,cell_03,2024-03-15 18:00:00,3.6949,3.5321,3.8475,1.0798,1.6122,24.57,32.91,0.152,0.9349,104.42,103.07,94.863
301,cell_03,2024-03-16 00:00:00,3.7042,3.5412,3.8621,0.9906,1.4906,23.43,31.43,0.1562,0.9538,112.96,109.89,94.81
302,cell_03,2024-03-16 06:00:00,3.6756,3.5133,3.8381,1.0522,1.5788,27.65,37.25,0.1432,0.9686,111.22,105.36,95.093
303,cell_03,2024-03-16 12:00:00,3.6879,3.5252,3.8482,0.958,1.458,25.2,34.39,0.1209,0.9548,121.84,111.95,94.919
304,cell_03,2024-03-16 18:00:00,3.7129,3.5497,3.8725,1.0186,1.5186,26.34,34.34,0.1926,0.9618,111.94,101.68,95.151
305,cell_03,2024-03-17 00:00:00,3.6956,3.529,3.848,0.8755,1.3755,23.86,32.28,0.1548,0.9451,123.96,126.43,95.04
306,cell_03,2024-03-17 06:00:00,3.6813,3.5121,3.8338,0.9525,1.4853,25.58,33.58,0.1591,0.9413,115.88,116.43,95.064
307,cell_03,2024-03-17 12:00:00,3.6936,3.531,3.8589,0.9997,1.5299,23.35,31.35,0.1416,0.9493,108.86,105.13,94.956
308,cell_03,2024-03-17 18:00:00,3.7024,3.5393,3.8594,0.9818,1.4939,25.1,33.1,0.1188,0.9307,119.86,115.31,94.783
309,cell_03,2024-03-18 00:00:00,3.6673,3.4926,3.8197,0.935,1.435,24.03,32.03,0.1483,0.9726,119.6,110.59,95.186
310,cell_03,2024-03-18 06:00:00,3.6942,3.5277,3.8537,0.975,1.475,23.68,32.73,0.1435,0.9514,112.41,113.79,94.96
311,cell_03,2024-03-18 12:00:00,3.6881,3.5245,3.8601,1.0165,1.5165,24.55,32.84,0.1642,0.9587,110.0,111.28,94.557
312,cell_03,2024-03-18 18:00:00,3.6763,3.5114,3.8429,0.9957,1.4957,21.56,31.38,0.1681,0.9454,109.83,106.75,95.15
313,cell_03,2024-03-19 00:00:00,3.6928,3.5188,3.8551,1.003,1.5061,23.26,31.26,0.1653,0.9346,118.68,112.27,94.669
314,cell_03,2024-03-19 06:00:00,3.6912,3.5115,3.8437,1.0366,1.5627,26.17,34.17,0.1698,0.9643,107.98,108.1,95.033
315,cell_03,2024-03-19 12:00:00,3.6924,3.5275,3.8448,0.9828,1.4862,25.52,36.81,0.1861,0.9388,121.11,113.11,95.074
316,cell_03,2024-03-19 18:00:00,3.6892,3.5163,3.8416,1.068,1.6564,23.39,31.39,0.1578,0.9535,108.8,106.36,95.092
317,cell_03,2024-03-20 00:00:00,3.6822,3.5194,3.841,0.9505,1.4505,25.82,33.82,0.172,0.9544,120.61,115.68,94.913
318,cell_03,2024-03-20 06:00:00,3.6775,3.5143,3.8412,1.0964,1.5964,23.68,31.68,0.1599,0.9507,103.4,98.42,94.705
319,cell_03,2024-03-20 12:00:00,3.6851,3.5218,3.8497,1.0557,1.5623,26.08,34.08,0.112,0.9422,109.65,104.14,94.686
320,cell_03,2024-03-20 18:00:00,3.7005,3.5337,3.86,0.9822,1.4944,24.83,32.83,0.1469,0.9485,117.77,108.82,94.632
321,cell_03,2024-03-21 00:00:00,3.6934,3.5124,3.8464,0.9855,1.4855,24.51,33.72,0.1326,0.9405,108.92,106.79,94.056
322,cell_03,2024-03-21 06:00:00,3.6917,3.5265,3.8442,1.0103,1.5405,24.86,33.37,0.1546,0.9581,117.34,102.39,94.921
323,cell_03,2024-03-21 12:00:00,3.6818,3.5187,3.8344,1.0299,1.5423,28.84,36.84,0.1342,0.9557,108.97,103.56,94.779
324,cell_03,2024-03-21 18:00:00,3.6887,3.5261,3.8412,1.0547,1.5547,23.86,31.86,0.1621,0.9498,106.45,105.91,94.953
325,cell_03,2024-03-22 00:00:00,3.6994,3.5196,3.852,0.933,1.433,25.34,33.34,0.1696,0.9443,120.63,121.1,94.67
326,cell_03,2024-03-22 06:00:00,3.6972,3.5289,3.8673,1.0219,1.5219,26.17,35.65,0.1741,0.9711,113.32,110.98,94.741
327,cell_03,2024-03-22 12:00:00,3.6864,3.5173,3.8394,0.8942,1.3942,23.56,36.42,0.1824,0.937,124.76,116.3,94.129
328,cell_03,2024-03-22 18:00:00,3.6652,3.5007,3.8181,0.9911,1.4911,22.61,32.01,0.1165,0.9346,112.6,109.15,94.191
329,cell_03,2024-03-23 00:00:00,3.684,3.5158,3.8371,1.0727,1.5935,24.1,32.1,0.126,0.9492,100.35,100.48,93.799
330,cell_03,2024-03-23 06:00:00,3.6869,3.5232,3.8426,0.9291,1.5172,26.14,34.14,0.2086,0.9474,121.04,112.0,94.502
331,cell_03,2024-03-23 12:00:00,3.6824,3.5143,3.8352,0.92,1.4333,24.49,32.85,0.1702,0.961,118.7,117.86,94.31
332,cell_03,2024-03-23 18:00:00,3.6873,3.523,3.8401,1.011,1.511,24.65,32.65,0.1545,0.9565,115.87,104.76,94.271
333,cell_03,2024-03-24 00:00:00,3.7001,3.5366,3.8528,1.0694,1.5837,26.37,35.31,0.1506,0.9503,104.42,105.57,94.62
334,cell_03,2024-03-24 06:00:00,3.6912,3.5272,3.844,1.0163,1.5163,23.79,31.79,0.1489,0.955,116.59,103.16,94.392
335,cell_03,2024-03-24 12:00:00,3.701,3.5363,3.854,0.9048,1.4048,24.87,33.97,0.1113,0.9548,127.09,122.73,94.089
336,cell_03,2024-03-24 18:00:00,3.6778,3.516,3.8302,0.9158,1.4335,22.73,30.73,0.1346,0.971,128.04,123.56,95.283
337,cell_03,2024-03-25 00:00:00,3.6887,3.525,3.861,1.0049,1.5489,25.48,33.48,0.1478,0.9525,117.91,109.88,94.508
338,cell_03,2024-03-25 06:00:00,3.6719,3.5074,3.8265,0.941,1.441,25.34,36.28,0.1357,0.9432,116.98,110.68,94.194
339,cell_03,2024-03-25 12:00:00,3.6872,3.523,3.8454,1.0068,1.5068,26.19,34.19,0.1383,0.952,113.17,104.1,94.318
340,cell_03,2024-03-25 18:00:00,3.6812,3.4997,3.834,1.0098,1.5098,23.28,31.83,0.2012,0.9238,107.1,111.94,94.467
341,cell_03,2024-03-26 00:00:00,3.7045,3.5376,3.8573,0.9755,1.4755,24.71,34.3,0.145,0.9497,111.57,105.47,94.467
342,cell_03,2024-03-26 06:00:00,3.6965,3.5304,3.849,1.0907,1.5907,23.08,31.42,0.1556,0.9609,103.02,95.2,94.91
343,cell_03,2024-03-26 12:00:00,3.7019,3.5332,3.8797,1.0295,1.5295,24.63,32.63,0.1549,0.956,112.15,109.91,94.495
344,cell_03,2024-03-26 18:00:00,3.6883,3.5173,3.8408,1.0606,1.5606,27.22,37.92,0.1618,0.953,111.14,105.17,95.076
345,cell_03,2024-03-27 00:00:00,3.6814,3.5128,3.8378,1.046,1.5744,24.52,32.52,0.1405,0.9565,105.65,105.54,94.39
346,cell_03,2024-03-27 06:00:00,3.6815,3.5153,3.8341,0.9925,1.5156,22.95,30.95,0.1749,0.961,117.29,104.83,94.647
347,cell_03,2024-03-27 12:00:00,3.6949,3.5248,3.8475,0.9903,1.5003,23.98,31.98,0.1589,0.9643,111.74,109.04,94.826
348,cell_03,2024-03-27 18:00:00,3.7104,3.5476,3.863,0.9851,1.5259,22.58,30.58,0.1243,0.9545,109.86,113.73,94.878
349,cell_03,2024-03-28 00:00:00,3.6965,3.5129,3.8728,1.0341,1.5341,23.06,31.06,0.1478,0.9468,105.24,102.75,94.913
350,cell_03,2024-03-28 06:00:00,3.6879,3.5081,3.8466,0.9675,1.4675,26.01,34.34,0.1466,0.9269,118.14,107.68,94.438
351,cell_03,2024-03-28 12:00:00,3.6899,3.524,3.859,1.0863,1.5863,22.83,30.83,0.1456,0.9598,104.39,94.09,94.518
352,cell_03,2024-03-28 18:00:00,3.6904,3.5248,3.8435,0.9627,1.4627,25.47,34.81,0.1602,0.9552,114.21,112.48,93.775
353,cell_03,2024-03-29 00:00:00,3.712,3.536,3.8647,1.0107,1.5107,25.04,34.07,0.1627,0.9515,106.62,104.23,94.46
354,cell_03,2024-03-29 06:00:00,3.7044,3.5412,3.857,0.9885,1.4885,24.2,35.45,0.1603,0.9431,115.75,113.4,94.711
355,cell_03,2024-03-29 12:00:00,3.6946,3.5259,3.8512,0.9775,1.5327,25.34,33.34,0.1568,0.9597,119.89,107.88,94.653
356,cell_03,2024-03-29 18:00:00,3.6926,3.5285,3.8478,1.1086,1.6487,23.59,31.59,0.1517,0.9474,97.73,93.47,94.358
357,cell_03,2024-03-30 00:00:00,3.6951,3.5097,3.8477,0.978,1.5043,26.26,34.26,0.107,0.9497,119.01,115.8,94.755
358,cell_03,2024-03-30 06:00:00,3.6961,3.5315,3.8491,0.9848,1.4913,23.95,36.34,0.1656,0.9494,116.25,114.3,94.13
359,cell_03,2024-03-30 12:00:00,3.6869,3.5213,3.8493,0.9668,1.5392,24.42,33.74,0.1598,0.9545,116.47,113.04,94.03
360,cell_03,2024-03-30 18:00:00,3.6824,3.5171,3.8354,1.0021,1.5021,24.24,32.24,0.1303,0.9385,107.35,111.62,93.883
361,cell_03,2024-03-31 00:00:00,3.7009,3.5351,3.8571,0.9949,1.4949,26.03,37.42,0.1556,0.9556,117.78,103.53,93.687
362,cell_03,2024-03-31 06:00:00,3.6915,3.5271,3.8464,0.944,1.5003,25.82,36.53,0.163,0.9428,119.48,113.29,94.21
363,cell_03,2024-03-31 12:00:00,3.7007,3.5246,3.8536,0.9788,1.4802,21.07,29.07,0.1734,0.9431,114.22,106.2,94.11
364,cell_03,2024-03-31 18:00:00,3.7078,3.5433,3.8607,1.0305,1.5305,25.38,33.38,0.1602,0.9589,113.67,103.99,94.206
365,cell_03,2024-04-01 00:00:00,3.6961,3.5194,3.8491,1.0513,1.5789,22.38,30.38,0.1564,0.94,110.88,104.94,93.899
366,cell_03,2024-04-01 06:00:00,3.6939,3.5277,3.8658,1.0012,1.5012,24.49,32.49,0.1689,0.9588,114.64,110.35,93.519
367,cell_03,2024-04-01 12:00:00,3.7213,3.5535,3.886,1.0029,1.5029,24.84,32.84,0.1439,0.951,114.79,100.06,92.883
368,cell_03,2024-04-01 18:00:00,3.6925,3.5266,3.8559,0.982,1.482,24.47,33.9,0.1582,0.9335,110.14,107.45,93.642
369,cell_03,2024-04-02 00:00:00,3.6794,3.5084,3.8327,0.9749,1.491,25.75,33.75,0.1376,0.9636,118.17,115.09,93.558
370,cell_03,2024-04-02 06:00:00,3.6868,3.5159,3.8403,0.954,1.4643,26.08,34.67,0.1722,0.9531,115.08,112.29,93.095
371,cell_03,2024-04-02 12:00:00,3.7056,3.5319,3.8699,0.9222,1.498,23.84,34.18,0.1178,0.9539,126.0,112.98,93.394
372,cell_03,2024-04-02 18:00:00,3.6771,3.5078,3.8395,0.9649,1.4649,23.79,32.59,0.1663,0.9601,114.59,109.0,93.348
1,cell_04,2024-01-01 00:00:00,3.7152,3.5618,3.865,1.3508,2.0425,31.2,39.2,0.1341,0.9397,90.68,81.42,100.33
2,cell_04,2024-01-01 06:00:00,3.7031,3.5485,3.853,1.2528,1.9028,31.13,39.13,0.103,0.9446,92.39,86.89,100.114
3,cell_04,2024-01-01 12:00:00,3.7127,3.5632,3.8626,1.281,1.9765,31.54,39.54,0.1396,0.9508,93.7,91.29,100.194
4,cell_04,2024-01-01 18:00:00,3.7157,3.5648,3.8659,1.2694,1.9496,32.16,40.49,0.1084,0.9528,93.57,93.26,99.643
5,cell_04,2024-01-02 00:00:00,3.688,3.5366,3.8468,1.2683,1.9183,32.34,40.34,0.1168,0.9395,94.48,91.19,99.459
6,cell_04,2024-01-02 06:00:00,3.6939,3.5439,3.8467,1.2271,1.8771,33.42,41.42,0.1529,0.9514,96.72,97.55,99.987
7,cell_04,2024-01-02 12:00:00,3.6857,3.5199,3.8394,1.2715,1.9394,31.36,40.75,0.1006,0.954,95.91,92.0,100.414
8,cell_04,2024-01-02 18:00:00,3.7108,3.5573,3.8668,1.3325,1.9825,33.63,41.63,0.1344,0.9373,89.2,83.75,100.119
9,cell_04,2024-01-03 00:00:00,3.6857,3.5369,3.8354,1.2998,1.9498,32.59,40.59,0.1401,0.9521,93.32,85.88,100.5
10,cell_04,2024-01-03 06:00:00,3.6828,3.5338,3.8326,1.3252,2.0292,30.91,38.91,0.1262,0.9428,89.95,87.88,100.396
11,cell_04,2024-01-03 12:00:00,3.689,3.5331,3.8571,1.2752,1.9252,28.5,36.5,0.1176,0.9512,97.89,91.06,100.006
12,cell_04,2024-01-03 18:00:00,3.6831,3.5271,3.8422,1.3451,1.9951,31.13,39.5,0.1625,0.9572,88.39,85.26,100.355
13,cell_04,2024-01-04 00:00:00,3.7034,3.5545,3.8693,1.2746,1.9246,33.34,41.34,0.1197,0.9482,96.76,90.1,100.457
14,cell_04,2024-01-04 06:00:00,3.6891,3.533,3.8495,1.1946,1.8701,29.84,37.84,0.1241,0.9591,101.57,94.57,99.976
15,cell_04,2024-01-04 12:00:00,3.683,3.5327,3.833,1.3158,1.9658,31.12,39.12,0.1133,0.9579,90.07,85.19,99.909
16,cell_04,2024-01-04 18:00:00,3.6996,3.539,3.8496,1.3384,1.9884,31.25,39.25,0.123,0.9591,92.43,86.39,100.015
17,cell_04,2024-01-05 00:00:00,3.699,3.5372,3.8494,1.272,1.922,32.41,43.68,0.1393,0.954,97.63,91.26,99.249
18,cell_04,2024-01-05 06:00:00,3.6814,3.5315,3.8377,1.36,2.01,30.42,38.82,0.1145,0.961,90.59,86.64,100.057
19,cell_04,2024-01-05 12:00:00,3.6931,3.5436,3.8431,1.2575,1.9436,29.7,38.7,0.0778,0.9539,99.9,88.99,100.189
20,cell_04,2024-01-05 18:00:00,3.6993,3.529,3.8493,1.3335,2.0206,31.86,39.86,0.1303,0.9333,89.43,88.72,100.016
21,cell_04,2024-01-06 00:00:00,3.6965,3.5374,3.8465,1.3872,2.0372,29.88,38.33,0.0984,0.9421,90.15,80.53,100.076
22,cell_04,2024-01-06 06:00:00,3.6966,3.5465,3.8467,1.3018,1.9785,28.25,36.25,0.1348,0.9479,95.61,85.74,99.96
23,cell_04,2024-01-06 12:00:00,3.7109,3.5593,3.8612,1.2887,1.9387,33.76,41.82,0.12,0.9491,94.96,90.74,99.374
24,cell_04,2024-01-06 18:00:00,3.7217,3.5701,3.8716,1.2947,2.0128,32.39,41.69,0.1389,0.9536,95.97,92.57,100.184
25,cell_04,2024-01-07 00:00:00,3.6962,3.5452,3.8549,1.3814,2.0314,33.83,41.83,0.101,0.9419,88.49,85.91,99.575
26,cell_04,2024-01-07 06:00:00,3.686,3.5348,3.8363,1.3201,1.9701,32.31,40.31,0.1093,0.9701,90.56,82.41,99.5
27,cell_04,2024-01-07 12:00:00,3.6978,3.548,3.8477,1.4072,2.1019,32.02,40.02,0.1132,0.949,85.8,79.28,100.093
28,cell_04,2024-01-07 18:00:00,3.7019,3.5519,3.8538,1.314,1.964,31.55,39.55,0.0904,0.9499,90.56,89.12,99.979
29,cell_04,2024-01-08 00:00:00,3.6991,3.5373,3.858,1.2673,1.9173,30.72,39.07,0.1422,0.9433,96.02,92.64,99.767
30,cell_04,2024-01-08 06:00:00,3.7052,3.5353,3.8555,1.2708,1.9376,31.77,39.77,0.0875,0.94,92.19,89.18,99.373
31,cell_04,2024-01-08 12:00:00,3.7203,3.5673,3.8856,1.3031,1.9531,30.17,41.17,0.1419,0.9487,93.16,82.03,98.796
32,cell_04,2024-01-08 18:00:00,3.6815,3.5293,3.832,1.1979,1.8517,29.4,42.75,0.1285,0.9503,99.34,94.34,99.118
33,cell_04,2024-01-09 00:00:00,3.6942,3.5392,3.8445,1.2763,1.953,30.5,38.5,0.116,0.9491,92.21,84.52,99.531
34,cell_04,2024-01-09 06:00:00,3.7138,3.5449,3.8644,1.2774,1.9456,32.94,41.53,0.1269,0.9666,89.67,86.27,98.939
35,cell_04,2024-01-09 12:00:00,3.693,3.5402,3.8436,1.312,1.962,29.15,39.23,0.1264,0.9487,88.2,87.3,98.843
36,cell_04,2024-01-09 18:00:00,3.7066,3.5461,3.8604,1.3971,2.0967,29.18,37.18,0.112,0.9491,86.37,77.81,99.166
37,cell_04,2024-01-10 00:00:00,3.7051,3.553,3.8555,1.3027,1.9527,31.89,39.89,0.126,0.9582,90.16,88.73,99.173
38,cell_04,2024-01-10 06:00:00,3.7114,3.5595,3.8617,1.2039,1.8539,30.38,41.85,0.1346,0.9483,94.4,95.27,99.337
39,cell_04,2024-01-10 12:00:00,3.7172,3.564,3.8717,1.2543,1.9043,31.73,41.1,0.1011,0.9554,92.85,89.07,98.729
40,cell_04,2024-01-10 18:00:00,3.7009,3.5467,3.8599,1.3131,1.9779,32.48,41.12,0.1269,0.9372,88.7,84.26,98.377
41,cell_04,2024-01-11 00:00:00,3.6817,3.5302,3.8425,1.3046,1.9546,31.69,42.59,0.0675,0.9373,89.01,90.66,99.419
42,cell_04,2024-01-11 06:00:00,3.6912,3.5322,3.8506,1.3812,2.0927,30.05,39.59,0.0814,0.9512,84.02,82.02,98.817
43,cell_04,2024-01-11 12:00:00,3.7203,3.5499,3.8708,1.348,2.0128,32.92,40.92,0.1313,0.9477,89.9,87.12,98.959
44,cell_04,2024-01-11 18:00:00,3.6836,3.5298,3.8371,1.3465,2.0003,32.11,40.11,0.1116,0.9419,89.93,82.61,98.487
45,cell_04,2024-01-12 00:00:00,3.7041,3.5528,3.8594,1.2891,1.9522,31.04,39.04,0.1029,0.9512,96.82,88.82,99.449
46,cell_04,2024-01-12 06:00:00,3.6737,3.5218,3.8241,1.355,2.0416,30.97,41.38,0.1189,0.9521,84.54,87.5,99.247
47,cell_04,2024-01-12 12:00:00,3.6853,3.5304,3.8374,1.2552,1.9172,31.56,40.93,0.1121,0.9429,93.08,86.56,99.235
48,cell_04,2024-01-12 18:00:00,3.7077,3.5538,3.8581,1.3484,1.9984,30.53,38.53,0.1002,0.9448,84.58,81.8,99.233
49,cell_04,2024-01-13 00:00:00,3.6981,3.5445,3.8489,1.2859,1.9904,28.55,40.09,0.0872,0.9522,92.99,91.18,98.524
50,cell_04,2024-01-13 06:00:00,3.6945,3.5267,3.8488,1.2276,1.8836,32.13,40.13,0.0806,0.9398,91.95,91.04,98.847
51,cell_04,2024-01-13 12:00:00,3.6904,3.5365,3.8559,1.3297,2.0139,32.04,42.01,0.1348,0.944,86.72,82.85,99.007
52,cell_04,2024-01-13 18:00:00,3.6784,3.5257,3.8405,1.3699,2.0199,27.55,35.99,0.1116,0.9553,87.4,86.63,98.918
53,cell_04,2024-01-14 00:00:00,3.7055,3.5532,3.8626,1.2797,1.9297,31.77,43.63,0.1394,0.9498,91.58,84.55,99.061
54,cell_04,2024-01-14 06:00:00,3.696,3.544,3.8472,1.3781,2.0281,33.63,43.14,0.1113,0.9452,86.77,83.04,99.216
55,cell_04,2024-01-14 12:00:00,3.6839,3.5293,3.8342,1.2172,1.8672,29.31,37.4,0.1271,0.941,99.41,95.96,99.444
56,cell_04,2024-01-14 18:00:00,3.6983,3.5426,3.849,1.2402,1.916,30.89,38.89,0.1175,0.9399,98.74,93.47,98.698
57,cell_04,2024-01-15 00:00:00,3.7045,3.5524,3.855,1.2927,2.0076,30.73,38.73,0.1209,0.9487,91.05,86.9,99.14
58,cell_04,2024-01-15 06:00:00,3.6969,3.5451,3.8473,1.2815,1.9466,33.49,41.49,0.1219,0.9703,90.9,84.07,99.268
59,cell_04,2024-01-15 12:00:00,3.6993,3.5463,3.8557,1.2666,1.9166,32.68,40.68,0.1111,0.9557,93.94,92.09,98.777
60,cell_04,2024-01-15 18:00:00,3.6983,3.5449,3.8585,1.3067,1.9567,29.68,38.3,0.0954,0.9367,86.68,88.79,98.635
61,cell_04,2024-01-16 00:00:00,3.6912,3.5383,3.8491,1.2736,1.9916,31.51,39.51,0.1353,0.9571,88.86,86.02,98.833
62,cell_04,2024-01-16 06:00:00,3.6986,3.5413,3.8611,1.2821,1.9321,34.45,42.45,0.1519,0.9424,91.94,86.29,98.696
63,cell_04,2024-01-16 12:00:00,3.7057,3.5529,3.857,1.3139,2.069,30.06,38.06,0.1532,0.95,87.77,85.92,98.895
64,cell_04,2024-01-16 18:00:00,3.7077,3.5533,3.8586,1.2666,2.0104,30.98,39.09,0.1089,0.9441,88.49,84.83,98.244
65,cell_04,2024-01-17 00:00:00,3.7051,3.5504,3.856,1.2947,2.0514,31.77,39.79,0.1053,0.9702,92.58,89.31,98.122
66,cell_04,2024-01-17 06:00:00,3.69,3.5347,3.8411,1.2677,1.9368,30.08,41.56,0.1089,0.9387,95.56,91.91,97.863
67,cell_04,2024-01-17 12:00:00,3.7038,3.5403,3.8612,1.2397,1.8897,33.64,42.97,0.1165,0.9531,91.79,88.56,98.289
68,cell_04,2024-01-17 18:00:00,3.702,3.5456,3.8529,1.3382,2.006,30.29,42.51,0.119,0.9431,88.66,87.43,98.245
69,cell_04,2024-01-18 00:00:00,3.6898,3.5346,3.8408,1.3854,2.0808,28.92,36.92,0.1,0.9574,88.92,83.13,97.917
70,cell_04,2024-01-18 06:00:00,3.6929,3.5358,3.8507,1.3532,2.0032,30.21,39.78,0.0904,0.9529,85.23,84.87,98.39
71,cell_04,2024-01-18 12:00:00,3.7042,3.5362,3.8551,1.3166,1.9666,31.98,39.98,0.121,0.9625,91.62,89.28,98.254
72,cell_04,2024-01-18 18:00:00,3.7103,3.5496,3.8711,1.2679,1.9179,29.8,37.8,0.0494,0.9572,89.32,86.2,97.676
73,cell_04,2024-01-19 00:00:00,3.6784,3.5199,3.8295,1.2857,1.9357,31.45,43.74,0.118,0.9431,95.09,90.38,97.655
74,cell_04,2024-01-19 06:00:00,3.7129,3.5506,3.8671,1.3529,2.0649,31.84,39.84,0.1011,0.9792,82.29,78.8,97.644
75,cell_04,2024-01-19 12:00:00,3.7077,3.5511,3.859,1.1859,1.8359,29.19,37.19,0.1356,0.9556,96.5,93.38,97.37
76,cell_04,2024-01-19 18:00:00,3.6997,3.5441,3.8587,1.2818,1.9366,30.15,38.15,0.141,0.9445,96.58,88.06,98.475
77,cell_04,2024-01-20 00:00:00,3.6942,3.5385,3.8453,1.3367,2.0359,31.52,39.52,0.1414,0.9521,89.24,80.05,97.739
78,cell_04,2024-01-20 06:00:00,3.7003,3.5444,3.8515,1.2431,1.9571,32.05,40.05,0.1131,0.9563,91.52,91.76,97.616
79,cell_04,2024-01-20 12:00:00,3.6899,3.5303,3.8486,1.3212,1.9816,30.19,38.19,0.0973,0.9559,91.17,83.94,97.536
80,cell_04,2024-01-20 18:00:00,3.6949,3.5358,3.846,1.3188,1.9881,31.23,39.3,0.1037,0.955,92.49,84.1,97.757
81,cell_04,2024-01-21 00:00:00,3.6817,3.5259,3.8329,1.2273,1.8773,30.57,38.57,0.1258,0.9597,95.37,91.5,97.665
82,cell_04,2024-01-21 06:00:00,3.68,3.5154,3.8309,1.3043,2.0055,32.09,42.48,0.0871,0.9587,87.33,82.61,98.305
83,cell_04,2024-01-21 12:00:00,3.7196,3.5633,3.88,1.2691,1.9823,31.78,39.78,0.1479,0.9415,89.96,84.81,97.499
84,cell_04,2024-01-21 18:00:00,3.6967,3.5403,3.851,1.3208,1.9708,30.44,38.44,0.1134,0.9711,92.42,81.25,97.412
85,cell_04,2024-01-22 00:00:00,3.6991,3.5442,3.8525,1.3335,2.0716,31.72,39.72,0.13,0.9697,85.23,87.8,98.039
86,cell_04,2024-01-22 06:00:00,3.6961,3.5401,3.8473,1.3199,1.9699,30.38,40.03,0.0844,0.958,87.07,86.72,97.604
87,cell_04,2024-01-22 12:00:00,3.6881,3.5286,3.8443,1.3036,1.9834,31.69,40.39,0.1015,0.9504,86.63,85.58,97.569
88,cell_04,2024-01-22 18:00:00,3.6931,3.5366,3.8444,1.3144,1.9683,31.71,42.08,0.0819,0.9506,85.44,85.92,97.428
89,cell_04,2024-01-23 00:00:00,3.6969,3.5303,3.8482,1.2412,1.8912,34.56,42.56,0.1404,0.9468,94.28,90.78,97.301
90,cell_04,2024-01-23 06:00:00,3.6939,3.5274,3.8453,1.2985,1.9485,30.5,38.5,0.1168,0.9481,88.94,83.24,97.246
91,cell_04,2024-01-23 12:00:00,3.6877,3.5298,3.8393,1.2602,1.9102,30.79,39.61,0.1314,0.9281,88.03,83.79,96.838
92,cell_04,2024-01-23 18:00:00,3.6999,3.5418,3.8622,1.3516,2.0278,30.03,40.09,0.1213,0.9653,82.86,82.08,96.76
93,cell_04,2024-01-24 00:00:00,3.6972,3.5339,3.851,1.3342,1.9842,29.45,39.1,0.1294,0.9618,83.08,80.69,96.845
94,cell_04,2024-01-24 06:00:00,3.699,3.5311,3.8507,1.334,1.984,30.32,38.96,0.1133,0.9332,82.88,85.91,96.73
95,cell_04,2024-01-24 12:00:00,3.7028,3.5456,3.8553,1.3857,2.0357,32.0,40.46,0.1159,0.9589,81.42,77.69,97.136
96,cell_04,2024-01-24 18:00:00,3.6931,3.5315,3.8458,1.2835,1.9335,32.11,40.11,0.1182,0.9499,92.43,86.37,96.507
97,cell_04,2024-01-25 00:00:00,3.6937,3.536,3.8459,1.2725,1.9225,31.44,40.26,0.1281,0.948,86.95,86.09,96.912
98,cell_04,2024-01-25 06:00:00,3.7103,3.5528,3.8636,1.2823,1.9566,30.56,42.63,0.1286,0.9549,88.99,88.43,96.995
99,cell_04,2024-01-25 12:00:00,3.6861,3.5178,3.8376,1.2199,1.8699,30.26,38.26,0.1762,0.9326,96.07,94.98,97.035
100,cell_04,2024-01-25 18:00:00,3.677,3.4898,3.8295,1.2238,1.9226,29.62,37.62,0.1536,0.9499,97.6,89.67,97.166
101,cell_04,2024-01-26 00:00:00,3.701,3.5433,3.8525,1.3311,1.9811,30.16,38.16,0.0844,0.9508,88.96,79.05,96.949
102,cell_04,2024-01-26 06:00:00,3.689,3.5311,3.8463,1.2302,1.8802,29.06,37.84,0.1171,0.9508,99.08,91.27,96.846
103,cell_04,2024-01-26 12:00:00,3.6854,3.5289,3.8366,1.2463,1.8971,33.04,41.04,0.1119,0.9363,91.7,85.64,97.42
104,cell_04,2024-01-26 18:00:00,3.7043,3.546,3.8676,1.2949,2.0147,33.76,41.76,0.1456,0.9545,85.35,81.8,96.95
105,cell_04,2024-01-27 00:00:00,3.6948,3.5384,3.846,1.2794,1.9294,28.1,37.86,0.1137,0.9606,87.2,88.33,97.472
106,cell_04,2024-01-27 06:00:00,3.6828,3.5252,3.8511,1.3443,2.0771,31.43,39.43,0.1293,0.9541,83.06,78.78,96.949
107,cell_04,2024-01-27 12:00:00,3.7149,3.5575,3.8664,1.303,2.001,31.41,39.78,0.0733,0.9477,93.62,81.58,97.042
108,cell_04,2024-01-27 18:00:00,3.6791,3.5171,3.8307,1.2601,1.9101,31.31,43.53,0.0897,0.9769,92.83,87.01,96.797
109,cell_04,2024-01-28 00:00:00,3.6945,3.5368,3.849,1.3486,2.0577,30.11,38.77,0.1618,0.9408,88.81,81.51,96.908
110,cell_04,2024-01-28 06:00:00,3.6762,3.518,3.834,1.3364,1.9864,32.53,40.53,0.121,0.9577,91.05,86.09,96.713
111,cell_04,2024-01-28 12:00:00,3.698,3.5402,3.8496,1.2295,1.8937,31.62,39.62,0.1,0.9524,97.8,87.7,96.868
112,cell_04,2024-01-28 18:00:00,3.6895,3.5328,3.8498,1.3126,1.9626,32.55,40.55,0.1249,0.9701,88.13,83.62,97.298
113,cell_04,2024-01-29 00:00:00,3.7039,3.5468,3.8553,1.2642,1.9626,29.89,37.89,0.0989,0.9539,95.68,89.52,97.154
114,cell_04,2024-01-29 06:00:00,3.6956,3.5384,3.847,1.2629,1.9129,28.93,37.13,0.1143,0.956,91.7,90.72,97.156
115,cell_04,2024-01-29 12:00:00,3.7082,3.5428,3.8599,1.3935,2.0435,31.65,39.65,0.0909,0.9551,79.84,77.64,96.436
116,cell_04,2024-01-29 18:00:00,3.6904,3.5316,3.8422,1.3062,1.9902,29.56,39.89,0.1042,0.9394,89.07,85.37,96.485
117,cell_04,2024-01-30 00:00:00,3.6793,3.5216,3.8309,1.2891,1.9915,32.58,40.58,0.1117,0.9413,93.96,86.81,96.904
118,cell_04,2024-01-30 06:00:00,3.698,3.5304,3.8494,1.3042,1.9542,27.81,35.81,0.1424,0.9472,91.85,83.09,97.07
119,cell_04,2024-01-30 12:00:00,3.6925,3.53,3.8442,1.3437,2.0314,30.3,38.73,0.1293,0.9596,85.5,78.73,96.683
120,cell_04,2024-01-30 18:00:00,3.6768,3.5183,3.8392,1.2649,1.9149,30.08,38.76,0.1328,0.9523,94.92,88.76,96.63
121,cell_04,2024-01-31 00:00:00,3.6849,3.5272,3.8364,1.2735,1.9235,30.5,38.8,0.1195,0.9479,91.02,84.66,96.937
122,cell_04,2024-01-31 06:00:00,3.6877,3.5295,3.8394,1.3328,1.9828,31.39,39.39,0.1365,0.9637,88.69,81.15,96.724
123,cell_04,2024-01-31 12:00:00,3.7108,3.5461,3.8744,1.2242,1.9159,31.59,39.76,0.1025,0.9302,93.34,90.86,96.836
124,cell_04,2024-01-31 18:00:00,3.7017,3.5426,3.8564,1.3495,1.9995,31.96,39.96,0.1053,0.937,83.09,78.51,96.386
125,cell_04,2024-02-01 00:00:00,3.6911,3.532,3.8484,1.2197,1.8697,32.13,41.86,0.1282,0.925,93.03,87.61,96.363
126,cell_04,2024-02-01 06:00:00,3.6999,3.5419,3.856,1.2877,1.9405,30.74,40.19,0.1144,0.9621,93.59,85.21,96.803
127,cell_04,2024-02-01 12:00:00,3.6743,3.5154,3.8306,1.2201,1.8712,34.16,42.64,0.1197,0.949,99.5,93.7,96.44
128,cell_04,2024-02-01 18:00:00,3.6889,3.5156,3.8589,1.2472,1.9283,33.08,41.71,0.1167,0.9597,90.5,90.58,96.335
129,cell_04,2024-02-02 00:00:00,3.6984,3.5324,3.8512,1.3649,2.0149,30.53,41.24,0.1451,0.9489,81.79,78.84,96.245
130,cell_04,2024-02-02 06:00:00,3.6962,3.5371,3.848,1.3522,2.0022,30.79,41.1,0.1461,0.9602,81.85,79.55,96.365
131,cell_04,2024-02-02 12:00:00,3.6898,3.5298,3.8478,1.3576,2.0138,30.5,39.05,0.1075,0.9487,87.72,85.44,96.781
132,cell_04,2024-02-02 18:00:00,3.6928,3.5217,3.8451,1.2276,1.8776,31.54,43.84,0.0848,0.9541,93.57,90.07,95.449
133,cell_04,2024-02-03 00:00:00,3.6975,3.5372,3.8495,1.2474,1.8974,29.54,37.54,0.1058,0.9526,92.95,89.53,96.09
134,cell_04,2024-02-03 06:00:00,3.6934,3.5171,3.8493,1.317,1.967,29.82,37.82,0.1021,0.9534,83.22,78.95,95.689
135,cell_04,2024-02-03 12:00:00,3.7024,3.5128,3.8544,1.3358,1.9862,27.75,35.75,0.1366,0.9668,82.49,78.39,95.839
136,cell_04,2024-02-03 18:00:00,3.697,3.5366,3.849,1.26,1.9106,30.4,38.4,0.1384,0.9338,95.07,84.84,95.848
137,cell_04,2024-02-04 00:00:00,3.6989,3.5384,3.8557,1.2711,1.9211,32.6,40.6,0.0994,0.9493,91.16,89.04,95.826
138,cell_04,2024-02-04 06:00:00,3.71,3.5482,3.8624,1.2434,1.8934,30.77,38.77,0.1049,0.952,89.36,91.12,95.274
139,cell_04,2024-02-04 12:00:00,3.7011,3.5392,3.8632,1.3829,2.0329,30.86,39.54,0.0904,0.9505,80.21,75.95,95.227
140,cell_04,2024-02-04 18:00:00,3.7102,3.5356,3.8626,1.2763,1.9412,31.42,39.42,0.1227,0.946,87.17,86.93,95.175
141,cell_04,2024-02-05 00:00:00,3.6869,3.5262,3.839,1.3016,2.0138,29.5,37.5,0.1191,0.9447,84.42,87.16,95.742
142,cell_04,2024-02-05 06:00:00,3.6771,3.5067,3.8485,1.3042,1.9542,31.04,39.12,0.1358,0.9653,83.79,86.67,95.353
143,cell_04,2024-02-05 12:00:00,3.6916,3.5191,3.8439,1.3553,2.0364,32.34,40.58,0.1299,0.9493,86.24,79.82,95.308
144,cell_04,2024-02-05 18:00:00,3.6905,3.5284,3.8429,1.2524,1.9024,31.46,40.89,0.1322,0.9744,89.02,84.42,95.153
145,cell_04,2024-02-06 00:00:00,3.7074,3.5455,3.8783,1.3584,2.0347,32.47,40.47,0.0892,0.9553,83.15,83.75,95.224
146,cell_04,2024-02-06 06:00:00,3.6814,3.5019,3.8339,1.2361,1.9453,32.9,42.64,0.1075,0.9471,92.72,85.69,95.154
147,cell_04,2024-02-06 12:00:00,3.6926,3.5315,3.8583,1.3583,2.0083,31.99,39.99,0.139,0.9555,82.92,78.13,95.576
148,cell_04,2024-02-06 18:00:00,3.6967,3.5345,3.8557,1.2142,1.9115,29.93,37.93,0.1092,0.9511,93.81,86.54,95.12
149,cell_04,2024-02-07 00:00:00,3.693,3.5296,3.8456,1.2948,1.9448,30.48,41.88,0.0874,0.9634,90.92,83.62,94.645
150,cell_04,2024-02-07 06:00:00,3.691,3.5289,3.8434,1.3813,2.0377,33.9,41.9,0.1362,0.9383,80.55,75.28,95.149
151,cell_04,2024-02-07 12:00:00,3.6962,3.5187,3.8486,1.3349,1.9849,31.47,39.47,0.1085,0.932,87.93,81.78,95.047
152,cell_04,2024-02-07 18:00:00,3.7032,3.5338,3.8557,1.3211,1.9734,31.27,39.27,0.1413,0.9536,84.22,85.77,94.956
153,cell_04,2024-02-08 00:00:00,3.7085,3.5452,3.8631,1.2476,1.8976,29.71,37.71,0.1196,0.9584,88.89,87.22,95.405
154,cell_04,2024-02-08 06:00:00,3.6918,3.5117,3.847,1.2633,1.9351,30.86,39.14,0.1145,0.9529,85.76,89.28,94.311
155,cell_04,2024-02-08 12:00:00,3.6852,3.5103,3.8621,1.3672,2.0965,32.07,41.49,0.1473,0.9567,85.46,83.12,95.604
156,cell_04,2024-02-08 18:00:00,3.7085,3.5438,3.8636,1.3236,1.9736,31.02,39.02,0.0939,0.9553,85.77,84.74,95.448
157,cell_04,2024-02-09 00:00:00,3.6816,3.4912,3.8405,1.3445,2.004,30.22,38.22,0.1487,0.9352,87.03,81.42,94.943
158,cell_04,2024-02-09 06:00:00,3.7104,3.5479,3.8746,1.3037,1.9965,30.57,38.57,0.1072,0.9528,84.23,86.4,94.996
159,cell_04,2024-02-09 12:00:00,3.706,3.5327,3.8639,1.2859,1.9359,32.79,40.79,0.1232,0.9632,89.63,84.76,95.059
160,cell_04,2024-02-09 18:00:00,3.7075,3.5452,3.86,1.3383,2.0564,32.0,40.0,0.1234,0.9517,81.09,78.48,95.067
161,cell_04,2024-02-10 00:00:00,3.6989,3.5267,3.8516,1.313,1.963,31.8,41.27,0.1115,0.9369,84.26,85.92,94.718
162,cell_04,2024-02-10 06:00:00,3.6705,3.5066,3.8233,1.2915,1.9415,31.66,41.27,0.1048,0.9467,88.7,83.37,94.423
163,cell_04,2024-02-10 12:00:00,3.6829,3.5172,3.8396,1.2293,1.8793,29.23,37.23,0.1126,0.9556,89.12,92.4,95.542
164,cell_04,2024-02-10 18:00:00,3.6959,3.5099,3.8483,1.3477,2.004,31.41,40.29,0.0997,0.968,83.72,79.62,95.195
165,cell_04,2024-02-11 00:00:00,3.6857,3.5135,3.8444,1.322,1.9722,32.6,42.35,0.1592,0.9304,86.72,80.47,94.955
166,cell_04,2024-02-11 06:00:00,3.6893,3.5219,3.8418,1.2697,1.9515,30.61,38.81,0.1104,0.9536,91.79,87.65,94.961
167,cell_04,2024-02-11 12:00:00,3.6988,3.5365,3.8527,1.359,2.009,32.47,43.25,0.1432,0.9407,85.7,80.9,95.094
168,cell_04,2024-02-11 18:00:00,3.691,3.5269,3.859,1.3122,1.9622,31.82,39.82,0.1405,0.9551,83.94,82.12,95.13
169,cell_04,2024-02-12 00:00:00,3.6792,3.5149,3.8321,1.3132,1.9863,32.24,40.24,0.1273,0.9559,82.5,85.11,94.282
170,cell_04,2024-02-12 06:00:00,3.7011,3.5292,3.8721,1.3442,2.0641,31.08,39.08,0.1173,0.9477,83.59,80.54,94.803
171,cell_04,2024-02-12 12:00:00,3.6973,3.5256,3.8516,1.3334,2.0149,32.33,41.62,0.1239,0.9563,83.08,76.87,94.771
172,cell_04,2024-02-12 18:00:00,3.6898,3.5269,3.8424,1.3147,2.0571,28.8,36.8,0.1314,0.9614,84.9,83.93,94.86
173,cell_04,2024-02-13 00:00:00,3.6998,3.521,3.8534,1.2906,1.9683,31.05,41.95,0.122,0.9484,87.07,80.17,95.139
174,cell_04,2024-02-13 06:00:00,3.6925,3.5132,3.8453,1.3992,2.0751,32.07,41.19,0.0887,0.9366,80.1,76.74,94.371
175,cell_04,2024-02-13 12:00:00,3.7051,3.5398,3.8578,1.2633,1.9473,31.44,42.95,0.0836,0.9643,89.93,82.51,94.503
176,cell_04,2024-02-13 18:00:00,3.6936,3.5247,3.855,1.3373,2.0617,32.64,40.64,0.1502,0.9583,80.81,78.54,94.703
177,cell_04,2024-02-14 00:00:00,3.7057,3.5431,3.8801,1.2958,2.0077,30.76,38.76,0.0673,0.9556,86.16,87.76,94.954
178,cell_04,2024-02-14 06:00:00,3.674,3.5119,3.8312,1.3227,1.9727,30.18,39.49,0.1239,0.9431,84.29,78.67,95.158
179,cell_04,2024-02-14 12:00:00,3.6977,3.5362,3.8554,1.3617,2.0517,28.54,38.6,0.1153,0.9599,81.85,82.03,95.397
180,cell_04,2024-02-14 18:00:00,3.6883,3.5253,3.8408,1.2844,1.9477,30.59,38.59,0.1232,0.9704,91.15,85.38,94.822
181,cell_04,2024-02-15 00:00:00,3.6841,3.522,3.8481,1.3301,1.9801,31.78,39.78,0.0972,0.9488,83.71,78.94,95.157
182,cell_04,2024-02-15 06:00:00,3.7031,3.5389,3.8559,1.3133,1.9633,32.14,40.14,0.127,0.9509,83.19,85.64,94.338
183,cell_04,2024-02-15 12:00:00,3.7003,3.5303,3.8559,1.2679,1.9179,28.9,37.42,0.1241,0.9393,92.37,82.11,94.287
184,cell_04,2024-02-15 18:00:00,3.6711,3.4962,3.8241,1.3629,2.0129,32.76,43.84,0.1752,0.9428,81.9,78.85,94.117
185,cell_04,2024-02-16 00:00:00,3.6982,3.5332,3.8512,1.3356,1.9856,29.54,37.54,0.1226,0.9393,81.79,82.69,94.005
186,cell_04,2024-02-16 06:00:00,3.6966,3.5312,3.8534,1.2783,1.9283,30.82,38.82,0.147,0.9513,90.27,85.98,93.805
187,cell_04,2024-02-16 12:00:00,3.6834,3.5179,3.8456,1.3552,2.0409,30.15,38.15,0.09,0.9466,84.35,77.4,93.785
188,cell_04,2024-02-16 18:00:00,3.683,3.5186,3.8452,1.2584,1.9084,31.63,43.47,0.1404,0.9537,93.85,88.41,94.229
189,cell_04,2024-02-17 00:00:00,3.6753,3.5105,3.8282,1.2986,1.9527,31.14,43.66,0.1245,0.9411,90.25,86.64,94.108
190,cell_04,2024-02-17 06:00:00,3.6876,3.5081,3.8406,1.2785,1.9285,32.02,40.87,0.1254,0.9483,89.94,83.59,94.0
191,cell_04,2024-02-17 12:00:00,3.6897,3.5255,3.8484,1.3376,2.0025,33.77,43.56,0.1257,0.9405,81.75,81.68,94.324
192,cell_04,2024-02-17 18:00:00,3.6991,3.5342,3.852,1.276,1.9514,31.6,41.34,0.1541,0.9519,88.31,82.84,94.065
193,cell_04,2024-02-18 00:00:00,3.6935,3.5198,3.8555,1.3379,1.9879,30.13,38.13,0.1251,0.9337,80.97,78.74,93.851
194,cell_04,2024-02-18 06:00:00,3.6805,3.5156,3.8334,1.3297,1.9797,31.69,41.09,0.1043,0.9515,85.29,80.37,94.045
195,cell_04,2024-02-18 12:00:00,3.6939,3.5299,3.8468,1.2812,1.9312,33.92,41.92,0.1077,0.9472,92.07,81.29,94.371
196,cell_04,2024-02-18 18:00:00,3.6879,3.5017,3.8411,1.3915,2.0669,31.98,39.98,0.1363,0.9518,76.74,78.24,93.636
197,cell_04,2024-02-19 00:00:00,3.6817,3.5129,3.8395,1.2627,1.9209,32.42,42.7,0.1289,0.9335,92.69,81.88,94.006
198,cell_04,2024-02-19 06:00:00,3.675,3.5005,3.828,1.2295,1.8795,28.61,36.77,0.0894,0.9565,92.03,82.55,93.927
199,cell_04,2024-02-19 12:00:00,3.6968,3.5262,3.85,1.3428,1.9928,31.58,41.79,0.1303,0.947,80.83,79.05,93.715
200,cell_04,2024-02-19 18:00:00,3.6952,3.5283,3.85,1.1925,1.8587,30.6,41.2,0.0984,0.9522,97.8,85.72,93.855
201,cell_04,2024-02-20 00:00:00,3.6958,3.5168,3.8543,1.3746,2.0417,29.98,37.98,0.1288,0.9313,81.9,78.03,93.472
202,cell_04,2024-02-20 06:00:00,3.6837,3.4996,3.8468,1.3051,1.9551,30.97,38.97,0.1039,0.9376,85.96,82.26,93.976
203,cell_04,2024-02-20 12:00:00,3.692,3.5258,3.8452,1.2287,1.8787,31.16,41.49,0.1144,0.9461,91.35,83.47,93.534
204,cell_04,2024-02-20 18:00:00,3.6776,3.5133,3.8383,1.2526,1.9026,30.06,40.47,0.1091,0.9638,87.12,83.5,94.265
205,cell_04,2024-02-21 00:00:00,3.6806,3.5148,3.8387,1.2183,1.8683,31.28,39.8,0.1504,0.9553,88.7,83.27,93.676
206,cell_04,2024-02-21 06:00:00,3.6906,3.5245,3.8571,1.3191,2.0722,30.74,39.52,0.128,0.9513,86.46,81.63,93.532
207,cell_04,2024-02-21 12:00:00,3.6937,3.519,3.8467,1.2337,1.8837,32.05,41.84,0.1452,0.9408,94.97,85.02,94.052
208,cell_04,2024-02-21 18:00:00,3.6738,3.5047,3.8271,1.3251,1.9896,31.34,41.09,0.1779,0.9389,86.22,82.15,93.394
209,cell_04,2024-02-22 00:00:00,3.6796,3.4941,3.8329,1.2848,1.9581,31.56,39.56,0.1209,0.9528,90.29,84.08,93.479
210,cell_04,2024-02-22 06:00:00,3.6861,3.508,3.8404,1.2762,1.9963,32.47,42.38,0.15,0.957,90.61,82.1,93.155
211,cell_04,2024-02-22 12:00:00,3.7007,3.5223,3.8589,1.3255,1.9755,31.83,39.83,0.106,0.9521,81.2,76.86,94.096
212,cell_04,2024-02-22 18:00:00,3.6833,3.5189,3.8361,1.3312,2.0482,30.99,39.48,0.1451,0.9671,87.28,79.2,94.265
213,cell_04,2024-02-23 00:00:00,3.6912,3.5242,3.8446,1.3573,2.0073,27.87,36.27,0.1038,0.9432,84.64,76.84,93.202
214,cell_04,2024-02-23 06:00:00,3.6926,3.5263,3.8546,1.2683,2.0434,31.77,39.77,0.1196,0.9518,87.1,82.52,93.459
215,cell_04,2024-02-23 12:00:00,3.6881,3.5092,3.8412,1.2985,1.9666,29.63,37.63,0.1307,0.9331,85.83,86.21,93.725
216,cell_04,2024-02-23 18:00:00,3.6926,3.5259,3.846,1.2682,1.9182,30.87,43.34,0.1339,0.9521,90.45,80.9,93.299
217,cell_04,2024-02-24 00:00:00,3.6767,3.5103,3.8491,1.3081,1.9581,31.56,39.56,0.0945,0.9647,89.89,79.46,93.445
218,cell_04,2024-02-24 06:00:00,3.6836,3.5171,3.8369,1.2611,1.9779,33.0,41.74,0.1027,0.9396,93.23,87.4,93.419
219,cell_04,2024-02-24 12:00:00,3.7047,3.5111,3.8703,1.2788,1.9329,33.76,42.92,0.1322,0.9584,87.58,87.15,93.576
220,cell_04,2024-02-24 18:00:00,3.7048,3.5377,3.8684,1.279,1.929,29.62,37.62,0.1126,0.9644,89.94,82.76,93.166
221,cell_04,2024-02-25 00:00:00,3.6987,3.5272,3.8519,1.3147,2.0006,29.03,38.37,0.0921,0.9431,85.07,81.43,93.512
222,cell_04,2024-02-25 06:00:00,3.7007,3.5335,3.8541,1.3001,1.9501,31.49,40.15,0.1186,0.9547,89.09,77.81,93.119
223,cell_04,2024-02-25 12:00:00,3.6717,3.4955,3.8251,1.3253,1.9753,31.36,39.36,0.1176,0.9658,85.77,82.88,93.33
224,cell_04,2024-02-25 18:00:00,3.6799,3.5122,3.8353,1.2947,1.9447,29.2,38.27,0.1235,0.9523,89.9,82.65,92.933
225,cell_04,2024-02-26 00:00:00,3.6869,3.5202,3.8402,1.271,2.0075,30.98,38.98,0.1306,0.9579,92.5,83.53,93.333
226,cell_04,2024-02-26 06:00:00,3.7141,3.5473,3.8674,1.3096,1.9596,31.9,43.38,0.1293,0.9323,84.03,79.52,93.282
227,cell_04,2024-02-26 12:00:00,3.6872,3.519,3.8404,1.2541,1.9126,29.15,38.01,0.1046,0.956,93.82,84.55,93.569
228,cell_04,2024-02-26 18:00:00,3.6973,3.5303,3.8507,1.3285,2.0025,29.51,37.51,0.1118,0.9552,85.83,81.98,93.221
229,cell_04,2024-02-27 00:00:00,3.6937,3.5116,3.8471,1.2857,1.9357,30.03,38.72,0.1386,0.9367,84.78,79.05,93.275
230,cell_04,2024-02-27 06:00:00,3.6934,3.5215,3.8468,1.3102,1.9602,30.68,38.68,0.1091,0.9404,81.15,81.18,93.232
231,cell_04,2024-02-27 12:00:00,3.6879,3.5182,3.8428,1.311,1.961,32.04,40.56,0.1121,0.956,85.85,76.16,92.1
232,cell_04,2024-02-27 18:00:00,3.6762,3.4966,3.8301,1.3801,2.0562,30.51,38.51,0.0899,0.947,77.89,78.29,92.139
233,cell_04,2024-02-28 00:00:00,3.662,3.4936,3.8156,1.3191,1.9691,31.08,39.08,0.1194,0.9611,82.02,77.63,92.643
234,cell_04,2024-02-28 06:00:00,3.7021,3.5341,3.8556,1.3037,1.9537,34.37,42.37,0.1269,0.9531,85.89,84.62,92.822
235,cell_04,2024-02-28 12:00:00,3.6825,3.5046,3.8363,1.2654,1.9347,29.57,42.44,0.0805,0.9506,83.54,83.06,92.432
236,cell_04,2024-02-28 18:00:00,3.6697,3.5003,3.8363,1.3401,1.9901,30.02,38.2,0.0986,0.9483,81.91,78.12,92.243
237,cell_04,2024-02-29 00:00:00,3.693,3.5168,3.8468,1.2865,1.9681,32.02,40.02,0.0916,0.9529,88.8,80.7,92.43
238,cell_04,2024-02-29 06:00:00,3.6928,3.5238,3.8533,1.2237,1.8737,32.48,40.48,0.1358,0.958,86.33,86.23,92.404
239,cell_04,2024-02-29 12:00:00,3.6968,3.5286,3.8642,1.2902,1.9402,31.62,40.56,0.0818,0.9553,87.32,80.54,92.736
240,cell_04,2024-02-29 18:00:00,3.7002,3.5125,3.8539,1.3096,1.9622,33.71,41.71,0.1184,0.9458,82.06,79.52,92.719
241,cell_04,2024-03-01 00:00:00,3.6793,3.5102,3.8331,1.2591,1.9091,31.48,39.48,0.1344,0.9624,91.2,80.93,92.336
242,cell_04,2024-03-01 06:00:00,3.6798,3.5012,3.8509,1.2941,1.9441,28.04,36.04,0.1238,0.9566,84.73,80.05,92.378
243,cell_04,2024-03-01 12:00:00,3.6855,3.5139,3.8416,1.2964,1.9464,31.15,39.15,0.1112,0.9539,88.27,83.99,92.476
244,cell_04,2024-03-01 18:00:00,3.697,3.5245,3.8545,1.2972,1.9472,30.14,38.14,0.1269,0.9509,87.5,79.13,92.521
245,cell_04,2024-03-02 00:00:00,3.6683,3.5005,3.8219,1.3617,2.0474,33.08,41.08,0.1407,0.955,84.95,80.39,92.889
246,cell_04,2024-03-02 06:00:00,3.6899,3.5208,3.8505,1.2344,1.8844,32.45,40.45,0.1178,0.9317,89.96,88.56,92.385
247,cell_04,2024-03-02 12:00:00,3.6984,3.515,3.8521,1.4017,2.0517,28.62,36.62,0.0752,0.9524,79.29,76.75,92.744
248,cell_04,2024-03-02 18:00:00,3.697,3.5178,3.851,1.2984,1.9484,33.03,41.03,0.143,0.9664,81.14,76.83,92.045
249,cell_04,2024-03-03 00:00:00,3.6954,3.5259,3.8493,1.329,1.9841,32.41,40.96,0.128,0.9522,83.53,79.6,92.202
250,cell_04,2024-03-03 06:00:00,3.6983,3.5276,3.8524,1.3064,1.9564,30.51,42.97,0.1193,0.9508,84.47,82.87,91.753
251,cell_04,2024-03-03 12:00:00,3.6612,3.4923,3.8161,1.2137,1.8837,30.88,41.55,0.0804,0.944,92.37,85.6,92.439
252,cell_04,2024-03-03 18:00:00,3.705,3.5267,3.8587,1.2472,1.9259,33.09,44.97,0.114,0.9549,85.8,82.7,92.588
253,cell_04,2024-03-04 00:00:00,3.6907,3.508,3.8497,1.2738,2.0439,28.04,36.04,0.1025,0.948,86.66,80.46,91.627
254,cell_04,2024-03-04 06:00:00,3.702,3.5276,3.8562,1.3497,2.0572,31.67,43.02,0.0957,0.9631,81.82,77.45,92.45
255,cell_04,2024-03-04 12:00:00,3.6771,3.5086,3.8308,1.2308,1.8808,32.64,41.09,0.1173,0.9414,91.13,81.87,92.575
256,cell_04,2024-03-04 18:00:00,3.6713,3.4952,3.825,1.2572,1.9072,30.87,40.84,0.1093,0.9455,89.76,81.61,92.557
257,cell_04,2024-03-05 00:00:00,3.7059,3.523,3.8661,1.3082,1.9582,31.97,40.89,0.1106,0.944,83.25,81.44,92.035
258,cell_04,2024-03-05 06:00:00,3.6796,3.5093,3.8448,1.3236,2.0024,31.15,39.15,0.1348,0.9683,83.95,79.49,92.563
259,cell_04,2024-03-05 12:00:00,3.6854,3.4964,3.8392,1.3221,1.9721,29.82,39.26,0.1251,0.9481,82.93,77.5,92.334
260,cell_04,2024-03-05 18:00:00,3.694,3.5253,3.8478,1.2508,1.9008,29.79,38.76,0.1101,0.9445,91.11,88.14,92.508
261,cell_04,2024-03-06 00:00:00,3.6962,3.5201,3.8695,1.2201,1.8701,32.07,40.07,0.1076,0.9291,93.46,84.38,92.293
262,cell_04,2024-03-06 06:00:00,3.6995,3.5306,3.8532,1.327,1.977,30.05,38.05,0.1109,0.9409,81.87,76.32,92.445
263,cell_04,2024-03-06 12:00:00,3.6912,3.5123,3.8458,1.3717,2.0217,28.71,38.46,0.1151,0.9553,79.12,74.58,92.664
264,cell_04,2024-03-06 18:00:00,3.6779,3.5024,3.8317,1.2827,1.9327,31.18,39.74,0.1317,0.9552,87.86,80.25,92.27
265,cell_04,2024-03-07 00:00:00,3.6957,3.5087,3.8516,1.2428,1.8928,30.23,39.17,0.0991,0.9435,91.68,84.98,92.416
266,cell_04,2024-03-07 06:00:00,3.6963,3.5231,3.8671,1.2785,1.9776,29.2,37.2,0.1492,0.944,82.76,78.89,92.706
267,cell_04,2024-03-07 12:00:00,3.6703,3.501,3.8267,1.3197,1.9933,31.11,39.62,0.1317,0.9686,83.31,82.7,92.291
268,cell_04,2024-03-07 18:00:00,3.7013,3.5297,3.8662,1.2883,1.9383,32.15,40.15,0.0652,0.977,83.48,84.07,91.383
269,cell_04,2024-03-08 00:00:00,3.663,3.4928,3.8173,1.3704,2.0217,31.03,39.03,0.1217,0.9615,82.64,75.01,91.923
270,cell_04,2024-03-08 06:00:00,3.6986,3.5289,3.8525,1.3462,1.9962,29.4,37.4,0.1408,0.9656,79.21,80.29,92.151
271,cell_04,2024-03-08 12:00:00,3.6818,3.4986,3.8358,1.3092,2.0263,31.72,41.55,0.1278,0.9677,86.77,81.04,92.107
272,cell_04,2024-03-08 18:00:00,3.695,3.512,3.849,1.2023,1.933,32.55,41.24,0.1118,0.9721,93.24,90.34,91.935
273,cell_04,2024-03-09 00:00:00,3.6916,3.5192,3.8483,1.2654,1.9154,34.32,42.81,0.1188,0.947,89.27,80.07,91.017
274,cell_04,2024-03-09 06:00:00,3.6869,3.5154,3.8534,1.2726,1.9226,33.16,45.26,0.1236,0.9412,90.54,82.94,91.53
275,cell_04,2024-03-09 12:00:00,3.6918,3.5201,3.8477,1.2627,1.9127,29.49,38.44,0.1354,0.9683,86.8,78.93,91.545
276,cell_04,2024-03-09 18:00:00,3.6867,3.5161,3.8409,1.3095,1.9595,32.29,42.69,0.0917,0.9404,85.74,75.73,91.734
277,cell_04,2024-03-10 00:00:00,3.6955,3.5217,3.8494,1.3106,1.9606,31.38,39.93,0.1079,0.9397,86.22,83.39,92.227
278,cell_04,2024-03-10 06:00:00,3.7089,3.5228,3.8668,1.2163,1.9348,29.27,37.27,0.1528,0.9399,93.28,83.81,91.396
279,cell_04,2024-03-10 12:00:00,3.6752,3.4972,3.829,1.3402,2.038,31.43,39.43,0.1207,0.9487,82.88,78.14,92.393
280,cell_04,2024-03-10 18:00:00,3.6555,3.4711,3.8097,1.3008,1.9994,33.88,42.36,0.1506,0.9302,81.19,78.01,91.606
281,cell_04,2024-03-11 00:00:00,3.6831,3.5118,3.8463,1.3179,1.9764,32.79,40.79,0.1797,0.9357,87.3,82.28,91.49
282,cell_04,2024-03-11 06:00:00,3.6831,3.5127,3.8371,1.3372,1.9872,29.48,38.02,0.1102,0.9438,78.88,77.46,91.974
283,cell_04,2024-03-11 12:00:00,3.6842,3.5142,3.8382,1.2617,1.9117,31.02,39.65,0.0961,0.938,91.55,80.32,91.998
284,cell_04,2024-03-11 18:00:00,3.6786,3.506,3.8327,1.3629,2.016,31.74,39.74,0.1147,0.9606,78.95,77.75,91.915
285,cell_04,2024-03-12 00:00:00,3.696,3.5214,3.8575,1.2929,1.9429,28.41,36.41,0.142,0.9501,84.85,78.17,91.49
286,cell_04,2024-03-12 06:00:00,3.674,3.4941,3.8297,1.3756,2.0408,28.46,36.46,0.1448,0.9558,83.75,74.22,91.871
287,cell_04,2024-03-12 12:00:00,3.6916,3.507,3.8459,1.2553,1.9456,31.23,42.0,0.1654,0.9547,88.93,84.52,91.41
288,cell_04,2024-03-12 18:00:00,3.6936,3.5154,3.8479,1.3719,2.0492,31.25,39.25,0.1193,0.9479,80.7,79.69,91.481
289,cell_04,2024-03-13 00:00:00,3.6904,3.519,3.8446,1.2548,1.9301,28.24,36.24,0.1298,0.9599,85.95,85.33,91.469
290,cell_04,2024-03-13 06:00:00,3.6917,3.5199,3.8491,1.4274,2.0774,31.58,40.67,0.1058,0.9545,75.12,69.99,91.251
291,cell_04,2024-03-13 12:00:00,3.6972,3.5215,3.8513,1.2524,1.9691,32.63,40.85,0.0699,0.9468,83.86,81.92,91.813
292,cell_04,2024-03-13 18:00:00,3.6872,3.4999,3.8416,1.3528,2.0028,30.67,38.67,0.1192,0.9332,81.49,79.15,91.083
293,cell_04,2024-03-14 00:00:00,3.6833,3.5113,3.8382,1.2819,1.9319,31.09,39.09,0.0969,0.9552,84.77,79.18,91.191
294,cell_04,2024-03-14 06:00:00,3.6909,3.5176,3.8456,1.3358,2.0167,31.86,39.86,0.1329,0.9374,79.23,79.36,90.693
295,cell_04,2024-03-14 12:00:00,3.6929,3.5002,3.8473,1.298,1.9659,31.66,42.35,0.0824,0.9538,83.4,79.92,91.268
296,cell_04,2024-03-14 18:00:00,3.695,3.5169,3.8607,1.2454,1.8954,28.5,37.44,0.1052,0.9508,91.27,86.4,90.721
297,cell_04,2024-03-15 00:00:00,3.6698,3.4962,3.8241,1.1602,1.8102,29.64,37.64,0.1254,0.9364,97.69,88.35,91.264
298,cell_04,2024-03-15 06:00:00,3.685,3.5131,3.8407,1.4254,2.0897,30.41,40.11,0.1274,0.9526,76.28,76.31,91.241
299,cell_04,2024-03-15 12:00:00,3.6755,3.5023,3.8301,1.3037,1.9792,29.71,37.76,0.1191,0.9519,87.58,78.62,90.787
300,cell_04,2024-03-15 18:00:00,3.692,3.5125,3.8465,1.1528,1.8028,33.2,42.0,0.1573,0.9519,94.29,92.06,90.93
301,cell_04,2024-03-16 00:00:00,3.6934,3.5154,3.848,1.3151,1.9848,31.95,40.25,0.1514,0.9515,81.58,76.17,90.779
302,cell_04,2024-03-16 06:00:00,3.6839,3.5116,3.8383,1.3345,1.9845,29.34,38.51,0.1063,0.9435,80.99,78.06,91.085
303,cell_04,2024-03-16 12:00:00,3.679,3.5062,3.8578,1.2642,1.9455,30.68,38.68,0.1522,0.9559,89.48,80.3,90.863
304,cell_04,2024-03-16 18:00:00,3.6922,3.5192,3.8493,1.2646,1.9146,32.7,40.7,0.1552,0.9431,84.16,77.65,90.796
305,cell_04,2024-03-17 00:00:00,3.6851,3.4958,3.8519,1.299,1.953,30.03,39.84,0.1175,0.9393,81.67,79.28,90.935
306,cell_04,2024-03-17 06:00:00,3.6999,3.5171,3.8633,1.3601,2.0101,32.28,43.29,0.1209,0.9567,83.47,73.19,90.446
307,cell_04,2024-03-17 12:00:00,3.7041,3.5313,3.8685,1.305,2.013,33.07,41.07,0.119,0.9594,85.54,83.24,90.898
308,cell_04,2024-03-17 18:00:00,3.6962,3.5232,3.8508,1.3732,2.0353,32.82,41.18,0.1071,0.9561,81.44,77.83,90.794
309,cell_04,2024-03-18 00:00:00,3.6883,3.5121,3.859,1.3566,2.0066,31.27,39.27,0.1091,0.9479,82.11,78.09,90.641
310,cell_04,2024-03-18 06:00:00,3.7046,3.5318,3.8676,1.2886,1.9565,32.88,42.64,0.1464,0.9306,86.19,80.01,90.885
311,cell_04,2024-03-18 12:00:00,3.6881,3.5144,3.8433,1.2215,1.9786,30.22,38.71,0.1287,0.9648,85.26,82.31,90.486
312,cell_04,2024-03-18 18:00:00,3.6809,3.5071,3.8383,1.2887,1.9757,34.73,49.38,0.1089,0.9304,86.37,78.55,90.462
313,cell_04,2024-03-19 00:00:00,3.6786,3.5043,3.8335,1.3263,1.9763,31.36,39.36,0.1015,0.9559,79.62,75.17,90.264
314,cell_04,2024-03-19 06:00:00,3.6787,3.5032,3.834,1.303,1.953,32.72,43.79,0.1048,0.9711,80.26,79.59,90.478
315,cell_04,2024-03-19 12:00:00,3.6867,3.5147,3.8411,1.3317,1.9817,30.46,41.73,0.1167,0.9515,86.14,80.62,91.189
316,cell_04,2024-03-19 18:00:00,3.6907,3.4924,3.8491,1.3432,2.0272,31.75,40.82,0.1383,0.9529,77.19,74.43,90.682
317,cell_04,2024-03-20 00:00:00,3.6715,3.4916,3.8437,1.3265,1.9765,31.82,39.89,0.1028,0.9538,77.97,73.66,90.424
318,cell_04,2024-03-20 06:00:00,3.681,3.5067,3.8358,1.2862,1.9364,29.61,37.8,0.138,0.952,82.64,76.88,90.298
319,cell_04,2024-03-20 12:00:00,3.6873,3.5126,3.8537,1.326,2.0479,29.56,37.58,0.1239,0.9735,84.36,77.16,90.12
320,cell_04,2024-03-20 18:00:00,3.692,3.5139,3.8468,1.4118,2.0693,30.69,40.96,0.1229,0.9416,80.47,69.26,90.35
321,cell_04,2024-03-21 00:00:00,3.686,3.513,3.8533,1.2255,1.8755,32.66,40.66,0.1405,0.9403,85.54,83.63,90.827
322,cell_04,2024-03-21 06:00:00,3.6882,3.501,3.8429,1.3244,2.0833,28.25,36.25,0.1369,0.9467,81.12,74.69,90.471
323,cell_04,2024-03-21 12:00:00,3.6727,3.495,3.8318,1.3916,2.1297,30.46,38.46,0.0919,0.9674,79.48,70.73,90.062
324,cell_04,2024-03-21 18:00:00,3.676,3.5013,3.831,1.2413,1.9163,32.96,40.96,0.0983,0.9442,88.37,84.6,90.095
325,cell_04,2024-03-22 00:00:00,3.6852,3.5115,3.8399,1.3501,2.0638,29.15,38.87,0.1154,0.9543,78.32,80.46,90.522
326,cell_04,2024-03-22 06:00:00,3.6906,3.5163,3.8628,1.3567,2.0067,32.88,43.01,0.1271,0.9607,78.51,73.44,90.302
327,cell_04,2024-03-22 12:00:00,3.6875,3.5084,3.8425,1.2262,1.9124,29.31,37.31,0.1473,0.9578,89.05,81.42,90.139
328,cell_04,2024-03-22 18:00:00,3.6769,3.5024,3.8326,1.3356,1.9856,29.63,39.69,0.1213,0.9602,77.31,75.37,90.234
329,cell_04,2024-03-23 00:00:00,3.6841,3.5101,3.8386,1.2864,1.9364,30.78,38.78,0.1541,0.9642,87.07,83.05,90.989
330,cell_04,2024-03-23 06:00:00,3.7012,3.5279,3.8558,1.297,2.0766,33.81,41.86,0.1059,0.9531,82.03,79.77,90.693
331,cell_04,2024-03-23 12:00:00,3.6916,3.5185,3.8462,1.2838,1.9338,30.04,38.04,0.1092,0.9454,87.63,81.2,90.767
332,cell_04,2024-03-23 18:00:00,3.6831,3.5039,3.8382,1.3656,2.0305,28.4,36.58,0.1139,0.9515,80.36,75.33,89.801
333,cell_04,2024-03-24 00:00:00,3.675,3.4859,3.8299,1.2944,1.9587,28.9,37.06,0.1037,0.9466,84.84,83.1,90.201
334,cell_04,2024-03-24 06:00:00,3.6779,3.5006,3.8329,1.2768,1.9526,32.4,40.4,0.1432,0.9752,86.9,76.47,90.053
335,cell_04,2024-03-24 12:00:00,3.6857,3.5117,3.8405,1.2777,1.9277,28.97,36.97,0.0646,0.9447,81.31,77.76,90.41
336,cell_04,2024-03-24 18:00:00,3.6886,3.5001,3.8446,1.283,1.933,32.78,40.78,0.1099,0.9548,82.68,79.47,90.564
337,cell_04,2024-03-25 00:00:00,3.6912,3.517,3.846,1.246,1.9029,31.1,41.83,0.143,0.935,87.2,82.55,90.344
338,cell_04,2024-03-25 06:00:00,3.6889,3.5061,3.8439,1.2764,1.9504,30.95,38.95,0.1138,0.9513,86.94,77.1,89.985
339,cell_04,2024-03-25 12:00:00,3.6814,3.5065,3.8363,1.3059,1.9559,31.45,43.96,0.1415,0.9471,85.64,81.86,90.048
340,cell_04,2024-03-25 18:00:00,3.6805,3.5057,3.84,1.3202,1.9702,29.8,37.8,0.164,0.9568,81.23,79.55,90.433
341,cell_04,2024-03-26 00:00:00,3.7062,3.5323,3.8609,1.3602,2.0102,31.21,39.69,0.1216,0.957,82.15,79.27,90.462
342,cell_04,2024-03-26 06:00:00,3.6799,3.5024,3.8398,1.312,2.0627,29.21,38.35,0.1434,0.9642,80.27,82.09,90.289
343,cell_04,2024-03-26 12:00:00,3.6725,3.4902,3.8317,1.2763,1.9531,33.02,41.02,0.1684,0.9634,81.34,80.75,90.285
344,cell_04,2024-03-26 18:00:00,3.6687,3.4939,3.8237,1.2494,1.9099,29.46,40.22,0.128,0.9493,84.32,85.24,90.077
345,cell_04,2024-03-27 00:00:00,3.6817,3.507,3.8366,1.3147,1.9647,31.66,40.75,0.119,0.9406,85.59,80.11,90.143
346,cell_04,2024-03-27 06:00:00,3.6948,3.5169,3.8579,1.2941,1.9441,29.45,37.45,0.138,0.9417,84.08,78.36,90.277
347,cell_04,2024-03-27 12:00:00,3.6796,3.5052,3.8345,1.2958,1.9888,30.2,40.94,0.1437,0.953,83.42,80.72,90.251
348,cell_04,2024-03-27 18:00:00,3.6999,3.5251,3.8548,1.3131,1.9631,30.44,38.44,0.1192,0.9516,84.31,81.92,90.069
349,cell_04,2024-03-28 00:00:00,3.6847,3.5058,3.8513,1.326,2.007,35.47,43.47,0.1103,0.9526,77.33,79.4,89.853
350,cell_04,2024-03-28 06:00:00,3.6959,3.5205,3.8509,1.3135,1.9635,30.98,40.1,0.1543,0.9446,78.95,79.69,89.841
351,cell_04,2024-03-28 12:00:00,3.6769,3.501,3.8366,1.2915,2.0188,29.77,39.37,0.1146,0.9644,79.95,76.8,89.634
352,cell_04,2024-03-28 18:00:00,3.6769,3.4955,3.8321,1.2599,1.955,30.33,38.98,0.1439,0.9353,82.04,83.83,89.526
353,cell_04,2024-03-29 00:00:00,3.6856,3.5035,3.8407,1.2694,1.9194,28.74,36.74,0.1253,0.9441,84.49,79.71,89.792
354,cell_04,2024-03-29 06:00:00,3.6889,3.5125,3.8487,1.3424,2.0158,30.76,38.76,0.1565,0.9392,78.18,76.92,89.415
355,cell_04,2024-03-29 12:00:00,3.683,3.5077,3.8381,1.2788,1.9659,33.78,44.04,0.103,0.9479,86.74,81.62,89.873
356,cell_04,2024-03-29 18:00:00,3.6873,3.5114,3.8425,1.2327,1.8827,31.5,39.98,0.103,0.9625,90.19,83.01,89.614
357,cell_04,2024-03-30 00:00:00,3.6907,3.5095,3.8501,1.358,2.0919,32.36,40.36,0.1371,0.9471,82.79,72.79,89.875
358,cell_04,2024-03-30 06:00:00,3.6705,3.4937,3.8279,1.2529,1.927,29.64,37.64,0.0974,0.951,83.41,83.43,89.82
359,cell_04,2024-03-30 12:00:00,3.6814,3.5061,3.8365,1.3018,1.9518,30.69,41.72,0.1223,0.9566,82.88,76.62,89.882
360,cell_04,2024-03-30 18:00:00,3.6785,3.5013,3.8339,1.3246,1.9746,31.31,39.31,0.151,0.9466,77.1,74.82,89.129
361,cell_04,2024-03-31 00:00:00,3.6794,3.4967,3.841,1.3002,1.9995,29.91,38.46,0.0843,0.9538,80.36,75.3,89.395
362,cell_04,2024-03-31 06:00:00,3.6881,3.5115,3.8434,1.1761,1.8367,31.6,42.3,0.128,0.9525,92.23,87.72,89.369
363,cell_04,2024-03-31 12:00:00,3.678,3.4922,3.8391,1.3195,1.9937,31.92,41.01,0.1442,0.9387,80.02,73.53,88.682
364,cell_04,2024-03-31 18:00:00,3.6644,3.4798,3.8234,1.3663,2.0177,31.81,39.81,0.1195,0.9454,80.25,73.59,89.658
365,cell_04,2024-04-01 00:00:00,3.6824,3.5069,3.8375,1.3393,1.9893,30.77,38.77,0.1015,0.9535,83.21,79.59,89.827
366,cell_04,2024-04-01 06:00:00,3.6735,3.4876,3.8395,1.1938,1.8692,32.64,44.38,0.1147,0.9628,85.94,84.98,89.431
367,cell_04,2024-04-01 12:00:00,3.689,3.5111,3.8444,1.4064,2.0564,30.61,38.61,0.1032,0.9628,79.62,75.47,89.389
368,cell_04,2024-04-01 18:00:00,3.692,3.5127,3.8593,1.2337,1.8837,30.48,38.48,0.1214,0.971,82.91,82.48,89.324
369,cell_04,2024-04-02 00:00:00,3.6618,3.4845,3.8305,1.2461,2.0149,33.16,41.91,0.1145,0.9549,89.89,78.72,89.05
370,cell_04,2024-04-02 06:00:00,3.6759,3.4987,3.8419,1.3391,2.0325,29.34,37.34,0.1097,0.9459,80.96,77.93,89.114
371,cell_04,2024-04-02 12:00:00,3.6877,3.5113,3.843,1.3226,2.019,28.45,37.59,0.1293,0.9494,77.44,75.9,89.436
372,cell_04,2024-04-02 18:00:00,3.6692,3.4913,3.8502,1.304,2.09,29.7,37.7,0.1516,0.9489,80.9,81.49,88.855
373,cell_04,2024-04-03 00:00:00,3.6911,3.512,3.8482,1.2715,1.9408,31.58,39.58,0.1266,0.9459,81.8,77.65,88.829
374,cell_04,2024-04-03 06:00:00,3.694,3.5151,3.8519,1.3665,2.0225,32.93,42.28,0.1469,0.9538,80.51,76.79,89.028
375,cell_04,2024-04-03 12:00:00,3.6824,3.5029,3.8377,1.298,1.948,30.01,39.37,0.1516,0.9543,80.33,78.42,89.344
376,cell_04,2024-04-03 18:00:00,3.6756,3.4978,3.8311,1.2217,1.8717,33.72,41.72,0.1083,0.9383,90.16,85.93,88.887
377,cell_04,2024-04-04 00:00:00,3.6605,3.4763,3.8289,1.3616,2.0116,31.04,39.04,0.1255,0.9609,77.03,72.09,89.08
378,cell_04,2024-04-04 06:00:00,3.6918,3.4965,3.8473,1.311,2.0005,30.83,39.25,0.1115,0.9316,85.56,78.58,89.115
379,cell_04,2024-04-04 12:00:00,3.7033,3.5254,3.8681,1.3558,2.0058,29.73,37.73,0.0904,0.9478,76.83,71.66,88.844
380,cell_04,2024-04-04 18:00:00,3.7006,3.5216,3.868,1.3286,2.0238,33.93,44.5,0.1271,0.9615,81.33,78.3,88.415
381,cell_04,2024-04-05 00:00:00,3.6813,3.5034,3.8429,1.4196,2.0696,30.77,39.09,0.099,0.9561,77.35,69.36,88.839
382,cell_04,2024-04-05 06:00:00,3.6729,3.4951,3.8283,1.2845,1.9409,29.0,37.0,0.1297,0.9464,80.99,78.58,89.225
383,cell_04,2024-04-05 12:00:00,3.6923,3.5155,3.8477,1.3008,1.9508,34.69,42.69,0.0889,0.9697,78.88,79.54,89.293
384,cell_04,2024-04-05 18:00:00,3.6827,3.5059,3.838,1.336,2.0553,31.59,39.59,0.1234,0.9456,80.62,76.02,89.295
385,cell_04,2024-04-06 00:00:00,3.6888,3.5121,3.8441,1.2848,1.9953,32.2,40.2,0.0886,0.93,84.91,81.59,89.33
386,cell_04,2024-04-06 06:00:00,3.6865,3.4987,3.85,1.3401,1.9901,33.52,42.51,0.1335,0.9545,82.18,77.17,88.959
387,cell_04,2024-04-06 12:00:00,3.6843,3.4937,3.8398,1.1526,1.8026,31.92,39.92,0.1121,0.9322,90.45,84.5,88.895
388,cell_04,2024-04-06 18:00:00,3.6942,3.5013,3.8495,1.2964,1.9926,32.46,41.26,0.1102,0.9417,85.7,80.75,89.26
389,cell_04,2024-04-07 00:00:00,3.6943,3.5147,3.8497,1.2949,1.9449,31.08,40.16,0.1425,0.9562,85.99,77.8,89.084
390,cell_04,2024-04-07 06:00:00,3.6789,3.5025,3.8463,1.293,1.943,32.1,42.03,0.1136,0.9454,85.3,79.65,89.419
391,cell_04,2024-04-07 12:00:00,3.6747,3.4978,3.83,1.2562,1.9311,30.95,39.45,0.1222,0.9558,81.07,78.59,89.262
392,cell_04,2024-04-07 18:00:00,3.6593,3.4831,3.8331,1.3453,2.0562,30.97,41.22,0.116,0.9384,76.57,75.25,89.532
393,cell_04,2024-04-08 00:00:00,3.68,3.5026,3.8355,1.2748,1.9248,31.18,41.95,0.1301,0.9586,87.96,82.25,89.007
394,cell_04,2024-04-08 06:00:00,3.6733,3.4944,3.8307,1.31,1.9802,30.4,38.92,0.1409,0.9331,83.87,81.35,89.467
395,cell_04,2024-04-08 12:00:00,3.688,3.5057,3.8434,1.2981,1.9481,31.76,40.39,0.1367,0.9632,83.53,81.98,89.227
396,cell_04,2024-04-08 18:00:00,3.6796,3.4816,3.856,1.325,2.0111,31.75,39.75,0.1107,0.9452,83.49,77.86,88.633
397,cell_04,2024-04-09 00:00:00,3.6809,3.5028,3.8383,1.3715,2.0763,32.23,40.23,0.1442,0.9653,74.09,70.51,88.767
398,cell_04,2024-04-09 06:00:00,3.6905,3.5112,3.8677,1.3098,1.9598,31.96,42.52,0.1017,0.9416,82.95,76.36,88.263
399,cell_04,2024-04-09 12:00:00,3.6868,3.5081,3.8425,1.3421,1.9921,34.0,43.21,0.1052,0.9692,80.39,72.78,88.543
400,cell_04,2024-04-09 18:00:00,3.6818,3.5033,3.8527,1.3072,1.9572,32.58,41.95,0.1174,0.9404,84.18,78.88,88.614
401,cell_04,2024-04-10 00:00:00,3.6991,3.5194,3.8562,1.2747,1.971,30.69,38.69,0.1409,0.9321,85.27,76.0,88.126
402,cell_04,2024-04-10 06:00:00,3.6901,3.5077,3.8542,1.2929,1.9429,31.68,42.93,0.0966,0.9504,81.97,81.91,88.451
403,cell_04,2024-04-10 12:00:00,3.6784,3.4993,3.8342,1.2858,1.9544,33.12,41.12,0.1378,0.9623,78.92,75.82,88.359
404,cell_04,2024-04-10 18:00:00,3.6789,3.4985,3.8382,1.3284,2.0173,29.58,37.58,0.1189,0.9579,83.12,72.28,88.392
405,cell_04,2024-04-11 00:00:00,3.6907,3.5054,3.8464,1.3053,1.9553,34.02,42.02,0.1113,0.9616,83.52,80.1,88.518
406,cell_04,2024-04-11 06:00:00,3.6847,3.4916,3.843,1.2603,1.9103,29.84,40.98,0.142,0.9581,82.99,77.48,88.43
407,cell_04,2024-04-11 12:00:00,3.6711,3.4885,3.827,1.2889,1.9889,32.35,40.35,0.1039,0.9418,86.09,74.1,88.195
408,cell_04,2024-04-11 18:00:00,3.6917,3.5025,3.8474,1.2237,1.8737,31.01,39.01,0.1657,0.9577,85.13,82.85,88.487
409,cell_04,2024-04-12 00:00:00,3.6954,3.5169,3.8621,1.2908,1.9408,30.92,44.72,0.1165,0.9509,81.28,82.09,88.57
410,cell_04,2024-04-12 06:00:00,3.6939,3.5141,3.8554,1.3001,1.9501,29.05,38.93,0.123,0.9429,85.15,75.34,88.071
411,cell_04,2024-04-12 12:00:00,3.6978,3.5049,3.8537,1.3904,2.1043,32.36,40.36,0.1509,0.9518,77.43,71.65,88.236
412,cell_04,2024-04-12 18:00:00,3.7023,3.5215,3.8584,1.3674,2.098,29.07,37.07,0.1235,0.9494,79.89,71.1,87.706
413,cell_04,2024-04-13 00:00:00,3.6999,3.5209,3.8607,1.2483,1.8983,28.84,36.84,0.1438,0.9642,88.29,81.23,88.412
414,cell_04,2024-04-13 06:00:00,3.6863,3.4965,3.8578,1.3101,1.9601,32.74,40.93,0.0809,0.9449,81.45,75.66,88.604
415,cell_04,2024-04-13 12:00:00,3.6802,3.5006,3.8361,1.311,2.0142,33.68,43.14,0.1111,0.9444,78.82,77.4,88.16
416,cell_04,2024-04-13 18:00:00,3.6641,3.4848,3.841,1.2885,1.9385,30.0,41.04,0.1279,0.943,85.07,77.92,88.277
417,cell_04,2024-04-14 00:00:00,3.6824,3.5028,3.8383,1.2917,1.954,32.5,40.5,0.1416,0.969,81.93,81.33,88.171
418,cell_04,2024-04-14 06:00:00,3.6874,3.5065,3.8433,1.2823,1.9323,32.19,40.19,0.1354,0.9436,83.0,79.74,88.122
419,cell_04,2024-04-14 12:00:00,3.6829,3.4928,3.8387,1.3936,2.1083,30.86,38.86,0.1335,0.963,76.35,73.62,88.306
420,cell_04,2024-04-14 18:00:00,3.6631,3.4739,3.8268,1.2792,1.9989,33.0,46.58,0.1412,0.9397,78.51,78.31,88.001
421,cell_04,2024-04-15 00:00:00,3.6794,3.4997,3.8366,1.317,1.967,30.75,40.53,0.1295,0.9551,76.68,74.73,88.166
422,cell_04,2024-04-15 06:00:00,3.6884,3.4974,3.8592,1.1735,1.8319,31.78,40.52,0.0771,0.9526,90.99,83.78,87.965
423,cell_04,2024-04-15 12:00:00,3.6724,3.49,3.8282,1.3412,1.9912,29.12,37.12,0.1488,0.9623,81.44,75.18,88.413
424,cell_04,2024-04-15 18:00:00,3.6841,3.4963,3.8412,1.3592,2.0092,29.18,37.18,0.1032,0.9609,77.63,71.66,88.309
425,cell_04,2024-04-16 00:00:00,3.6865,3.5067,3.8425,1.2474,1.9283,32.75,40.83,0.1263,0.9508,82.14,77.41,88.107
426,cell_04,2024-04-16 06:00:00,3.6936,3.4968,3.8494,1.2744,1.9244,31.83,39.83,0.1236,0.9446,82.32,77.88,88.248
427,cell_04,2024-04-16 12:00:00,3.6994,3.5176,3.8553,1.3226,1.9823,30.79,38.79,0.1209,0.9662,82.15,73.04,88.171
428,cell_04,2024-04-16 18:00:00,3.6791,3.5005,3.8348,1.301,1.9988,33.86,41.86,0.0979,0.9436,78.51,75.42,88.58
429,cell_04,2024-04-17 00:00:00,3.684,3.4877,3.8417,1.3233,2.0491,33.85,41.85,0.0812,0.9273,80.38,76.18,88.104
430,cell_04,2024-04-17 06:00:00,3.6848,3.5058,3.8436,1.2856,1.9501,31.66,39.66,0.1,0.9314,84.21,80.8,88.427
431,cell_04,2024-04-17 12:00:00,3.6885,3.5086,3.847,1.3932,2.0491,28.82,39.6,0.1365,0.9338,75.18,69.94,88.025
432,cell_04,2024-04-17 18:00:00,3.6878,3.5085,3.8557,1.2665,1.9165,30.83,38.83,0.0911,0.956,84.49,81.9,88.278
433,cell_04,2024-04-18 00:00:00,3.6968,3.5132,3.8526,1.4346,2.1639,29.75,37.75,0.1024,0.9721,76.73,66.62,88.345
434,cell_04,2024-04-18 06:00:00,3.6592,3.4801,3.815,1.3621,2.0369,31.13,39.13,0.1284,0.9296,75.61,77.82,88.359
1,cell_05,2024-01-01 00:00:00,3.6947,3.5452,3.8446,1.8715,2.8162,40.06,48.06,0.0954,0.9347,62.12,58.3,100.187
2,cell_05,2024-01-01 06:00:00,3.7026,3.5517,3.8528,1.7352,2.6352,39.87,47.87,0.0533,0.9363,68.72,62.48,99.616
3,cell_05,2024-01-01 12:00:00,3.71,3.5601,3.8699,1.788,2.7115,37.09,45.49,0.0965,0.9458,68.18,65.12,100.04
4,cell_05,2024-01-01 18:00:00,3.7018,3.5432,3.852,1.7156,2.6745,40.7,50.73,0.0715,0.9488,68.39,67.86,99.636
5,cell_05,2024-01-02 00:00:00,3.7039,3.5339,3.8616,1.8311,2.766,37.41,46.46,0.0838,0.9707,65.71,59.95,100.413
6,cell_05,2024-01-02 06:00:00,3.6914,3.5416,3.8414,1.8277,2.7899,38.84,49.79,0.0795,0.9331,65.94,64.35,100.062
7,cell_05,2024-01-02 12:00:00,3.7068,3.5563,3.8574,1.9674,2.8766,38.47,46.47,0.096,0.9534,59.51,56.89,99.808
8,cell_05,2024-01-02 18:00:00,3.6969,3.5208,3.8519,1.8513,2.8359,39.53,48.84,0.0836,0.9427,61.22,58.3,99.182
9,cell_05,2024-01-03 00:00:00,3.6795,3.5246,3.8297,1.8166,2.7166,38.27,46.27,0.1128,0.9522,63.97,61.45,99.67
10,cell_05,2024-01-03 06:00:00,3.7082,3.5581,3.8606,1.8127,2.8186,38.76,47.22,0.1038,0.9445,68.18,64.39,99.96
11,cell_05,2024-01-03 12:00:00,3.7102,3.5584,3.8606,1.7842,2.7128,41.43,51.65,0.0681,0.9604,65.28,64.47,99.264
12,cell_05,2024-01-03 18:00:00,3.7139,3.5523,3.8681,1.8065,2.7065,37.06,45.06,0.1113,0.9603,62.79,62.58,99.364
13,cell_05,2024-01-04 00:00:00,3.7206,3.5688,3.8854,1.8138,2.7138,39.0,50.98,0.0904,0.9489,65.18,60.94,99.27
14,cell_05,2024-01-04 06:00:00,3.7073,3.5488,3.8575,1.7018,2.6018,37.33,45.33,0.0874,0.9644,71.62,66.24,99.742
15,cell_05,2024-01-04 12:00:00,3.7032,3.55,3.8538,1.8098,2.7098,40.01,48.01,0.101,0.9576,67.1,61.4,98.703
16,cell_05,2024-01-04 18:00:00,3.7104,3.5596,3.8725,1.8051,2.7051,37.91,45.91,0.0632,0.9639,65.68,62.21,99.661
17,cell_05,2024-01-05 00:00:00,3.6899,3.5378,3.8403,1.8877,2.7877,39.06,47.26,0.0564,0.9496,63.49,59.82,99.162
18,cell_05,2024-01-05 06:00:00,3.6822,3.5303,3.8409,1.7934,2.7581,37.01,45.01,0.0845,0.9595,68.04,62.79,99.254
19,cell_05,2024-01-05 12:00:00,3.694,3.5386,3.845,1.7617,2.6673,40.94,48.94,0.0719,0.9423,70.18,61.49,99.173
20,cell_05,2024-01-05 18:00:00,3.7118,3.5538,3.8621,1.8134,2.7169,39.11,47.3,0.1255,0.9413,66.66,61.07,99.348
21,cell_05,2024-01-06 00:00:00,3.6915,3.5138,3.8568,1.8037,2.7037,39.21,47.21,0.0687,0.9718,66.96,59.98,98.763
22,cell_05,2024-01-06 06:00:00,3.7036,3.5519,3.8632,1.7935,2.6935,40.24,49.55,0.0848,0.9391,63.77,63.8,99.299
23,cell_05,2024-01-06 12:00:00,3.7047,3.553,3.8578,1.7361,2.6361,37.12,45.12,0.0878,0.9456,68.1,64.68,99.312
24,cell_05,2024-01-06 18:00:00,3.7005,3.5472,3.8511,1.7922,2.7731,38.08,50.6,0.1086,0.931,68.65,63.91,98.687
25,cell_05,2024-01-07 00:00:00,3.6857,3.5223,3.8433,1.771,2.671,39.26,48.28,0.0641,0.9415,64.78,60.94,98.963
26,cell_05,2024-01-07 06:00:00,3.7014,3.5367,3.8521,1.7892,2.6892,36.36,44.75,0.0518,0.9401,64.91,61.83,98.656
27,cell_05,2024-01-07 12:00:00,3.694,3.5409,3.8446,1.8366,2.8073,36.52,45.76,0.1119,0.9433,65.69,59.25,98.778
28,cell_05,2024-01-07 18:00:00,3.7159,3.5433,3.8663,1.7663,2.6857,37.77,45.77,0.0856,0.953,70.12,61.29,99.22
29,cell_05,2024-01-08 00:00:00,3.7092,3.5556,3.8789,1.7889,2.695,37.29,45.29,0.1002,0.9554,63.2,64.61,98.558
30,cell_05,2024-01-08 06:00:00,3.6943,3.5308,3.8449,1.8271,2.7441,38.48,50.05,0.1011,0.9399,67.26,59.22,98.75
31,cell_05,2024-01-08 12:00:00,3.7156,3.5475,3.8663,1.7865,2.7342,39.78,47.78,0.1046,0.9421,64.38,60.77,98.609
32,cell_05,2024-01-08 18:00:00,3.7011,3.5471,3.8665,1.9305,2.8355,40.12,48.12,0.0764,0.9608,63.38,57.3,98.414
33,cell_05,2024-01-09 00:00:00,3.6812,3.5218,3.8391,1.8124,2.7124,41.71,49.71,0.071,0.9671,67.81,60.65,98.582
34,cell_05,2024-01-09 06:00:00,3.697,3.5434,3.8554,1.7379,2.6746,38.97,49.9,0.0441,0.9626,69.92,67.5,98.547
35,cell_05,2024-01-09 12:00:00,3.7135,3.5506,3.8794,1.758,2.6792,39.23,47.23,0.0641,0.9335,69.82,66.9,98.124
36,cell_05,2024-01-09 18:00:00,3.6892,3.535,3.8573,1.753,2.7116,38.96,46.96,0.0852,0.9619,70.39,63.4,98.29
37,cell_05,2024-01-10 00:00:00,3.6966,3.5363,3.8475,1.7587,2.6587,39.48,52.64,0.07,0.9685,69.82,61.62,98.158
38,cell_05,2024-01-10 06:00:00,3.684,3.5224,3.8348,1.8268,2.7268,39.6,47.6,0.0612,0.933,64.71,61.39,98.389
39,cell_05,2024-01-10 12:00:00,3.6863,3.5223,3.8453,1.7447,2.6643,40.38,48.38,0.085,0.9608,67.76,64.58,98.876
40,cell_05,2024-01-10 18:00:00,3.6886,3.5246,3.8396,1.7834,2.6834,40.38,48.38,0.1109,0.9523,63.31,62.39,97.96
41,cell_05,2024-01-11 00:00:00,3.6838,3.5266,3.8351,1.8571,2.7571,39.78,47.78,0.0829,0.9467,61.12,56.74,97.356
42,cell_05,2024-01-11 06:00:00,3.6904,3.5346,3.8415,1.774,2.6839,41.27,49.27,0.0613,0.9511,67.1,60.33,97.704
43,cell_05,2024-01-11 12:00:00,3.7142,3.5588,3.8711,1.8336,2.7783,39.04,47.04,0.1094,0.9544,61.66,58.54,97.856
44,cell_05,2024-01-11 18:00:00,3.6967,3.5417,3.8517,1.7159,2.6159,38.08,48.05,0.0685,0.9616,71.58,64.1,98.009
45,cell_05,2024-01-12 00:00:00,3.7041,3.5479,3.8554,1.7815,2.7089,38.33,46.33,0.1136,0.9611,63.89,62.93,97.515
46,cell_05,2024-01-12 06:00:00,3.7069,3.5503,3.8583,1.7557,2.6759,38.84,49.36,0.0787,0.9349,63.79,65.72,97.339
47,cell_05,2024-01-12 12:00:00,3.6855,3.5297,3.8487,1.815,2.7155,37.37,47.55,0.0861,0.9435,62.88,59.57,97.693
48,cell_05,2024-01-12 18:00:00,3.6885,3.5332,3.8421,1.7483,2.6551,38.08,47.1,0.1152,0.9509,64.15,65.65,97.881
49,cell_05,2024-01-13 00:00:00,3.7043,3.5488,3.8666,1.9035,2.8709,37.29,45.54,0.057,0.9657,59.58,56.87,97.78
50,cell_05,2024-01-13 06:00:00,3.6898,3.5334,3.8411,1.718,2.618,39.52,48.07,0.063,0.9227,68.66,61.48,97.445
51,cell_05,2024-01-13 12:00:00,3.7044,3.5499,3.8558,1.8568,2.7954,39.53,50.38,0.0775,0.9439,62.15,61.26,98.236
52,cell_05,2024-01-13 18:00:00,3.7133,3.5539,3.8645,1.8439,2.7439,36.35,44.35,0.0812,0.9347,65.48,58.58,97.68
53,cell_05,2024-01-14 00:00:00,3.6821,3.5265,3.8336,1.8155,2.7155,38.02,47.47,0.1368,0.9363,64.01,64.1,97.768
54,cell_05,2024-01-14 06:00:00,3.6927,3.5341,3.8534,1.8027,2.7625,41.74,49.74,0.0662,0.9599,66.3,64.48,97.511
55,cell_05,2024-01-14 12:00:00,3.6951,3.5402,3.8498,1.8927,2.7927,39.94,49.6,0.0579,0.9447,63.45,56.6,98.042
56,cell_05,2024-01-14 18:00:00,3.691,3.5348,3.8424,1.9235,2.8235,39.68,47.68,0.0653,0.9267,58.62,55.94,97.52
57,cell_05,2024-01-15 00:00:00,3.6894,3.532,3.8411,1.7896,2.8077,38.0,47.42,0.0886,0.9484,62.16,59.91,97.01
58,cell_05,2024-01-15 06:00:00,3.6899,3.5209,3.8416,1.8079,2.7592,39.43,47.43,0.0938,0.9704,66.29,63.53,96.57
59,cell_05,2024-01-15 12:00:00,3.6957,3.5388,3.8471,1.7724,2.6724,38.98,46.98,0.0699,0.9319,67.16,59.77,97.244
60,cell_05,2024-01-15 18:00:00,3.6972,3.539,3.8599,1.7415,2.6415,37.8,45.8,0.0844,0.9553,64.69,65.2,97.042
61,cell_05,2024-01-16 00:00:00,3.7052,3.5445,3.8567,1.8232,2.7232,38.26,49.13,0.1229,0.9657,65.07,59.37,97.12
62,cell_05,2024-01-16 06:00:00,3.695,3.5371,3.858,1.8125,2.7781,38.29,47.37,0.0847,0.9495,63.01,61.43,96.826
63,cell_05,2024-01-16 12:00:00,3.7064,3.5383,3.8662,1.7195,2.6195,36.77,45.83,0.0904,0.9693,64.56,61.99,96.793
64,cell_05,2024-01-16 18:00:00,3.6892,3.5271,3.8496,1.8228,2.7228,37.01,46.74,0.1218,0.9434,61.97,62.47,96.76
65,cell_05,2024-01-17 00:00:00,3.6842,3.528,3.8388,1.8142,2.7498,38.7,46.7,0.07,0.9645,66.14,62.37,97.499
66,cell_05,2024-01-17 06:00:00,3.6919,3.5099,3.8436,1.7699,2.6699,37.73,46.95,0.0687,0.9621,64.81,59.11,96.652
67,cell_05,2024-01-17 12:00:00,3.6993,3.5303,3.8511,1.7667,2.6667,38.55,46.55,0.0746,0.9497,65.81,60.52,96.459
68,cell_05,2024-01-17 18:00:00,3.7037,3.5454,3.8617,1.8212,2.7212,36.59,44.59,0.0734,0.9351,61.4,60.32,96.703
69,cell_05,2024-01-18 00:00:00,3.7086,3.5486,3.8606,1.8804,2.7804,40.2,48.2,0.0476,0.94,58.76,58.39,95.996
70,cell_05,2024-01-18 06:00:00,3.6977,3.5144,3.8619,1.8199,2.7199,42.12,50.12,0.0868,0.9266,61.99,62.55,96.534
71,cell_05,2024-01-18 12:00:00,3.7012,3.5405,3.8533,1.839,2.7567,40.54,48.54,0.0883,0.9559,62.31,58.65,95.749
72,cell_05,2024-01-18 18:00:00,3.7077,3.547,3.8597,1.7584,2.6861,40.7,48.7,0.0803,0.9547,67.78,65.03,95.988
73,cell_05,2024-01-19 00:00:00,3.6855,3.5121,3.8377,1.7793,2.6793,39.94,47.94,0.0889,0.9508,66.13,59.24,95.538
74,cell_05,2024-01-19 06:00:00,3.6917,3.5248,3.8438,1.8304,2.8134,39.4,47.4,0.0892,0.9488,60.71,61.95,95.862
75,cell_05,2024-01-19 12:00:00,3.7213,3.5525,3.8734,1.7321,2.6491,39.13,47.44,0.0577,0.9636,63.46,65.66,95.695
76,cell_05,2024-01-19 18:00:00,3.7025,3.5351,3.856,1.8104,2.7104,37.63,45.63,0.0898,0.953,61.87,61.24,95.967
77,cell_05,2024-01-20 00:00:00,3.6985,3.5372,3.8566,1.8247,2.8057,40.04,48.87,0.0952,0.9445,65.08,62.66,95.585
78,cell_05,2024-01-20 06:00:00,3.702,3.5406,3.8543,1.7981,2.6981,39.95,47.95,0.0521,0.9515,63.77,59.92,95.404
79,cell_05,2024-01-20 12:00:00,3.6802,3.5152,3.8324,1.816,2.7249,38.31,46.7,0.1133,0.9705,65.19,61.35,95.721
80,cell_05,2024-01-20 18:00:00,3.6861,3.5237,3.8475,1.8029,2.7029,39.79,47.79,0.0593,0.9562,62.44,57.01,95.055
81,cell_05,2024-01-21 00:00:00,3.6823,3.5197,3.8419,1.7689,2.7001,37.96,48.06,0.0612,0.9461,65.0,59.74,94.952
82,cell_05,2024-01-21 06:00:00,3.6972,3.5207,3.8525,1.7411,2.6411,38.05,47.97,0.088,0.9496,66.33,62.85,95.329
83,cell_05,2024-01-21 12:00:00,3.689,3.5267,3.8414,1.7955,2.6955,40.16,48.16,0.0947,0.9546,64.36,62.77,95.1
84,cell_05,2024-01-21 18:00:00,3.6939,3.5152,3.8534,1.8652,2.7652,39.65,48.7,0.0996,0.9458,61.15,61.04,95.326
85,cell_05,2024-01-22 00:00:00,3.6891,3.5234,3.8417,1.8512,2.7512,38.65,49.54,0.0952,0.9449,59.84,58.85,94.781
86,cell_05,2024-01-22 06:00:00,3.6769,3.5154,3.8292,1.7827,2.7363,38.48,46.48,0.0736,0.9499,63.77,63.3,95.422
87,cell_05,2024-01-22 12:00:00,3.7017,3.5398,3.8541,1.7817,2.6817,39.26,47.26,0.0862,0.9652,67.19,62.86,95.238
88,cell_05,2024-01-22 18:00:00,3.6749,3.4913,3.8274,1.778,2.678,36.25,45.72,0.0777,0.9579,62.67,62.68,95.027
89,cell_05,2024-01-23 00:00:00,3.6854,3.5231,3.8378,1.778,2.6825,37.86,45.86,0.0875,0.9459,65.63,58.48,95.099
90,cell_05,2024-01-23 06:00:00,3.6796,3.5174,3.8395,1.8144,2.7144,37.1,45.1,0.0854,0.9587,65.72,59.64,95.14
91,cell_05,2024-01-23 12:00:00,3.6834,3.5104,3.8403,1.8529,2.8013,39.02,47.02,0.0739,0.9501,61.79,58.23,94.779
92,cell_05,2024-01-23 18:00:00,3.6942,3.5311,3.8468,1.9131,2.8131,40.63,50.13,0.0771,0.9534,59.39,58.19,94.781
93,cell_05,2024-01-24 00:00:00,3.7048,3.5423,3.8682,1.7585,2.6869,39.72,47.72,0.047,0.9525,62.37,62.14,94.995
94,cell_05,2024-01-24 06:00:00,3.6762,3.5032,3.8289,1.8326,2.7326,38.23,46.23,0.1006,0.9289,63.48,60.79,94.542
95,cell_05,2024-01-24 12:00:00,3.6858,3.5213,3.8387,1.8271,2.7271,37.94,45.94,0.09,0.9195,64.43,61.62,94.228
96,cell_05,2024-01-24 18:00:00,3.6746,3.5115,3.8273,1.7835,2.6835,37.87,48.17,0.0379,0.9523,66.82,60.92,94.758
97,cell_05,2024-01-25 00:00:00,3.6863,3.5236,3.8463,1.7487,2.6487,42.0,50.0,0.0999,0.9415,63.19,63.78,94.92
98,cell_05,2024-01-25 06:00:00,3.6932,3.5222,3.8521,1.8138,2.7138,39.1,47.1,0.0829,0.9336,65.49,60.08,94.99
99,cell_05,2024-01-25 12:00:00,3.6999,3.5146,3.8655,1.906,2.8879,39.3,47.3,0.0653,0.9418,58.93,57.47,94.829
100,cell_05,2024-01-25 18:00:00,3.6711,3.5081,3.8245,1.8135,2.7255,35.83,45.22,0.0635,0.9592,63.5,59.46,94.829
101,cell_05,2024-01-26 00:00:00,3.6976,3.5297,3.8502,1.7606,2.6826,37.23,46.76,0.0702,0.9536,62.76,64.28,94.697
102,cell_05,2024-01-26 06:00:00,3.6819,3.4905,3.8347,1.7921,2.6921,38.93,49.43,0.0654,0.9577,61.63,62.07,94.424
103,cell_05,2024-01-26 12:00:00,3.6785,3.5128,3.8473,1.743,2.68,38.25,46.25,0.0681,0.9545,65.32,62.95,93.765
104,cell_05,2024-01-26 18:00:00,3.6928,3.525,3.8454,1.8009,2.7828,39.2,47.2,0.118,0.9408,63.04,58.9,94.748
105,cell_05,2024-01-27 00:00:00,3.6975,3.5328,3.8504,1.8342,2.7777,39.18,52.03,0.0914,0.9578,64.45,58.42,94.132
106,cell_05,2024-01-27 06:00:00,3.6899,3.505,3.8474,1.7654,2.6654,39.9,47.9,0.1247,0.9559,62.33,62.96,93.904
107,cell_05,2024-01-27 12:00:00,3.6799,3.5147,3.8382,1.6372,2.5372,36.2,44.2,0.0885,0.9488,71.44,68.4,93.913
108,cell_05,2024-01-27 18:00:00,3.6909,3.5246,3.8436,1.8138,2.7193,37.34,45.34,0.0956,0.9506,62.33,62.56,94.584
109,cell_05,2024-01-28 00:00:00,3.6837,3.5162,3.8367,1.7749,2.6749,38.85,47.91,0.0664,0.9579,61.21,61.85,93.971
110,cell_05,2024-01-28 06:00:00,3.6963,3.5293,3.8496,1.7625,2.7891,38.03,47.06,0.0806,0.9425,62.02,61.96,93.526
111,cell_05,2024-01-28 12:00:00,3.7012,3.5353,3.8596,1.762,2.662,38.53,46.53,0.0824,0.9609,65.4,57.99,93.634
112,cell_05,2024-01-28 18:00:00,3.7009,3.5331,3.8545,1.82,2.72,39.16,47.16,0.0964,0.9557,63.89,60.33,93.838
113,cell_05,2024-01-29 00:00:00,3.6908,3.5082,3.8438,1.7796,2.6796,37.88,45.88,0.083,0.95,60.47,59.25,94.001
114,cell_05,2024-01-29 06:00:00,3.7021,3.5141,3.8551,1.8465,2.7581,39.29,47.29,0.091,0.9653,60.49,60.21,93.922
115,cell_05,2024-01-29 12:00:00,3.6801,3.514,3.8334,1.8476,2.8167,39.82,47.82,0.0903,0.9371,60.73,54.76,93.56
116,cell_05,2024-01-29 18:00:00,3.7087,3.5436,3.8764,1.7865,2.6922,39.1,50.71,0.0779,0.9454,63.82,62.68,93.934
117,cell_05,2024-01-30 00:00:00,3.6802,3.5144,3.8423,1.774,2.674,40.08,48.08,0.0759,0.9432,64.31,60.08,93.655
118,cell_05,2024-01-30 06:00:00,3.6707,3.4788,3.8237,1.8064,2.7064,35.74,43.74,0.0706,0.9536,64.5,56.99,93.989
119,cell_05,2024-01-30 12:00:00,3.7042,3.5371,3.8582,1.7927,2.7532,38.12,46.12,0.1056,0.9618,61.29,60.21,93.692
120,cell_05,2024-01-30 18:00:00,3.6831,3.5055,3.8465,1.7124,2.6124,40.34,48.34,0.078,0.9402,62.94,63.47,93.447
121,cell_05,2024-01-31 00:00:00,3.692,3.5197,3.845,1.8957,2.7957,37.7,46.57,0.0906,0.9831,57.56,58.12,93.882
122,cell_05,2024-01-31 06:00:00,3.6802,3.4924,3.841,1.8357,2.7357,37.5,45.5,0.0809,0.9434,63.92,59.42,93.688
123,cell_05,2024-01-31 12:00:00,3.7133,3.5461,3.8815,1.7768,2.6768,38.81,49.09,0.1053,0.9536,63.18,60.08,93.119
124,cell_05,2024-01-31 18:00:00,3.7084,3.5421,3.8617,1.7042,2.6042,38.97,48.17,0.0442,0.95,63.98,59.78,93.481
125,cell_05,2024-02-01 00:00:00,3.7056,3.5207,3.8754,1.791,2.691,38.2,46.2,0.0901,0.9505,64.4,61.76,93.45
126,cell_05,2024-02-01 06:00:00,3.6913,3.5163,3.8581,1.7706,2.7201,41.77,49.77,0.0589,0.9421,64.0,63.35,93.622
127,cell_05,2024-02-01 12:00:00,3.6998,3.5285,3.8556,1.797,2.697,39.43,49.6,0.0918,0.9607,61.49,60.93,93.317
128,cell_05,2024-02-01 18:00:00,3.689,3.5063,3.8425,1.6918,2.6866,37.65,45.65,0.0811,0.9415,62.81,59.62,93.04
129,cell_05,2024-02-02 00:00:00,3.7001,3.5265,3.8562,1.7764,2.7471,36.84,44.84,0.0544,0.9323,64.32,61.02,92.597
130,cell_05,2024-02-02 06:00:00,3.6856,3.5028,3.8391,1.7794,2.6794,39.61,49.65,0.0908,0.9388,64.19,58.24,93.16
131,cell_05,2024-02-02 12:00:00,3.7057,3.5362,3.8591,1.7904,2.7589,37.61,45.61,0.0885,0.9645,60.99,62.23,93.206
132,cell_05,2024-02-02 18:00:00,3.6847,3.5079,3.8436,1.7882,2.7687,42.23,51.97,0.0794,0.9625,60.87,56.49,92.882
133,cell_05,2024-02-03 00:00:00,3.684,3.508,3.8382,1.8026,2.7026,39.64,47.64,0.0819,0.9299,59.63,55.49,91.673
134,cell_05,2024-02-03 06:00:00,3.6845,3.5165,3.8381,1.8761,2.7761,39.84,47.84,0.0872,0.9581,60.36,54.49,92.78
135,cell_05,2024-02-03 12:00:00,3.6904,3.5211,3.8442,1.7742,2.6742,39.37,49.69,0.1076,0.9302,61.14,60.89,92.303
136,cell_05,2024-02-03 18:00:00,3.6853,3.5172,3.8389,1.7544,2.6735,40.68,48.69,0.0777,0.9497,62.26,61.25,92.782
137,cell_05,2024-02-04 00:00:00,3.6945,3.5246,3.8545,1.7136,2.6136,35.41,44.6,0.1043,0.9379,64.38,63.41,93.086
138,cell_05,2024-02-04 06:00:00,3.6839,3.5152,3.8377,1.7744,2.695,37.2,45.2,0.0833,0.9589,65.56,58.51,92.5
139,cell_05,2024-02-04 12:00:00,3.697,3.5244,3.8636,1.7299,2.6299,40.55,49.25,0.1099,0.9555,64.05,63.53,92.708
140,cell_05,2024-02-04 18:00:00,3.7041,3.5315,3.8578,1.848,2.748,41.25,49.26,0.0793,0.9598,59.38,56.79,92.586
141,cell_05,2024-02-05 00:00:00,3.6899,3.5197,3.8435,1.7952,2.6952,37.15,45.63,0.0707,0.947,61.8,56.62,92.734
142,cell_05,2024-02-05 06:00:00,3.7111,3.5404,3.8648,1.847,2.747,36.27,48.35,0.062,0.9481,61.49,58.77,92.607
143,cell_05,2024-02-05 12:00:00,3.6999,3.531,3.8541,1.8733,2.7733,39.25,49.86,0.0833,0.935,61.48,56.42,92.421
144,cell_05,2024-02-05 18:00:00,3.7098,3.5406,3.8641,1.7567,2.6567,39.73,49.31,0.0681,0.9397,66.15,60.49,92.305
145,cell_05,2024-02-06 00:00:00,3.6887,3.5209,3.8497,1.7826,2.6826,39.22,48.83,0.1121,0.9595,62.44,58.68,92.881
146,cell_05,2024-02-06 06:00:00,3.6722,3.5035,3.8266,1.8666,2.7718,38.91,46.91,0.0666,0.9537,59.25,57.77,92.535
147,cell_05,2024-02-06 12:00:00,3.6819,3.5135,3.8565,1.8095,2.7095,36.22,44.22,0.0702,0.951,60.4,55.52,92.653
148,cell_05,2024-02-06 18:00:00,3.6825,3.5123,3.8408,1.8261,2.7811,38.44,46.44,0.0956,0.9626,62.37,57.59,92.329
149,cell_05,2024-02-07 00:00:00,3.6792,3.5105,3.833,1.8516,2.7516,38.66,46.66,0.1077,0.937,60.88,56.51,92.502
150,cell_05,2024-02-07 06:00:00,3.666,3.4958,3.82,1.8448,2.8199,38.18,46.18,0.0986,0.9572,58.99,58.29,91.94
151,cell_05,2024-02-07 12:00:00,3.6986,3.5067,3.8578,1.8205,2.7326,36.12,44.12,0.1052,0.9382,60.91,56.33,92.234
152,cell_05,2024-02-07 18:00:00,3.6699,3.5008,3.8238,1.8698,2.7733,39.88,47.88,0.0824,0.9648,57.53,54.73,92.361
153,cell_05,2024-02-08 00:00:00,3.6982,3.5152,3.8578,1.7966,2.6966,40.3,48.3,0.0827,0.9554,63.05,57.64,92.597
154,cell_05,2024-02-08 06:00:00,3.7114,3.5439,3.8738,1.826,2.7567,37.81,45.81,0.1242,0.9596,59.61,57.95,93.011
155,cell_05,2024-02-08 12:00:00,3.6807,3.4946,3.8437,1.7912,2.6928,38.72,46.72,0.1178,0.943,60.93,56.97,92.331
156,cell_05,2024-02-08 18:00:00,3.6919,3.5219,3.8459,1.851,2.794,38.25,49.31,0.0983,0.9718,57.07,57.77,92.011
157,cell_05,2024-02-09 00:00:00,3.6838,3.5117,3.8471,1.765,2.7452,38.27,46.27,0.1061,0.97,60.7,58.28,91.85
158,cell_05,2024-02-09 06:00:00,3.6962,3.526,3.8534,1.7159,2.6159,39.74,49.97,0.1012,0.9543,62.34,60.58,91.938
159,cell_05,2024-02-09 12:00:00,3.676,3.48,3.83,1.8327,2.7634,39.78,47.78,0.0599,0.9618,61.64,57.56,91.977
160,cell_05,2024-02-09 18:00:00,3.6857,3.514,3.84,1.749,2.6782,40.61,48.61,0.0832,0.947,63.89,58.76,91.339
161,cell_05,2024-02-10 00:00:00,3.6983,3.5185,3.8573,1.744,2.6669,40.58,48.58,0.1139,0.9373,63.13,61.01,91.403
162,cell_05,2024-02-10 06:00:00,3.6872,3.5123,3.8413,1.8632,2.7632,38.74,46.74,0.0984,0.958,58.47,57.1,91.821
163,cell_05,2024-02-10 12:00:00,3.6712,3.5002,3.8284,1.8483,2.7483,43.26,54.88,0.0827,0.9408,61.81,58.04,91.628
164,cell_05,2024-02-10 18:00:00,3.6997,3.5234,3.8684,1.7829,2.6829,41.32,49.32,0.1142,0.9631,63.97,58.67,91.528
165,cell_05,2024-02-11 00:00:00,3.6728,3.4855,3.8372,1.6477,2.5477,38.01,46.01,0.0914,0.9605,66.6,61.75,90.517
166,cell_05,2024-02-11 06:00:00,3.6878,3.5094,3.8429,1.8267,2.7267,39.19,48.17,0.0991,0.9524,60.94,55.2,91.319
167,cell_05,2024-02-11 12:00:00,3.6926,3.5188,3.8493,1.8331,2.7331,36.02,44.02,0.0915,0.9518,61.44,56.31,91.157
168,cell_05,2024-02-11 18:00:00,3.6874,3.5093,3.842,1.8258,2.7258,39.04,47.34,0.0948,0.9599,61.02,58.93,90.816
169,cell_05,2024-02-12 00:00:00,3.7106,3.5169,3.8655,1.8235,2.7453,41.51,49.51,0.0963,0.9527,57.7,54.12,90.159
170,cell_05,2024-02-12 06:00:00,3.6933,3.52,3.848,1.7909,2.6938,43.17,51.17,0.11,0.946,60.78,55.99,90.673
171,cell_05,2024-02-12 12:00:00,3.6844,3.5118,3.8414,1.7795,2.6879,38.82,46.82,0.1126,0.9349,59.2,59.28,90.95
172,cell_05,2024-02-12 18:00:00,3.6922,3.5193,3.8537,1.7447,2.6447,39.5,49.1,0.075,0.9596,64.39,59.81,90.812
173,cell_05,2024-02-13 00:00:00,3.6884,3.5156,3.843,1.7651,2.6686,39.91,47.91,0.0911,0.9537,62.73,61.26,90.878
174,cell_05,2024-02-13 06:00:00,3.6869,3.5142,3.8414,1.8161,2.7161,41.97,49.97,0.1094,0.9776,62.97,54.26,90.943
175,cell_05,2024-02-13 12:00:00,3.6886,3.5156,3.8439,1.8169,2.7559,37.53,45.85,0.0814,0.949,57.78,59.23,90.784
176,cell_05,2024-02-13 18:00:00,3.6821,3.5094,3.85,1.8395,2.7395,42.98,51.14,0.0578,0.953,59.38,57.69,90.933
177,cell_05,2024-02-14 00:00:00,3.6879,3.5116,3.8516,1.7297,2.6485,38.52,47.67,0.0658,0.9533,64.18,61.37,90.485
178,cell_05,2024-02-14 06:00:00,3.6805,3.5041,3.8353,1.717,2.617,37.24,45.24,0.0672,0.9565,65.48,59.23,90.371
179,cell_05,2024-02-14 12:00:00,3.6673,3.4945,3.8424,1.781,2.7166,38.53,46.53,0.0748,0.9403,63.38,56.98,90.86
180,cell_05,2024-02-14 18:00:00,3.6978,3.5151,3.8793,1.749,2.649,37.79,46.63,0.0691,0.9492,60.52,56.23,90.922
181,cell_05,2024-02-15 00:00:00,3.6807,3.5025,3.8352,1.8093,2.7093,39.63,47.63,0.1046,0.9583,63.18,58.99,90.873
182,cell_05,2024-02-15 06:00:00,3.6875,3.4986,3.8422,1.7345,2.6345,36.52,46.29,0.0785,0.9467,65.81,57.52,90.756
183,cell_05,2024-02-15 12:00:00,3.6783,3.4964,3.8399,1.859,2.759,39.21,47.25,0.1092,0.9579,61.24,53.97,90.62
184,cell_05,2024-02-15 18:00:00,3.6779,3.5033,3.8328,1.7589,2.6589,40.0,48.0,0.0614,0.951,62.2,57.06,90.151
185,cell_05,2024-02-16 00:00:00,3.6749,3.4874,3.8383,1.8796,2.8546,41.22,49.22,0.0769,0.954,59.5,56.84,90.202
186,cell_05,2024-02-16 06:00:00,3.6948,3.5176,3.8507,1.8262,2.7262,40.02,48.02,0.0861,0.9615,56.77,55.06,90.22
187,cell_05,2024-02-16 12:00:00,3.6982,3.5174,3.8565,1.7472,2.6472,41.13,49.13,0.1002,0.9477,60.88,58.83,90.87
188,cell_05,2024-02-16 18:00:00,3.685,3.5023,3.8401,1.9047,2.823,38.09,47.6,0.1069,0.9355,54.27,55.15,89.812
189,cell_05,2024-02-17 00:00:00,3.6812,3.5089,3.8357,1.8133,2.7133,39.59,47.59,0.0732,0.9473,60.29,59.61,91.056
190,cell_05,2024-02-17 06:00:00,3.6676,3.4909,3.8228,1.8083,2.749,35.66,44.26,0.1039,0.9417,62.3,58.29,89.711
191,cell_05,2024-02-17 12:00:00,3.6933,3.5188,3.863,1.7967,2.6967,38.83,46.83,0.0504,0.9287,61.14,57.45,90.204
192,cell_05,2024-02-17 18:00:00,3.6778,3.5022,3.8424,1.8233,2.7233,39.58,47.58,0.1014,0.9489,58.83,53.16,89.73
193,cell_05,2024-02-18 00:00:00,3.6741,3.4995,3.8357,1.8263,2.7861,39.72,50.35,0.0572,0.952,60.99,54.26,90.18
194,cell_05,2024-02-18 06:00:00,3.6859,3.5118,3.8442,1.7568,2.6876,36.64,44.64,0.0929,0.9602,62.05,57.13,90.383
195,cell_05,2024-02-18 12:00:00,3.6818,3.5051,3.8368,1.7893,2.6893,38.41,46.41,0.1066,0.9386,60.17,56.88,90.098
196,cell_05,2024-02-18 18:00:00,3.6704,3.4855,3.8252,1.8058,2.7058,38.62,46.62,0.1017,0.9509,60.84,56.23,90.38
197,cell_05,2024-02-19 00:00:00,3.6711,3.4881,3.8262,1.8291,2.7291,38.36,46.36,0.0512,0.9613,59.09,56.15,89.961
198,cell_05,2024-02-19 06:00:00,3.6876,3.5113,3.8428,1.83,2.8601,40.09,50.91,0.0751,0.9443,59.5,55.22,89.473
199,cell_05,2024-02-19 12:00:00,3.6789,3.5045,3.8337,1.8082,2.7082,38.67,46.67,0.0983,0.9554,61.72,58.27,90.276
200,cell_05,2024-02-19 18:00:00,3.6902,3.5155,3.8452,1.7725,2.731,39.15,47.15,0.0978,0.966,60.77,55.22,90.097
201,cell_05,2024-02-20 00:00:00,3.6864,3.5112,3.8419,1.7699,2.6699,38.27,46.27,0.0895,0.9314,60.46,60.95,89.944
202,cell_05,2024-02-20 06:00:00,3.6954,3.5203,3.8509,1.7404,2.6404,40.6,48.6,0.04,0.9527,62.39,61.06,89.965
203,cell_05,2024-02-20 12:00:00,3.677,3.5025,3.841,1.8296,2.7307,40.71,49.23,0.108,0.9616,61.56,55.23,90.21
204,cell_05,2024-02-20 18:00:00,3.6862,3.4956,3.8622,1.7692,2.6692,38.54,46.54,0.1115,0.9465,60.08,56.89,89.262
205,cell_05,2024-02-21 00:00:00,3.6908,3.4963,3.8529,1.7904,2.7305,43.28,51.28,0.0873,0.9639,62.15,59.85,89.619
206,cell_05,2024-02-21 06:00:00,3.6785,3.4957,3.8336,1.8119,2.7526,37.85,46.43,0.0886,0.9563,60.21,59.13,89.863
207,cell_05,2024-02-21 12:00:00,3.6965,3.5218,3.8694,1.8002,2.7002,40.51,48.77,0.0941,0.9677,57.15,56.43,90.125
208,cell_05,2024-02-21 18:00:00,3.6682,3.493,3.8233,1.7997,2.6997,37.57,46.25,0.1132,0.9558,59.82,54.32,89.928
209,cell_05,2024-02-22 00:00:00,3.676,3.4999,3.8312,1.7548,2.6548,40.16,48.16,0.089,0.9685,59.47,61.17,89.555
210,cell_05,2024-02-22 06:00:00,3.6669,3.4839,3.8222,1.8134,2.7134,40.04,48.62,0.0802,0.953,57.0,57.02,89.267
211,cell_05,2024-02-22 12:00:00,3.6762,3.4906,3.8398,1.7844,2.6844,37.48,45.48,0.0916,0.9363,58.31,58.06,89.07
212,cell_05,2024-02-22 18:00:00,3.682,3.4978,3.8392,1.7957,2.6957,38.8,48.23,0.0838,0.9437,60.77,55.19,89.05
213,cell_05,2024-02-23 00:00:00,3.6925,3.504,3.8478,1.8579,2.7579,41.8,49.8,0.084,0.9602,58.51,56.73,89.451
214,cell_05,2024-02-23 06:00:00,3.6821,3.4854,3.8375,1.8253,2.7253,37.78,45.78,0.0487,0.96,58.79,55.98,89.098
215,cell_05,2024-02-23 12:00:00,3.678,3.5012,3.8333,1.7715,2.6715,39.6,47.8,0.0945,0.9469,60.46,57.29,89.3
216,cell_05,2024-02-23 18:00:00,3.6679,3.4621,3.8234,1.7926,2.6926,39.5,50.2,0.1074,0.968,58.85,57.97,88.901
217,cell_05,2024-02-24 00:00:00,3.6723,3.4963,3.843,1.88,2.78,38.94,47.11,0.1044,0.9465,59.4,53.6,89.601
218,cell_05,2024-02-24 06:00:00,3.6867,3.5095,3.8422,1.7846,2.6846,36.4,44.78,0.103,0.9546,62.5,56.49,89.093
219,cell_05,2024-02-24 12:00:00,3.6931,3.5149,3.866,1.802,2.7144,40.24,48.99,0.0829,0.9543,61.19,57.54,89.516
220,cell_05,2024-02-24 18:00:00,3.6793,3.4962,3.8348,1.8332,2.7332,39.02,49.52,0.0869,0.9367,57.01,56.15,88.979
221,cell_05,2024-02-25 00:00:00,3.6956,3.518,3.856,1.8108,2.7108,40.66,48.66,0.1078,0.9489,61.4,58.79,88.963
222,cell_05,2024-02-25 06:00:00,3.6749,3.4989,3.8324,1.7814,2.6814,39.35,47.35,0.1013,0.9738,62.28,57.71,89.588
223,cell_05,2024-02-25 12:00:00,3.6796,3.4801,3.8439,1.7628,2.6628,39.1,47.1,0.1137,0.9408,58.31,56.47,89.002
224,cell_05,2024-02-25 18:00:00,3.679,3.4992,3.8375,1.7995,2.7039,39.56,48.89,0.0705,0.9563,57.79,54.54,88.056
225,cell_05,2024-02-26 00:00:00,3.6976,3.5182,3.8634,1.8329,2.7329,37.52,45.97,0.0704,0.9385,56.76,55.06,88.215
226,cell_05,2024-02-26 06:00:00,3.6845,3.4896,3.8457,1.866,2.8616,41.34,49.34,0.0773,0.9407,58.41,52.07,88.784
227,cell_05,2024-02-26 12:00:00,3.6651,3.4785,3.8208,1.7267,2.6349,38.44,46.44,0.0651,0.9359,61.83,59.14,88.755
228,cell_05,2024-02-26 18:00:00,3.692,3.5018,3.8551,1.8881,2.7881,38.46,46.82,0.0576,0.9594,54.81,52.7,88.298
229,cell_05,2024-02-27 00:00:00,3.701,3.5198,3.8568,1.7856,2.7105,40.94,49.36,0.0934,0.9413,57.77,55.52,88.337
230,cell_05,2024-02-27 06:00:00,3.6806,3.5024,3.8362,1.8462,2.8519,39.37,48.33,0.092,0.9627,57.43,53.01,88.728
231,cell_05,2024-02-27 12:00:00,3.6744,3.4959,3.8369,1.7631,2.6758,38.65,46.65,0.0889,0.9447,61.53,57.47,88.921
232,cell_05,2024-02-27 18:00:00,3.6913,3.5123,3.8563,1.7195,2.6195,39.62,47.62,0.0911,0.9513,61.76,55.76,88.412
233,cell_05,2024-02-28 00:00:00,3.7025,3.5216,3.8582,1.7344,2.656,39.94,47.94,0.0547,0.9541,59.84,58.89,88.599
234,cell_05,2024-02-28 06:00:00,3.6908,3.5049,3.8467,1.7835,2.6835,38.82,46.82,0.0744,0.9338,60.09,55.13,88.241
235,cell_05,2024-02-28 12:00:00,3.6667,3.4775,3.8224,1.8262,2.7262,40.38,48.38,0.0781,0.952,61.14,57.68,88.625
236,cell_05,2024-02-28 18:00:00,3.689,3.5081,3.8452,1.8016,2.7864,37.09,48.23,0.085,0.9535,56.48,55.61,87.632
237,cell_05,2024-02-29 00:00:00,3.6856,3.4973,3.8417,1.7875,2.7616,39.39,47.39,0.0548,0.9614,59.04,57.58,87.692
238,cell_05,2024-02-29 06:00:00,3.6721,3.4914,3.8361,1.8559,2.7559,40.2,49.14,0.0654,0.9404,56.03,55.89,87.741
239,cell_05,2024-02-29 12:00:00,3.695,3.5056,3.851,1.8001,2.7001,39.93,49.75,0.0753,0.9418,57.07,58.01,88.085
240,cell_05,2024-02-29 18:00:00,3.6857,3.4977,3.8562,1.814,2.722,35.64,45.61,0.1052,0.9566,60.07,57.15,87.518
241,cell_05,2024-03-01 00:00:00,3.6946,3.5138,3.8508,1.9556,2.8556,38.81,47.36,0.0892,0.9641,56.26,49.63,87.664
242,cell_05,2024-03-01 06:00:00,3.6708,3.4845,3.827,1.7996,2.6996,37.18,47.82,0.1044,0.9441,57.54,54.35,87.607
243,cell_05,2024-03-01 12:00:00,3.6853,3.4934,3.8416,1.7652,2.6652,40.93,52.5,0.0816,0.9376,58.62,57.79,87.571
244,cell_05,2024-03-01 18:00:00,3.6725,3.4907,3.8385,1.824,2.724,38.41,46.41,0.084,0.9468,55.28,54.97,87.603
245,cell_05,2024-03-02 00:00:00,3.6843,3.504,3.8404,1.8367,2.7367,40.76,49.66,0.094,0.9399,58.09,55.17,87.88
246,cell_05,2024-03-02 06:00:00,3.6957,3.5121,3.8521,1.815,2.7564,37.17,47.73,0.0805,0.954,54.97,55.84,87.28
247,cell_05,2024-03-02 12:00:00,3.667,3.4803,3.8233,1.8078,2.768,39.59,47.59,0.0715,0.9392,58.08,52.95,87.526
248,cell_05,2024-03-02 18:00:00,3.6671,3.4851,3.8235,1.8741,2.7741,39.01,47.01,0.0542,0.9597,53.9,51.19,87.206
249,cell_05,2024-03-03 00:00:00,3.691,3.5101,3.8475,1.8679,2.7679,43.15,51.15,0.072,0.9521,57.27,54.26,87.639
250,cell_05,2024-03-03 06:00:00,3.6811,3.4947,3.8374,1.7941,2.7256,40.77,49.69,0.1007,0.96,61.04,56.34,87.512
251,cell_05,2024-03-03 12:00:00,3.6935,3.505,3.8601,1.7678,2.6679,40.67,48.67,0.1092,0.9258,57.21,58.57,87.891
252,cell_05,2024-03-03 18:00:00,3.6733,3.4707,3.8295,1.8215,2.8079,42.04,52.91,0.0685,0.9324,59.29,55.93,87.569
253,cell_05,2024-03-04 00:00:00,3.6817,3.4936,3.8435,1.7675,2.6675,39.43,48.49,0.0493,0.9629,61.32,54.66,87.438
254,cell_05,2024-03-04 06:00:00,3.6881,3.5069,3.8461,1.8443,2.7873,38.85,48.03,0.1025,0.9428,55.09,51.64,87.497
255,cell_05,2024-03-04 12:00:00,3.6838,3.483,3.854,1.8212,2.7212,38.68,46.68,0.0854,0.9353,60.32,54.35,87.827
256,cell_05,2024-03-04 18:00:00,3.6624,3.4689,3.819,1.9335,2.8335,39.49,47.49,0.0571,0.948,54.55,50.51,86.839
257,cell_05,2024-03-05 00:00:00,3.7089,3.5267,3.8653,1.8737,2.886,34.84,45.83,0.0218,0.9524,55.99,54.5,87.122
258,cell_05,2024-03-05 06:00:00,3.6831,3.5014,3.8469,1.7461,2.7653,39.0,47.0,0.0647,0.9484,61.04,58.04,87.321
259,cell_05,2024-03-05 12:00:00,3.6667,3.4836,3.8234,1.7741,2.6741,39.34,47.34,0.0747,0.9547,57.44,57.94,86.763
260,cell_05,2024-03-05 18:00:00,3.6838,3.4932,3.8452,1.7043,2.6265,38.77,47.21,0.061,0.9533,58.42,58.29,87.101
261,cell_05,2024-03-06 00:00:00,3.6847,3.502,3.8646,1.6931,2.5931,36.7,46.06,0.0978,0.9528,61.26,57.23,86.937
262,cell_05,2024-03-06 06:00:00,3.6905,3.5081,3.847,1.8057,2.7057,38.78,47.84,0.0677,0.9635,59.25,54.97,87.031
263,cell_05,2024-03-06 12:00:00,3.6898,3.4994,3.8616,1.7404,2.6404,36.7,44.7,0.0842,0.9499,62.49,55.27,86.989
264,cell_05,2024-03-06 18:00:00,3.6782,3.4956,3.8348,1.8821,2.7821,41.66,51.93,0.1315,0.9496,55.03,50.22,86.923
265,cell_05,2024-03-07 00:00:00,3.6626,3.4716,3.8327,1.8579,2.8501,38.61,46.61,0.0863,0.958,54.59,53.12,86.567
266,cell_05,2024-03-07 06:00:00,3.6851,3.494,3.8485,1.7864,2.6864,35.91,44.99,0.0817,0.9555,56.29,55.02,87.007
267,cell_05,2024-03-07 12:00:00,3.6632,3.4793,3.826,1.7836,2.6861,38.69,46.96,0.0821,0.941,60.68,52.52,86.425
268,cell_05,2024-03-07 18:00:00,3.6923,3.5092,3.8489,1.8743,2.7743,40.34,48.34,0.0974,0.9491,54.05,54.0,86.753
269,cell_05,2024-03-08 00:00:00,3.6733,3.4911,3.8298,1.8857,2.7952,39.26,47.26,0.0949,0.9544,57.71,53.46,87.101
270,cell_05,2024-03-08 06:00:00,3.6873,3.5056,3.8437,1.7534,2.6534,37.63,45.63,0.0639,0.9441,57.87,54.22,87.311
271,cell_05,2024-03-08 12:00:00,3.6749,3.4941,3.8312,1.7469,2.6469,37.98,46.05,0.0758,0.9446,57.31,58.47,87.659
272,cell_05,2024-03-08 18:00:00,3.6753,3.4902,3.8319,1.7849,2.6849,38.57,46.57,0.0707,0.9361,56.76,53.02,86.826
273,cell_05,2024-03-09 00:00:00,3.672,3.4888,3.8306,1.8216,2.7862,38.34,47.81,0.0783,0.9212,57.07,54.36,86.695
274,cell_05,2024-03-09 06:00:00,3.6878,3.4959,3.8443,1.7743,2.6743,37.11,45.11,0.1205,0.9463,58.02,56.69,87.111
275,cell_05,2024-03-09 12:00:00,3.6751,3.4928,3.8315,1.8226,2.7226,38.9,50.04,0.0963,0.9513,59.97,54.73,87.515
276,cell_05,2024-03-09 18:00:00,3.6888,3.5047,3.8577,1.8975,2.7975,37.0,45.0,0.0824,0.939,55.53,53.88,87.414
277,cell_05,2024-03-10 00:00:00,3.674,3.4906,3.8401,1.7297,2.6297,40.42,50.26,0.1089,0.9638,57.81,56.42,86.644
278,cell_05,2024-03-10 06:00:00,3.6781,3.4879,3.8348,1.7777,2.6777,40.61,50.53,0.0878,0.9395,59.4,54.05,86.912
279,cell_05,2024-03-10 12:00:00,3.6802,3.4836,3.8625,1.7307,2.6795,37.5,45.83,0.0512,0.9591,59.34,56.92,86.538
280,cell_05,2024-03-10 18:00:00,3.6814,3.4978,3.8381,1.7582,2.6582,37.93,46.08,0.1173,0.9542,60.14,55.19,86.558
281,cell_05,2024-03-11 00:00:00,3.6704,3.479,3.8272,1.7853,2.6853,38.37,46.37,0.0809,0.9718,59.78,53.18,86.46
282,cell_05,2024-03-11 06:00:00,3.6863,3.4939,3.8432,1.7636,2.6786,38.95,46.95,0.0389,0.9554,61.46,55.52,86.148
283,cell_05,2024-03-11 12:00:00,3.677,3.4889,3.8337,1.826,2.726,39.39,47.82,0.052,0.9355,57.25,52.28,86.457
284,cell_05,2024-03-11 18:00:00,3.6853,3.4849,3.8599,1.8075,2.828,39.69,47.69,0.1066,0.9605,56.7,54.42,86.561
285,cell_05,2024-03-12 00:00:00,3.6788,3.4938,3.8358,1.815,2.715,39.66,50.03,0.0523,0.967,56.49,54.55,86.003
286,cell_05,2024-03-12 06:00:00,3.6859,3.5026,3.8425,1.7847,2.7054,41.33,49.33,0.111,0.9323,57.72,57.01,86.682
287,cell_05,2024-03-12 12:00:00,3.6758,3.4922,3.8412,1.7893,2.7306,39.09,47.09,0.0856,0.9564,57.78,57.21,86.58
288,cell_05,2024-03-12 18:00:00,3.6712,3.4791,3.8321,1.7825,2.6825,37.05,45.05,0.0983,0.9586,55.21,56.02,86.06
289,cell_05,2024-03-13 00:00:00,3.6841,3.5005,3.8491,1.7876,2.6958,36.59,45.87,0.0789,0.9479,56.64,57.49,86.56
290,cell_05,2024-03-13 06:00:00,3.6748,3.4911,3.8316,1.821,2.721,41.45,50.56,0.0945,0.9258,59.79,54.49,86.505
291,cell_05,2024-03-13 12:00:00,3.6938,3.4927,3.8508,1.7038,2.6175,39.76,49.72,0.0903,0.947,63.29,58.93,86.174
292,cell_05,2024-03-13 18:00:00,3.6803,3.4781,3.8371,1.8144,2.7194,39.31,49.38,0.0832,0.9442,54.56,55.83,86.391
293,cell_05,2024-03-14 00:00:00,3.6651,3.4799,3.8277,1.7566,2.6566,39.67,49.25,0.0627,0.9653,61.51,57.67,85.915
294,cell_05,2024-03-14 06:00:00,3.6732,3.4882,3.8302,1.7831,2.6831,39.24,48.9,0.0912,0.9491,59.58,56.45,86.018
295,cell_05,2024-03-14 12:00:00,3.6677,3.4619,3.829,1.7219,2.7151,39.65,48.87,0.0477,0.9459,56.37,58.75,85.127
296,cell_05,2024-03-14 18:00:00,3.6898,3.5003,3.8468,1.7821,2.7114,38.44,47.97,0.1026,0.9441,60.35,54.9,86.07
297,cell_05,2024-03-15 00:00:00,3.6868,3.4977,3.848,1.8139,2.7139,40.58,48.58,0.0879,0.9533,59.54,56.66,86.041
298,cell_05,2024-03-15 06:00:00,3.6786,3.4929,3.8355,1.8229,2.7229,38.21,46.21,0.0933,0.9506,57.43,53.3,86.137
299,cell_05,2024-03-15 12:00:00,3.6811,3.4947,3.8383,1.7407,2.6407,37.65,45.65,0.0317,0.9421,60.61,53.43,85.449
300,cell_05,2024-03-15 18:00:00,3.6782,3.4932,3.8365,1.8204,2.7585,36.46,47.0,0.0615,0.9526,55.75,52.06,86.018
301,cell_05,2024-03-16 00:00:00,3.6877,3.496,3.8446,1.857,2.757,38.64,46.64,0.0739,0.9444,56.0,53.14,86.035
302,cell_05,2024-03-16 06:00:00,3.6835,3.4973,3.8469,1.7753,2.6755,40.9,48.9,0.0975,0.9241,59.15,52.12,85.535
303,cell_05,2024-03-16 12:00:00,3.6861,3.4969,3.8518,1.8,2.7,38.31,46.33,0.0651,0.9567,57.71,52.53,86.047
304,cell_05,2024-03-16 18:00:00,3.6769,3.4914,3.839,1.6966,2.5966,36.93,44.93,0.135,0.9557,59.55,56.93,85.869
305,cell_05,2024-03-17 00:00:00,3.6711,3.4834,3.8286,1.7551,2.6945,39.43,48.19,0.0787,0.952,58.93,55.88,84.927
306,cell_05,2024-03-17 06:00:00,3.6851,3.4829,3.8423,1.8135,2.7663,38.02,46.02,0.0637,0.9456,58.57,51.92,85.612
307,cell_05,2024-03-17 12:00:00,3.6933,3.5002,3.8507,1.8478,2.7901,41.32,49.32,0.0803,0.9493,57.16,52.95,85.16
308,cell_05,2024-03-17 18:00:00,3.6884,3.4973,3.8459,1.77,2.67,40.61,49.01,0.065,0.9582,55.43,55.61,84.887
309,cell_05,2024-03-18 00:00:00,3.6941,3.5023,3.8513,1.9335,2.8335,37.09,45.09,0.0603,0.9437,52.78,51.81,85.5
310,cell_05,2024-03-18 06:00:00,3.6797,3.4931,3.8462,1.8157,2.7284,38.74,49.34,0.1042,0.9586,53.82,54.51,85.37
311,cell_05,2024-03-18 12:00:00,3.669,3.4835,3.8331,1.7363,2.6363,37.87,45.96,0.0943,0.9353,60.09,54.86,85.811
312,cell_05,2024-03-18 18:00:00,3.6691,3.4824,3.8265,1.8644,2.7644,37.26,47.52,0.0943,0.9517,53.49,54.89,85.306
313,cell_05,2024-03-19 00:00:00,3.692,3.5045,3.8552,1.7374,2.6374,38.92,47.63,0.1095,0.9503,61.59,58.39,85.485
314,cell_05,2024-03-19 06:00:00,3.6595,3.4697,3.8201,1.8164,2.7914,40.23,48.23,0.0937,0.96,57.09,52.89,85.404
315,cell_05,2024-03-19 12:00:00,3.6934,3.5059,3.8506,1.7535,2.6535,38.88,46.88,0.0627,0.9408,57.97,52.87,85.558
316,cell_05,2024-03-19 18:00:00,3.6696,3.4703,3.8386,1.7321,2.6345,38.23,48.08,0.0982,0.9419,60.24,56.1,84.986
317,cell_05,2024-03-20 00:00:00,3.6972,3.5105,3.8545,1.8481,2.7481,35.69,44.57,0.0615,0.9361,53.77,54.65,85.311
318,cell_05,2024-03-20 06:00:00,3.6771,3.4901,3.835,1.787,2.687,38.0,50.17,0.0744,0.9443,54.88,56.2,85.209
319,cell_05,2024-03-20 12:00:00,3.6854,3.4949,3.8427,1.8863,2.7863,39.83,49.48,0.0831,0.9526,52.12,53.8,85.448
320,cell_05,2024-03-20 18:00:00,3.7011,3.5106,3.8587,1.7491,2.6886,36.99,44.99,0.0811,0.932,58.7,58.04,84.856
321,cell_05,2024-03-21 00:00:00,3.6736,3.4851,3.8313,1.722,2.6238,40.92,49.5,0.0482,0.9456,61.24,57.26,84.596
322,cell_05,2024-03-21 06:00:00,3.6735,3.4733,3.8312,1.776,2.676,38.12,46.97,0.0646,0.9561,55.63,52.42,84.678
323,cell_05,2024-03-21 12:00:00,3.6709,3.4685,3.8291,1.9445,2.8471,39.29,49.62,0.0835,0.949,53.97,47.53,85.231
324,cell_05,2024-03-21 18:00:00,3.6663,3.4726,3.8242,1.8417,2.7417,38.4,49.05,0.0718,0.9508,52.34,50.22,84.229
325,cell_05,2024-03-22 00:00:00,3.6741,3.4865,3.8317,1.8277,2.7515,37.24,45.24,0.1065,0.9349,54.96,51.32,84.95
326,cell_05,2024-03-22 06:00:00,3.6721,3.4833,3.8296,1.8293,2.7293,39.66,47.66,0.1099,0.949,56.69,50.59,85.109
327,cell_05,2024-03-22 12:00:00,3.6649,3.4737,3.8401,1.7758,2.6758,38.1,46.1,0.0616,0.9503,59.25,54.24,84.911
328,cell_05,2024-03-22 18:00:00,3.6759,3.4892,3.8332,1.9365,2.8621,37.75,45.75,0.0852,0.9484,55.22,51.73,85.328
329,cell_05,2024-03-23 00:00:00,3.682,3.4811,3.8395,1.8229,2.7229,35.44,43.44,0.1157,0.9515,56.71,50.39,85.018
330,cell_05,2024-03-23 06:00:00,3.6683,3.4804,3.8259,1.8182,2.7182,40.95,51.96,0.0813,0.9469,55.79,54.9,84.852
331,cell_05,2024-03-23 12:00:00,3.6753,3.4657,3.833,1.8492,2.8076,39.01,50.05,0.0759,0.9454,52.48,54.49,84.597
332,cell_05,2024-03-23 18:00:00,3.6914,3.4957,3.8541,1.7363,2.6363,40.66,50.58,0.1012,0.9396,57.33,53.67,84.858
333,cell_05,2024-03-24 00:00:00,3.6632,3.4728,3.8269,1.756,2.681,39.93,50.39,0.0785,0.9597,60.5,52.36,84.941
334,cell_05,2024-03-24 06:00:00,3.6964,3.4991,3.8635,1.7877,2.7352,40.66,48.66,0.1094,0.9377,57.35,53.92,84.738
335,cell_05,2024-03-24 12:00:00,3.6691,3.4635,3.8271,1.8496,2.8079,38.15,46.15,0.0721,0.9516,53.56,53.7,83.877
336,cell_05,2024-03-24 18:00:00,3.6775,3.4777,3.8357,1.7351,2.7439,36.94,44.94,0.0745,0.9681,56.42,56.35,83.676
337,cell_05,2024-03-25 00:00:00,3.6889,3.4992,3.8632,1.7966,2.6966,40.14,48.14,0.0998,0.961,54.0,50.74,84.092
338,cell_05,2024-03-25 06:00:00,3.6912,3.5002,3.8494,1.7896,2.6896,39.2,47.2,0.086,0.9551,57.46,54.22,83.593
339,cell_05,2024-03-25 12:00:00,3.6805,3.4903,3.8392,1.7213,2.6621,38.3,46.3,0.0862,0.9525,57.98,57.42,83.895
340,cell_05,2024-03-25 18:00:00,3.6679,3.4759,3.8306,1.7746,2.7216,40.11,48.45,0.0458,0.9487,58.73,52.17,83.213
341,cell_05,2024-03-26 00:00:00,3.6685,3.4772,3.8451,1.8271,2.7271,39.46,47.73,0.0769,0.941,55.04,53.38,84.193
342,cell_05,2024-03-26 06:00:00,3.6707,3.4814,3.8285,1.7258,2.6501,39.96,47.96,0.1013,0.9475,60.47,55.64,84.289
343,cell_05,2024-03-26 12:00:00,3.6948,3.5048,3.8529,1.8706,2.9068,37.47,46.6,0.0683,0.9557,51.87,49.59,83.966
344,cell_05,2024-03-26 18:00:00,3.6729,3.4738,3.8307,1.8234,2.7286,40.47,48.47,0.098,0.9539,53.66,55.06,84.492
345,cell_05,2024-03-27 00:00:00,3.6796,3.4902,3.8375,1.8173,2.7635,38.99,47.01,0.0894,0.9579,54.36,51.3,84.235
346,cell_05,2024-03-27 06:00:00,3.6655,3.4565,3.8235,1.8004,2.7792,40.63,48.63,0.08,0.9622,54.24,55.08,83.974
347,cell_05,2024-03-27 12:00:00,3.6641,3.4736,3.8306,1.7454,2.7706,40.45,50.63,0.1112,0.9484,60.36,55.89,83.796
348,cell_05,2024-03-27 18:00:00,3.6759,3.4852,3.846,1.7675,2.6798,40.03,48.07,0.0772,0.9519,58.59,52.41,83.725
349,cell_05,2024-03-28 00:00:00,3.6728,3.4827,3.8308,1.8181,2.7807,38.83,48.19,0.0786,0.931,54.6,53.84,83.999
350,cell_05,2024-03-28 06:00:00,3.6732,3.4754,3.8379,1.7674,2.6674,40.06,48.06,0.0798,0.9726,57.0,51.35,83.788
351,cell_05,2024-03-28 12:00:00,3.6612,3.4597,3.8192,1.8094,2.7107,40.67,49.02,0.0856,0.9459,55.89,51.45,83.995
352,cell_05,2024-03-28 18:00:00,3.6753,3.4853,3.8388,1.7551,2.6551,39.91,49.05,0.0993,0.9565,58.06,53.34,84.017
353,cell_05,2024-03-29 00:00:00,3.6911,3.5005,3.8608,1.8226,2.7226,39.3,47.3,0.0545,0.9459,52.96,54.54,83.757
354,cell_05,2024-03-29 06:00:00,3.6676,3.4626,3.8256,1.8263,2.7263,40.07,50.4,0.1014,0.9456,54.43,54.8,84.106
355,cell_05,2024-03-29 12:00:00,3.6845,3.4938,3.8535,1.7186,2.6401,38.21,46.21,0.0854,0.9476,56.03,54.19,83.709
356,cell_05,2024-03-29 18:00:00,3.641,3.4404,3.7991,1.8034,2.7258,41.27,49.69,0.0951,0.9375,58.09,52.82,83.784
357,cell_05,2024-03-30 00:00:00,3.6672,3.4759,3.832,1.7239,2.6239,36.48,48.05,0.1318,0.9252,57.55,58.01,83.484
358,cell_05,2024-03-30 06:00:00,3.6564,3.4617,3.8249,1.7069,2.6848,39.05,48.96,0.0738,0.9616,60.18,56.87,83.696
359,cell_05,2024-03-30 12:00:00,3.689,3.4893,3.8561,1.7703,2.6703,38.39,46.39,0.0595,0.9555,59.64,51.9,84.425
360,cell_05,2024-03-30 18:00:00,3.683,3.4854,3.8416,1.9398,2.8527,38.04,46.04,0.0879,0.9408,50.27,48.13,82.839
361,cell_05,2024-03-31 00:00:00,3.6645,3.4726,3.8229,1.8388,2.7388,39.46,49.92,0.091,0.9545,52.08,51.18,83.24
362,cell_05,2024-03-31 06:00:00,3.6774,3.4708,3.8389,1.8696,2.775,37.31,45.31,0.1014,0.9582,52.38,49.56,82.973
363,cell_05,2024-03-31 12:00:00,3.6856,3.4887,3.8488,1.8304,2.7753,42.23,50.23,0.0732,0.9431,54.94,51.42,82.391
364,cell_05,2024-03-31 18:00:00,3.6884,3.4596,3.848,1.8103,2.7481,36.97,44.97,0.0674,0.9541,55.17,53.71,83.223
1,cell_06,2024-01-01 00:00:00,3.7035,3.5505,3.8535,0.9529,1.5046,25.93,33.93,0.148,0.9453,123.42,123.23,99.974
2,cell_06,2024-01-01 06:00:00,3.7035,3.5399,3.8675,0.9139,1.5057,24.68,32.68,0.1555,0.9547,126.11,129.19,99.485
3,cell_06,2024-01-01 12:00:00,3.7062,3.5568,3.8561,1.0067,1.5099,25.12,35.49,0.1183,0.9422,119.49,110.35,100.232
4,cell_06,2024-01-01 18:00:00,3.7012,3.5521,3.851,1.0264,1.5264,22.96,30.96,0.149,0.9558,115.32,114.92,100.373
5,cell_06,2024-01-02 00:00:00,3.7103,3.5593,3.8667,1.0001,1.5842,24.36,32.36,0.159,0.9525,115.71,110.23,100.375
6,cell_06,2024-01-02 06:00:00,3.6917,3.5399,3.8416,0.9969,1.4969,22.81,31.56,0.1328,0.9437,125.84,110.27,100.21
7,cell_06,2024-01-02 12:00:00,3.7148,3.5508,3.8648,0.9551,1.4715,24.56,32.56,0.1591,0.9509,121.05,118.59,100.106
8,cell_06,2024-01-02 18:00:00,3.6897,3.5389,3.8398,1.0126,1.5126,26.02,35.86,0.1154,0.9443,120.98,110.17,99.701
9,cell_06,2024-01-03 00:00:00,3.6991,3.5493,3.849,1.0085,1.5219,25.68,35.78,0.1519,0.9462,113.96,118.95,100.096
10,cell_06,2024-01-03 06:00:00,3.7065,3.5561,3.863,1.0237,1.5237,27.38,35.66,0.1768,0.9535,117.31,114.7,99.811
11,cell_06,2024-01-03 12:00:00,3.6951,3.5455,3.8541,1.0162,1.5162,25.44,34.37,0.1456,0.9527,120.34,116.98,100.158
12,cell_06,2024-01-03 18:00:00,3.7071,3.5566,3.8581,1.0197,1.5197,21.28,29.28,0.1304,0.9308,114.3,107.27,99.771
13,cell_06,2024-01-04 00:00:00,3.6968,3.5472,3.8573,1.0659,1.5991,27.93,37.65,0.1215,0.9537,107.97,109.53,100.156
14,cell_06,2024-01-04 06:00:00,3.7018,3.5528,3.8516,1.0286,1.5368,23.74,31.74,0.1578,0.947,118.22,112.49,100.397
15,cell_06,2024-01-04 12:00:00,3.6984,3.5342,3.8491,1.024,1.568,25.24,33.24,0.1686,0.9459,118.52,106.75,100.113
16,cell_06,2024-01-04 18:00:00,3.6944,3.5446,3.8578,0.9129,1.4129,25.15,33.21,0.1489,0.9387,129.11,128.87,100.099
17,cell_06,2024-01-05 00:00:00,3.7229,3.5655,3.8826,1.0527,1.5527,25.36,33.36,0.1407,0.9495,112.89,112.64,100.274
18,cell_06,2024-01-05 06:00:00,3.6924,3.5309,3.8565,0.9851,1.5164,25.07,35.21,0.1114,0.9448,116.86,121.37,100.5
19,cell_06,2024-01-05 12:00:00,3.6771,3.527,3.8271,1.004,1.5469,25.1,37.47,0.1525,0.9627,117.05,118.77,99.968
20,cell_06,2024-01-05 18:00:00,3.6922,3.54,3.8513,0.9364,1.4364,23.02,31.02,0.1362,0.9325,133.27,116.9,100.156
21,cell_06,2024-01-06 00:00:00,3.702,3.5474,3.8518,1.1045,1.6204,28.88,37.82,0.1374,0.9404,105.55,107.85,100.453
22,cell_06,2024-01-06 06:00:00,3.6965,3.5429,3.8524,0.8763,1.3763,25.98,33.98,0.1823,0.9397,136.78,136.47,100.201
23,cell_06,2024-01-06 12:00:00,3.7093,3.557,3.8727,1.0744,1.6199,25.08,35.14,0.114,0.9526,112.98,107.59,99.399
24,cell_06,2024-01-06 18:00:00,3.7095,3.559,3.8596,1.0213,1.6143,27.76,35.76,0.1166,0.9617,120.8,107.68,99.785
25,cell_06,2024-01-07 00:00:00,3.6972,3.5411,3.847,0.9047,1.4047,23.39,37.68,0.1546,0.955,127.37,124.97,100.225
26,cell_06,2024-01-07 06:00:00,3.683,3.5327,3.8515,1.1018,1.6018,26.3,34.3,0.1423,0.9391,109.78,98.88,99.88
27,cell_06,2024-01-07 12:00:00,3.6878,3.5386,3.8425,1.0257,1.5389,24.17,36.46,0.1396,0.9457,119.0,105.8,100.432
28,cell_06,2024-01-07 18:00:00,3.7004,3.5499,3.8502,0.8821,1.3821,25.6,35.59,0.1555,0.9419,132.58,135.63,100.5
29,cell_06,2024-01-08 00:00:00,3.6841,3.5251,3.8342,0.9789,1.5259,25.64,33.64,0.1551,0.9551,116.63,122.03,99.823
30,cell_06,2024-01-08 06:00:00,3.6959,3.5258,3.846,1.0267,1.5307,21.5,34.13,0.1305,0.9455,120.53,115.57,99.69
31,cell_06,2024-01-08 12:00:00,3.7141,3.5638,3.8662,1.0857,1.5857,22.85,30.85,0.1382,0.9359,109.75,102.17,99.892
32,cell_06,2024-01-08 18:00:00,3.7031,3.5521,3.8532,0.9795,1.4795,27.38,35.38,0.151,0.9558,116.89,117.63,99.802
33,cell_06,2024-01-09 00:00:00,3.701,3.552,3.8514,0.8677,1.3677,24.62,32.62,0.1533,0.9626,139.92,131.9,100.389
34,cell_06,2024-01-09 06:00:00,3.689,3.5232,3.8395,1.073,1.573,28.0,36.0,0.1597,0.9482,110.04,105.8,99.617
35,cell_06,2024-01-09 12:00:00,3.702,3.552,3.852,1.0249,1.5249,26.97,34.97,0.1383,0.9512,112.34,110.56,100.151
36,cell_06,2024-01-09 18:00:00,3.6979,3.5488,3.8527,0.8884,1.4076,24.67,34.33,0.1569,0.9349,132.66,134.75,100.344
37,cell_06,2024-01-10 00:00:00,3.7026,3.5526,3.8544,1.0171,1.5171,24.54,37.41,0.169,0.9294,116.14,115.71,100.174
38,cell_06,2024-01-10 06:00:00,3.7074,3.5565,3.8606,1.0224,1.5224,27.47,35.47,0.1509,0.9315,118.32,115.64,100.059
39,cell_06,2024-01-10 12:00:00,3.7088,3.5585,3.8589,0.9838,1.4838,28.15,36.15,0.1479,0.9496,120.66,110.07,99.879
40,cell_06,2024-01-10 18:00:00,3.7017,3.5404,3.852,0.9586,1.4586,24.57,33.87,0.1453,0.9469,120.55,118.11,100.245
41,cell_06,2024-01-11 00:00:00,3.7045,3.5471,3.8565,0.9695,1.4695,27.31,35.31,0.1377,0.9555,124.97,118.34,99.617
42,cell_06,2024-01-11 06:00:00,3.6948,3.5369,3.8476,0.9837,1.4837,26.55,38.18,0.1312,0.948,124.73,117.78,99.965
43,cell_06,2024-01-11 12:00:00,3.7108,3.5599,3.8657,1.0177,1.5514,26.8,34.8,0.144,0.9599,117.56,116.24,99.633
44,cell_06,2024-01-11 18:00:00,3.6898,3.5376,3.8431,1.0394,1.6078,25.15,33.15,0.159,0.9587,109.45,104.91,99.128
45,cell_06,2024-01-12 00:00:00,3.6973,3.5463,3.866,0.8926,1.3926,23.99,31.99,0.1322,0.9468,128.59,121.71,99.6
46,cell_06,2024-01-12 06:00:00,3.7118,3.5529,3.862,1.0128,1.5688,23.42,32.66,0.1485,0.94,123.3,116.79,99.634
47,cell_06,2024-01-12 12:00:00,3.6946,3.5387,3.8448,1.0244,1.5591,23.04,31.04,0.1462,0.9308,113.09,110.96,99.638
48,cell_06,2024-01-12 18:00:00,3.6858,3.5345,3.853,1.0085,1.5175,27.87,38.8,0.1856,0.9643,116.1,112.92,99.482
49,cell_06,2024-01-13 00:00:00,3.6957,3.5387,3.8458,0.9798,1.5561,25.02,33.02,0.1645,0.9406,124.61,120.97,99.868
50,cell_06,2024-01-13 06:00:00,3.7138,3.5635,3.8731,1.071,1.571,23.28,34.11,0.1641,0.935,115.2,109.14,99.902
51,cell_06,2024-01-13 12:00:00,3.6762,3.5244,3.8279,1.0672,1.5873,26.5,34.5,0.1684,0.9513,116.23,108.63,99.284
52,cell_06,2024-01-13 18:00:00,3.6999,3.5466,3.8503,0.9817,1.4879,24.28,32.28,0.1391,0.9351,120.09,111.48,99.282
53,cell_06,2024-01-14 00:00:00,3.6923,3.5399,3.8526,0.9958,1.4983,24.02,33.68,0.1775,0.9513,125.25,114.85,99.061
54,cell_06,2024-01-14 06:00:00,3.6972,3.5452,3.8527,1.0386,1.5615,28.1,36.1,0.1532,0.9466,110.11,108.35,99.231
55,cell_06,2024-01-14 12:00:00,3.6959,3.5293,3.8461,1.0641,1.5665,23.0,31.0,0.1491,0.9592,115.95,107.91,99.568
56,cell_06,2024-01-14 18:00:00,3.7089,3.544,3.8609,0.9592,1.4825,25.35,33.35,0.1257,0.9584,121.67,119.22,99.523
57,cell_06,2024-01-15 00:00:00,3.6989,3.5234,3.8495,0.9477,1.4477,24.11,32.11,0.142,0.961,130.74,113.07,98.93
58,cell_06,2024-01-15 06:00:00,3.7097,3.5544,3.8725,1.0137,1.5137,23.87,33.15,0.1147,0.9521,122.39,110.29,99.707
59,cell_06,2024-01-15 12:00:00,3.7113,3.5524,3.8794,0.9438,1.4438,22.8,30.8,0.145,0.9414,129.17,119.05,99.001
60,cell_06,2024-01-15 18:00:00,3.6985,3.5455,3.8678,0.9028,1.4028,25.09,33.09,0.1385,0.9396,132.7,124.77,98.805
61,cell_06,2024-01-16 00:00:00,3.6945,3.5412,3.8487,0.959,1.5096,23.69,33.27,0.142,0.9447,119.98,112.39,98.701
62,cell_06,2024-01-16 06:00:00,3.702,3.5402,3.8526,1.0209,1.5209,25.89,36.24,0.1223,0.9699,115.68,114.94,98.787
63,cell_06,2024-01-16 12:00:00,3.7045,3.5389,3.8581,1.0777,1.6103,24.93,32.93,0.1641,0.9475,105.33,103.12,99.21
64,cell_06,2024-01-16 18:00:00,3.687,3.5267,3.8375,0.9646,1.4778,24.53,34.54,0.1619,0.9516,125.79,116.91,99.033
65,cell_06,2024-01-17 00:00:00,3.7007,3.548,3.8747,0.9938,1.4938,23.7,31.7,0.1838,0.9652,114.86,115.43,98.92
66,cell_06,2024-01-17 06:00:00,3.6957,3.539,3.8583,1.0078,1.5732,27.15,36.3,0.1832,0.9525,114.87,114.4,98.856
67,cell_06,2024-01-17 12:00:00,3.694,3.5409,3.8476,0.9676,1.5044,26.1,34.43,0.1531,0.9425,119.39,114.89,98.784
68,cell_06,2024-01-17 18:00:00,3.6914,3.5385,3.8519,0.9636,1.4637,23.98,31.98,0.1705,0.9573,126.63,112.37,98.843
69,cell_06,2024-01-18 00:00:00,3.6929,3.525,3.8432,1.0167,1.5167,22.96,35.07,0.1552,0.9457,116.17,108.03,99.414
70,cell_06,2024-01-18 06:00:00,3.712,3.5612,3.8622,0.9401,1.4448,22.17,30.63,0.1415,0.9529,127.64,116.58,99.651
71,cell_06,2024-01-18 12:00:00,3.6959,3.5234,3.846,0.9616,1.4616,26.71,34.71,0.1444,0.9551,120.75,114.97,99.669
72,cell_06,2024-01-18 18:00:00,3.7104,3.5532,3.8616,0.9899,1.4899,26.36,34.4,0.1628,0.9451,118.4,115.63,99.316
73,cell_06,2024-01-19 00:00:00,3.6998,3.5472,3.8503,1.0161,1.5392,26.57,34.57,0.2318,0.9519,117.01,111.44,98.962
74,cell_06,2024-01-19 06:00:00,3.687,3.5336,3.8428,0.9242,1.4242,24.82,32.82,0.1733,0.966,124.49,117.74,98.909
75,cell_06,2024-01-19 12:00:00,3.7009,3.5493,3.8514,0.9935,1.4935,26.21,34.21,0.1549,0.9437,122.27,116.17,99.337
76,cell_06,2024-01-19 18:00:00,3.6867,3.5343,3.8419,0.9355,1.4355,26.54,34.54,0.1597,0.9632,126.4,115.15,99.036
77,cell_06,2024-01-20 00:00:00,3.7049,3.5523,3.8634,0.9658,1.611,24.9,32.9,0.1595,0.9441,129.26,122.18,99.233
78,cell_06,2024-01-20 06:00:00,3.6975,3.5467,3.8476,1.0394,1.5731,24.46,34.97,0.1482,0.968,112.17,110.1,99.689
79,cell_06,2024-01-20 12:00:00,3.7073,3.5553,3.8664,0.9963,1.5512,23.54,31.54,0.1651,0.9414,118.21,114.56,99.175
80,cell_06,2024-01-20 18:00:00,3.714,3.5635,3.8641,1.0835,1.5835,25.64,33.64,0.1469,0.9461,115.22,102.64,99.793
81,cell_06,2024-01-21 00:00:00,3.6806,3.5273,3.8365,0.9964,1.5145,25.84,33.84,0.1298,0.9651,123.4,113.01,98.652
82,cell_06,2024-01-21 06:00:00,3.6941,3.5419,3.8547,1.0484,1.5484,24.39,32.39,0.1596,0.9655,113.28,106.95,99.125
83,cell_06,2024-01-21 12:00:00,3.6865,3.5342,3.8473,1.0397,1.5397,24.57,34.62,0.1623,0.9582,110.05,113.79,99.085
84,cell_06,2024-01-21 18:00:00,3.7196,3.5497,3.8716,0.9993,1.5246,24.67,33.19,0.1471,0.9392,117.43,107.56,98.695
85,cell_06,2024-01-22 00:00:00,3.6944,3.5385,3.8466,0.9342,1.4342,26.19,35.57,0.1562,0.9508,128.58,120.56,99.231
86,cell_06,2024-01-22 06:00:00,3.686,3.5287,3.8452,0.9947,1.5144,22.94,32.98,0.1692,0.95,117.02,117.47,99.45
87,cell_06,2024-01-22 12:00:00,3.7219,3.5709,3.8721,0.9734,1.4972,23.34,31.34,0.149,0.9414,119.06,117.26,99.651
88,cell_06,2024-01-22 18:00:00,3.6914,3.5341,3.8419,0.9714,1.4714,23.37,34.32,0.1411,0.957,122.82,117.11,99.114
89,cell_06,2024-01-23 00:00:00,3.6814,3.5157,3.8322,1.0078,1.5078,24.78,32.78,0.1358,0.9422,113.39,116.15,98.42
90,cell_06,2024-01-23 06:00:00,3.6871,3.5309,3.8375,0.9275,1.4275,25.47,33.47,0.1449,0.9371,133.06,120.25,99.134
91,cell_06,2024-01-23 12:00:00,3.7003,3.5319,3.8506,0.9563,1.4563,23.4,32.14,0.1807,0.9338,119.19,112.07,99.213
92,cell_06,2024-01-23 18:00:00,3.6988,3.5461,3.8494,0.9494,1.4494,26.36,34.65,0.146,0.9671,131.12,124.1,98.92
93,cell_06,2024-01-24 00:00:00,3.6902,3.5319,3.8416,0.9873,1.5128,27.19,35.48,0.1572,0.9449,120.85,108.75,99.055
94,cell_06,2024-01-24 06:00:00,3.6934,3.5335,3.844,0.9616,1.4616,25.62,35.65,0.1435,0.9451,129.32,120.85,98.845
95,cell_06,2024-01-24 12:00:00,3.699,3.5463,3.8602,0.9649,1.545,26.68,34.9,0.1418,0.9397,126.16,112.47,98.95
96,cell_06,2024-01-24 18:00:00,3.7122,3.56,3.8683,1.0068,1.5865,23.63,32.25,0.1324,0.9637,114.25,106.76,99.296
97,cell_06,2024-01-25 00:00:00,3.7024,3.551,3.8527,0.9777,1.4895,23.66,34.38,0.152,0.9362,118.68,114.13,99.407
98,cell_06,2024-01-25 06:00:00,3.6919,3.5378,3.8427,1.0002,1.5002,25.77,34.31,0.1397,0.938,113.35,116.39,98.348
99,cell_06,2024-01-25 12:00:00,3.6956,3.542,3.8463,0.9442,1.4442,24.94,33.93,0.1755,0.9468,128.15,113.21,98.576
100,cell_06,2024-01-25 18:00:00,3.7051,3.5507,3.8559,0.9586,1.4744,23.66,31.66,0.1478,0.9498,118.92,113.93,98.253
101,cell_06,2024-01-26 00:00:00,3.7157,3.5639,3.8913,1.102,1.6266,27.14,42.58,0.1491,0.9566,110.43,100.31,99.281
102,cell_06,2024-01-26 06:00:00,3.6874,3.5298,3.8379,0.9651,1.4651,25.45,33.45,0.1464,0.9432,127.51,111.94,98.99
103,cell_06,2024-01-26 12:00:00,3.7083,3.5537,3.8593,0.8947,1.3947,26.05,34.05,0.1574,0.9654,130.45,119.67,98.129
104,cell_06,2024-01-26 18:00:00,3.6949,3.5231,3.8456,1.0171,1.5347,23.99,31.99,0.1798,0.9433,118.34,115.39,98.71
105,cell_06,2024-01-27 00:00:00,3.6817,3.5227,3.8351,0.9646,1.4681,27.52,39.74,0.1292,0.9399,127.57,118.98,98.644
106,cell_06,2024-01-27 06:00:00,3.6795,3.5258,3.8326,1.0122,1.5122,24.77,32.77,0.1556,0.939,119.74,108.73,98.502
107,cell_06,2024-01-27 12:00:00,3.7119,3.553,3.8624,0.9955,1.5012,26.53,35.41,0.1186,0.9423,114.97,110.29,99.04
108,cell_06,2024-01-27 18:00:00,3.7127,3.5498,3.8723,1.0275,1.5275,24.13,32.13,0.1745,0.9383,113.0,104.35,98.806
109,cell_06,2024-01-28 00:00:00,3.6922,3.5349,3.8466,0.995,1.495,25.25,33.25,0.1478,0.9575,119.32,111.27,98.583
110,cell_06,2024-01-28 06:00:00,3.6953,3.5411,3.8556,0.9887,1.4887,25.84,34.98,0.1201,0.94,116.51,110.98,98.309
111,cell_06,2024-01-28 12:00:00,3.6796,3.5031,3.8425,1.0574,1.5574,27.99,35.99,0.1245,0.9487,111.64,110.65,98.312
112,cell_06,2024-01-28 18:00:00,3.7054,3.5453,3.8561,0.8891,1.3891,24.34,32.76,0.1663,0.9397,138.99,122.6,98.515
113,cell_06,2024-01-29 00:00:00,3.6973,3.5432,3.8549,0.9337,1.486,25.3,34.56,0.1167,0.9383,125.82,118.9,98.365
114,cell_06,2024-01-29 06:00:00,3.6822,3.5264,3.833,0.9587,1.4587,25.89,37.7,0.1556,0.9611,120.35,119.37,98.5
115,cell_06,2024-01-29 12:00:00,3.7001,3.5467,3.8532,0.9154,1.5075,22.88,30.88,0.1414,0.966,124.78,120.57,98.669
116,cell_06,2024-01-29 18:00:00,3.6832,3.5282,3.8341,0.976,1.5074,21.74,29.74,0.1461,0.9627,125.37,117.91,98.042
117,cell_06,2024-01-30 00:00:00,3.703,3.5487,3.8538,0.9711,1.4711,23.51,31.51,0.1365,0.9353,118.16,118.12,98.274
118,cell_06,2024-01-30 06:00:00,3.6869,3.5326,3.8377,1.0487,1.6067,26.45,34.45,0.1309,0.9367,109.24,101.83,98.492
119,cell_06,2024-01-30 12:00:00,3.7018,3.5493,3.8626,0.9956,1.4956,27.57,40.71,0.1403,0.9698,119.9,117.57,98.971
120,cell_06,2024-01-30 18:00:00,3.6916,3.5385,3.8422,0.9893,1.588,23.62,31.62,0.1614,0.9475,119.32,112.16,98.755
121,cell_06,2024-01-31 00:00:00,3.6741,3.5165,3.8323,0.981,1.4923,23.17,31.17,0.1441,0.9363,119.11,109.6,98.501
122,cell_06,2024-01-31 06:00:00,3.7079,3.5545,3.8586,0.9474,1.4745,27.3,35.3,0.1584,0.9608,125.9,121.15,98.623
123,cell_06,2024-01-31 12:00:00,3.7082,3.5544,3.859,1.0445,1.5461,24.15,32.15,0.1452,0.9507,113.91,110.27,98.471
124,cell_06,2024-01-31 18:00:00,3.693,3.5319,3.8617,1.0605,1.5738,24.44,32.44,0.1622,0.9557,107.0,101.44,98.825
125,cell_06,2024-02-01 00:00:00,3.7007,3.5473,3.875,0.9394,1.4394,27.19,35.19,0.1583,0.9276,124.92,117.85,98.632
126,cell_06,2024-02-01 06:00:00,3.7027,3.5499,3.8533,1.081,1.581,26.94,34.94,0.1392,0.9467,112.2,108.62,98.886
127,cell_06,2024-02-01 12:00:00,3.7018,3.5471,3.8528,0.9665,1.4834,26.4,38.72,0.1309,0.9595,120.36,117.77,98.095
128,cell_06,2024-02-01 18:00:00,3.7139,3.5582,3.865,0.9624,1.5136,22.43,31.07,0.1691,0.9436,127.94,116.19,97.739
129,cell_06,2024-02-02 00:00:00,3.7013,3.5451,3.8748,1.0236,1.5236,23.11,31.11,0.1337,0.9624,111.92,109.26,98.063
130,cell_06,2024-02-02 06:00:00,3.6936,3.5325,3.8446,1.0281,1.6051,26.68,38.94,0.16,0.9368,114.49,110.05,98.129
131,cell_06,2024-02-02 12:00:00,3.7023,3.5491,3.8637,0.9964,1.5265,25.48,33.48,0.1506,0.9489,120.93,114.74,98.701
132,cell_06,2024-02-02 18:00:00,3.6919,3.5294,3.8461,0.9827,1.4827,23.83,33.04,0.1407,0.9664,119.56,107.91,97.438
133,cell_06,2024-02-03 00:00:00,3.6863,3.5302,3.8373,1.0586,1.5586,24.48,32.48,0.1586,0.9385,105.94,103.66,97.971
134,cell_06,2024-02-03 06:00:00,3.7091,3.554,3.8602,0.9688,1.562,26.67,36.17,0.1774,0.9527,121.5,115.59,97.957
135,cell_06,2024-02-03 12:00:00,3.7024,3.5458,3.8534,0.9966,1.5435,27.29,35.29,0.1625,0.9559,123.58,114.88,98.052
136,cell_06,2024-02-03 18:00:00,3.6791,3.5134,3.8531,1.0847,1.6417,24.99,33.93,0.1526,0.9509,107.95,106.17,98.501
137,cell_06,2024-02-04 00:00:00,3.6905,3.5361,3.844,0.9331,1.4331,23.97,35.88,0.1824,0.9475,121.49,121.35,98.244
138,cell_06,2024-02-04 06:00:00,3.7038,3.5275,3.8656,0.9771,1.5048,24.59,32.77,0.1165,0.9412,114.01,114.79,97.499
139,cell_06,2024-02-04 12:00:00,3.682,3.5281,3.8328,1.0513,1.5687,27.01,35.01,0.1278,0.952,111.38,105.26,98.441
140,cell_06,2024-02-04 18:00:00,3.6898,3.5355,3.8407,1.0264,1.5264,26.99,35.06,0.1407,0.949,111.25,112.96,98.246
141,cell_06,2024-02-05 00:00:00,3.7234,3.5667,3.8823,1.0447,1.5502,25.29,34.25,0.1784,0.9356,116.19,111.48,97.873
142,cell_06,2024-02-05 06:00:00,3.6927,3.5276,3.844,0.9339,1.4894,24.21,34.01,0.1689,0.961,130.7,123.12,97.309
143,cell_06,2024-02-05 12:00:00,3.7075,3.5518,3.8586,1.0161,1.596,26.62,37.57,0.1157,0.9409,120.53,113.97,97.749
144,cell_06,2024-02-05 18:00:00,3.7119,3.5536,3.8629,0.9857,1.4857,27.43,38.48,0.1413,0.9359,117.73,118.13,97.935
145,cell_06,2024-02-06 00:00:00,3.6881,3.5121,3.8473,1.1136,1.6136,22.82,30.82,0.1235,0.944,105.22,97.27,98.093
146,cell_06,2024-02-06 06:00:00,3.6986,3.5397,3.8539,1.0405,1.6226,24.65,32.65,0.1492,0.9411,110.1,106.72,97.263
147,cell_06,2024-02-06 12:00:00,3.7169,3.531,3.875,0.9989,1.5817,26.73,34.73,0.168,0.9474,112.86,111.75,97.564
148,cell_06,2024-02-06 18:00:00,3.7018,3.5344,3.8614,1.0143,1.5343,25.11,33.11,0.1695,0.9376,116.77,110.12,98.124
149,cell_06,2024-02-07 00:00:00,3.721,3.5661,3.8719,1.0027,1.5923,24.27,33.22,0.1554,0.9545,113.89,115.79,98.245
150,cell_06,2024-02-07 06:00:00,3.6905,3.5324,3.8516,1.035,1.5513,25.28,33.28,0.1415,0.9638,108.54,105.88,97.923
151,cell_06,2024-02-07 12:00:00,3.7152,3.5605,3.8661,0.9572,1.4572,25.56,33.56,0.1481,0.9511,127.33,112.72,98.139
152,cell_06,2024-02-07 18:00:00,3.6971,3.5394,3.8544,1.0683,1.5683,23.31,32.43,0.1637,0.9356,113.29,102.02,97.931
153,cell_06,2024-02-08 00:00:00,3.6938,3.5334,3.8448,0.9338,1.4338,25.14,33.14,0.1969,0.9409,131.42,115.25,98.083
154,cell_06,2024-02-08 06:00:00,3.7032,3.5478,3.8542,1.0103,1.5105,25.55,34.29,0.1263,0.9522,114.21,109.3,97.838
155,cell_06,2024-02-08 12:00:00,3.6958,3.5406,3.87,0.9588,1.4588,24.26,32.26,0.1818,0.9303,127.12,111.75,97.938
156,cell_06,2024-02-08 18:00:00,3.6953,3.5257,3.8527,1.0021,1.5021,23.83,32.41,0.1549,0.9377,115.48,106.02,97.428
157,cell_06,2024-02-09 00:00:00,3.7019,3.5372,3.859,1.0494,1.5494,24.19,32.19,0.1664,0.9335,107.29,105.92,98.011
158,cell_06,2024-02-09 06:00:00,3.6781,3.5216,3.8293,0.9144,1.4573,23.54,31.54,0.1537,0.9512,127.31,122.75,97.419
159,cell_06,2024-02-09 12:00:00,3.689,3.5323,3.84,0.9915,1.4915,26.28,36.19,0.1781,0.9716,119.26,113.96,98.011
160,cell_06,2024-02-09 18:00:00,3.7037,3.5376,3.8549,0.928,1.428,23.52,31.52,0.1566,0.9374,125.43,114.82,97.663
161,cell_06,2024-02-10 00:00:00,3.7068,3.5423,3.8578,0.986,1.486,25.28,33.28,0.137,0.9582,122.55,118.81,97.905
162,cell_06,2024-02-10 06:00:00,3.6998,3.5436,3.8702,0.9279,1.4739,24.44,32.44,0.159,0.9444,124.24,115.03,97.508
163,cell_06,2024-02-10 12:00:00,3.6992,3.5335,3.8606,1.0081,1.5081,23.94,33.03,0.1725,0.9368,121.13,112.29,97.643
164,cell_06,2024-02-10 18:00:00,3.7009,3.5455,3.853,0.9787,1.4927,27.06,35.72,0.15,0.9656,114.93,118.71,97.905
165,cell_06,2024-02-11 00:00:00,3.7066,3.5478,3.8583,1.0374,1.615,24.8,33.89,0.1085,0.9716,115.89,112.08,98.021
166,cell_06,2024-02-11 06:00:00,3.6829,3.5282,3.8414,1.0614,1.7036,24.0,32.0,0.1477,0.9541,115.69,105.52,98.122
167,cell_06,2024-02-11 12:00:00,3.6911,3.5347,3.8424,1.0005,1.5326,23.85,31.85,0.152,0.9536,117.5,108.43,97.449
168,cell_06,2024-02-11 18:00:00,3.6953,3.5386,3.8466,1.0447,1.5718,25.51,34.34,0.1491,0.9506,116.05,109.89,97.344
169,cell_06,2024-02-12 00:00:00,3.6982,3.5366,3.8569,1.0691,1.5691,26.24,37.33,0.1401,0.9485,111.54,105.2,97.502
170,cell_06,2024-02-12 06:00:00,3.6749,3.5182,3.8269,0.9539,1.4723,26.91,35.52,0.1765,0.9534,116.49,119.88,97.324
171,cell_06,2024-02-12 12:00:00,3.6846,3.5234,3.8355,1.0717,1.5748,24.75,32.75,0.1025,0.9568,111.74,103.26,98.114
172,cell_06,2024-02-12 18:00:00,3.6969,3.531,3.8479,0.9982,1.5428,24.66,33.19,0.1519,0.9666,119.72,116.85,98.046
173,cell_06,2024-02-13 00:00:00,3.7061,3.5495,3.8664,0.9511,1.4511,25.2,33.2,0.1522,0.9448,116.68,121.96,97.345
174,cell_06,2024-02-13 06:00:00,3.693,3.5384,3.844,1.0149,1.525,25.25,33.25,0.1919,0.9513,115.0,113.01,98.157
175,cell_06,2024-02-13 12:00:00,3.6904,3.5354,3.8454,0.9964,1.5267,23.84,31.84,0.1497,0.9491,112.61,117.38,98.028
176,cell_06,2024-02-13 18:00:00,3.701,3.5439,3.8524,0.9296,1.5246,27.19,35.19,0.1589,0.9602,122.81,118.56,97.155
177,cell_06,2024-02-14 00:00:00,3.6927,3.5361,3.8441,0.9449,1.5231,25.03,33.07,0.1525,0.974,129.62,113.65,97.335
178,cell_06,2024-02-14 06:00:00,3.7045,3.5418,3.856,1.0819,1.6452,25.8,33.8,0.1519,0.9606,112.5,104.05,97.146
179,cell_06,2024-02-14 12:00:00,3.6942,3.5383,3.8454,1.0139,1.5503,25.64,35.41,0.1853,0.958,117.67,111.53,97.618
180,cell_06,2024-02-14 18:00:00,3.6853,3.5294,3.8423,1.0741,1.5741,25.61,33.61,0.1278,0.9591,107.64,103.55,97.649
181,cell_06,2024-02-15 00:00:00,3.7107,3.5548,3.8619,0.9792,1.5155,23.49,31.49,0.1367,0.9627,118.43,110.82,97.649
182,cell_06,2024-02-15 06:00:00,3.7079,3.5505,3.8594,0.9599,1.4599,24.99,32.99,0.1651,0.9741,115.7,116.75,97.036
183,cell_06,2024-02-15 12:00:00,3.6863,3.5201,3.8437,0.9158,1.4158,28.42,36.42,0.1551,0.9331,125.32,116.94,97.216
184,cell_06,2024-02-15 18:00:00,3.6995,3.5411,3.8577,1.0484,1.6373,27.38,35.38,0.1443,0.956,114.19,108.3,97.009
185,cell_06,2024-02-16 00:00:00,3.6924,3.5253,3.8439,1.0205,1.5474,25.24,33.24,0.1486,0.9242,114.42,113.13,97.117
186,cell_06,2024-02-16 06:00:00,3.7007,3.5415,3.8525,0.9796,1.491,24.45,32.45,0.1683,0.9595,117.72,108.16,96.325
187,cell_06,2024-02-16 12:00:00,3.6861,3.5221,3.8378,0.9604,1.4782,21.67,29.67,0.1597,0.9555,115.7,118.47,96.546
188,cell_06,2024-02-16 18:00:00,3.7046,3.5477,3.8561,1.0563,1.5563,24.25,32.5,0.1357,0.9445,115.09,101.61,97.237
189,cell_06,2024-02-17 00:00:00,3.7065,3.5474,3.8726,0.9911,1.4911,24.88,32.88,0.1548,0.9233,114.13,110.83,96.356
190,cell_06,2024-02-17 06:00:00,3.6856,3.5139,3.8408,0.9917,1.4917,24.52,32.52,0.149,0.9499,115.67,116.21,96.719
191,cell_06,2024-02-17 12:00:00,3.6952,3.536,3.8686,0.97,1.5008,24.63,33.88,0.1594,0.9522,117.16,108.24,96.328
192,cell_06,2024-02-17 18:00:00,3.7076,3.5451,3.8613,0.9796,1.4796,25.93,37.02,0.1436,0.9494,116.75,107.98,96.973
193,cell_06,2024-02-18 00:00:00,3.6842,3.5245,3.8361,1.0275,1.5275,23.5,31.5,0.1258,0.9438,113.37,111.79,96.119
194,cell_06,2024-02-18 06:00:00,3.6883,3.5295,3.8399,0.9292,1.4292,25.41,33.95,0.1634,0.941,126.38,114.3,96.632
195,cell_06,2024-02-18 12:00:00,3.7021,3.5446,3.855,1.004,1.504,24.83,33.39,0.161,0.9495,117.08,108.31,97.006
196,cell_06,2024-02-18 18:00:00,3.6938,3.536,3.8485,1.0478,1.5478,23.68,31.68,0.1783,0.942,106.2,104.98,96.907
197,cell_06,2024-02-19 00:00:00,3.6791,3.5167,3.8308,0.9958,1.542,27.51,37.29,0.1237,0.9581,121.86,104.83,96.584
198,cell_06,2024-02-19 06:00:00,3.6916,3.5218,3.8433,1.0527,1.6089,26.12,36.6,0.1486,0.9492,112.37,101.09,96.514
199,cell_06,2024-02-19 12:00:00,3.7124,3.5541,3.8641,1.067,1.567,23.82,35.49,0.1454,0.9328,112.86,106.83,96.654
200,cell_06,2024-02-19 18:00:00,3.7151,3.556,3.8773,1.0452,1.5605,25.78,33.78,0.1421,0.9518,106.84,105.29,96.337
201,cell_06,2024-02-20 00:00:00,3.6887,3.5304,3.8403,0.9731,1.4731,22.92,30.92,0.1192,0.9541,124.39,112.01,96.694
202,cell_06,2024-02-20 06:00:00,3.6859,3.5277,3.8391,0.9982,1.501,24.0,34.72,0.1287,0.9662,118.82,112.55,96.699
203,cell_06,2024-02-20 12:00:00,3.6903,3.5318,3.842,1.0173,1.565,26.99,35.99,0.1554,0.9593,113.96,106.25,96.598
204,cell_06,2024-02-20 18:00:00,3.7136,3.5561,3.8694,0.9765,1.4765,25.53,35.28,0.14,0.941,113.54,112.53,97.024
205,cell_06,2024-02-21 00:00:00,3.703,3.544,3.8548,0.9748,1.5406,25.41,33.41,0.1335,0.9643,115.74,118.59,96.403
206,cell_06,2024-02-21 06:00:00,3.709,3.5495,3.8609,0.9718,1.5137,26.48,35.02,0.1786,0.9361,122.83,116.12,96.212
207,cell_06,2024-02-21 12:00:00,3.7048,3.5463,3.866,1.1272,1.6392,25.92,33.92,0.1975,0.9503,101.56,98.22,96.566
208,cell_06,2024-02-21 18:00:00,3.6819,3.5183,3.8336,0.9864,1.4864,24.6,32.6,0.1489,0.9575,119.81,112.14,96.761
209,cell_06,2024-02-22 00:00:00,3.6855,3.5189,3.8372,1.0534,1.5534,26.4,34.4,0.12,0.9646,112.69,108.43,96.692
210,cell_06,2024-02-22 06:00:00,3.688,3.5295,3.8466,0.9565,1.4565,22.47,35.15,0.1579,0.9689,124.54,116.36,96.609
211,cell_06,2024-02-22 12:00:00,3.6893,3.53,3.8549,1.0851,1.5851,24.0,33.1,0.1083,0.9627,105.26,99.48,96.317
212,cell_06,2024-02-22 18:00:00,3.6878,3.5246,3.8396,0.9811,1.5308,24.85,32.85,0.123,0.9486,122.69,111.0,96.36
213,cell_06,2024-02-23 00:00:00,3.6891,3.5304,3.8409,1.0026,1.5783,25.82,33.82,0.1583,0.9558,113.1,106.07,96.508
214,cell_06,2024-02-23 06:00:00,3.7011,3.5423,3.8637,0.9084,1.4084,24.51,33.25,0.1223,0.9522,131.74,126.95,96.484
215,cell_06,2024-02-23 12:00:00,3.6968,3.5271,3.8599,1.0558,1.5592,22.32,30.32,0.1441,0.9429,109.4,106.39,96.984
216,cell_06,2024-02-23 18:00:00,3.7073,3.5446,3.8717,1.0667,1.5667,22.11,30.11,0.1203,0.9488,105.93,102.28,96.734
217,cell_06,2024-02-24 00:00:00,3.6973,3.5373,3.8746,0.9406,1.4406,24.9,34.22,0.1511,0.968,121.17,115.22,96.495
218,cell_06,2024-02-24 06:00:00,3.6887,3.5295,3.8402,1.0587,1.5717,24.28,32.28,0.1725,0.9565,113.22,108.9,96.983
219,cell_06,2024-02-24 12:00:00,3.6971,3.5305,3.8524,0.9331,1.4331,23.64,32.79,0.1377,0.9706,125.9,116.51,96.788
220,cell_06,2024-02-24 18:00:00,3.6793,3.5199,3.8311,1.0316,1.5316,23.38,31.38,0.1496,0.9392,107.89,109.23,96.247
221,cell_06,2024-02-25 00:00:00,3.6704,3.5096,3.8226,0.9856,1.5715,25.2,33.2,0.1337,0.9462,112.12,114.58,95.682
222,cell_06,2024-02-25 06:00:00,3.7008,3.5415,3.8527,1.0668,1.5668,26.95,36.87,0.1351,0.9542,110.3,107.3,96.257
223,cell_06,2024-02-25 12:00:00,3.7054,3.5475,3.857,1.0125,1.5125,25.2,34.18,0.1334,0.9574,111.78,107.57,96.833
224,cell_06,2024-02-25 18:00:00,3.6961,3.5384,3.8476,1.0466,1.553,26.97,35.04,0.1657,0.9488,107.89,108.52,96.922
225,cell_06,2024-02-26 00:00:00,3.6903,3.5297,3.8422,1.0619,1.5619,24.44,32.44,0.1217,0.958,111.37,101.35,96.157
226,cell_06,2024-02-26 06:00:00,3.6819,3.524,3.8378,0.9854,1.5065,25.67,33.85,0.1434,0.9579,115.85,117.28,96.852
227,cell_06,2024-02-26 12:00:00,3.7069,3.549,3.8585,0.9986,1.4986,27.03,35.03,0.1582,0.9361,111.35,104.87,96.841
228,cell_06,2024-02-26 18:00:00,3.7005,3.5267,3.852,0.9444,1.4602,24.76,32.76,0.1682,0.9575,122.41,118.04,97.073
229,cell_06,2024-02-27 00:00:00,3.6983,3.5313,3.8585,0.985,1.5322,25.04,34.18,0.1588,0.9607,118.92,112.31,96.94
230,cell_06,2024-02-27 06:00:00,3.6955,3.5382,3.847,1.0964,1.5964,24.44,35.5,0.1485,0.953,107.31,104.94,97.06
231,cell_06,2024-02-27 12:00:00,3.6905,3.5316,3.8421,1.0378,1.5378,25.89,35.1,0.1386,0.9316,106.99,103.16,96.801
232,cell_06,2024-02-27 18:00:00,3.6841,3.5123,3.8357,0.9478,1.4897,26.35,34.86,0.1685,0.9472,121.98,111.36,96.791
233,cell_06,2024-02-28 00:00:00,3.6974,3.5387,3.8606,1.0816,1.5816,25.53,33.53,0.1327,0.9544,105.62,105.48,96.553
234,cell_06,2024-02-28 06:00:00,3.69,3.5322,3.8442,1.0195,1.5195,24.66,34.41,0.133,0.9413,113.48,106.65,96.901
235,cell_06,2024-02-28 12:00:00,3.6901,3.5285,3.842,1.0415,1.5415,22.75,31.71,0.177,0.9592,105.82,103.41,96.255
236,cell_06,2024-02-28 18:00:00,3.7121,3.5495,3.8638,1.0245,1.5245,24.93,34.45,0.1572,0.9573,110.85,103.04,96.613
237,cell_06,2024-02-29 00:00:00,3.6947,3.5319,3.8714,1.021,1.521,24.71,34.78,0.1579,0.9513,115.42,112.88,96.817
238,cell_06,2024-02-29 06:00:00,3.6711,3.5055,3.8423,0.9001,1.4001,25.35,36.53,0.162,0.9502,124.58,124.67,97.077
239,cell_06,2024-02-29 12:00:00,3.6894,3.5307,3.8556,1.0553,1.5783,25.18,33.18,0.1481,0.9519,114.78,106.36,96.511
240,cell_06,2024-02-29 18:00:00,3.6854,3.5278,3.8369,0.8873,1.4404,27.36,35.36,0.1212,0.95,137.59,129.77,96.945
241,cell_06,2024-03-01 00:00:00,3.6935,3.535,3.8452,1.0508,1.5508,23.96,32.25,0.155,0.9371,108.77,108.59,96.595
242,cell_06,2024-03-01 06:00:00,3.6812,3.5177,3.8367,1.005,1.5525,22.64,30.64,0.1496,0.9457,117.86,109.42,96.951
243,cell_06,2024-03-01 12:00:00,3.699,3.54,3.8508,1.0418,1.5418,23.29,31.29,0.1328,0.9507,112.56,101.73,96.414
244,cell_06,2024-03-01 18:00:00,3.691,3.5309,3.843,1.0079,1.5079,24.05,34.49,0.1282,0.9642,110.44,110.5,95.959
245,cell_06,2024-03-02 00:00:00,3.6888,3.5267,3.8555,1.0522,1.5727,26.62,34.62,0.1491,0.9569,107.94,105.35,95.713
246,cell_06,2024-03-02 06:00:00,3.6946,3.533,3.8469,1.0008,1.5222,23.05,31.05,0.1228,0.9647,119.87,103.47,95.386
247,cell_06,2024-03-02 12:00:00,3.6928,3.532,3.8449,1.014,1.514,23.25,31.25,0.1471,0.936,109.03,112.1,95.695
248,cell_06,2024-03-02 18:00:00,3.6929,3.5325,3.8543,1.0202,1.5541,25.62,33.75,0.1447,0.9464,113.93,105.56,96.138
249,cell_06,2024-03-03 00:00:00,3.6909,3.5295,3.8432,1.0939,1.5939,26.27,36.64,0.1476,0.9707,105.73,98.71,95.436
250,cell_06,2024-03-03 06:00:00,3.6927,3.5142,3.8451,1.03,1.53,22.68,33.1,0.1581,0.9426,107.33,105.62,95.296
251,cell_06,2024-03-03 12:00:00,3.6972,3.536,3.8493,0.9342,1.4824,22.34,32.43,0.1624,0.9424,123.58,122.06,95.861
252,cell_06,2024-03-03 18:00:00,3.695,3.5273,3.8474,0.9718,1.5199,23.82,31.82,0.1358,0.9473,122.51,107.85,95.238
253,cell_06,2024-03-04 00:00:00,3.7054,3.5456,3.8595,1.0299,1.5717,25.99,36.21,0.1674,0.9702,107.64,104.88,96.078
254,cell_06,2024-03-04 06:00:00,3.6886,3.5286,3.8423,1.063,1.614,25.21,34.08,0.1456,0.9433,105.04,103.0,96.025
255,cell_06,2024-03-04 12:00:00,3.6962,3.5359,3.8605,0.9639,1.4639,23.88,31.88,0.1851,0.9556,116.44,119.26,95.875
256,cell_06,2024-03-04 18:00:00,3.7178,3.5459,3.87,1.112,1.612,26.11,34.87,0.1383,0.9539,105.71,97.35,95.56
257,cell_06,2024-03-05 00:00:00,3.6937,3.5264,3.8457,1.0088,1.5088,25.19,34.96,0.1178,0.9307,115.15,107.4,96.062
258,cell_06,2024-03-05 06:00:00,3.6939,3.5338,3.8584,1.021,1.5528,24.84,32.84,0.1667,0.9498,112.83,112.06,95.967
259,cell_06,2024-03-05 12:00:00,3.6805,3.519,3.8426,0.9373,1.4773,22.58,30.58,0.1585,0.9445,125.71,118.01,95.401
260,cell_06,2024-03-05 18:00:00,3.6867,3.5264,3.8388,1.0558,1.5558,23.84,31.84,0.174,0.9568,114.19,99.87,95.884
261,cell_06,2024-03-06 00:00:00,3.6917,3.5191,3.847,0.9777,1.4777,27.94,35.94,0.1562,0.9674,113.27,107.19,95.179
262,cell_06,2024-03-06 06:00:00,3.6984,3.5369,3.8507,0.9627,1.4627,24.5,32.5,0.1968,0.9466,122.62,114.68,95.393
263,cell_06,2024-03-06 12:00:00,3.6989,3.5283,3.8514,0.9841,1.4841,23.56,31.56,0.1462,0.9466,114.23,109.56,94.914
264,cell_06,2024-03-06 18:00:00,3.6965,3.5313,3.8707,1.0691,1.5691,24.43,34.41,0.1709,0.9752,103.39,96.56,95.496
265,cell_06,2024-03-07 00:00:00,3.7011,3.538,3.8534,1.0233,1.5233,25.18,35.12,0.1395,0.9429,109.11,105.67,95.364
266,cell_06,2024-03-07 06:00:00,3.683,3.5213,3.8383,0.9555,1.4579,26.33,34.97,0.1598,0.9366,118.5,118.98,95.317
267,cell_06,2024-03-07 12:00:00,3.698,3.5246,3.8503,0.9735,1.4735,25.93,34.29,0.1636,0.9638,122.3,114.63,95.403
268,cell_06,2024-03-07 18:00:00,3.6931,3.5301,3.8528,1.0705,1.5705,23.99,36.16,0.1667,0.9495,106.58,102.09,95.279
269,cell_06,2024-03-08 00:00:00,3.6944,3.5331,3.8467,0.9882,1.4882,26.91,34.91,0.1655,0.9528,117.25,106.6,95.465
270,cell_06,2024-03-08 06:00:00,3.6901,3.5297,3.859,1.028,1.528,26.22,34.7,0.0853,0.9723,106.65,104.44,95.838
271,cell_06,2024-03-08 12:00:00,3.6832,3.521,3.8536,1.0403,1.5403,24.33,32.33,0.1486,0.936,104.96,109.71,95.134
272,cell_06,2024-03-08 18:00:00,3.6814,3.5087,3.8392,0.8291,1.3643,24.81,32.81,0.1385,0.948,144.61,133.81,95.711
273,cell_06,2024-03-09 00:00:00,3.6965,3.521,3.8499,1.0632,1.5632,25.9,36.27,0.1424,0.9376,111.45,100.0,95.517
274,cell_06,2024-03-09 06:00:00,3.6983,3.5264,3.8505,0.9574,1.6157,26.61,34.61,0.1443,0.9534,119.66,116.64,95.565
275,cell_06,2024-03-09 12:00:00,3.6919,3.5305,3.8441,0.982,1.482,22.72,32.11,0.1695,0.9445,113.14,106.04,95.443
276,cell_06,2024-03-09 18:00:00,3.6927,3.5308,3.8492,1.077,1.5989,25.11,33.11,0.1541,0.9383,101.24,99.44,95.237
277,cell_06,2024-03-10 00:00:00,3.6862,3.5251,3.8393,1.0723,1.5723,24.95,35.45,0.1398,0.9573,112.05,98.72,95.586
278,cell_06,2024-03-10 06:00:00,3.6984,3.5375,3.8605,1.0246,1.5246,24.14,32.14,0.1206,0.9501,106.44,110.81,95.608
279,cell_06,2024-03-10 12:00:00,3.6934,3.5315,3.8458,1.0364,1.6145,24.14,34.46,0.1807,0.9375,107.35,107.32,95.212
280,cell_06,2024-03-10 18:00:00,3.6889,3.5127,3.8567,1.0489,1.5988,26.58,36.37,0.1371,0.9381,110.74,103.28,95.051
281,cell_06,2024-03-11 00:00:00,3.7019,3.5267,3.8541,1.0715,1.5715,25.8,33.8,0.1474,0.9521,111.61,100.6,95.478
282,cell_06,2024-03-11 06:00:00,3.7,3.5392,3.8521,1.0779,1.5779,28.16,36.16,0.1928,0.9333,102.44,105.01,95.679
283,cell_06,2024-03-11 12:00:00,3.6783,3.5177,3.834,1.0054,1.5054,24.15,34.19,0.1376,0.9523,117.42,105.09,95.754
284,cell_06,2024-03-11 18:00:00,3.6942,3.5337,3.8506,0.9631,1.4631,25.21,36.48,0.1445,0.9634,117.37,108.33,95.814
285,cell_06,2024-03-12 00:00:00,3.6838,3.5108,3.836,0.9872,1.4872,25.46,34.9,0.1546,0.9567,118.25,114.44,95.564
286,cell_06,2024-03-12 06:00:00,3.6945,3.5306,3.8468,1.0064,1.5122,26.34,34.34,0.1179,0.9438,109.14,112.09,95.374
287,cell_06,2024-03-12 12:00:00,3.6617,3.5003,3.8139,0.9973,1.4973,27.04,35.04,0.1156,0.9527,119.04,106.15,95.452
288,cell_06,2024-03-12 18:00:00,3.6946,3.5323,3.8471,0.9494,1.4557,25.14,34.27,0.1404,0.9375,122.67,110.51,95.08
289,cell_06,2024-03-13 00:00:00,3.7,3.5381,3.8524,1.0218,1.5583,23.36,31.36,0.1411,0.9514,116.95,108.74,95.248
290,cell_06,2024-03-13 06:00:00,3.692,3.5306,3.8473,0.9216,1.4652,23.93,31.93,0.1527,0.9467,124.29,113.62,95.437
291,cell_06,2024-03-13 12:00:00,3.6814,3.4991,3.8337,1.0043,1.5043,25.21,33.21,0.1304,0.9396,118.38,109.65,95.373
292,cell_06,2024-03-13 18:00:00,3.7128,3.5343,3.865,1.0075,1.583,26.68,36.45,0.1587,0.9562,114.19,110.33,95.48
293,cell_06,2024-03-14 00:00:00,3.7041,3.5417,3.8696,1.0058,1.5223,22.83,34.44,0.1069,0.9302,113.54,109.11,95.04
294,cell_06,2024-03-14 06:00:00,3.6873,3.5251,3.8604,1.0426,1.5849,23.24,33.3,0.1486,0.9381,105.03,103.2,95.107
295,cell_06,2024-03-14 12:00:00,3.6909,3.5284,3.8431,1.0359,1.5359,26.14,34.15,0.1572,0.9393,114.32,108.8,95.685
296,cell_06,2024-03-14 18:00:00,3.673,3.511,3.8356,1.1111,1.6872,23.06,31.06,0.1566,0.945,101.91,102.1,95.203
297,cell_06,2024-03-15 00:00:00,3.6976,3.5295,3.8539,0.9741,1.4741,23.31,32.65,0.1467,0.963,118.51,113.88,95.25
298,cell_06,2024-03-15 06:00:00,3.6795,3.5097,3.8318,1.014,1.5928,26.7,38.04,0.1368,0.9575,114.7,106.43,95.481
299,cell_06,2024-03-15 12:00:00,3.6994,3.5374,3.8518,1.0108,1.5787,24.67,34.68,0.1462,0.9511,116.1,112.94,95.173
300,cell_06,2024-03-15 18:00:00,3.7039,3.5306,3.856,1.0084,1.5213,24.55,32.97,0.1747,0.9506,114.84,107.71,95.784
301,cell_06,2024-03-16 00:00:00,3.6911,3.5274,3.8471,0.9368,1.457,27.05,35.05,0.138,0.9499,122.55,110.39,94.53
302,cell_06,2024-03-16 06:00:00,3.6817,3.5129,3.8343,0.9408,1.4408,23.41,32.1,0.1696,0.9637,121.3,111.16,94.908
303,cell_06,2024-03-16 12:00:00,3.7045,3.5412,3.8585,1.0003,1.5003,23.1,33.41,0.1727,0.9318,114.88,106.18,94.683
304,cell_06,2024-03-16 18:00:00,3.6925,3.5206,3.8707,0.9212,1.451,27.44,35.91,0.1153,0.9577,123.0,113.44,94.954
305,cell_06,2024-03-17 00:00:00,3.6931,3.53,3.8616,0.9833,1.5105,25.35,33.35,0.1474,0.9449,118.84,113.08,94.758
306,cell_06,2024-03-17 06:00:00,3.683,3.5129,3.8356,0.9676,1.4676,26.02,34.02,0.1304,0.955,121.35,106.09,94.9
307,cell_06,2024-03-17 12:00:00,3.6948,3.533,3.8472,0.9851,1.4851,24.53,37.71,0.12,0.9551,116.26,109.16,95.274
308,cell_06,2024-03-17 18:00:00,3.69,3.526,3.8556,1.0566,1.6,24.84,32.84,0.1658,0.9573,103.75,106.24,94.701
309,cell_06,2024-03-18 00:00:00,3.6788,3.5031,3.8314,0.9461,1.5194,23.94,31.94,0.1595,0.9658,118.6,109.52,94.699
310,cell_06,2024-03-18 06:00:00,3.7056,3.5427,3.8681,1.0435,1.5798,25.48,33.81,0.1553,0.9363,112.74,104.41,94.813
311,cell_06,2024-03-18 12:00:00,3.7106,3.549,3.8903,0.9714,1.4714,26.25,34.25,0.1283,0.9601,122.69,117.0,95.35
312,cell_06,2024-03-18 18:00:00,3.7025,3.5397,3.8618,0.9777,1.4777,25.29,35.34,0.1542,0.9494,113.75,105.65,94.881
313,cell_06,2024-03-19 00:00:00,3.7016,3.5398,3.8658,1.0233,1.5233,26.59,36.71,0.1238,0.9454,116.66,104.47,95.278
314,cell_06,2024-03-19 06:00:00,3.7099,3.5471,3.8732,0.9863,1.5562,25.99,33.99,0.1515,0.9703,112.83,104.3,94.854
315,cell_06,2024-03-19 12:00:00,3.6824,3.5195,3.8348,0.9554,1.4554,23.43,31.43,0.1368,0.957,124.67,115.85,95.264
316,cell_06,2024-03-19 18:00:00,3.6819,3.5179,3.8373,0.9815,1.5344,24.78,32.78,0.171,0.9458,121.25,109.42,95.03
317,cell_06,2024-03-20 00:00:00,3.6885,3.5215,3.8409,0.9112,1.4112,24.33,33.9,0.1427,0.9596,125.27,124.55,95.074
318,cell_06,2024-03-20 06:00:00,3.6947,3.5309,3.8604,1.0191,1.5457,26.13,34.99,0.1546,0.9495,116.26,107.82,94.477
319,cell_06,2024-03-20 12:00:00,3.6882,3.5234,3.8412,0.8449,1.3449,25.69,33.69,0.1547,0.9457,134.28,128.3,94.081
320,cell_06,2024-03-20 18:00:00,3.6821,3.5193,3.8417,1.0444,1.5444,25.19,33.62,0.1485,0.9439,107.69,108.03,94.877
321,cell_06,2024-03-21 00:00:00,3.6924,3.5295,3.8562,1.0308,1.5308,26.52,34.52,0.1521,0.953,113.88,100.84,94.873
322,cell_06,2024-03-21 06:00:00,3.692,3.5302,3.8443,1.0801,1.6522,22.2,30.2,0.1561,0.9439,101.72,103.57,95.282
323,cell_06,2024-03-21 12:00:00,3.6996,3.5349,3.8525,1.1091,1.6091,24.1,32.1,0.1321,0.9516,98.94,99.07,94.11
324,cell_06,2024-03-21 18:00:00,3.6925,3.526,3.8451,1.0468,1.5468,24.22,32.51,0.1581,0.9589,105.45,105.02,94.702
325,cell_06,2024-03-22 00:00:00,3.6723,3.5079,3.8252,0.9686,1.4686,25.38,33.66,0.1673,0.9511,118.18,112.53,94.242
326,cell_06,2024-03-22 06:00:00,3.6953,3.5312,3.8497,1.1086,1.6086,25.83,33.83,0.1579,0.9698,104.23,93.16,94.327
327,cell_06,2024-03-22 12:00:00,3.7074,3.5434,3.8602,0.9403,1.4403,25.0,33.84,0.1429,0.9501,124.53,118.23,94.399
328,cell_06,2024-03-22 18:00:00,3.6923,3.5289,3.845,0.9049,1.4373,23.03,33.14,0.1535,0.9635,130.56,120.96,94.664
329,cell_06,2024-03-23 00:00:00,3.7014,3.5254,3.8597,1.0926,1.5926,25.61,33.61,0.1427,0.9598,107.51,101.25,94.35
330,cell_06,2024-03-23 06:00:00,3.6868,3.5232,3.8457,1.0301,1.5884,25.19,33.19,0.1476,0.9653,112.16,108.79,94.559
331,cell_06,2024-03-23 12:00:00,3.6979,3.5349,3.8505,0.9062,1.4062,22.8,31.82,0.1262,0.9697,130.74,119.79,94.799
332,cell_06,2024-03-23 18:00:00,3.6849,3.5221,3.8374,0.9322,1.4836,24.56,32.56,0.1776,0.9324,119.4,121.62,94.888
333,cell_06,2024-03-24 00:00:00,3.6897,3.5266,3.854,1.0276,1.5276,25.56,33.56,0.1887,0.9527,113.15,100.8,94.757
334,cell_06,2024-03-24 06:00:00,3.6896,3.5264,3.8423,0.9565,1.4565,27.48,35.48,0.1359,0.9489,113.76,106.96,94.685
335,cell_06,2024-03-24 12:00:00,3.6965,3.5153,3.8699,0.9637,1.4637,23.37,31.37,0.1657,0.9511,113.27,109.8,94.507
336,cell_06,2024-03-24 18:00:00,3.6833,3.5137,3.8361,1.0983,1.5983,26.19,34.19,0.1792,0.946,100.29,95.04,94.379
337,cell_06,2024-03-25 00:00:00,3.6774,3.5075,3.8314,1.1074,1.6074,23.39,31.39,0.1308,0.9446,98.55,98.05,94.711
338,cell_06,2024-03-25 06:00:00,3.6961,3.5316,3.8489,1.0073,1.528,23.09,34.23,0.1068,0.939,117.48,104.18,94.234
339,cell_06,2024-03-25 12:00:00,3.6962,3.5285,3.8513,0.9925,1.4925,23.18,31.18,0.1803,0.951,113.98,110.8,94.585
340,cell_06,2024-03-25 18:00:00,3.6925,3.528,3.8801,1.0451,1.5522,25.91,33.91,0.1498,0.9593,112.59,107.6,94.227
341,cell_06,2024-03-26 00:00:00,3.7011,3.5293,3.8539,0.9719,1.4983,25.19,33.38,0.1396,0.9451,116.44,114.02,94.529
342,cell_06,2024-03-26 06:00:00,3.6893,3.523,3.855,0.8885,1.3885,24.53,36.02,0.1509,0.9467,129.8,119.89,94.225
343,cell_06,2024-03-26 12:00:00,3.6944,3.5305,3.8481,0.8619,1.3904,25.69,33.69,0.1426,0.943,129.11,131.27,94.421
344,cell_06,2024-03-26 18:00:00,3.688,3.5235,3.8526,0.9963,1.4963,25.06,33.06,0.2092,0.9401,118.74,111.02,94.338
345,cell_06,2024-03-27 00:00:00,3.6889,3.51,3.8417,1.0441,1.5441,25.17,33.17,0.1394,0.9476,103.34,106.33,94.302
346,cell_06,2024-03-27 06:00:00,3.6952,3.5298,3.8674,1.0008,1.5008,24.54,33.71,0.1565,0.9534,115.56,104.31,94.515
347,cell_06,2024-03-27 12:00:00,3.7134,3.5479,3.8699,1.0405,1.5732,23.46,31.46,0.1758,0.9626,113.07,104.81,93.814
348,cell_06,2024-03-27 18:00:00,3.6983,3.5296,3.8513,1.0455,1.5455,27.54,35.54,0.1757,0.9381,110.86,97.74,93.885
349,cell_06,2024-03-28 00:00:00,3.6974,3.529,3.8591,1.0693,1.5693,27.1,35.1,0.1719,0.9497,109.63,98.03,94.589
350,cell_06,2024-03-28 06:00:00,3.6993,3.5353,3.8536,1.0093,1.5093,27.39,35.39,0.1415,0.9618,109.97,101.19,94.392
351,cell_06,2024-03-28 12:00:00,3.6677,3.503,3.8207,1.0138,1.5138,24.19,33.26,0.147,0.9382,110.88,108.14,94.131
352,cell_06,2024-03-28 18:00:00,3.6952,3.5318,3.8478,0.9982,1.4982,23.98,31.98,0.1065,0.9627,109.64,102.64,94.64
353,cell_06,2024-03-29 00:00:00,3.7003,3.5348,3.8715,0.9871,1.5277,24.38,32.38,0.1485,0.9456,113.05,108.16,94.156
354,cell_06,2024-03-29 06:00:00,3.6921,3.5275,3.845,0.9214,1.4214,26.61,34.7,0.1507,0.9571,116.62,118.34,94.174
355,cell_06,2024-03-29 12:00:00,3.6907,3.526,3.8437,1.0586,1.6069,25.0,33.0,0.1648,0.9478,109.66,99.27,94.113
356,cell_06,2024-03-29 18:00:00,3.683,3.5203,3.8355,0.9808,1.4998,24.19,32.19,0.1859,0.9546,121.39,108.78,94.92
357,cell_06,2024-03-30 00:00:00,3.6873,3.5135,3.8547,0.9779,1.4779,25.55,34.48,0.1642,0.9661,118.18,114.33,94.418
358,cell_06,2024-03-30 06:00:00,3.6833,3.5038,3.8361,0.9729,1.4729,23.9,31.9,0.1714,0.9488,120.05,115.29,94.406
359,cell_06,2024-03-30 12:00:00,3.7017,3.5379,3.8609,0.933,1.5085,22.97,31.58,0.1497,0.96,121.69,119.81,94.487
360,cell_06,2024-03-30 18:00:00,3.7056,3.5398,3.8587,0.9957,1.5571,25.19,33.19,0.1757,0.9527,109.45,110.11,93.705
361,cell_06,2024-03-31 00:00:00,3.7105,3.5457,3.8634,1.0258,1.567,24.23,32.23,0.1502,0.9421,112.49,102.11,94.083
362,cell_06,2024-03-31 06:00:00,3.6831,3.5144,3.8449,0.9647,1.5125,24.98,32.98,0.1728,0.9485,115.06,106.55,94.398
363,cell_06,2024-03-31 12:00:00,3.6847,3.5194,3.8486,1.0519,1.5751,20.97,31.7,0.1661,0.9479,107.1,102.03,94.26
364,cell_06,2024-03-31 18:00:00,3.6849,3.5222,3.8374,0.9816,1.4983,23.66,31.66,0.1579,0.9359,120.69,115.17,94.923
365,cell_06,2024-04-01 00:00:00,3.681,3.5153,3.8339,0.9234,1.4259,24.93,32.93,0.1192,0.9546,120.74,112.79,94.101
366,cell_06,2024-04-01 06:00:00,3.6818,3.5181,3.8355,1.0687,1.6536,22.73,30.73,0.1719,0.9566,103.91,97.76,94.531
367,cell_06,2024-04-01 12:00:00,3.6866,3.5069,3.8438,1.0099,1.5099,22.78,33.11,0.1576,0.9581,107.02,109.8,94.49
368,cell_06,2024-04-01 18:00:00,3.7002,3.5359,3.8727,1.0432,1.5552,25.06,36.95,0.1641,0.9643,110.65,104.04,94.291
369,cell_06,2024-04-02 00:00:00,3.6843,3.5176,3.8372,1.0443,1.5443,26.05,34.05,0.1563,0.9595,105.32,101.95,94.345
370,cell_06,2024-04-02 06:00:00,3.7013,3.5307,3.8543,0.9527,1.4527,23.66,32.74,0.1597,0.944,119.82,116.55,93.819
371,cell_06,2024-04-02 12:00:00,3.7027,3.53,3.8564,0.9739,1.5647,24.61,32.61,0.176,0.9461,112.67,109.43,92.68
1,cell_07,2024-01-01 00:00:00,3.6983,3.5484,3.8482,1.353,2.0076,32.09,40.09,0.1113,0.946,86.04,86.65,100.065
2,cell_07,2024-01-01 06:00:00,3.7206,3.569,3.8707,1.2972,1.9472,31.61,42.09,0.1543,0.9466,88.49,89.9,99.802
3,cell_07,2024-01-01 12:00:00,3.6965,3.5465,3.8499,1.3303,1.9803,32.23,41.07,0.117,0.9574,94.48,86.61,100.0
4,cell_07,2024-01-01 18:00:00,3.6969,3.531,3.8597,1.3588,2.0178,32.15,42.52,0.1434,0.9506,85.05,86.18,99.638
5,cell_07,2024-01-02 00:00:00,3.7009,3.548,3.851,1.2717,1.9509,31.06,39.06,0.1277,0.9441,93.55,86.45,99.821
6,cell_07,2024-01-02 06:00:00,3.6972,3.5471,3.8485,1.2586,1.9257,30.47,38.47,0.1341,0.9524,92.96,93.54,99.939
7,cell_07,2024-01-02 12:00:00,3.7031,3.5418,3.8531,1.4234,2.0734,32.49,40.49,0.1165,0.9599,84.23,80.64,100.003
8,cell_07,2024-01-02 18:00:00,3.7126,3.5631,3.8625,1.3297,1.9797,29.89,38.61,0.1178,0.9606,92.84,88.45,100.2
9,cell_07,2024-01-03 00:00:00,3.7003,3.5433,3.8507,1.2861,1.9361,30.89,38.89,0.1284,0.9368,94.07,87.91,99.235
10,cell_07,2024-01-03 06:00:00,3.7017,3.5514,3.8574,1.362,2.012,29.26,38.78,0.136,0.9373,88.64,84.76,99.894
11,cell_07,2024-01-03 12:00:00,3.6975,3.5472,3.8476,1.2846,1.9818,32.1,40.16,0.1305,0.96,93.4,87.16,99.879
12,cell_07,2024-01-03 18:00:00,3.6948,3.5446,3.8564,1.3163,1.9663,32.85,40.85,0.0847,0.9471,87.73,85.84,99.912
13,cell_07,2024-01-04 00:00:00,3.7009,3.5416,3.8509,1.2716,2.0333,29.6,37.6,0.1252,0.928,93.4,88.32,99.941
14,cell_07,2024-01-04 06:00:00,3.6993,3.526,3.8496,1.2992,1.9492,30.77,38.93,0.1069,0.9427,95.62,89.51,99.488
15,cell_07,2024-01-04 12:00:00,3.7106,3.5588,3.861,1.2863,1.9594,30.28,39.21,0.1091,0.9456,95.58,85.21,99.273
16,cell_07,2024-01-04 18:00:00,3.6901,3.5352,3.8441,1.2624,1.9124,32.61,40.61,0.1292,0.9469,90.74,94.21,99.802
17,cell_07,2024-01-05 00:00:00,3.7137,3.5403,3.8689,1.3121,1.9621,33.13,41.13,0.154,0.9576,94.04,89.39,99.438
18,cell_07,2024-01-05 06:00:00,3.6983,3.548,3.8578,1.2681,1.9273,30.28,38.28,0.1154,0.9407,97.6,93.19,99.857
19,cell_07,2024-01-05 12:00:00,3.7007,3.5493,3.8575,1.3288,2.0218,26.36,34.36,0.1595,0.9594,92.53,89.04,99.455
20,cell_07,2024-01-05 18:00:00,3.6893,3.5368,3.8433,1.2848,1.9857,32.73,40.73,0.0981,0.9529,96.29,88.09,99.944
21,cell_07,2024-01-06 00:00:00,3.7052,3.5462,3.8613,1.214,1.9004,31.07,39.31,0.1446,0.9371,103.33,97.51,99.72
22,cell_07,2024-01-06 06:00:00,3.69,3.5328,3.8471,1.331,2.0329,31.07,39.07,0.1286,0.9468,85.92,84.92,99.741
23,cell_07,2024-01-06 12:00:00,3.7032,3.5524,3.8625,1.3319,1.9819,32.45,40.45,0.1242,0.9549,88.75,81.73,99.663
24,cell_07,2024-01-06 18:00:00,3.7022,3.5512,3.8524,1.4127,2.0951,30.45,38.69,0.1477,0.9504,88.58,76.58,99.615
25,cell_07,2024-01-07 00:00:00,3.6962,3.5322,3.8464,1.3009,1.9509,30.05,38.05,0.1073,0.9538,92.42,83.33,99.667
26,cell_07,2024-01-07 06:00:00,3.6795,3.5297,3.8294,1.3092,2.0085,30.47,38.47,0.1456,0.9441,93.42,84.3,100.091
27,cell_07,2024-01-07 12:00:00,3.7205,3.5687,3.8742,1.3239,1.9797,31.73,39.73,0.1158,0.9555,88.74,84.22,99.276
28,cell_07,2024-01-07 18:00:00,3.6888,3.5376,3.8553,1.351,2.032,32.32,40.32,0.1072,0.946,85.87,88.23,99.542
29,cell_07,2024-01-08 00:00:00,3.7026,3.5523,3.8616,1.3479,2.0124,33.45,41.54,0.0935,0.9755,93.19,82.19,99.897
30,cell_07,2024-01-08 06:00:00,3.6924,3.5271,3.8425,1.3159,2.004,31.61,39.61,0.1517,0.9368,89.77,90.24,99.826
31,cell_07,2024-01-08 12:00:00,3.7105,3.5604,3.8655,1.2984,1.9484,30.78,39.11,0.1428,0.977,92.97,90.66,99.984
32,cell_07,2024-01-08 18:00:00,3.6955,3.5292,3.8493,1.3421,1.9921,32.33,40.33,0.1104,0.9405,86.74,87.78,99.563
33,cell_07,2024-01-09 00:00:00,3.6913,3.5262,3.844,1.2963,1.9957,29.54,39.18,0.1309,0.9627,96.11,89.84,99.185
34,cell_07,2024-01-09 06:00:00,3.7048,3.5507,3.8552,1.2355,1.9528,33.13,44.3,0.1225,0.9583,94.06,96.13,99.248
35,cell_07,2024-01-09 12:00:00,3.6865,3.5352,3.8499,1.2249,1.8749,31.32,39.32,0.1129,0.9409,101.5,88.89,99.491
36,cell_07,2024-01-09 18:00:00,3.6956,3.5451,3.8457,1.2853,1.9759,30.66,38.66,0.1393,0.956,91.24,88.33,99.809
37,cell_07,2024-01-10 00:00:00,3.7057,3.5537,3.8561,1.306,1.956,29.55,37.55,0.1075,0.945,95.22,85.16,99.2
38,cell_07,2024-01-10 06:00:00,3.7138,3.5445,3.8738,1.4236,2.0736,31.94,41.23,0.0762,0.9527,82.49,77.62,99.177
39,cell_07,2024-01-10 12:00:00,3.6895,3.538,3.8398,1.294,1.9481,30.58,38.58,0.1252,0.9515,95.61,87.08,99.396
40,cell_07,2024-01-10 18:00:00,3.692,3.5388,3.8434,1.3023,1.9523,30.86,43.55,0.1213,0.9465,91.88,86.25,98.734
41,cell_07,2024-01-11 00:00:00,3.7014,3.546,3.8533,1.2798,1.9298,28.49,42.05,0.1081,0.9457,88.88,92.32,98.594
42,cell_07,2024-01-11 06:00:00,3.6777,3.5237,3.8291,1.3309,1.9888,30.35,38.35,0.1022,0.9534,86.93,82.22,98.425
43,cell_07,2024-01-11 12:00:00,3.7121,3.5596,3.8637,1.314,1.964,30.15,38.15,0.0888,0.941,92.78,89.62,99.01
44,cell_07,2024-01-11 18:00:00,3.6886,3.5362,3.8412,1.2681,1.9181,31.63,40.94,0.1127,0.9413,95.29,85.92,99.04
45,cell_07,2024-01-12 00:00:00,3.6932,3.5124,3.8448,1.2494,1.8994,30.6,42.8,0.1025,0.9595,93.16,91.35,98.409
46,cell_07,2024-01-12 06:00:00,3.7005,3.547,3.8512,1.2799,1.9299,27.03,35.03,0.1393,0.9543,89.63,86.03,98.605
47,cell_07,2024-01-12 12:00:00,3.6989,3.5269,3.8494,1.2578,1.9078,30.38,42.17,0.1303,0.9369,97.48,94.0,98.926
48,cell_07,2024-01-12 18:00:00,3.6879,3.5339,3.8487,1.2884,1.9384,28.82,36.82,0.1103,0.94,92.75,88.28,98.385
49,cell_07,2024-01-13 00:00:00,3.7155,3.5599,3.8765,1.3071,1.9571,29.44,37.44,0.1305,0.9286,92.39,82.25,98.835
50,cell_07,2024-01-13 06:00:00,3.6722,3.5138,3.8263,1.2749,1.9249,32.51,41.12,0.1179,0.9591,92.64,92.12,98.628
51,cell_07,2024-01-13 12:00:00,3.6863,3.5308,3.8404,1.3727,2.0227,28.47,38.5,0.1146,0.9569,84.7,79.91,98.361
52,cell_07,2024-01-13 18:00:00,3.6925,3.5399,3.8429,1.358,2.049,31.44,39.44,0.1189,0.9391,86.68,87.08,99.259
53,cell_07,2024-01-14 00:00:00,3.6884,3.5264,3.8391,1.2885,1.9385,30.24,39.14,0.1554,0.9565,87.54,82.79,98.624
54,cell_07,2024-01-14 06:00:00,3.7105,3.5536,3.8611,1.2518,1.9018,29.95,40.16,0.1329,0.9699,99.0,87.39,98.883
55,cell_07,2024-01-14 12:00:00,3.681,3.527,3.8318,1.2985,1.9485,29.53,39.97,0.114,0.9346,89.71,84.36,98.39
56,cell_07,2024-01-14 18:00:00,3.7144,3.5623,3.8666,1.2933,1.9899,31.48,39.48,0.1379,0.9438,91.88,89.16,99.192
57,cell_07,2024-01-15 00:00:00,3.6962,3.5445,3.8596,1.2969,1.9469,31.65,39.65,0.1372,0.9344,90.58,90.04,99.31
58,cell_07,2024-01-15 06:00:00,3.6838,3.5295,3.8347,1.2801,1.9301,28.41,38.52,0.1252,0.9595,90.79,88.72,98.275
59,cell_07,2024-01-15 12:00:00,3.677,3.5237,3.8277,1.2475,1.9938,32.73,41.63,0.1134,0.949,96.68,86.01,98.677
60,cell_07,2024-01-15 18:00:00,3.6965,3.5436,3.847,1.3017,1.9833,29.22,38.4,0.1121,0.946,92.93,86.2,99.124
61,cell_07,2024-01-16 00:00:00,3.6909,3.5373,3.842,1.2825,1.9325,31.58,39.58,0.0985,0.9523,95.11,87.58,98.585
62,cell_07,2024-01-16 06:00:00,3.7006,3.5478,3.8512,1.2869,2.0091,29.23,38.5,0.1236,0.9444,88.23,86.26,98.849
63,cell_07,2024-01-16 12:00:00,3.6928,3.5301,3.8437,1.3047,1.9622,30.31,38.31,0.1078,0.946,93.72,85.1,98.222
64,cell_07,2024-01-16 18:00:00,3.7073,3.5535,3.8672,1.2965,1.965,29.08,37.58,0.1113,0.9527,95.32,86.44,98.489
65,cell_07,2024-01-17 00:00:00,3.6968,3.5319,3.8744,1.3036,1.9688,30.21,38.43,0.1325,0.9439,95.41,86.91,98.817
66,cell_07,2024-01-17 06:00:00,3.6925,3.5371,3.8555,1.2801,1.9758,30.7,38.94,0.1537,0.9453,88.3,88.32,97.826
67,cell_07,2024-01-17 12:00:00,3.7066,3.5346,3.8576,1.318,1.968,29.28,38.84,0.1275,0.9484,89.01,82.09,97.895
68,cell_07,2024-01-17 18:00:00,3.6986,3.5302,3.8498,1.2641,1.9141,31.47,39.47,0.1179,0.9509,96.67,91.69,97.548
69,cell_07,2024-01-18 00:00:00,3.7047,3.5497,3.8557,1.2456,1.9118,31.67,41.02,0.1196,0.956,96.84,92.77,97.978
70,cell_07,2024-01-18 06:00:00,3.7076,3.551,3.8589,1.2555,1.9055,35.06,43.1,0.1428,0.9558,88.98,91.09,97.38
71,cell_07,2024-01-18 12:00:00,3.6944,3.5241,3.8549,1.2662,2.007,32.39,40.39,0.1278,0.935,96.56,91.3,98.244
72,cell_07,2024-01-18 18:00:00,3.6967,3.5278,3.8579,1.2356,1.8856,32.76,40.76,0.1239,0.9641,97.93,90.23,97.537
73,cell_07,2024-01-19 00:00:00,3.7053,3.5405,3.8564,1.2154,1.8654,28.35,40.12,0.1253,0.9506,99.41,96.25,97.939
74,cell_07,2024-01-19 06:00:00,3.6724,3.5057,3.8271,1.3252,1.9752,28.06,36.06,0.0914,0.9467,87.88,83.04,97.909
75,cell_07,2024-01-19 12:00:00,3.6951,3.5386,3.8575,1.3637,2.0307,30.55,38.55,0.1278,0.941,86.84,80.74,97.403
76,cell_07,2024-01-19 18:00:00,3.694,3.5358,3.8453,1.3279,2.0006,33.68,41.68,0.1025,0.9699,90.04,86.51,97.526
77,cell_07,2024-01-20 00:00:00,3.7001,3.544,3.8513,1.2758,1.9258,34.71,44.89,0.1279,0.9736,90.81,90.56,97.561
78,cell_07,2024-01-20 06:00:00,3.688,3.5315,3.8463,1.2142,1.8868,29.97,39.99,0.1053,0.9687,98.97,90.93,97.369
79,cell_07,2024-01-20 12:00:00,3.7066,3.5477,3.8653,1.3096,1.963,30.12,39.76,0.1318,0.9512,86.95,87.62,97.097
80,cell_07,2024-01-20 18:00:00,3.6891,3.5332,3.8446,1.2196,1.8696,31.82,39.82,0.1169,0.9534,93.03,92.55,97.646
81,cell_07,2024-01-21 00:00:00,3.6913,3.5345,3.8452,1.2957,1.9457,30.7,40.21,0.0971,0.9649,93.33,84.58,97.279
82,cell_07,2024-01-21 06:00:00,3.6889,3.5313,3.8442,1.26,2.0257,30.74,38.74,0.1142,0.9476,90.89,91.5,96.997
83,cell_07,2024-01-21 12:00:00,3.7083,3.5516,3.8596,1.186,1.8951,31.95,40.39,0.1641,0.9554,94.12,93.59,97.333
84,cell_07,2024-01-21 18:00:00,3.6749,3.501,3.8263,1.374,2.0604,35.07,43.07,0.0745,0.9523,87.72,83.61,97.202
85,cell_07,2024-01-22 00:00:00,3.7131,3.5537,3.8647,1.2372,1.9435,32.96,41.49,0.1233,0.9692,96.74,92.17,96.844
86,cell_07,2024-01-22 06:00:00,3.7107,3.5541,3.868,1.2822,1.9472,33.8,41.8,0.0998,0.9644,93.86,82.87,97.343
87,cell_07,2024-01-22 12:00:00,3.6902,3.5315,3.8427,1.2936,1.9436,28.23,39.97,0.1475,0.9486,88.76,89.04,97.23
88,cell_07,2024-01-22 18:00:00,3.7055,3.5323,3.8616,1.2765,1.9265,32.61,43.85,0.1363,0.9653,91.96,83.39,96.819
89,cell_07,2024-01-23 00:00:00,3.6966,3.5292,3.8482,1.3232,1.9732,29.58,37.58,0.1237,0.95,83.58,86.22,96.877
90,cell_07,2024-01-23 06:00:00,3.7125,3.5559,3.8649,1.263,2.0212,33.51,42.67,0.1383,0.9445,87.88,90.22,97.331
91,cell_07,2024-01-23 12:00:00,3.7054,3.5486,3.8576,1.3191,2.0271,33.04,41.04,0.1249,0.9471,86.35,86.16,97.264
92,cell_07,2024-01-23 18:00:00,3.7168,3.5583,3.8813,1.3159,1.976,31.91,40.07,0.1201,0.9515,88.29,87.38,96.58
93,cell_07,2024-01-24 00:00:00,3.6791,3.5202,3.8394,1.2311,1.8811,29.89,37.89,0.108,0.9421,94.96,90.26,96.457
94,cell_07,2024-01-24 06:00:00,3.6974,3.5398,3.8489,1.3118,1.9935,30.27,38.27,0.1128,0.9448,85.45,82.84,96.967
95,cell_07,2024-01-24 12:00:00,3.6774,3.5184,3.8342,1.2473,1.8973,30.4,38.4,0.1107,0.9356,96.16,88.98,96.406
96,cell_07,2024-01-24 18:00:00,3.6903,3.5328,3.8418,1.2417,1.9266,32.14,42.46,0.1202,0.9418,98.05,90.89,97.0
97,cell_07,2024-01-25 00:00:00,3.7185,3.5584,3.8698,1.3145,1.9645,31.61,42.94,0.0822,0.9523,85.47,83.21,97.339
98,cell_07,2024-01-25 06:00:00,3.7,3.5422,3.8688,1.2796,1.9296,33.13,44.51,0.1406,0.9604,93.79,84.07,96.87
99,cell_07,2024-01-25 12:00:00,3.7046,3.5436,3.8563,1.3186,2.0129,33.42,43.73,0.1589,0.9591,88.8,83.32,96.482
100,cell_07,2024-01-25 18:00:00,3.7004,3.5262,3.8623,1.3191,2.0655,29.73,37.9,0.1114,0.9543,88.09,87.18,96.811
101,cell_07,2024-01-26 00:00:00,3.7,3.5241,3.8515,1.2286,1.8786,31.71,40.49,0.1435,0.9347,94.63,91.24,96.995
102,cell_07,2024-01-26 06:00:00,3.6898,3.5316,3.8415,1.337,1.987,31.69,40.46,0.1173,0.9414,88.97,85.91,96.714
103,cell_07,2024-01-26 12:00:00,3.6882,3.5214,3.8397,1.3143,2.0154,30.86,38.86,0.108,0.948,85.84,83.77,96.829
104,cell_07,2024-01-26 18:00:00,3.6892,3.5303,3.8435,1.2707,1.9207,32.41,42.7,0.1124,0.9596,92.07,90.6,96.444
105,cell_07,2024-01-27 00:00:00,3.6666,3.5064,3.8204,1.2932,1.9432,31.74,41.12,0.1217,0.9444,86.89,87.16,95.932
106,cell_07,2024-01-27 06:00:00,3.6938,3.5348,3.8505,1.3385,2.0018,30.14,39.61,0.1056,0.9378,82.84,80.84,96.393
107,cell_07,2024-01-27 12:00:00,3.6962,3.5349,3.8482,1.284,2.0383,30.79,38.79,0.1321,0.9645,90.04,84.63,95.841
108,cell_07,2024-01-27 18:00:00,3.6867,3.5141,3.8395,1.4058,2.0558,30.48,39.38,0.1096,0.9427,79.45,81.31,95.279
109,cell_07,2024-01-28 00:00:00,3.6926,3.5325,3.8447,1.3745,2.0245,29.91,39.92,0.0985,0.9387,85.81,83.39,95.963
110,cell_07,2024-01-28 06:00:00,3.6995,3.5398,3.8661,1.3058,1.9614,30.87,38.87,0.1196,0.9523,89.69,83.15,96.149
111,cell_07,2024-01-28 12:00:00,3.7034,3.5443,3.8552,1.2886,1.9386,29.05,37.05,0.1061,0.9495,87.27,88.25,96.373
112,cell_07,2024-01-28 18:00:00,3.6828,3.5217,3.8346,1.2908,1.9408,31.71,39.71,0.1135,0.945,93.0,88.95,96.549
113,cell_07,2024-01-29 00:00:00,3.6862,3.5237,3.8381,1.27,1.9601,33.11,41.11,0.1189,0.95,89.4,83.99,96.08
114,cell_07,2024-01-29 06:00:00,3.7019,3.5372,3.8777,1.3063,1.9656,31.08,39.38,0.0932,0.9407,90.27,84.16,96.253
115,cell_07,2024-01-29 12:00:00,3.6998,3.5206,3.8595,1.3344,2.0027,32.42,40.42,0.1492,0.9449,84.26,84.17,95.929
116,cell_07,2024-01-29 18:00:00,3.7074,3.5474,3.8594,1.2325,1.8825,31.23,39.23,0.1363,0.9496,90.63,84.84,95.999
117,cell_07,2024-01-30 00:00:00,3.7068,3.5464,3.8671,1.3321,2.0578,29.47,40.52,0.1074,0.9296,89.44,84.65,95.837
118,cell_07,2024-01-30 06:00:00,3.7182,3.5557,3.8753,1.3467,1.9967,34.01,42.01,0.1196,0.9596,89.13,78.8,96.009
119,cell_07,2024-01-30 12:00:00,3.6906,3.5152,3.8455,1.3286,1.9786,27.37,35.37,0.1327,0.9363,85.13,81.91,95.674
120,cell_07,2024-01-30 18:00:00,3.7105,3.5517,3.8692,1.2935,2.0267,31.02,42.4,0.1242,0.9406,87.86,83.92,96.487
121,cell_07,2024-01-31 00:00:00,3.6835,3.5181,3.8365,1.3265,1.9765,29.85,37.85,0.1576,0.96,87.82,83.84,95.15
122,cell_07,2024-01-31 06:00:00,3.718,3.5581,3.8717,1.365,2.015,33.37,41.51,0.1152,0.9557,82.13,77.96,96.039
123,cell_07,2024-01-31 12:00:00,3.6985,3.5299,3.8505,1.2971,1.9471,31.32,39.32,0.1438,0.9509,92.01,84.04,95.963
124,cell_07,2024-01-31 18:00:00,3.6994,3.5331,3.8658,1.3012,1.9512,34.83,44.24,0.0933,0.9329,84.16,82.01,95.979
125,cell_07,2024-02-01 00:00:00,3.7032,3.5415,3.8554,1.4066,2.0566,31.05,39.05,0.0964,0.9439,78.57,73.78,95.512
126,cell_07,2024-02-01 06:00:00,3.6792,3.5123,3.8316,1.3154,1.9654,29.86,37.86,0.1537,0.9478,83.53,85.47,95.175
127,cell_07,2024-02-01 12:00:00,3.683,3.5227,3.8351,1.2496,1.9475,28.43,36.54,0.1114,0.9486,90.38,84.91,95.86
128,cell_07,2024-02-01 18:00:00,3.6953,3.5275,3.8472,1.3436,2.0629,32.66,40.66,0.0967,0.9614,88.95,79.22,96.081
129,cell_07,2024-02-02 00:00:00,3.6971,3.5226,3.8492,1.3201,1.9701,29.75,38.44,0.119,0.9699,88.25,78.74,95.744
130,cell_07,2024-02-02 06:00:00,3.7147,3.5535,3.8745,1.2672,1.9172,30.37,39.94,0.1453,0.9561,87.27,86.31,95.92
131,cell_07,2024-02-02 12:00:00,3.6838,3.5227,3.8458,1.2448,1.8948,32.84,41.75,0.1047,0.9447,88.22,85.37,95.541
132,cell_07,2024-02-02 18:00:00,3.7091,3.5485,3.8612,1.3119,2.009,32.58,44.14,0.1192,0.9621,85.75,83.8,95.778
133,cell_07,2024-02-03 00:00:00,3.6914,3.5236,3.8434,1.297,1.997,30.09,38.09,0.0829,0.9441,89.93,86.41,96.046
134,cell_07,2024-02-03 06:00:00,3.6906,3.5295,3.8428,1.2378,1.8878,30.32,39.32,0.1106,0.9238,93.54,83.83,95.584
135,cell_07,2024-02-03 12:00:00,3.6924,3.5325,3.8444,1.2956,1.9456,28.37,37.32,0.1399,0.9375,85.52,81.84,96.034
136,cell_07,2024-02-03 18:00:00,3.6897,3.5182,3.8592,1.2924,1.9493,27.92,35.92,0.1043,0.9263,90.69,83.0,95.188
137,cell_07,2024-02-04 00:00:00,3.6981,3.5368,3.8504,1.2969,1.9602,32.15,42.41,0.0946,0.9462,89.53,87.3,95.494
138,cell_07,2024-02-04 06:00:00,3.6898,3.5252,3.8575,1.3246,1.9746,32.31,40.89,0.1045,0.9482,91.02,79.1,95.842
139,cell_07,2024-02-04 12:00:00,3.6803,3.5209,3.8321,1.2119,1.8619,31.54,39.54,0.1078,0.9341,95.8,92.86,96.249
140,cell_07,2024-02-04 18:00:00,3.6908,3.529,3.8587,1.2444,1.8944,31.28,40.78,0.1353,0.9415,90.68,91.84,95.683
141,cell_07,2024-02-05 00:00:00,3.6976,3.536,3.8499,1.2757,1.927,29.94,37.94,0.1276,0.9357,86.3,81.44,95.368
142,cell_07,2024-02-05 06:00:00,3.6803,3.5209,3.8322,1.3663,2.0163,33.2,41.2,0.1315,0.9487,88.07,78.89,96.242
143,cell_07,2024-02-05 12:00:00,3.6993,3.5351,3.8515,1.4184,2.0684,28.32,36.32,0.1206,0.9415,77.17,79.05,95.641
144,cell_07,2024-02-05 18:00:00,3.7056,3.5453,3.8706,1.3002,1.9502,30.3,39.77,0.1076,0.9601,87.15,87.91,95.878
145,cell_07,2024-02-06 00:00:00,3.7082,3.5463,3.862,1.3023,1.9523,31.24,41.4,0.1045,0.9517,88.34,81.44,95.578
146,cell_07,2024-02-06 06:00:00,3.697,3.5363,3.8512,1.1778,1.8278,31.0,39.0,0.1286,0.966,98.2,94.03,95.721
147,cell_07,2024-02-06 12:00:00,3.6739,3.5105,3.833,1.3452,1.9952,31.0,39.0,0.1518,0.9455,85.11,82.15,94.634
148,cell_07,2024-02-06 18:00:00,3.6997,3.5384,3.852,1.3225,2.0126,30.22,38.22,0.1012,0.9714,88.52,81.47,95.48
149,cell_07,2024-02-07 00:00:00,3.7024,3.5403,3.8582,1.3142,1.9642,31.81,39.81,0.0996,0.95,83.66,84.02,95.16
150,cell_07,2024-02-07 06:00:00,3.686,3.5145,3.8384,1.2377,1.8877,29.18,37.18,0.0973,0.9447,94.46,88.26,95.333
151,cell_07,2024-02-07 12:00:00,3.6911,3.5192,3.8586,1.399,2.1118,30.78,39.41,0.1366,0.9741,84.27,80.61,94.566
152,cell_07,2024-02-07 18:00:00,3.6962,3.5099,3.8533,1.376,2.0773,31.65,39.65,0.1192,0.9317,78.34,78.41,94.255
153,cell_07,2024-02-08 00:00:00,3.7096,3.5459,3.8693,1.3147,2.0514,30.5,38.5,0.1311,0.9445,82.26,82.09,94.509
154,cell_07,2024-02-08 06:00:00,3.6905,3.5288,3.8428,1.3496,2.1125,31.01,39.31,0.1098,0.9333,88.95,81.98,95.352
155,cell_07,2024-02-08 12:00:00,3.7007,3.5356,3.8605,1.3026,1.9555,31.32,39.32,0.1324,0.9316,85.42,79.68,94.5
156,cell_07,2024-02-08 18:00:00,3.6955,3.5328,3.8481,1.3411,1.9911,28.36,36.36,0.1142,0.9293,84.55,80.95,94.912
157,cell_07,2024-02-09 00:00:00,3.6929,3.5277,3.8459,1.2346,1.8846,28.5,38.71,0.0891,0.9562,89.55,82.62,93.915
158,cell_07,2024-02-09 06:00:00,3.7043,3.5387,3.8582,1.1863,1.865,31.2,41.22,0.1385,0.9367,95.6,91.51,93.974
159,cell_07,2024-02-09 12:00:00,3.683,3.5114,3.8359,1.2365,1.9585,30.09,38.09,0.1193,0.9475,93.34,87.15,94.184
160,cell_07,2024-02-09 18:00:00,3.6946,3.5317,3.8533,1.2597,1.9097,30.18,38.88,0.1138,0.9589,92.7,88.9,94.841
161,cell_07,2024-02-10 00:00:00,3.6921,3.5284,3.8591,1.2678,1.9306,31.85,39.85,0.1256,0.9546,88.19,87.67,94.538
162,cell_07,2024-02-10 06:00:00,3.6753,3.5093,3.8285,1.3224,1.9724,29.52,37.52,0.0911,0.9541,82.9,80.11,93.592
163,cell_07,2024-02-10 12:00:00,3.7039,3.54,3.8567,1.2871,1.9371,27.38,39.71,0.1286,0.9621,88.43,85.02,94.408
164,cell_07,2024-02-10 18:00:00,3.6991,3.5294,3.8522,1.2986,1.9486,33.49,42.99,0.1081,0.9661,85.74,80.7,93.864
165,cell_07,2024-02-11 00:00:00,3.6913,3.5152,3.8443,1.2408,1.9098,32.81,42.7,0.1169,0.9375,92.03,85.35,94.004
166,cell_07,2024-02-11 06:00:00,3.6884,3.5235,3.8506,1.2364,1.9881,32.8,40.8,0.1428,0.9548,92.29,82.85,94.04
167,cell_07,2024-02-11 12:00:00,3.6914,3.5261,3.8505,1.3021,1.9758,29.32,39.57,0.1328,0.9473,90.32,79.08,94.281
168,cell_07,2024-02-11 18:00:00,3.6985,3.5341,3.8716,1.2729,1.9229,30.88,38.88,0.1165,0.9485,84.46,87.26,94.266
169,cell_07,2024-02-12 00:00:00,3.6915,3.5264,3.8495,1.3002,1.9502,29.1,37.1,0.118,0.9349,83.27,86.47,93.961
170,cell_07,2024-02-12 06:00:00,3.6843,3.5171,3.8373,1.3272,1.9772,30.91,40.39,0.0688,0.9447,87.39,80.62,93.965
171,cell_07,2024-02-12 12:00:00,3.6862,3.5219,3.8442,1.382,2.032,30.48,38.48,0.1036,0.9458,82.54,74.71,94.265
172,cell_07,2024-02-12 18:00:00,3.69,3.5111,3.8561,1.299,1.956,29.38,39.2,0.1233,0.9643,82.5,78.41,93.389
173,cell_07,2024-02-13 00:00:00,3.6823,3.5131,3.8351,1.3907,2.0407,31.75,40.36,0.1047,0.9384,85.07,73.69,94.41
174,cell_07,2024-02-13 06:00:00,3.6938,3.5279,3.8555,1.3203,1.9703,30.61,39.03,0.0935,0.9261,86.39,84.08,93.641
175,cell_07,2024-02-13 12:00:00,3.683,3.5178,3.836,1.3345,1.9845,33.58,41.58,0.1296,0.9499,84.35,79.76,93.94
176,cell_07,2024-02-13 18:00:00,3.681,3.5153,3.8489,1.3527,2.0027,31.13,39.94,0.1461,0.9374,85.46,82.14,93.713
177,cell_07,2024-02-14 00:00:00,3.7222,3.556,3.8834,1.336,1.986,27.18,39.04,0.1056,0.9486,84.8,78.64,93.515
178,cell_07,2024-02-14 06:00:00,3.7104,3.5454,3.8634,1.2599,1.9659,28.28,36.63,0.1375,0.9566,88.4,85.84,94.0
179,cell_07,2024-02-14 12:00:00,3.6923,3.5272,3.8492,1.3542,2.0638,34.14,43.26,0.1345,0.949,81.55,80.52,93.932
180,cell_07,2024-02-14 18:00:00,3.6993,3.5338,3.8523,1.2813,1.9313,30.46,39.87,0.1005,0.9457,87.47,79.53,93.83
181,cell_07,2024-02-15 00:00:00,3.7009,3.5281,3.854,1.3151,1.9913,31.36,39.36,0.1054,0.9484,85.39,82.88,93.816
182,cell_07,2024-02-15 06:00:00,3.6907,3.5265,3.8504,1.3066,1.9566,31.01,39.01,0.1561,0.9585,88.46,84.89,94.319
183,cell_07,2024-02-15 12:00:00,3.6946,3.5265,3.8473,1.3572,2.0072,33.12,41.12,0.0977,0.9385,83.35,75.4,94.519
184,cell_07,2024-02-15 18:00:00,3.6887,3.5243,3.8542,1.3197,1.9812,28.14,36.14,0.1078,0.9573,81.57,77.63,94.237
185,cell_07,2024-02-16 00:00:00,3.7035,3.5322,3.8571,1.2307,1.957,32.99,42.57,0.1593,0.94,93.29,87.22,93.945
186,cell_07,2024-02-16 06:00:00,3.7027,3.5362,3.8561,1.4046,2.1142,32.89,40.89,0.1086,0.956,76.34,79.54,93.37
187,cell_07,2024-02-16 12:00:00,3.7067,3.539,3.8707,1.3417,2.0022,31.01,40.37,0.1471,0.9346,87.03,83.89,94.05
188,cell_07,2024-02-16 18:00:00,3.6938,3.5277,3.8467,1.2725,1.9225,31.62,39.62,0.0996,0.9554,90.55,80.81,94.063
189,cell_07,2024-02-17 00:00:00,3.7126,3.534,3.8657,1.2431,1.9611,30.44,42.53,0.1228,0.949,91.6,88.55,93.978
190,cell_07,2024-02-17 06:00:00,3.6893,3.5173,3.8437,1.3475,1.9975,28.47,36.47,0.1417,0.951,82.8,81.46,93.405
191,cell_07,2024-02-17 12:00:00,3.7115,3.5439,3.8645,1.249,1.9215,31.87,43.71,0.1107,0.9596,87.35,89.2,94.002
192,cell_07,2024-02-17 18:00:00,3.6867,3.5222,3.8512,1.34,1.99,31.37,39.37,0.122,0.9418,85.68,76.3,94.215
193,cell_07,2024-02-18 00:00:00,3.6772,3.5108,3.8305,1.3535,2.1031,31.4,39.4,0.1349,0.9497,79.62,82.63,93.452
194,cell_07,2024-02-18 06:00:00,3.7112,3.5461,3.8642,1.2675,1.9175,31.72,42.86,0.102,0.953,89.88,87.36,93.952
195,cell_07,2024-02-18 12:00:00,3.6969,3.5306,3.8501,1.2631,1.9589,30.09,38.09,0.1648,0.947,86.02,85.35,93.503
196,cell_07,2024-02-18 18:00:00,3.6958,3.5299,3.8489,1.2765,1.9265,33.24,41.34,0.1408,0.9572,88.95,79.88,93.716
197,cell_07,2024-02-19 00:00:00,3.6858,3.5158,3.8542,1.2506,1.929,31.01,40.09,0.1129,0.9533,86.08,82.41,92.949
198,cell_07,2024-02-19 06:00:00,3.6812,3.5113,3.8347,1.3115,2.0425,31.81,40.62,0.1153,0.9442,81.76,79.64,93.129
199,cell_07,2024-02-19 12:00:00,3.6822,3.5024,3.8356,1.3186,1.9686,30.59,38.68,0.1582,0.9626,84.51,83.54,93.131
200,cell_07,2024-02-19 18:00:00,3.6914,3.52,3.8603,1.3364,1.9864,32.58,40.58,0.1129,0.9556,85.59,81.83,93.357
201,cell_07,2024-02-20 00:00:00,3.6887,3.5225,3.842,1.2583,1.9083,31.16,40.85,0.1106,0.9416,86.83,88.64,93.501
202,cell_07,2024-02-20 06:00:00,3.671,3.503,3.8293,1.342,2.0143,30.87,39.23,0.1429,0.9415,83.68,78.86,93.599
203,cell_07,2024-02-20 12:00:00,3.7065,3.5332,3.86,1.2506,1.9352,32.81,42.74,0.092,0.9478,91.94,88.53,93.038
204,cell_07,2024-02-20 18:00:00,3.6858,3.5065,3.8531,1.342,1.992,28.42,37.2,0.1184,0.9545,83.88,82.6,93.342
205,cell_07,2024-02-21 00:00:00,3.7017,3.534,3.8553,1.2257,1.8757,30.58,39.88,0.1217,0.9279,91.84,82.03,92.904
206,cell_07,2024-02-21 06:00:00,3.6827,3.5157,3.8361,1.3784,2.0386,30.08,40.35,0.1059,0.942,78.87,74.97,93.201
207,cell_07,2024-02-21 12:00:00,3.6914,3.5137,3.8448,1.2739,1.9239,31.56,39.56,0.0887,0.9442,84.54,86.08,93.247
208,cell_07,2024-02-21 18:00:00,3.6987,3.5287,3.8693,1.33,1.9966,31.47,41.69,0.1214,0.9356,80.69,80.82,92.68
209,cell_07,2024-02-22 00:00:00,3.698,3.5308,3.8515,1.3339,1.9839,30.98,38.98,0.1338,0.9398,87.74,77.27,93.125
210,cell_07,2024-02-22 06:00:00,3.6867,3.519,3.8402,1.2365,1.9232,29.93,37.93,0.1064,0.9514,86.44,88.2,92.91
211,cell_07,2024-02-22 12:00:00,3.6946,3.5087,3.8481,1.3418,1.9918,30.96,38.96,0.0964,0.9451,80.28,77.49,93.003
212,cell_07,2024-02-22 18:00:00,3.6967,3.5301,3.8505,1.2725,1.9225,31.49,39.49,0.1451,0.9459,85.42,84.51,93.324
213,cell_07,2024-02-23 00:00:00,3.6878,3.5198,3.8429,1.2847,1.9347,30.73,39.48,0.1306,0.9362,89.21,86.14,92.829
214,cell_07,2024-02-23 06:00:00,3.6787,3.5029,3.8365,1.2665,1.9165,32.66,40.66,0.1128,0.9479,87.42,81.6,93.212
215,cell_07,2024-02-23 12:00:00,3.6838,3.5173,3.8395,1.3807,2.0995,31.92,40.17,0.1384,0.935,83.53,73.5,93.39
216,cell_07,2024-02-23 18:00:00,3.6863,3.5197,3.8461,1.2415,1.9338,31.03,41.06,0.1248,0.9646,89.52,87.18,93.372
217,cell_07,2024-02-24 00:00:00,3.6896,3.5219,3.8432,1.3215,1.9715,27.48,38.45,0.1558,0.9674,86.84,82.07,92.901
218,cell_07,2024-02-24 06:00:00,3.7049,3.5186,3.8793,1.2688,1.9188,30.67,39.26,0.1333,0.9453,91.11,81.61,92.665
219,cell_07,2024-02-24 12:00:00,3.6982,3.5099,3.8518,1.3546,2.0488,31.95,42.12,0.0922,0.9388,81.73,77.79,92.744
220,cell_07,2024-02-24 18:00:00,3.6806,3.5118,3.8478,1.4161,2.0661,30.58,38.58,0.1068,0.9585,82.18,74.46,92.481
221,cell_07,2024-02-25 00:00:00,3.7081,3.5352,3.8615,1.2685,1.9196,31.45,39.45,0.1078,0.9559,91.95,86.51,93.163
222,cell_07,2024-02-25 06:00:00,3.689,3.5189,3.8424,1.307,1.957,30.66,38.66,0.1262,0.9687,81.41,82.93,93.182
223,cell_07,2024-02-25 12:00:00,3.6962,3.5287,3.8497,1.2807,1.9307,31.35,39.35,0.1139,0.9714,87.69,80.8,92.992
224,cell_07,2024-02-25 18:00:00,3.6794,3.5108,3.8362,1.3519,2.0424,33.1,42.69,0.0975,0.9297,83.44,76.17,92.544
225,cell_07,2024-02-26 00:00:00,3.6847,3.4938,3.8499,1.2876,1.9376,32.18,40.18,0.1318,0.9616,89.5,80.69,92.848
226,cell_07,2024-02-26 06:00:00,3.6996,3.5315,3.8532,1.3453,2.044,29.06,39.43,0.14,0.9478,84.2,75.69,92.781
227,cell_07,2024-02-26 12:00:00,3.68,3.5093,3.8338,1.2801,2.0401,28.51,40.18,0.1179,0.9555,88.39,79.25,92.55
228,cell_07,2024-02-26 18:00:00,3.6895,3.521,3.847,1.4122,2.0924,31.66,39.66,0.1242,0.9578,77.03,77.25,92.602
229,cell_07,2024-02-27 00:00:00,3.6947,3.5181,3.8481,1.1904,1.8404,32.75,45.0,0.1006,0.9574,97.13,92.53,93.359
230,cell_07,2024-02-27 06:00:00,3.6785,3.5012,3.8322,1.3188,2.0267,28.51,36.51,0.1095,0.96,80.46,77.91,92.465
231,cell_07,2024-02-27 12:00:00,3.6698,3.4991,3.8239,1.2995,1.9495,30.69,42.38,0.1104,0.9444,86.03,83.43,91.719
232,cell_07,2024-02-27 18:00:00,3.6971,3.5272,3.8542,1.2977,2.0237,34.56,42.56,0.1312,0.9405,82.57,81.46,92.036
233,cell_07,2024-02-28 00:00:00,3.7173,3.5485,3.8776,1.3143,1.9643,30.6,38.6,0.1251,0.9619,86.66,81.99,92.458
234,cell_07,2024-02-28 06:00:00,3.6931,3.5221,3.8519,1.3029,2.0613,34.79,42.79,0.1134,0.9413,87.54,84.06,92.372
235,cell_07,2024-02-28 12:00:00,3.6943,3.5167,3.8486,1.311,1.961,29.76,37.76,0.1126,0.9686,81.33,78.25,91.833
236,cell_07,2024-02-28 18:00:00,3.6789,3.5085,3.833,1.3204,2.0035,30.03,41.03,0.0806,0.9424,85.91,80.64,91.838
237,cell_07,2024-02-29 00:00:00,3.7022,3.5313,3.8595,1.3874,2.0374,29.95,37.95,0.1521,0.9462,81.94,73.79,91.649
238,cell_07,2024-02-29 06:00:00,3.6842,3.4951,3.8406,1.1617,1.8117,29.08,37.08,0.0783,0.9481,90.78,94.11,91.996
239,cell_07,2024-02-29 12:00:00,3.7001,3.5215,3.8539,1.3924,2.0424,28.46,36.46,0.1284,0.9346,78.99,73.98,92.303
240,cell_07,2024-02-29 18:00:00,3.6947,3.5122,3.8485,1.428,2.078,30.67,38.67,0.1208,0.9346,75.26,74.74,92.404
241,cell_07,2024-03-01 00:00:00,3.6949,3.5259,3.8524,1.2124,1.9227,31.22,39.22,0.1147,0.9591,88.03,84.05,92.395
242,cell_07,2024-03-01 06:00:00,3.6933,3.5169,3.8475,1.3024,1.9524,29.92,37.92,0.1198,0.9328,86.96,79.08,91.598
243,cell_07,2024-03-01 12:00:00,3.6934,3.5206,3.8475,1.3686,2.0186,30.29,38.29,0.1067,0.9752,78.9,75.34,91.878
244,cell_07,2024-03-01 18:00:00,3.6905,3.52,3.8446,1.3459,1.9959,33.17,41.17,0.1331,0.9491,83.02,79.79,91.79
245,cell_07,2024-03-02 00:00:00,3.6978,3.5279,3.8518,1.3838,2.0908,32.46,43.65,0.0937,0.9397,75.87,74.14,92.062
246,cell_07,2024-03-02 06:00:00,3.6805,3.5102,3.8402,1.3186,2.0195,30.61,38.61,0.1266,0.9542,80.08,77.97,91.859
247,cell_07,2024-03-02 12:00:00,3.6853,3.5149,3.8654,1.1984,1.9119,31.64,40.39,0.1064,0.9254,92.96,82.83,91.817
248,cell_07,2024-03-02 18:00:00,3.7032,3.534,3.8583,1.3652,2.0152,28.55,38.27,0.1115,0.9467,80.09,75.6,92.321
249,cell_07,2024-03-03 00:00:00,3.6896,3.5194,3.8436,1.3318,2.0493,31.4,43.45,0.112,0.9479,85.96,76.79,91.914
250,cell_07,2024-03-03 06:00:00,3.6846,3.5087,3.8387,1.3733,2.0233,30.91,40.73,0.1167,0.9373,76.97,76.66,91.922
251,cell_07,2024-03-03 12:00:00,3.6984,3.5284,3.8525,1.2233,1.8733,30.44,38.44,0.13,0.9437,91.37,84.86,92.008
252,cell_07,2024-03-03 18:00:00,3.6965,3.5267,3.858,1.2392,1.8892,31.05,39.05,0.1193,0.9653,90.98,89.0,92.087
253,cell_07,2024-03-04 00:00:00,3.6751,3.4951,3.8415,1.3008,1.9508,30.81,39.48,0.1387,0.9518,85.9,81.1,92.089
254,cell_07,2024-03-04 06:00:00,3.6958,3.5267,3.8636,1.3667,2.0167,29.03,39.15,0.1409,0.954,82.55,73.57,92.35
255,cell_07,2024-03-04 12:00:00,3.6884,3.5146,3.8481,1.3806,2.0306,33.52,41.8,0.1262,0.9421,77.43,77.91,91.377
256,cell_07,2024-03-04 18:00:00,3.6949,3.5207,3.849,1.2637,1.9253,32.43,40.56,0.1337,0.9368,89.56,78.97,91.86
257,cell_07,2024-03-05 00:00:00,3.6877,3.5129,3.8567,1.2797,1.9297,30.42,38.85,0.1605,0.9476,86.49,84.62,91.732
258,cell_07,2024-03-05 06:00:00,3.6922,3.5213,3.8463,1.4436,2.105,28.36,36.36,0.0917,0.9254,78.4,71.67,91.672
259,cell_07,2024-03-05 12:00:00,3.6697,3.4996,3.8242,1.2724,1.9224,27.32,35.61,0.1415,0.939,83.48,78.62,91.99
260,cell_07,2024-03-05 18:00:00,3.6793,3.4945,3.8332,1.3338,1.9838,34.01,43.47,0.1509,0.9375,79.82,82.72,92.151
261,cell_07,2024-03-06 00:00:00,3.6948,3.5237,3.849,1.2774,1.9274,30.74,38.74,0.1287,0.9296,85.14,81.69,91.585
262,cell_07,2024-03-06 06:00:00,3.7142,3.5443,3.8809,1.3237,2.0209,32.14,42.39,0.1581,0.9565,82.49,82.2,92.013
263,cell_07,2024-03-06 12:00:00,3.6903,3.5178,3.8515,1.2567,1.9319,29.58,39.89,0.1555,0.9487,83.74,81.93,91.078
264,cell_07,2024-03-06 18:00:00,3.6806,3.5098,3.8348,1.2581,1.9081,30.54,38.54,0.1133,0.9438,83.79,82.74,91.684
265,cell_07,2024-03-07 00:00:00,3.6882,3.5058,3.8526,1.2815,1.9315,30.62,39.5,0.1148,0.9567,81.86,79.99,91.24
266,cell_07,2024-03-07 06:00:00,3.678,3.5063,3.8324,1.2727,1.9619,31.36,39.45,0.1306,0.9336,82.24,80.66,91.314
267,cell_07,2024-03-07 12:00:00,3.6998,3.5168,3.8639,1.2848,2.0245,31.13,39.13,0.1075,0.9366,81.49,83.72,91.525
268,cell_07,2024-03-07 18:00:00,3.6876,3.5115,3.8426,1.3263,1.9763,29.62,37.62,0.1742,0.9612,85.23,74.67,91.387
269,cell_07,2024-03-08 00:00:00,3.6965,3.5231,3.8512,1.3945,2.0445,29.6,37.6,0.1358,0.9728,81.4,74.02,90.648
270,cell_07,2024-03-08 06:00:00,3.686,3.5041,3.8404,1.2705,1.9205,30.88,39.15,0.1209,0.9568,85.96,80.24,91.69
271,cell_07,2024-03-08 12:00:00,3.6986,3.5272,3.8529,1.2506,1.9285,28.37,37.73,0.0918,0.9547,84.99,83.85,91.439
272,cell_07,2024-03-08 18:00:00,3.6705,3.4984,3.8249,1.3005,1.9505,29.77,37.77,0.125,0.9442,82.67,77.51,91.157
273,cell_07,2024-03-09 00:00:00,3.6869,3.5095,3.85,1.2574,1.9074,30.77,38.77,0.0963,0.9444,89.74,81.31,91.133
274,cell_07,2024-03-09 06:00:00,3.692,3.5175,3.8504,1.2182,1.8682,31.6,40.06,0.1352,0.9523,93.58,85.54,91.093
275,cell_07,2024-03-09 12:00:00,3.6834,3.5101,3.853,1.3532,2.0078,33.26,46.14,0.07,0.9637,78.32,78.35,90.692
276,cell_07,2024-03-09 18:00:00,3.6896,3.5162,3.8443,1.304,1.954,30.29,38.29,0.1477,0.9543,79.51,82.98,90.66
277,cell_07,2024-03-10 00:00:00,3.6906,3.5192,3.8449,1.3089,1.9589,31.05,39.52,0.1115,0.9596,82.23,77.49,91.446
278,cell_07,2024-03-10 06:00:00,3.6978,3.5266,3.8584,1.2036,1.8581,28.2,36.2,0.0862,0.9408,90.2,86.53,91.524
279,cell_07,2024-03-10 12:00:00,3.6929,3.5203,3.8473,1.2708,1.9208,31.5,39.5,0.1197,0.9562,81.75,80.43,91.102
280,cell_07,2024-03-10 18:00:00,3.6904,3.5178,3.8449,1.2292,1.8792,29.64,37.64,0.1203,0.9433,90.41,85.3,90.962
281,cell_07,2024-03-11 00:00:00,3.6952,3.5227,3.855,1.299,1.9999,30.54,38.54,0.1187,0.9514,80.88,78.71,90.968
282,cell_07,2024-03-11 06:00:00,3.6729,3.5003,3.8274,1.3067,1.9567,31.71,40.92,0.1476,0.9562,80.03,75.98,90.948
283,cell_07,2024-03-11 12:00:00,3.6782,3.5045,3.833,1.3067,1.9653,31.78,39.78,0.1276,0.9447,84.93,79.9,90.498
284,cell_07,2024-03-11 18:00:00,3.6723,3.4924,3.8269,1.2667,1.953,28.82,36.82,0.1359,0.9398,88.35,77.73,90.8
285,cell_07,2024-03-12 00:00:00,3.6915,3.5138,3.8555,1.2574,1.9153,32.2,42.76,0.115,0.9536,83.78,78.23,90.645
286,cell_07,2024-03-12 06:00:00,3.6901,3.4958,3.8448,1.2903,2.0019,30.94,41.2,0.1285,0.9487,86.57,83.33,90.649
287,cell_07,2024-03-12 12:00:00,3.7005,3.5267,3.8611,1.3179,1.9679,32.9,40.9,0.0938,0.9514,81.25,81.86,91.076
288,cell_07,2024-03-12 18:00:00,3.6898,3.517,3.8493,1.271,1.921,33.19,41.29,0.1252,0.9566,84.16,82.05,90.883
289,cell_07,2024-03-13 00:00:00,3.6782,3.5025,3.8443,1.2531,1.9031,33.41,43.84,0.1048,0.9631,82.66,77.47,89.707
290,cell_07,2024-03-13 06:00:00,3.6866,3.5064,3.8415,1.2553,2.0698,28.86,38.93,0.1464,0.9566,83.85,80.55,90.182
291,cell_07,2024-03-13 12:00:00,3.6665,3.4819,3.8214,1.2671,1.9425,31.6,42.32,0.1215,0.9553,81.45,79.81,90.167
292,cell_07,2024-03-13 18:00:00,3.6816,3.4943,3.8364,1.2774,1.9621,28.63,37.38,0.1333,0.945,86.44,82.6,90.453
293,cell_07,2024-03-14 00:00:00,3.661,3.4852,3.8162,1.2451,1.9278,32.95,42.49,0.1252,0.9465,89.46,84.8,89.669
294,cell_07,2024-03-14 06:00:00,3.6871,3.4973,3.8459,1.2777,1.9317,33.17,43.98,0.1561,0.9545,80.0,78.37,89.208
295,cell_07,2024-03-14 12:00:00,3.6827,3.5086,3.8376,1.3618,2.0643,32.47,40.47,0.0888,0.9464,77.67,75.01,90.351
296,cell_07,2024-03-14 18:00:00,3.6843,3.5103,3.8422,1.2853,1.9353,30.36,39.24,0.1177,0.9545,83.1,77.85,90.393
297,cell_07,2024-03-15 00:00:00,3.675,3.499,3.8449,1.2381,1.9019,31.82,39.82,0.1008,0.9418,85.88,84.45,89.569
298,cell_07,2024-03-15 06:00:00,3.6784,3.4915,3.8334,1.1871,1.8585,30.17,38.17,0.079,0.9693,94.0,85.12,90.067
299,cell_07,2024-03-15 12:00:00,3.6928,3.5146,3.8475,1.3918,2.0928,31.02,40.02,0.0995,0.9519,74.51,75.78,90.564
300,cell_07,2024-03-15 18:00:00,3.6703,3.4948,3.8254,1.357,2.007,30.86,40.17,0.1434,0.9513,80.3,77.07,89.781
301,cell_07,2024-03-16 00:00:00,3.6903,3.5156,3.8452,1.3142,1.9642,28.0,36.0,0.1194,0.9452,82.57,75.36,90.135
302,cell_07,2024-03-16 06:00:00,3.6773,3.5029,3.8455,1.3581,2.0081,29.79,37.79,0.1156,0.9691,82.45,78.83,90.257
303,cell_07,2024-03-16 12:00:00,3.6677,3.4919,3.8237,1.3264,2.0025,34.41,42.41,0.1355,0.9375,79.56,79.71,89.676
304,cell_07,2024-03-16 18:00:00,3.6972,3.5212,3.8522,1.2962,1.973,30.87,39.25,0.1223,0.943,79.94,79.79,89.935
305,cell_07,2024-03-17 00:00:00,3.6977,3.5217,3.8529,1.238,1.888,31.24,39.24,0.1323,0.9585,83.64,78.91,89.597
306,cell_07,2024-03-17 06:00:00,3.6797,3.5048,3.8347,1.3954,2.1411,30.99,39.92,0.1265,0.9524,78.45,70.99,90.055
307,cell_07,2024-03-17 12:00:00,3.6793,3.49,3.8445,1.2781,1.9425,30.38,38.45,0.1309,0.9442,84.76,76.71,89.867
308,cell_07,2024-03-17 18:00:00,3.6827,3.492,3.856,1.2809,1.9371,31.05,39.55,0.111,0.9445,85.25,79.94,90.167
309,cell_07,2024-03-18 00:00:00,3.6773,3.4876,3.8322,1.3019,1.9519,30.39,38.39,0.1409,0.9471,80.21,77.12,90.295
310,cell_07,2024-03-18 06:00:00,3.6793,3.5053,3.8445,1.3027,1.9993,27.58,35.58,0.0958,0.951,79.46,81.86,90.4
311,cell_07,2024-03-18 12:00:00,3.6905,3.5005,3.8452,1.3287,1.9982,32.18,40.18,0.1183,0.9655,82.44,77.28,90.683
312,cell_07,2024-03-18 18:00:00,3.7058,3.53,3.8735,1.323,2.0675,33.42,44.47,0.1419,0.9561,78.25,77.2,90.045
313,cell_07,2024-03-19 00:00:00,3.6813,3.5052,3.8363,1.2712,1.9212,29.25,37.25,0.1169,0.9602,88.5,84.19,89.888
314,cell_07,2024-03-19 06:00:00,3.695,3.5094,3.8524,1.3013,1.9513,30.38,40.0,0.1114,0.9457,85.39,79.38,89.871
315,cell_07,2024-03-19 12:00:00,3.6881,3.5053,3.8432,1.3272,1.9772,33.25,41.25,0.1658,0.9552,78.5,76.13,89.694
316,cell_07,2024-03-19 18:00:00,3.668,3.4927,3.8297,1.2669,1.9446,29.84,37.84,0.1484,0.9345,85.93,84.96,89.846
317,cell_07,2024-03-20 00:00:00,3.6841,3.508,3.8399,1.3723,2.0223,31.58,39.58,0.1228,0.9518,75.43,74.11,89.563
318,cell_07,2024-03-20 06:00:00,3.6831,3.5074,3.8385,1.299,2.0125,37.49,45.49,0.1006,0.9512,86.51,79.41,89.732
319,cell_07,2024-03-20 12:00:00,3.6986,3.5218,3.8539,1.3799,2.0299,31.95,39.95,0.0793,0.9682,78.35,72.85,89.297
320,cell_07,2024-03-20 18:00:00,3.6992,3.5128,3.8701,1.2304,1.9345,31.1,41.99,0.1342,0.9656,85.64,84.34,89.437
321,cell_07,2024-03-21 00:00:00,3.6883,3.4982,3.8435,1.3327,1.9827,32.32,44.18,0.1453,0.9474,82.23,78.96,89.707
322,cell_07,2024-03-21 06:00:00,3.6965,3.5203,3.8603,1.2555,1.9646,32.17,40.64,0.1279,0.9418,81.33,82.4,89.539
323,cell_07,2024-03-21 12:00:00,3.682,3.5016,3.8438,1.2683,1.9867,30.01,38.01,0.0858,0.9421,82.42,77.88,89.001
324,cell_07,2024-03-21 18:00:00,3.6956,3.5195,3.8597,1.3452,1.9952,28.4,36.4,0.1232,0.9471,77.78,79.44,89.572
325,cell_07,2024-03-22 00:00:00,3.685,3.5074,3.8403,1.2886,1.9631,31.89,39.89,0.1103,0.963,81.92,79.13,89.336
326,cell_07,2024-03-22 06:00:00,3.6959,3.5095,3.858,1.4299,2.0933,32.12,43.01,0.1232,0.9541,72.34,74.16,89.931
327,cell_07,2024-03-22 12:00:00,3.6968,3.5215,3.8552,1.3259,2.0017,30.55,38.55,0.1589,0.9552,85.14,73.27,89.868
328,cell_07,2024-03-22 18:00:00,3.6905,3.5079,3.8461,1.2652,1.9794,33.47,41.47,0.1358,0.9581,84.04,80.24,88.892
329,cell_07,2024-03-23 00:00:00,3.677,3.5009,3.8322,1.326,2.0247,33.17,41.48,0.1315,0.9401,83.97,80.56,89.598
330,cell_07,2024-03-23 06:00:00,3.68,3.5037,3.8582,1.2881,1.9638,32.16,40.16,0.1191,0.9429,79.68,80.75,89.474
331,cell_07,2024-03-23 12:00:00,3.6909,3.5132,3.8464,1.3416,2.0248,30.58,38.58,0.1283,0.9552,82.27,72.48,88.912
332,cell_07,2024-03-23 18:00:00,3.6934,3.4991,3.8485,1.2852,1.9352,27.86,35.86,0.1055,0.9422,84.95,81.24,89.611
333,cell_07,2024-03-24 00:00:00,3.685,3.5074,3.8451,1.3203,1.9703,30.74,38.74,0.1311,0.9347,82.3,72.89,88.963
334,cell_07,2024-03-24 06:00:00,3.6814,3.5056,3.8366,1.3099,1.9599,28.25,36.76,0.1161,0.9392,84.68,76.98,89.691
335,cell_07,2024-03-24 12:00:00,3.6856,3.4922,3.8425,1.3039,1.9539,27.46,37.52,0.1036,0.9605,82.26,75.79,89.153
336,cell_07,2024-03-24 18:00:00,3.6806,3.5028,3.8361,1.3521,2.0579,31.97,39.97,0.1363,0.9463,79.95,72.99,88.892
337,cell_07,2024-03-25 00:00:00,3.6822,3.507,3.8412,1.2098,1.8598,32.76,40.76,0.0754,0.9523,92.78,80.66,89.941
338,cell_07,2024-03-25 06:00:00,3.7029,3.5245,3.8584,1.3049,1.9549,28.07,36.07,0.1091,0.9397,78.64,78.57,88.841
339,cell_07,2024-03-25 12:00:00,3.6788,3.4974,3.8538,1.2649,1.9149,30.62,38.62,0.1323,0.9538,80.74,82.31,89.063
340,cell_07,2024-03-25 18:00:00,3.6888,3.5116,3.8447,1.2326,1.9116,30.97,39.81,0.1445,0.9473,90.96,80.62,89.122
341,cell_07,2024-03-26 00:00:00,3.6853,3.5082,3.8407,1.2581,1.9081,30.56,39.46,0.1294,0.9545,88.29,81.54,89.168
342,cell_07,2024-03-26 06:00:00,3.672,3.4913,3.8375,1.269,1.9582,28.93,36.93,0.1066,0.9452,84.76,80.39,89.515
343,cell_07,2024-03-26 12:00:00,3.6714,3.4947,3.8267,1.2882,1.9382,33.0,42.28,0.119,0.955,85.54,83.15,89.322
344,cell_07,2024-03-26 18:00:00,3.6836,3.5013,3.8557,1.3169,1.986,28.97,37.23,0.1258,0.9447,84.77,80.12,89.606
345,cell_07,2024-03-27 00:00:00,3.6646,3.4789,3.8199,1.3271,1.9987,28.08,36.59,0.1512,0.9492,80.58,80.42,89.417
346,cell_07,2024-03-27 06:00:00,3.7015,3.5235,3.869,1.2795,1.969,28.94,39.3,0.1384,0.9473,79.93,81.82,88.803
347,cell_07,2024-03-27 12:00:00,3.6806,3.4939,3.8504,1.3792,2.0292,31.72,39.72,0.1386,0.9503,77.69,75.18,89.47
348,cell_07,2024-03-27 18:00:00,3.6796,3.5031,3.8349,1.2814,1.9704,30.6,38.6,0.1213,0.9528,82.45,75.92,89.375
349,cell_07,2024-03-28 00:00:00,3.6959,3.5104,3.8513,1.2027,1.928,29.84,37.84,0.0986,0.9451,84.68,87.66,89.118
350,cell_07,2024-03-28 06:00:00,3.6831,3.5023,3.8382,1.2828,1.9328,31.79,39.79,0.0919,0.9488,87.72,81.86,89.652
351,cell_07,2024-03-28 12:00:00,3.6903,3.4948,3.8519,1.3024,1.9549,31.5,39.5,0.114,0.9519,83.97,76.3,89.213
352,cell_07,2024-03-28 18:00:00,3.6778,3.5002,3.8333,1.1364,1.7864,27.54,37.23,0.134,0.9551,96.66,87.11,88.987
353,cell_07,2024-03-29 00:00:00,3.684,3.5064,3.8395,1.3604,2.0104,31.78,40.57,0.11,0.9492,79.27,74.77,88.997
354,cell_07,2024-03-29 06:00:00,3.6926,3.514,3.8483,1.295,1.945,32.77,40.93,0.1314,0.9411,80.18,76.19,88.578
355,cell_07,2024-03-29 12:00:00,3.6747,3.497,3.8303,1.2424,1.8924,30.82,38.82,0.1041,0.9509,86.59,85.61,88.894
356,cell_07,2024-03-29 18:00:00,3.6885,3.5024,3.8441,1.252,1.9209,30.65,38.65,0.1072,0.9567,86.65,78.25,88.799
357,cell_07,2024-03-30 00:00:00,3.6586,3.48,3.8157,1.3381,2.0333,33.84,41.84,0.1482,0.9367,80.17,72.68,88.537
358,cell_07,2024-03-30 06:00:00,3.6952,3.508,3.8521,1.3442,2.0074,29.94,38.39,0.1353,0.9368,75.92,71.32,88.338
359,cell_07,2024-03-30 12:00:00,3.6775,3.4993,3.8331,1.2676,1.9512,30.75,38.75,0.1139,0.9434,86.62,80.23,88.712
360,cell_07,2024-03-30 18:00:00,3.6825,3.5047,3.8388,1.2322,1.8822,31.5,42.42,0.1034,0.9481,84.8,84.31,88.881
361,cell_07,2024-03-31 00:00:00,3.6821,3.489,3.8377,1.3065,2.0094,31.07,39.07,0.139,0.928,80.63,78.11,88.709
362,cell_07,2024-03-31 06:00:00,3.6732,3.4949,3.842,1.3157,1.9657,30.59,39.71,0.1375,0.9557,81.26,74.45,88.65
363,cell_07,2024-03-31 12:00:00,3.6725,3.4943,3.8282,1.3283,2.0546,31.13,39.29,0.1328,0.9482,83.96,79.52,88.698
364,cell_07,2024-03-31 18:00:00,3.6881,3.5073,3.8548,1.2718,1.9892,33.35,41.35,0.1164,0.9265,82.03,78.41,88.603
365,cell_07,2024-04-01 00:00:00,3.6894,3.5123,3.8448,1.2939,1.9814,32.21,42.8,0.0981,0.9389,78.9,75.58,89.154
366,cell_07,2024-04-01 06:00:00,3.6743,3.4918,3.8331,1.301,2.0625,30.89,41.05,0.1197,0.947,85.75,75.26,88.771
367,cell_07,2024-04-01 12:00:00,3.6882,3.5096,3.8499,1.3483,1.9983,29.7,37.7,0.1482,0.9323,82.41,74.38,88.544
368,cell_07,2024-04-01 18:00:00,3.6878,3.5082,3.8437,1.3665,2.0554,29.9,37.9,0.1018,0.9597,75.07,73.88,88.147
369,cell_07,2024-04-02 00:00:00,3.6792,3.4873,3.8348,1.38,2.0368,32.43,40.84,0.1209,0.9519,79.6,74.0,88.63
370,cell_07,2024-04-02 06:00:00,3.6698,3.4897,3.8256,1.3651,2.0273,28.61,36.61,0.1527,0.9568,81.07,70.6,88.516
371,cell_07,2024-04-02 12:00:00,3.6824,3.5036,3.8456,1.3907,2.0407,34.6,42.6,0.1139,0.9397,72.65,75.36,88.505
372,cell_07,2024-04-02 18:00:00,3.6871,3.5095,3.8426,1.3507,2.0204,30.95,38.95,0.1175,0.9541,81.06,73.8,88.972
373,cell_07,2024-04-03 00:00:00,3.6825,3.4865,3.8451,1.2705,1.9379,28.93,36.93,0.093,0.9434,81.11,77.58,88.713
374,cell_07,2024-04-03 06:00:00,3.6764,3.4928,3.8354,1.3767,2.0267,31.27,39.27,0.1325,0.9481,79.38,74.47,88.185
375,cell_07,2024-04-03 12:00:00,3.688,3.5102,3.8435,1.2312,1.8812,29.8,37.8,0.1052,0.9535,82.47,83.28,88.875
376,cell_07,2024-04-03 18:00:00,3.695,3.5155,3.8509,1.4182,2.0682,30.37,38.37,0.0889,0.9493,76.07,74.59,88.215
377,cell_07,2024-04-04 00:00:00,3.6756,3.4979,3.8318,1.2512,1.9012,28.73,36.73,0.1009,0.9581,87.96,80.23,88.897
378,cell_07,2024-04-04 06:00:00,3.6798,3.5012,3.8522,1.3444,2.0424,30.64,40.87,0.1242,0.9514,75.37,72.58,88.547
379,cell_07,2024-04-04 12:00:00,3.7105,3.5162,3.8696,1.3722,2.0713,27.82,36.18,0.0884,0.9454,79.58,77.37,88.716
380,cell_07,2024-04-04 18:00:00,3.6859,3.5076,3.8416,1.323,2.0114,30.1,39.69,0.0923,0.9584,77.37,76.27,88.682
381,cell_07,2024-04-05 00:00:00,3.6703,3.4919,3.826,1.1975,1.8955,29.76,37.76,0.1312,0.9605,85.09,85.82,88.645
382,cell_07,2024-04-05 06:00:00,3.6784,3.4959,3.834,1.2526,1.9513,30.25,38.25,0.1186,0.9509,88.6,76.88,88.752
383,cell_07,2024-04-05 12:00:00,3.6755,3.4973,3.8311,1.3178,1.9678,29.85,38.13,0.1017,0.9634,84.2,75.42,88.714
384,cell_07,2024-04-05 18:00:00,3.6866,3.5024,3.8423,1.3318,1.9988,31.05,39.96,0.1136,0.9476,81.7,79.68,88.541
385,cell_07,2024-04-06 00:00:00,3.6851,3.5053,3.8423,1.2911,1.9954,32.33,40.33,0.1548,0.9487,85.03,81.55,88.048
386,cell_07,2024-04-06 06:00:00,3.6753,3.4803,3.8442,1.3037,1.9537,31.54,39.54,0.1456,0.95,76.9,80.67,87.784
387,cell_07,2024-04-06 12:00:00,3.6998,3.5186,3.866,1.2266,1.8766,32.95,40.95,0.1179,0.9487,85.7,84.1,87.497
388,cell_07,2024-04-06 18:00:00,3.6826,3.5021,3.8387,1.3887,2.0387,30.25,38.25,0.1363,0.9469,78.71,72.1,87.824
389,cell_07,2024-04-07 00:00:00,3.6765,3.4857,3.8328,1.2811,1.9311,31.49,43.82,0.1224,0.9429,85.09,78.37,87.403
390,cell_07,2024-04-07 06:00:00,3.6693,3.4886,3.8255,1.3394,1.9894,31.55,40.17,0.0845,0.9401,77.53,71.3,87.701
391,cell_07,2024-04-07 12:00:00,3.6714,3.4887,3.828,1.3702,2.0202,32.73,40.81,0.0809,0.9511,74.78,74.54,86.905
392,cell_07,2024-04-07 18:00:00,3.6682,3.4779,3.8246,1.2422,1.9679,29.9,37.9,0.1018,0.962,85.82,82.02,87.097
393,cell_07,2024-04-08 00:00:00,3.6784,3.4955,3.843,1.3064,1.9564,32.18,40.18,0.0885,0.9581,76.28,77.46,86.862
394,cell_07,2024-04-08 06:00:00,3.6724,3.4904,3.8286,1.3139,1.9639,29.71,37.71,0.1254,0.9539,82.13,74.96,87.476
395,cell_07,2024-04-08 12:00:00,3.6887,3.5067,3.8451,1.2871,1.9454,30.15,40.41,0.109,0.9625,79.29,75.35,87.223
396,cell_07,2024-04-08 18:00:00,3.6755,3.4944,3.8317,1.3464,1.9964,30.46,38.46,0.1285,0.9502,78.21,76.55,87.556
397,cell_07,2024-04-09 00:00:00,3.689,3.5066,3.8455,1.2666,1.9166,31.68,39.68,0.1288,0.9401,79.94,82.27,87.058
398,cell_07,2024-04-09 06:00:00,3.6862,3.505,3.8501,1.3027,1.9527,29.37,37.37,0.1338,0.9465,82.5,75.96,87.51
399,cell_07,2024-04-09 12:00:00,3.6877,3.5066,3.844,1.2815,1.9848,29.58,37.58,0.1014,0.9494,85.7,74.22,87.524
400,cell_07,2024-04-09 18:00:00,3.6901,3.4976,3.8527,1.4163,2.0663,30.03,38.91,0.1303,0.9449,74.37,73.33,87.414
401,cell_07,2024-04-10 00:00:00,3.701,3.5185,3.8573,1.2669,1.9169,31.07,39.07,0.1009,0.9561,86.48,80.18,87.36
402,cell_07,2024-04-10 06:00:00,3.6726,3.4911,3.8313,1.3372,2.0106,29.6,38.49,0.1342,0.9594,77.65,75.85,87.392
403,cell_07,2024-04-10 12:00:00,3.6891,3.5068,3.8455,1.3898,2.0398,31.4,39.71,0.1445,0.9327,73.58,74.76,87.077
404,cell_07,2024-04-10 18:00:00,3.6845,3.4999,3.841,1.2541,1.9817,30.46,38.46,0.1345,0.9485,86.09,80.53,87.028
405,cell_07,2024-04-11 00:00:00,3.6919,3.4901,3.8481,1.3048,1.9548,31.99,40.44,0.1165,0.921,76.77,77.41,87.514
406,cell_07,2024-04-11 06:00:00,3.6817,3.4994,3.8442,1.2507,1.9007,31.09,39.09,0.1313,0.9491,81.72,81.13,87.077
407,cell_07,2024-04-11 12:00:00,3.6927,3.5111,3.8491,1.1994,1.8887,33.63,42.06,0.0893,0.949,89.03,82.86,87.324
408,cell_07,2024-04-11 18:00:00,3.6686,3.4877,3.8247,1.2607,1.9107,31.18,39.18,0.0848,0.9678,80.83,77.48,87.653
409,cell_07,2024-04-12 00:00:00,3.6705,3.4763,3.8318,1.2715,1.9384,29.17,40.25,0.1293,0.9648,85.36,76.01,87.05
410,cell_07,2024-04-12 06:00:00,3.6748,3.4831,3.8411,1.2745,1.9245,30.68,38.68,0.1462,0.9593,81.78,79.68,87.007
411,cell_07,2024-04-12 12:00:00,3.6799,3.4976,3.8363,1.285,1.9864,31.03,39.03,0.0954,0.9404,79.26,75.17,87.09
412,cell_07,2024-04-12 18:00:00,3.6813,3.4993,3.8425,1.3003,1.9503,29.64,37.64,0.1203,0.9398,79.44,79.92,87.199
413,cell_07,2024-04-13 00:00:00,3.6737,3.4921,3.83,1.2402,1.899,33.28,42.49,0.1288,0.939,82.71,79.5,87.372
414,cell_07,2024-04-13 06:00:00,3.6709,3.4888,3.8273,1.3176,1.9676,30.54,38.54,0.1077,0.9653,80.99,76.49,87.179
415,cell_07,2024-04-13 12:00:00,3.6751,3.4843,3.8507,1.3607,2.0313,30.03,39.78,0.1132,0.9409,74.38,69.99,87.762
416,cell_07,2024-04-13 18:00:00,3.6638,3.4815,3.8202,1.3665,2.0165,31.27,39.27,0.1323,0.9461,79.34,72.41,87.265
417,cell_07,2024-04-14 00:00:00,3.6782,3.4837,3.8365,1.287,1.9501,29.64,37.64,0.1222,0.941,78.61,76.58,87.373
418,cell_07,2024-04-14 06:00:00,3.6801,3.4979,3.8365,1.3447,2.0824,32.45,40.45,0.1223,0.9374,76.06,75.84,87.127
419,cell_07,2024-04-14 12:00:00,3.6856,3.5042,3.8419,1.2659,1.9159,32.15,40.15,0.1004,0.9533,83.94,75.06,87.442
420,cell_07,2024-04-14 18:00:00,3.6823,3.4739,3.8404,1.2828,1.953,31.2,39.2,0.1194,0.9515,80.27,76.59,87.077
421,cell_07,2024-04-15 00:00:00,3.6984,3.5136,3.8549,1.3199,2.0842,31.89,39.89,0.112,0.9278,79.12,77.92,86.945
422,cell_07,2024-04-15 06:00:00,3.689,3.4994,3.8623,1.2833,1.9528,30.25,39.71,0.1131,0.937,82.17,78.9,87.266
423,cell_07,2024-04-15 12:00:00,3.6878,3.5053,3.8527,1.2368,1.8868,28.75,36.75,0.1092,0.9526,82.35,82.51,86.977
424,cell_07,2024-04-15 18:00:00,3.6842,3.5019,3.8459,1.3417,1.9917,30.51,38.51,0.1195,0.9493,78.14,76.03,87.068
425,cell_07,2024-04-16 00:00:00,3.6863,3.503,3.8426,1.2586,1.9086,30.25,39.94,0.1026,0.946,86.88,80.41,87.289
426,cell_07,2024-04-16 06:00:00,3.6783,3.4959,3.8348,1.274,1.9701,27.95,36.06,0.1202,0.9561,77.9,76.99,87.036
427,cell_07,2024-04-16 12:00:00,3.6814,3.4986,3.8482,1.3529,2.0029,29.41,37.41,0.1127,0.9356,77.83,72.46,86.913
428,cell_07,2024-04-16 18:00:00,3.6994,3.5062,3.8621,1.3269,2.03,29.15,38.5,0.1014,0.9441,77.09,71.05,86.797
429,cell_07,2024-04-17 00:00:00,3.6802,3.4939,3.8366,1.3088,1.9894,29.42,40.39,0.081,0.9552,82.92,73.58,87.276
430,cell_07,2024-04-17 06:00:00,3.667,3.4816,3.8235,1.2265,1.9069,33.0,42.01,0.1389,0.9435,81.55,81.22,86.855
431,cell_07,2024-04-17 12:00:00,3.6874,3.4873,3.8439,1.2418,1.8918,31.77,39.77,0.1349,0.9531,80.32,83.13,86.943
432,cell_07,2024-04-17 18:00:00,3.6893,3.5032,3.8461,1.3199,1.9951,32.45,40.45,0.1039,0.9385,78.39,76.07,87.044
433,cell_07,2024-04-18 00:00:00,3.6821,3.4997,3.8386,1.3315,2.0498,31.76,39.76,0.1336,0.9418,79.81,73.64,87.043
434,cell_07,2024-04-18 06:00:00,3.6621,3.4803,3.8303,1.3127,1.9627,32.62,40.83,0.0995,0.9322,75.84,78.43,87.262
435,cell_07,2024-04-18 12:00:00,3.6933,3.4914,3.8597,1.2763,1.9263,31.04,41.89,0.1139,0.9294,84.28,77.23,86.937
436,cell_07,2024-04-18 18:00:00,3.6834,3.5018,3.8401,1.2747,1.9424,33.27,41.27,0.1094,0.9452,80.91,76.17,87.371
437,cell_07,2024-04-19 00:00:00,3.6772,3.4758,3.8338,1.3108,1.9657,29.15,37.15,0.1144,0.9545,82.88,72.22,86.883
438,cell_07,2024-04-19 06:00:00,3.6902,3.4938,3.8474,1.2374,1.9592,30.9,40.94,0.1329,0.9489,86.31,81.53,85.534
1,cell_08,2024-01-01 00:00:00,3.7094,3.5544,3.8597,1.8614,2.7614,39.3,48.12,0.095,0.9333,66.23,57.78,99.499
2,cell_08,2024-01-01 06:00:00,3.6906,3.5365,3.8403,1.8273,2.8013,33.82,42.26,0.0798,0.9335,67.73,63.6,100.5
3,cell_08,2024-01-01 12:00:00,3.7053,3.5528,3.8585,1.8003,2.7479,37.55,46.67,0.0715,0.9557,69.51,60.37,99.845
4,cell_08,2024-01-01 18:00:00,3.6936,3.5413,3.8467,1.7881,2.6992,40.02,48.02,0.0817,0.9358,63.52,66.12,99.578
5,cell_08,2024-01-02 00:00:00,3.6934,3.5428,3.8435,1.7444,2.7012,37.52,48.4,0.1104,0.9339,66.2,63.45,99.757
6,cell_08,2024-01-02 06:00:00,3.6909,3.541,3.8409,1.7356,2.6356,39.77,49.14,0.1096,0.9213,69.71,63.89,100.026
7,cell_08,2024-01-02 12:00:00,3.7045,3.5547,3.8545,1.7917,2.6917,40.33,49.73,0.0925,0.9529,66.38,63.0,100.094
8,cell_08,2024-01-02 18:00:00,3.7061,3.5545,3.8565,1.7306,2.6767,38.83,46.83,0.0769,0.9393,67.78,62.73,99.328
9,cell_08,2024-01-03 00:00:00,3.6961,3.5448,3.8611,1.8824,2.7824,36.35,44.55,0.0944,0.9564,64.99,57.23,99.5
10,cell_08,2024-01-03 06:00:00,3.7052,3.554,3.8767,1.8048,2.7048,37.89,45.89,0.0668,0.9492,66.41,65.61,99.529
11,cell_08,2024-01-03 12:00:00,3.6999,3.5395,3.8499,1.9046,2.8046,40.03,48.03,0.1074,0.9509,63.06,62.03,99.822
12,cell_08,2024-01-03 18:00:00,3.6862,3.5355,3.8407,1.7782,2.6782,40.89,48.89,0.103,0.9455,64.26,66.72,99.707
13,cell_08,2024-01-04 00:00:00,3.7032,3.5522,3.8573,1.7705,2.7637,35.88,43.88,0.1226,0.9472,67.25,65.33,99.611
14,cell_08,2024-01-04 06:00:00,3.6967,3.5435,3.8468,1.8295,2.7683,39.12,48.03,0.068,0.9411,66.17,59.0,99.804
15,cell_08,2024-01-04 12:00:00,3.6725,3.5096,3.823,1.787,2.687,36.8,46.76,0.0655,0.942,65.1,66.38,99.121
16,cell_08,2024-01-04 18:00:00,3.6953,3.526,3.8456,1.8487,2.7487,39.14,49.01,0.095,0.9391,62.89,62.69,99.481
17,cell_08,2024-01-05 00:00:00,3.6822,3.5307,3.837,1.8719,2.7888,38.76,47.35,0.0785,0.9651,64.06,60.01,99.421
18,cell_08,2024-01-05 06:00:00,3.6867,3.5153,3.8565,1.855,2.8143,42.54,50.65,0.104,0.946,66.91,62.54,99.339
19,cell_08,2024-01-05 12:00:00,3.6955,3.5377,3.8569,1.8682,2.7828,38.19,46.19,0.1104,0.9274,60.96,60.65,98.691
20,cell_08,2024-01-05 18:00:00,3.6975,3.5363,3.8485,1.8409,2.7409,40.57,48.57,0.1181,0.9526,63.18,62.29,98.807
21,cell_08,2024-01-06 00:00:00,3.6895,3.536,3.8402,1.7725,2.6725,40.51,48.51,0.0852,0.942,63.8,65.57,98.595
22,cell_08,2024-01-06 06:00:00,3.7046,3.5491,3.8549,1.857,2.757,38.71,46.71,0.1016,0.9496,63.23,63.94,99.584
23,cell_08,2024-01-06 12:00:00,3.6975,3.5362,3.8585,1.8349,2.7507,39.18,47.89,0.0737,0.9473,66.07,63.49,99.088
24,cell_08,2024-01-06 18:00:00,3.6943,3.5418,3.8469,1.7691,2.6691,39.0,50.08,0.0883,0.9649,65.94,66.46,99.008
25,cell_08,2024-01-07 00:00:00,3.6982,3.5445,3.8496,1.7755,2.7258,37.88,45.88,0.0829,0.9462,65.91,63.71,98.521
26,cell_08,2024-01-07 06:00:00,3.7096,3.5541,3.8604,1.7954,2.7218,37.75,45.75,0.0819,0.9582,68.63,61.41,98.393
27,cell_08,2024-01-07 12:00:00,3.6764,3.523,3.8331,1.8556,2.7674,38.39,48.32,0.1205,0.9571,62.8,61.67,98.617
28,cell_08,2024-01-07 18:00:00,3.7111,3.5444,3.8617,1.8058,2.7312,37.29,45.29,0.0572,0.9363,65.86,62.69,98.714
29,cell_08,2024-01-08 00:00:00,3.6912,3.5368,3.846,1.7997,2.6997,38.25,48.34,0.0839,0.9519,68.35,59.32,98.246
30,cell_08,2024-01-08 06:00:00,3.6904,3.5375,3.851,1.792,2.692,38.71,46.71,0.0851,0.9424,66.23,63.37,98.824
31,cell_08,2024-01-08 12:00:00,3.6945,3.542,3.845,1.7823,2.6823,39.24,48.56,0.0969,0.9379,64.46,62.77,99.005
32,cell_08,2024-01-08 18:00:00,3.6881,3.5332,3.8391,1.7418,2.661,39.67,47.67,0.0621,0.938,65.11,63.27,98.009
33,cell_08,2024-01-09 00:00:00,3.6868,3.5054,3.8377,1.8398,2.7398,38.71,47.35,0.078,0.9582,66.55,62.24,98.121
34,cell_08,2024-01-09 06:00:00,3.7066,3.5535,3.8572,1.7491,2.6532,37.85,50.01,0.0721,0.9764,70.37,66.98,98.76
35,cell_08,2024-01-09 12:00:00,3.6994,3.5456,3.8501,1.8034,2.7034,39.64,47.64,0.039,0.9419,63.91,60.28,98.504
36,cell_08,2024-01-09 18:00:00,3.678,3.5233,3.829,1.7796,2.7096,40.19,48.19,0.1072,0.9522,66.99,64.82,98.132
37,cell_08,2024-01-10 00:00:00,3.7047,3.5314,3.8554,1.8383,2.7383,38.27,46.43,0.0546,0.9531,62.22,59.03,98.612
38,cell_08,2024-01-10 06:00:00,3.7026,3.5407,3.8617,1.7829,2.7055,37.53,48.58,0.0519,0.9447,64.33,63.3,98.213
39,cell_08,2024-01-10 12:00:00,3.6816,3.5101,3.8365,1.7497,2.6497,38.33,46.69,0.103,0.9641,69.77,65.93,97.617
40,cell_08,2024-01-10 18:00:00,3.6978,3.541,3.8522,1.8495,2.7495,38.73,46.82,0.0773,0.972,62.52,62.54,97.31
41,cell_08,2024-01-11 00:00:00,3.7027,3.5468,3.8539,1.7587,2.6587,40.72,49.06,0.078,0.944,64.69,62.03,97.657
42,cell_08,2024-01-11 06:00:00,3.6809,3.5258,3.8514,1.8077,2.7675,40.04,48.04,0.0784,0.9673,65.18,63.85,97.958
43,cell_08,2024-01-11 12:00:00,3.6991,3.5429,3.8504,1.8637,2.7637,39.0,47.35,0.1055,0.9445,64.99,62.02,97.509
44,cell_08,2024-01-11 18:00:00,3.69,3.5345,3.8585,1.7635,2.6635,41.85,49.85,0.073,0.9403,68.8,61.07,97.846
45,cell_08,2024-01-12 00:00:00,3.7017,3.5456,3.8605,1.7948,2.6948,38.95,49.59,0.0959,0.9486,66.27,61.2,97.539
46,cell_08,2024-01-12 06:00:00,3.6875,3.5263,3.8385,1.7784,2.6784,41.12,50.72,0.0612,0.9587,68.11,64.56,97.877
47,cell_08,2024-01-12 12:00:00,3.7065,3.5501,3.8783,1.8066,2.8,40.83,48.83,0.0906,0.949,66.52,58.33,97.415
48,cell_08,2024-01-12 18:00:00,3.6946,3.5396,3.8513,1.7966,2.716,40.73,48.73,0.1021,0.9574,68.51,63.02,98.02
49,cell_08,2024-01-13 00:00:00,3.6905,3.5349,3.8416,1.846,2.746,39.48,48.54,0.1121,0.9523,64.54,59.83,97.758
50,cell_08,2024-01-13 06:00:00,3.6892,3.5312,3.8404,1.769,2.669,39.18,47.18,0.053,0.9635,66.87,63.03,97.627
51,cell_08,2024-01-13 12:00:00,3.7052,3.5482,3.8667,1.8637,2.8423,39.01,47.01,0.0781,0.9553,65.42,59.21,97.638
52,cell_08,2024-01-13 18:00:00,3.6889,3.5215,3.8402,1.8802,2.7802,40.28,48.28,0.116,0.9653,61.31,57.17,97.414
53,cell_08,2024-01-14 00:00:00,3.7067,3.5347,3.858,1.8128,2.7128,37.82,46.5,0.1024,0.9414,64.42,60.27,97.395
54,cell_08,2024-01-14 06:00:00,3.6978,3.5405,3.8492,1.7605,2.6605,38.61,48.68,0.08,0.948,68.56,65.26,97.091
55,cell_08,2024-01-14 12:00:00,3.6811,3.5225,3.8328,1.7979,2.7327,41.5,49.96,0.0841,0.95,67.6,62.0,96.652
56,cell_08,2024-01-14 18:00:00,3.6955,3.5376,3.8471,1.7938,2.6938,39.94,52.86,0.0899,0.9415,64.27,61.39,96.831
57,cell_08,2024-01-15 00:00:00,3.6956,3.5374,3.8649,1.8886,2.8322,40.43,48.43,0.0765,0.9399,62.01,59.65,96.731
58,cell_08,2024-01-15 06:00:00,3.6816,3.5246,3.8431,1.7948,2.748,37.17,46.65,0.0949,0.9538,67.17,59.67,97.183
59,cell_08,2024-01-15 12:00:00,3.6959,3.5232,3.8496,1.8691,2.7998,38.35,46.35,0.0938,0.9567,62.51,56.68,97.188
60,cell_08,2024-01-15 18:00:00,3.7015,3.545,3.8528,1.8056,2.7056,39.5,50.72,0.0617,0.9511,64.11,61.81,97.392
61,cell_08,2024-01-16 00:00:00,3.7065,3.5486,3.8581,1.8023,2.7023,38.94,49.66,0.0742,0.9606,61.66,58.09,96.821
62,cell_08,2024-01-16 06:00:00,3.7059,3.5476,3.8575,1.7823,2.6823,37.16,46.58,0.0749,0.939,63.22,59.55,96.679
63,cell_08,2024-01-16 12:00:00,3.7186,3.5507,3.8883,1.7869,2.6869,40.14,48.14,0.0789,0.9461,63.7,62.96,96.48
64,cell_08,2024-01-16 18:00:00,3.6955,3.538,3.8499,1.8445,2.7445,40.62,50.02,0.0894,0.9382,62.49,62.49,97.003
65,cell_08,2024-01-17 00:00:00,3.7013,3.543,3.8602,1.7635,2.6635,38.57,46.57,0.0876,0.9514,67.96,61.4,97.181
66,cell_08,2024-01-17 06:00:00,3.689,3.5309,3.8427,1.848,2.7719,40.19,49.1,0.0696,0.9549,60.73,58.94,96.739
67,cell_08,2024-01-17 12:00:00,3.7133,3.5484,3.8652,1.872,2.772,42.04,50.04,0.1108,0.9634,59.09,59.77,96.308
68,cell_08,2024-01-17 18:00:00,3.6855,3.5241,3.8384,1.7704,2.6704,41.29,49.83,0.0841,0.9382,65.84,64.0,96.298
69,cell_08,2024-01-18 00:00:00,3.713,3.5451,3.8648,1.8604,2.7604,38.64,46.64,0.1133,0.9537,59.11,57.57,96.376
70,cell_08,2024-01-18 06:00:00,3.7114,3.5518,3.8752,1.8524,2.8369,37.34,45.34,0.1128,0.9644,64.98,61.22,96.17
71,cell_08,2024-01-18 12:00:00,3.6868,3.5279,3.8386,1.8435,2.7709,39.35,48.53,0.0628,0.94,61.25,62.61,96.446
72,cell_08,2024-01-18 18:00:00,3.7044,3.5348,3.8564,1.7682,2.6682,42.52,50.52,0.0742,0.9376,67.34,59.22,96.02
73,cell_08,2024-01-19 00:00:00,3.6986,3.5387,3.8587,1.794,2.7585,41.01,49.01,0.0757,0.9353,63.47,59.26,96.04
74,cell_08,2024-01-19 06:00:00,3.6896,3.5286,3.8417,1.794,2.694,38.99,48.47,0.0903,0.9562,67.28,62.33,95.799
75,cell_08,2024-01-19 12:00:00,3.6924,3.532,3.8445,1.9045,2.9184,41.34,53.15,0.0985,0.9427,60.39,54.57,95.838
76,cell_08,2024-01-19 18:00:00,3.6959,3.5348,3.8482,1.7995,2.7126,40.75,49.3,0.0869,0.9548,66.65,59.14,95.527
77,cell_08,2024-01-20 00:00:00,3.6968,3.5237,3.8491,1.7908,2.7191,36.15,44.15,0.073,0.9478,63.76,62.97,95.453
78,cell_08,2024-01-20 06:00:00,3.7082,3.5471,3.8664,1.7426,2.6845,40.59,48.59,0.117,0.968,67.2,63.69,95.535
79,cell_08,2024-01-20 12:00:00,3.6992,3.5384,3.8514,1.7514,2.7257,39.18,47.32,0.0752,0.9579,62.7,63.2,95.684
80,cell_08,2024-01-20 18:00:00,3.6853,3.521,3.8432,1.7658,2.6658,37.7,47.75,0.0988,0.942,64.41,62.25,95.3
81,cell_08,2024-01-21 00:00:00,3.7002,3.5288,3.8526,1.8181,2.788,39.14,47.41,0.0833,0.947,61.39,59.7,95.197
82,cell_08,2024-01-21 06:00:00,3.6755,3.5138,3.8387,1.7288,2.6288,39.62,48.64,0.0827,0.9579,68.1,64.62,95.319
83,cell_08,2024-01-21 12:00:00,3.6886,3.5164,3.8411,1.7667,2.6667,37.81,45.81,0.0975,0.9393,64.73,63.65,94.993
84,cell_08,2024-01-21 18:00:00,3.6904,3.5292,3.8426,1.707,2.6074,38.82,48.74,0.1149,0.9618,68.09,65.78,95.522
85,cell_08,2024-01-22 00:00:00,3.6993,3.5358,3.8517,1.8701,2.8161,38.5,47.74,0.0901,0.9475,59.53,57.87,95.112
86,cell_08,2024-01-22 06:00:00,3.71,3.5465,3.8626,1.8053,2.7053,40.19,48.19,0.0742,0.9581,60.66,61.68,94.889
87,cell_08,2024-01-22 12:00:00,3.6946,3.5253,3.8471,1.8155,2.7981,38.55,47.44,0.1136,0.948,63.88,61.21,94.926
88,cell_08,2024-01-22 18:00:00,3.6888,3.5207,3.8509,1.7455,2.7118,36.45,44.45,0.0939,0.9448,64.89,61.72,94.941
89,cell_08,2024-01-23 00:00:00,3.6848,3.5211,3.8375,1.8581,2.76,38.33,47.22,0.0874,0.9431,60.54,56.99,94.53
90,cell_08,2024-01-23 06:00:00,3.7008,3.5361,3.8533,1.8752,2.7752,37.58,45.58,0.1046,0.9673,63.6,57.19,94.975
91,cell_08,2024-01-23 12:00:00,3.6905,3.5226,3.843,1.8033,2.7534,37.06,45.38,0.0904,0.947,60.79,60.0,94.978
92,cell_08,2024-01-23 18:00:00,3.688,3.5119,3.8406,1.776,2.676,40.77,49.42,0.1331,0.9808,65.37,58.95,95.38
93,cell_08,2024-01-24 00:00:00,3.7016,3.5384,3.8741,1.8276,2.7647,40.21,48.77,0.084,0.9515,59.46,57.33,94.717
94,cell_08,2024-01-24 06:00:00,3.7039,3.5354,3.8565,1.8367,2.7367,37.55,48.38,0.107,0.9415,63.06,56.36,94.772
95,cell_08,2024-01-24 12:00:00,3.6823,3.5188,3.835,1.8435,2.8063,37.1,45.16,0.0928,0.9341,61.95,55.87,94.606
96,cell_08,2024-01-24 18:00:00,3.6774,3.5129,3.8417,1.8332,2.7332,38.85,47.22,0.0928,0.9623,63.55,59.45,94.936
97,cell_08,2024-01-25 00:00:00,3.6912,3.5282,3.8438,1.8482,2.7482,37.01,47.67,0.0768,0.9481,63.09,59.68,94.786
98,cell_08,2024-01-25 06:00:00,3.6812,3.5189,3.839,1.7654,2.6873,38.64,50.43,0.0769,0.9582,62.25,62.14,95.084
99,cell_08,2024-01-25 12:00:00,3.6792,3.5127,3.8437,1.8456,2.7757,39.11,47.11,0.0939,0.9732,60.16,59.87,94.658
100,cell_08,2024-01-25 18:00:00,3.682,3.5193,3.8345,1.7773,2.6773,39.46,47.46,0.0666,0.9567,62.51,60.29,94.929
101,cell_08,2024-01-26 00:00:00,3.7025,3.5248,3.8552,1.6745,2.5745,39.51,47.51,0.0725,0.9534,68.61,66.51,94.716
102,cell_08,2024-01-26 06:00:00,3.6972,3.5316,3.8596,1.7769,2.7245,37.83,46.73,0.0843,0.9623,61.8,61.73,93.768
103,cell_08,2024-01-26 12:00:00,3.7163,3.5472,3.874,1.7723,2.7226,39.11,47.11,0.1088,0.958,64.09,62.14,94.509
104,cell_08,2024-01-26 18:00:00,3.6843,3.5188,3.8374,1.8121,2.7121,40.92,48.92,0.0856,0.9374,61.76,60.66,93.796
105,cell_08,2024-01-27 00:00:00,3.7047,3.5404,3.8637,1.8419,2.7419,35.85,46.1,0.0853,0.9633,61.94,56.7,94.273
106,cell_08,2024-01-27 06:00:00,3.6964,3.5272,3.8588,1.8096,2.7096,39.49,49.12,0.0628,0.9495,61.59,59.83,94.277
107,cell_08,2024-01-27 12:00:00,3.6856,3.5138,3.8386,1.9004,2.8131,37.23,47.53,0.1179,0.9654,61.96,58.1,94.123
108,cell_08,2024-01-27 18:00:00,3.6897,3.5251,3.8457,1.7737,2.7144,41.11,51.79,0.1061,0.9551,66.65,57.95,94.14
109,cell_08,2024-01-28 00:00:00,3.6856,3.5209,3.8438,1.7006,2.6082,40.23,48.61,0.1084,0.9619,65.44,61.42,94.137
110,cell_08,2024-01-28 06:00:00,3.6939,3.5239,3.8468,1.8139,2.7139,40.18,48.7,0.0549,0.9478,64.92,59.17,94.235
111,cell_08,2024-01-28 12:00:00,3.701,3.5267,3.8658,1.7728,2.7621,37.72,47.73,0.091,0.9348,65.56,59.96,94.093
112,cell_08,2024-01-28 18:00:00,3.6887,3.5122,3.8412,1.7457,2.6457,39.4,47.4,0.0652,0.9556,63.45,64.68,94.91
113,cell_08,2024-01-29 00:00:00,3.6988,3.5327,3.852,1.7851,2.729,39.56,47.56,0.0994,0.9598,63.28,61.32,93.547
114,cell_08,2024-01-29 06:00:00,3.7026,3.5358,3.8637,1.7608,2.6717,35.44,43.44,0.0904,0.9444,62.79,57.47,93.283
115,cell_08,2024-01-29 12:00:00,3.7048,3.5378,3.8582,1.7658,2.6892,39.22,49.06,0.0944,0.948,65.26,59.97,93.227
116,cell_08,2024-01-29 18:00:00,3.679,3.5137,3.8408,1.8761,2.7761,39.92,47.92,0.0697,0.9279,62.39,58.6,93.848
117,cell_08,2024-01-30 00:00:00,3.6893,3.5222,3.8446,1.8062,2.7062,36.88,44.88,0.0632,0.9484,62.66,59.85,93.173
118,cell_08,2024-01-30 06:00:00,3.697,3.5216,3.8636,1.7867,2.7014,39.9,47.9,0.0712,0.9375,63.47,59.76,93.287
119,cell_08,2024-01-30 12:00:00,3.679,3.5121,3.8385,1.8799,2.7799,39.15,48.09,0.0902,0.9552,60.84,54.08,93.244
120,cell_08,2024-01-30 18:00:00,3.6776,3.5121,3.8307,1.7852,2.6852,41.07,49.07,0.0792,0.9533,63.01,62.51,93.787
121,cell_08,2024-01-31 00:00:00,3.69,3.5208,3.8456,1.7385,2.7241,38.38,46.38,0.0891,0.9502,64.36,60.78,93.522
122,cell_08,2024-01-31 06:00:00,3.6851,3.5172,3.8414,1.7337,2.6662,39.27,47.27,0.0635,0.9632,64.67,58.77,92.84
123,cell_08,2024-01-31 12:00:00,3.6882,3.5213,3.8618,1.796,2.6977,39.51,47.79,0.0839,0.9524,64.29,56.6,93.25
124,cell_08,2024-01-31 18:00:00,3.6836,3.5142,3.8384,1.7179,2.6228,34.79,43.13,0.1119,0.9519,65.38,63.04,92.233
125,cell_08,2024-02-01 00:00:00,3.7108,3.5428,3.8644,1.7414,2.7256,38.47,46.52,0.0906,0.9532,61.67,61.47,92.801
126,cell_08,2024-02-01 06:00:00,3.6852,3.5135,3.8386,1.7809,2.6809,39.13,47.13,0.0919,0.9442,60.54,58.1,93.205
127,cell_08,2024-02-01 12:00:00,3.6953,3.5276,3.8507,1.8566,2.7566,35.47,45.04,0.0921,0.9599,59.56,57.26,92.93
128,cell_08,2024-02-01 18:00:00,3.6952,3.524,3.8485,1.8646,2.8071,40.01,48.75,0.0738,0.9408,61.02,59.74,93.322
129,cell_08,2024-02-02 00:00:00,3.6716,3.4933,3.8255,1.833,2.7561,39.13,47.8,0.1166,0.9542,59.8,57.4,92.354
130,cell_08,2024-02-02 06:00:00,3.7039,3.5247,3.8575,1.7998,2.6998,39.12,47.86,0.0911,0.9622,61.14,58.11,92.804
131,cell_08,2024-02-02 12:00:00,3.696,3.5272,3.8494,1.7715,2.7259,40.08,51.28,0.0875,0.9397,65.6,58.74,93.16
132,cell_08,2024-02-02 18:00:00,3.6913,3.5242,3.8528,1.8194,2.7342,38.38,46.38,0.0977,0.9366,63.7,56.42,93.156
133,cell_08,2024-02-03 00:00:00,3.7003,3.5333,3.854,1.8891,2.7891,39.06,47.06,0.1028,0.9396,59.05,58.66,93.179
134,cell_08,2024-02-03 06:00:00,3.6892,3.5219,3.8426,1.8071,2.7316,40.3,48.3,0.0591,0.9682,63.16,56.69,93.086
135,cell_08,2024-02-03 12:00:00,3.6978,3.5295,3.8515,1.7769,2.6939,39.08,49.6,0.0851,0.9439,62.29,56.67,92.681
136,cell_08,2024-02-03 18:00:00,3.6704,3.5014,3.824,1.7921,2.6921,36.23,44.23,0.1287,0.938,62.77,56.81,92.79
137,cell_08,2024-02-04 00:00:00,3.6988,3.5142,3.8524,1.7867,2.7059,39.08,47.08,0.1171,0.9537,61.53,57.8,93.719
138,cell_08,2024-02-04 06:00:00,3.6908,3.5203,3.8445,1.8274,2.7587,39.1,47.1,0.0819,0.9228,60.82,57.34,92.646
139,cell_08,2024-02-04 12:00:00,3.6909,3.5224,3.8446,1.7618,2.7075,40.35,48.56,0.0986,0.9405,63.97,62.5,92.6
140,cell_08,2024-02-04 18:00:00,3.6814,3.5049,3.8348,1.8203,2.7257,38.49,48.88,0.0775,0.9641,61.1,56.14,93.228
141,cell_08,2024-02-05 00:00:00,3.6869,3.5186,3.8405,1.8284,2.7284,37.53,45.53,0.0911,0.9404,62.42,55.65,92.706
142,cell_08,2024-02-05 06:00:00,3.6869,3.5087,3.8404,1.8172,2.7292,37.54,45.54,0.0748,0.9474,59.91,57.89,92.891
143,cell_08,2024-02-05 12:00:00,3.6784,3.5016,3.8318,1.7457,2.7052,41.16,49.16,0.0745,0.9529,60.93,63.43,93.174
144,cell_08,2024-02-05 18:00:00,3.6915,3.5209,3.8532,1.7925,2.724,39.43,47.43,0.0722,0.9529,64.12,61.12,91.974
145,cell_08,2024-02-06 00:00:00,3.7039,3.5134,3.8763,1.7737,2.6737,41.09,54.21,0.1176,0.9447,61.47,62.03,92.139
146,cell_08,2024-02-06 06:00:00,3.673,3.4906,3.8355,1.7963,2.6991,41.3,50.07,0.0744,0.9555,59.61,55.79,91.499
147,cell_08,2024-02-06 12:00:00,3.6934,3.5239,3.8473,1.7667,2.75,37.88,47.08,0.1068,0.9645,62.58,60.89,92.356
148,cell_08,2024-02-06 18:00:00,3.6825,3.5103,3.839,1.8622,2.7996,37.77,45.77,0.0754,0.9394,57.25,56.66,91.132
149,cell_08,2024-02-07 00:00:00,3.6817,3.5102,3.836,1.8093,2.7169,38.81,47.08,0.0731,0.9452,62.03,54.74,91.401
150,cell_08,2024-02-07 06:00:00,3.6885,3.5181,3.8426,1.7191,2.6761,39.92,49.49,0.0918,0.9489,62.87,62.01,91.839
151,cell_08,2024-02-07 12:00:00,3.6889,3.5188,3.8561,1.7335,2.6335,36.9,46.02,0.058,0.957,66.79,61.73,91.968
152,cell_08,2024-02-07 18:00:00,3.6889,3.5173,3.8633,1.8602,2.7767,39.68,48.38,0.0973,0.9503,57.61,56.91,91.358
153,cell_08,2024-02-08 00:00:00,3.6762,3.5053,3.8303,1.791,2.7848,39.61,47.64,0.0813,0.9487,60.55,56.59,91.641
154,cell_08,2024-02-08 06:00:00,3.6979,3.5261,3.8666,1.7805,2.7132,37.31,45.31,0.073,0.9345,61.77,57.43,91.305
155,cell_08,2024-02-08 12:00:00,3.6884,3.5176,3.8425,1.8564,2.8375,37.36,46.21,0.0687,0.9387,56.34,56.64,91.708
156,cell_08,2024-02-08 18:00:00,3.6933,3.5222,3.8475,1.7924,2.6924,39.67,47.83,0.1234,0.9519,58.26,56.02,91.563
157,cell_08,2024-02-09 00:00:00,3.6996,3.5245,3.8566,1.7402,2.6402,42.11,54.38,0.0833,0.9449,61.49,57.86,91.613
158,cell_08,2024-02-09 06:00:00,3.6688,3.498,3.8383,1.7436,2.7016,38.56,48.66,0.0825,0.9466,60.67,61.41,91.999
159,cell_08,2024-02-09 12:00:00,3.6941,3.5239,3.851,1.8314,2.7314,39.49,47.49,0.1015,0.9494,61.77,55.19,91.888
160,cell_08,2024-02-09 18:00:00,3.6863,3.5074,3.8445,1.9015,2.8105,38.09,46.09,0.0672,0.9734,60.2,52.33,91.972
161,cell_08,2024-02-10 00:00:00,3.6978,3.5272,3.8605,1.842,2.7935,39.35,47.35,0.1067,0.945,59.26,54.91,91.765
162,cell_08,2024-02-10 06:00:00,3.68,3.5101,3.8441,1.7809,2.709,38.06,46.06,0.0833,0.9639,62.11,56.27,92.018
163,cell_08,2024-02-10 12:00:00,3.6962,3.5244,3.8557,1.7887,2.6887,38.61,46.61,0.0563,0.9631,61.91,56.83,91.252
164,cell_08,2024-02-10 18:00:00,3.6761,3.4937,3.8407,1.8024,2.7024,42.67,50.67,0.0734,0.958,58.2,59.21,91.115
165,cell_08,2024-02-11 00:00:00,3.6912,3.5137,3.8455,1.699,2.599,39.16,47.16,0.0621,0.9415,64.38,63.2,91.433
166,cell_08,2024-02-11 06:00:00,3.6895,3.5041,3.844,1.8012,2.7249,36.65,44.65,0.0856,0.9514,63.51,55.08,91.135
167,cell_08,2024-02-11 12:00:00,3.6852,3.4973,3.8579,1.8292,2.7549,39.96,48.26,0.0681,0.9461,58.06,57.24,91.163
168,cell_08,2024-02-11 18:00:00,3.6771,3.506,3.8313,1.8886,2.7886,40.69,48.69,0.0659,0.9701,55.77,52.88,91.583
169,cell_08,2024-02-12 00:00:00,3.6833,3.5116,3.8376,1.8545,2.791,40.01,48.01,0.0898,0.9541,57.79,54.29,91.322
170,cell_08,2024-02-12 06:00:00,3.6956,3.523,3.8502,1.8965,2.8183,38.73,49.16,0.0849,0.9479,57.82,56.3,90.94
171,cell_08,2024-02-12 12:00:00,3.7018,3.53,3.8562,1.884,2.784,37.62,46.43,0.1082,0.9678,60.29,57.98,91.291
172,cell_08,2024-02-12 18:00:00,3.7055,3.5321,3.8602,1.8697,2.7966,37.66,45.66,0.1073,0.9465,57.33,53.94,90.646
173,cell_08,2024-02-13 00:00:00,3.691,3.5172,3.8504,1.8013,2.7013,38.72,46.72,0.0852,0.9555,59.34,58.93,90.481
174,cell_08,2024-02-13 06:00:00,3.688,3.5139,3.8476,1.8172,2.7491,38.45,46.45,0.094,0.957,58.72,55.73,90.343
175,cell_08,2024-02-13 12:00:00,3.69,3.5158,3.851,1.7165,2.6165,38.16,46.16,0.0558,0.9535,65.29,61.78,90.316
176,cell_08,2024-02-13 18:00:00,3.7051,3.5225,3.8654,1.8065,2.7309,40.82,50.92,0.0979,0.9489,59.96,57.56,90.537
177,cell_08,2024-02-14 00:00:00,3.6909,3.5171,3.8457,1.8283,2.7515,40.38,50.26,0.0922,0.9584,58.39,56.69,90.483
178,cell_08,2024-02-14 06:00:00,3.6865,3.5114,3.8413,1.7858,2.6858,40.9,48.9,0.1031,0.9437,58.81,59.61,90.442
179,cell_08,2024-02-14 12:00:00,3.6828,3.49,3.8488,1.7229,2.6547,37.82,48.55,0.0779,0.9611,60.58,61.02,90.358
180,cell_08,2024-02-14 18:00:00,3.6838,3.5095,3.8387,1.8791,2.8563,37.62,46.85,0.078,0.9472,60.38,57.48,90.269
181,cell_08,2024-02-15 00:00:00,3.6899,3.5057,3.8445,1.8203,2.7203,39.12,47.52,0.0782,0.9634,59.7,55.97,90.677
182,cell_08,2024-02-15 06:00:00,3.6773,3.4981,3.8416,1.886,2.8337,39.62,49.35,0.1127,0.9605,54.72,56.91,89.852
183,cell_08,2024-02-15 12:00:00,3.6789,3.4915,3.8339,1.8371,2.7914,39.11,48.34,0.0897,0.9555,61.26,57.85,90.116
184,cell_08,2024-02-15 18:00:00,3.685,3.5015,3.8398,1.8684,2.7684,39.52,47.83,0.0541,0.9491,60.72,55.14,90.44
185,cell_08,2024-02-16 00:00:00,3.6816,3.5086,3.8363,1.8582,2.7982,41.38,49.38,0.0969,0.961,57.08,55.7,90.775
186,cell_08,2024-02-16 06:00:00,3.6913,3.5168,3.8574,1.766,2.666,38.67,46.67,0.0747,0.9557,60.17,60.7,90.213
187,cell_08,2024-02-16 12:00:00,3.6918,3.5168,3.8526,1.7746,2.7374,40.21,48.21,0.1057,0.9178,63.67,58.35,90.008
188,cell_08,2024-02-16 18:00:00,3.6872,3.5114,3.8447,1.7786,2.6786,39.78,47.78,0.0948,0.9418,57.59,56.51,89.699
189,cell_08,2024-02-17 00:00:00,3.6898,3.5143,3.8448,1.7517,2.7239,39.14,50.74,0.1088,0.9517,60.52,55.7,89.923
190,cell_08,2024-02-17 06:00:00,3.6865,3.5091,3.8438,1.8883,2.7883,40.14,48.14,0.1048,0.9528,56.95,53.33,90.244
191,cell_08,2024-02-17 12:00:00,3.6478,3.4662,3.8026,1.8021,2.7066,37.85,45.85,0.1027,0.9571,61.9,55.55,90.505
192,cell_08,2024-02-17 18:00:00,3.6756,3.4837,3.8308,1.823,2.723,37.55,47.35,0.1067,0.9655,58.18,53.83,89.573
193,cell_08,2024-02-18 00:00:00,3.6912,3.5148,3.8465,1.7334,2.7083,39.65,48.15,0.1003,0.9559,60.9,59.88,89.421
194,cell_08,2024-02-18 06:00:00,3.6761,3.4889,3.8383,1.8409,2.7409,36.54,45.15,0.0701,0.9292,59.8,54.93,89.681
195,cell_08,2024-02-18 12:00:00,3.6923,3.5126,3.8602,1.7795,2.6795,39.77,47.77,0.0611,0.952,62.24,54.69,89.176
196,cell_08,2024-02-18 18:00:00,3.6942,3.5192,3.8491,1.863,2.8191,37.31,47.13,0.0674,0.9622,55.63,54.09,90.031
197,cell_08,2024-02-19 00:00:00,3.6813,3.5045,3.8366,1.7657,2.7023,41.28,52.34,0.0986,0.9511,58.51,55.47,89.291
198,cell_08,2024-02-19 06:00:00,3.6787,3.502,3.8408,1.8666,2.7666,38.41,46.41,0.0395,0.952,58.62,55.39,89.755
199,cell_08,2024-02-19 12:00:00,3.6847,3.5091,3.8398,1.847,2.747,41.18,50.45,0.0837,0.9451,57.23,54.97,89.75
200,cell_08,2024-02-19 18:00:00,3.6843,3.509,3.8449,1.7767,2.6767,38.68,48.92,0.0787,0.9595,61.71,60.28,89.849
201,cell_08,2024-02-20 00:00:00,3.6909,3.5152,3.846,1.8709,2.8346,38.62,46.62,0.1085,0.9465,55.68,55.31,89.737
202,cell_08,2024-02-20 06:00:00,3.6611,3.4852,3.822,1.8574,2.7784,40.3,51.32,0.0817,0.9559,59.69,56.57,89.661
203,cell_08,2024-02-20 12:00:00,3.6773,3.5018,3.8324,1.8245,2.7332,39.44,49.67,0.0766,0.9543,58.0,55.13,89.789
204,cell_08,2024-02-20 18:00:00,3.6747,3.4872,3.8353,1.7503,2.6749,38.9,46.9,0.1103,0.9505,60.63,60.13,89.911
205,cell_08,2024-02-21 00:00:00,3.6601,3.4856,3.815,1.84,2.74,38.39,49.58,0.0822,0.9548,56.94,57.27,90.199
206,cell_08,2024-02-21 06:00:00,3.679,3.5013,3.8436,1.8033,2.7033,38.41,46.41,0.0789,0.952,57.73,59.39,89.33
207,cell_08,2024-02-21 12:00:00,3.6687,3.4862,3.8241,1.8025,2.7025,42.54,50.54,0.0742,0.9628,59.91,57.31,89.109
208,cell_08,2024-02-21 18:00:00,3.6799,3.5029,3.8397,1.8037,2.7528,36.49,45.85,0.0897,0.9568,59.83,58.85,89.196
209,cell_08,2024-02-22 00:00:00,3.6779,3.4993,3.836,1.7985,2.6985,37.2,47.28,0.0774,0.9604,60.99,58.29,88.536
210,cell_08,2024-02-22 06:00:00,3.6876,3.5094,3.8433,1.7567,2.7094,40.77,48.96,0.0774,0.9424,61.39,60.11,88.72
211,cell_08,2024-02-22 12:00:00,3.6805,3.5022,3.8498,1.7242,2.714,40.65,48.65,0.113,0.9417,61.27,59.09,88.682
212,cell_08,2024-02-22 18:00:00,3.6665,3.4823,3.8254,1.7139,2.6139,37.62,45.62,0.085,0.9506,64.17,57.45,88.955
213,cell_08,2024-02-23 00:00:00,3.6875,3.5051,3.8504,1.815,2.7158,36.37,44.37,0.075,0.9575,56.21,56.62,89.337
214,cell_08,2024-02-23 06:00:00,3.7081,3.5313,3.8635,1.6788,2.6038,40.91,50.59,0.0641,0.9553,65.1,63.31,89.268
215,cell_08,2024-02-23 12:00:00,3.6941,3.5163,3.8521,1.8363,2.78,37.43,45.43,0.088,0.9425,58.34,57.93,88.894
216,cell_08,2024-02-23 18:00:00,3.6902,3.5108,3.8457,1.8253,2.7253,38.26,46.26,0.0728,0.9578,56.83,58.14,88.919
217,cell_08,2024-02-24 00:00:00,3.6826,3.5068,3.8392,1.7849,2.7017,39.14,47.14,0.0766,0.9437,61.13,56.93,89.683
218,cell_08,2024-02-24 06:00:00,3.679,3.5021,3.8343,1.8513,2.7513,37.39,45.39,0.067,0.9567,60.67,56.72,89.259
219,cell_08,2024-02-24 12:00:00,3.6781,3.4987,3.8836,1.787,2.687,40.39,48.39,0.0879,0.9529,58.94,56.79,89.132
220,cell_08,2024-02-24 18:00:00,3.6861,3.5089,3.8476,1.8209,2.8244,39.03,47.03,0.0579,0.9477,59.54,56.92,89.117
221,cell_08,2024-02-25 00:00:00,3.6721,3.4915,3.8409,1.7021,2.6021,37.68,45.68,0.0922,0.9446,62.36,59.18,88.993
222,cell_08,2024-02-25 06:00:00,3.6867,3.4858,3.8419,1.6879,2.6104,37.81,47.77,0.0731,0.9513,63.07,59.31,89.681
223,cell_08,2024-02-25 12:00:00,3.6763,3.4909,3.836,1.7882,2.6882,40.95,48.95,0.0983,0.9508,58.31,56.14,88.608
224,cell_08,2024-02-25 18:00:00,3.6659,3.4742,3.8306,1.8211,2.7332,38.58,46.58,0.0937,0.9395,56.87,54.4,88.71
225,cell_08,2024-02-26 00:00:00,3.6755,3.4908,3.8314,1.8475,2.7751,39.92,51.06,0.0861,0.956,55.75,53.97,88.171
226,cell_08,2024-02-26 06:00:00,3.6952,3.5156,3.851,1.7911,2.7358,38.99,48.68,0.1009,0.9616,60.9,57.36,88.474
227,cell_08,2024-02-26 12:00:00,3.6841,3.5001,3.8496,1.8123,2.7123,36.37,46.42,0.1151,0.9586,57.57,53.92,88.5
228,cell_08,2024-02-26 18:00:00,3.6477,3.4649,3.8033,1.8393,2.7469,40.12,49.13,0.1094,0.9532,58.11,56.07,88.811
229,cell_08,2024-02-27 00:00:00,3.6759,3.4884,3.8317,1.7936,2.703,40.61,51.23,0.0578,0.9455,57.47,53.68,88.433
230,cell_08,2024-02-27 06:00:00,3.6915,3.5117,3.8473,1.8294,2.7294,41.76,51.53,0.0719,0.9513,56.27,52.15,88.315
231,cell_08,2024-02-27 12:00:00,3.6792,3.4995,3.8351,1.7436,2.6436,36.15,44.15,0.0743,0.9487,61.18,56.0,88.119
232,cell_08,2024-02-27 18:00:00,3.6872,3.5071,3.8432,1.7172,2.6617,34.26,42.26,0.0968,0.9512,61.98,56.57,87.971
233,cell_08,2024-02-28 00:00:00,3.678,3.4933,3.834,1.7733,2.6733,39.96,47.96,0.0736,0.9594,59.55,58.53,87.959
234,cell_08,2024-02-28 06:00:00,3.6842,3.5048,3.8405,1.8387,2.8693,38.1,46.1,0.0728,0.9489,58.71,56.19,88.249
235,cell_08,2024-02-28 12:00:00,3.6829,3.4968,3.8454,1.7644,2.7126,36.85,44.85,0.0693,0.9316,60.9,58.07,88.332
236,cell_08,2024-02-28 18:00:00,3.6754,3.4818,3.8566,1.8325,2.7551,39.16,47.16,0.09,0.958,55.83,55.87,87.901
237,cell_08,2024-02-29 00:00:00,3.6871,3.506,3.8433,1.7487,2.7242,38.33,46.33,0.0967,0.954,57.42,58.06,87.56
238,cell_08,2024-02-29 06:00:00,3.697,3.5043,3.8531,1.7709,2.7095,37.09,47.88,0.0598,0.9515,58.1,58.44,87.768
239,cell_08,2024-02-29 12:00:00,3.6854,3.5021,3.8416,1.8121,2.7213,38.88,46.88,0.0737,0.9383,57.69,55.38,87.713
240,cell_08,2024-02-29 18:00:00,3.6823,3.5008,3.8456,1.7666,2.6666,39.85,47.91,0.0461,0.9417,57.7,53.59,87.497
241,cell_08,2024-03-01 00:00:00,3.6733,3.4922,3.8397,1.7751,2.7084,39.26,47.26,0.0362,0.9428,59.27,58.57,87.835
242,cell_08,2024-03-01 06:00:00,3.6919,3.5128,3.8571,1.6696,2.6394,39.27,47.27,0.0937,0.9442,60.56,60.14,88.353
243,cell_08,2024-03-01 12:00:00,3.6764,3.4957,3.8383,1.842,2.742,39.67,49.52,0.0903,0.9451,57.01,56.73,87.704
244,cell_08,2024-03-01 18:00:00,3.686,3.5034,3.8435,1.7941,2.6941,36.46,44.46,0.0874,0.9382,57.3,57.54,86.951
245,cell_08,2024-03-02 00:00:00,3.6894,3.5089,3.8528,1.7527,2.6527,38.92,46.92,0.1157,0.9715,62.89,56.52,87.83
246,cell_08,2024-03-02 06:00:00,3.6915,3.4895,3.8476,1.8916,2.8796,39.36,47.64,0.0505,0.965,57.77,55.3,87.767
247,cell_08,2024-03-02 12:00:00,3.6918,3.5113,3.8479,1.7605,2.6646,38.43,47.84,0.0424,0.9528,62.56,54.22,87.819
248,cell_08,2024-03-02 18:00:00,3.6908,3.5092,3.868,1.7742,2.7472,37.76,45.76,0.0615,0.9497,60.04,57.1,87.377
249,cell_08,2024-03-03 00:00:00,3.6682,3.4861,3.8246,1.7519,2.6529,37.88,48.4,0.0416,0.9683,62.52,57.8,87.155
250,cell_08,2024-03-03 06:00:00,3.6721,3.4899,3.8339,1.8552,2.7552,38.56,46.56,0.0717,0.9662,54.6,55.45,87.122
251,cell_08,2024-03-03 12:00:00,3.6679,3.4845,3.824,1.8717,2.8784,40.37,49.34,0.0957,0.9426,56.43,53.27,87.732
252,cell_08,2024-03-03 18:00:00,3.6674,3.4871,3.8389,1.8667,2.7667,41.29,49.29,0.0899,0.9525,57.86,52.2,87.871
253,cell_08,2024-03-04 00:00:00,3.6959,3.5137,3.8639,1.8662,2.7662,40.99,50.47,0.1046,0.9482,55.92,50.66,87.114
254,cell_08,2024-03-04 06:00:00,3.6701,3.4867,3.8268,1.7701,2.6932,36.66,48.71,0.0914,0.9473,57.05,55.6,86.634
255,cell_08,2024-03-04 12:00:00,3.6698,3.4883,3.8261,1.8836,2.7836,37.59,45.59,0.0759,0.9483,56.53,52.63,87.384
256,cell_08,2024-03-04 18:00:00,3.6798,3.4971,3.839,1.7902,2.7291,39.99,47.99,0.0735,0.9491,61.01,54.51,86.919
257,cell_08,2024-03-05 00:00:00,3.673,3.4905,3.8295,1.7229,2.6452,40.95,48.95,0.0927,0.9521,60.72,58.38,86.978
258,cell_08,2024-03-05 06:00:00,3.7033,3.5013,3.8646,1.7787,2.703,37.55,45.55,0.0534,0.9522,57.29,56.02,87.119
259,cell_08,2024-03-05 12:00:00,3.6782,3.4965,3.845,1.8163,2.7163,39.27,47.27,0.0204,0.9644,55.04,52.58,87.313
260,cell_08,2024-03-05 18:00:00,3.6849,3.5023,3.8446,1.7678,2.6678,37.3,45.3,0.0918,0.9419,56.69,53.41,86.956
261,cell_08,2024-03-06 00:00:00,3.673,3.4911,3.8294,1.8073,2.7073,39.41,47.41,0.0887,0.9597,59.52,57.28,87.231
262,cell_08,2024-03-06 06:00:00,3.6641,3.4796,3.8205,1.8268,2.7268,38.03,46.03,0.1154,0.9392,57.16,55.77,87.152
263,cell_08,2024-03-06 12:00:00,3.6725,3.4887,3.8292,1.8205,2.7352,39.27,47.27,0.0979,0.9524,55.35,53.95,86.498
264,cell_08,2024-03-06 18:00:00,3.6739,3.4867,3.8302,1.8328,2.7328,37.18,47.95,0.0902,0.9604,59.25,54.31,87.353
265,cell_08,2024-03-07 00:00:00,3.6733,3.4895,3.8298,1.791,2.691,36.55,47.84,0.0778,0.9557,57.96,53.16,87.055
266,cell_08,2024-03-07 06:00:00,3.6634,3.4712,3.8203,1.7636,2.6636,43.65,52.94,0.0678,0.9468,60.45,54.39,86.294
267,cell_08,2024-03-07 12:00:00,3.681,3.4972,3.8378,1.7265,2.6459,39.1,47.1,0.0784,0.9528,61.96,59.04,86.455
268,cell_08,2024-03-07 18:00:00,3.6767,3.4933,3.8414,1.7956,2.73,42.2,50.2,0.1031,0.9665,59.23,52.9,86.734
269,cell_08,2024-03-08 00:00:00,3.6646,3.4746,3.8275,1.7731,2.6731,41.26,49.26,0.0933,0.9441,61.44,53.41,86.687
270,cell_08,2024-03-08 06:00:00,3.6814,3.4985,3.8432,1.7941,2.6941,36.55,45.82,0.1027,0.9557,60.41,55.53,86.866
271,cell_08,2024-03-08 12:00:00,3.6878,3.4987,3.8487,1.6965,2.6272,39.54,50.07,0.0861,0.9597,59.1,60.42,86.804
272,cell_08,2024-03-08 18:00:00,3.6915,3.5016,3.8483,1.7241,2.6324,37.06,45.39,0.066,0.9461,59.14,56.35,86.321
273,cell_08,2024-03-09 00:00:00,3.6545,3.4689,3.8116,1.8255,2.7848,38.56,48.27,0.1072,0.9674,58.95,54.4,85.786
274,cell_08,2024-03-09 06:00:00,3.6728,3.4737,3.8294,1.7182,2.6182,36.17,45.06,0.1054,0.9707,61.5,59.96,86.709
275,cell_08,2024-03-09 12:00:00,3.6666,3.4786,3.8386,1.7905,2.6905,36.64,44.64,0.0877,0.9609,57.89,57.58,86.862
276,cell_08,2024-03-09 18:00:00,3.6734,3.4899,3.8301,1.7585,2.7128,37.72,47.74,0.0951,0.961,61.25,55.96,86.612
277,cell_08,2024-03-10 00:00:00,3.6942,3.5015,3.8508,1.7553,2.6553,38.18,48.07,0.094,0.9327,60.21,55.21,86.871
278,cell_08,2024-03-10 06:00:00,3.6723,3.4882,3.8291,1.8043,2.7043,39.06,47.06,0.0746,0.9368,56.7,54.99,86.372
279,cell_08,2024-03-10 12:00:00,3.6751,3.4835,3.8318,1.8014,2.7461,37.45,47.06,0.0788,0.9492,56.35,57.23,86.569
280,cell_08,2024-03-10 18:00:00,3.6713,3.4843,3.8306,1.8273,2.7998,39.22,47.22,0.0658,0.9434,58.73,54.93,86.397
281,cell_08,2024-03-11 00:00:00,3.6966,3.5138,3.8546,1.7449,2.6541,40.7,48.7,0.0787,0.9563,61.82,59.48,86.882
282,cell_08,2024-03-11 06:00:00,3.6555,3.4636,3.8127,1.7558,2.6558,39.41,48.19,0.1046,0.9215,60.99,56.08,85.658
283,cell_08,2024-03-11 12:00:00,3.6743,3.4906,3.831,1.8562,2.8329,38.9,47.62,0.1008,0.9562,57.55,50.48,86.549
284,cell_08,2024-03-11 18:00:00,3.67,3.4845,3.8327,1.7888,2.7076,39.51,49.29,0.0952,0.9482,55.73,54.37,85.78
285,cell_08,2024-03-12 00:00:00,3.662,3.4775,3.819,1.8183,2.7293,36.85,44.85,0.1032,0.9446,56.23,56.32,86.171
286,cell_08,2024-03-12 06:00:00,3.6897,3.4963,3.8468,1.7751,2.6751,40.43,49.56,0.0767,0.9691,56.99,52.39,85.784
287,cell_08,2024-03-12 12:00:00,3.6615,3.4773,3.8303,1.8228,2.7793,37.2,45.2,0.0605,0.9469,55.46,54.66,86.332
288,cell_08,2024-03-12 18:00:00,3.6749,3.4796,3.8317,1.6756,2.5756,41.33,49.33,0.0809,0.9338,63.64,57.98,86.321
289,cell_08,2024-03-13 00:00:00,3.678,3.4925,3.835,1.8576,2.7576,40.16,48.16,0.0824,0.9546,53.37,52.14,85.834
290,cell_08,2024-03-13 06:00:00,3.6715,3.4836,3.8421,1.7772,2.772,39.83,49.77,0.0975,0.9538,57.96,55.57,86.013
291,cell_08,2024-03-13 12:00:00,3.6621,3.4702,3.8296,1.7376,2.6376,39.9,47.92,0.0942,0.9483,61.79,56.1,86.313
292,cell_08,2024-03-13 18:00:00,3.6774,3.4849,3.8343,1.7469,2.6949,39.0,47.0,0.1042,0.9735,60.8,58.62,86.022
293,cell_08,2024-03-14 00:00:00,3.6708,3.4829,3.828,1.7868,2.7557,37.82,48.67,0.0437,0.9521,56.15,53.48,85.599
294,cell_08,2024-03-14 06:00:00,3.6868,3.5014,3.8439,1.7945,2.705,37.59,45.59,0.068,0.9601,54.73,56.02,85.833
295,cell_08,2024-03-14 12:00:00,3.6835,3.4975,3.8407,1.8071,2.7071,41.63,49.63,0.0822,0.9532,56.35,51.68,85.588
296,cell_08,2024-03-14 18:00:00,3.6982,3.5129,3.8675,1.7404,2.6719,39.15,47.15,0.0936,0.9627,59.75,55.25,85.857
297,cell_08,2024-03-15 00:00:00,3.6795,3.4934,3.8496,1.8436,2.8131,37.33,45.33,0.1259,0.9467,57.68,51.01,85.576
298,cell_08,2024-03-15 06:00:00,3.6847,3.4992,3.8434,1.7738,2.6909,39.78,47.78,0.0645,0.9394,58.24,53.54,85.839
299,cell_08,2024-03-15 12:00:00,3.6742,3.4872,3.8381,1.7713,2.6713,39.51,47.51,0.0698,0.9577,56.36,55.2,85.191
300,cell_08,2024-03-15 18:00:00,3.6952,3.4906,3.8525,1.7887,2.704,38.51,46.99,0.0755,0.953,58.38,53.52,85.391
301,cell_08,2024-03-16 00:00:00,3.6779,3.4909,3.8353,1.8331,2.7331,37.65,45.65,0.0691,0.958,55.22,50.47,85.2
302,cell_08,2024-03-16 06:00:00,3.6771,3.4793,3.8344,1.7983,2.6983,40.1,48.1,0.0662,0.9438,58.83,56.2,85.39
303,cell_08,2024-03-16 12:00:00,3.6829,3.4953,3.8436,1.7729,2.6729,40.42,48.42,0.0849,0.9548,54.78,55.66,84.984
304,cell_08,2024-03-16 18:00:00,3.6713,3.4842,3.8377,1.7838,2.6869,39.48,47.48,0.1037,0.9341,56.83,57.04,85.173
305,cell_08,2024-03-17 00:00:00,3.6735,3.4877,3.8307,1.861,2.761,39.11,47.11,0.0864,0.9452,54.81,54.14,85.671
306,cell_08,2024-03-17 06:00:00,3.684,3.4982,3.853,1.8528,2.7653,37.83,50.11,0.0668,0.943,56.0,53.06,85.707
307,cell_08,2024-03-17 12:00:00,3.6835,3.4847,3.8415,1.8183,2.7444,39.72,50.73,0.0801,0.955,54.75,52.53,84.143
308,cell_08,2024-03-17 18:00:00,3.6831,3.489,3.8415,1.8074,2.7074,38.05,48.73,0.0632,0.9452,55.7,55.95,84.727
309,cell_08,2024-03-18 00:00:00,3.677,3.4899,3.8344,1.9157,2.8157,37.09,45.09,0.1037,0.9363,54.61,50.29,85.185
310,cell_08,2024-03-18 06:00:00,3.6801,3.4653,3.85,1.8232,2.7284,40.69,48.69,0.1134,0.9443,54.06,53.35,84.918
311,cell_08,2024-03-18 12:00:00,3.687,3.4993,3.8495,1.809,2.7998,37.46,45.46,0.0521,0.956,54.86,52.58,84.925
312,cell_08,2024-03-18 18:00:00,3.6665,3.4783,3.824,1.7899,2.7128,36.15,47.84,0.0886,0.9513,54.7,52.87,84.972
313,cell_08,2024-03-19 00:00:00,3.6768,3.4881,3.8353,1.8178,2.7186,40.96,50.63,0.0684,0.9425,54.44,54.93,84.515
314,cell_08,2024-03-19 06:00:00,3.6482,3.4604,3.8058,1.6477,2.5477,36.38,44.38,0.0853,0.9584,61.84,57.15,84.867
315,cell_08,2024-03-19 12:00:00,3.6848,3.4972,3.8423,1.8514,2.7802,38.42,47.15,0.0823,0.9657,53.35,50.34,84.944
316,cell_08,2024-03-19 18:00:00,3.6694,3.473,3.827,1.7364,2.6468,37.36,45.36,0.0572,0.9591,56.13,57.03,84.835
317,cell_08,2024-03-20 00:00:00,3.6695,3.4755,3.8271,1.7641,2.6995,37.91,45.91,0.1082,0.9269,60.46,56.69,84.684
318,cell_08,2024-03-20 06:00:00,3.676,3.475,3.8389,1.73,2.63,42.34,50.34,0.081,0.9524,58.55,58.39,84.788
319,cell_08,2024-03-20 12:00:00,3.6829,3.494,3.8407,1.7632,2.6692,38.85,48.33,0.0746,0.9486,59.39,55.57,84.461
320,cell_08,2024-03-20 18:00:00,3.7014,3.508,3.8589,1.783,2.683,39.54,49.52,0.0863,0.9296,58.56,53.47,84.987
321,cell_08,2024-03-21 00:00:00,3.661,3.4689,3.8188,1.8445,2.763,40.19,48.23,0.0666,0.9371,53.06,52.21,84.372
322,cell_08,2024-03-21 06:00:00,3.6681,3.4746,3.8311,1.8645,2.7645,38.03,46.03,0.0803,0.958,54.37,49.88,84.371
323,cell_08,2024-03-21 12:00:00,3.6795,3.4916,3.8392,1.8971,2.7971,40.61,48.61,0.0473,0.9519,54.02,49.43,84.82
324,cell_08,2024-03-21 18:00:00,3.6698,3.4815,3.8356,1.8051,2.7322,39.56,50.69,0.0369,0.9508,54.38,55.72,84.703
325,cell_08,2024-03-22 00:00:00,3.6851,3.4909,3.8431,1.789,2.7242,40.13,48.13,0.0646,0.9435,54.46,55.8,84.471
326,cell_08,2024-03-22 06:00:00,3.6745,3.476,3.8439,1.839,2.739,37.91,46.12,0.0734,0.9608,53.58,50.92,84.102
327,cell_08,2024-03-22 12:00:00,3.6855,3.4966,3.8433,1.7573,2.6573,39.67,52.18,0.0489,0.9377,56.28,54.08,84.428
328,cell_08,2024-03-22 18:00:00,3.6738,3.4782,3.8317,1.7517,2.6838,38.99,46.99,0.0741,0.9411,56.4,57.44,84.201
329,cell_08,2024-03-23 00:00:00,3.6822,3.4816,3.8424,1.7816,2.7608,40.69,48.74,0.0733,0.9468,55.53,53.47,84.534
330,cell_08,2024-03-23 06:00:00,3.6666,3.4769,3.8311,1.7983,2.6983,38.19,47.18,0.0828,0.9347,56.39,52.35,84.111
331,cell_08,2024-03-23 12:00:00,3.695,3.5043,3.8573,1.6967,2.5967,42.05,52.23,0.0963,0.9412,58.01,54.49,83.741
332,cell_08,2024-03-23 18:00:00,3.6588,3.4684,3.8216,1.8533,2.7937,39.51,47.51,0.1182,0.9606,55.77,51.08,83.851
333,cell_08,2024-03-24 00:00:00,3.6691,3.4794,3.8297,1.812,2.7537,38.81,49.16,0.0926,0.9416,53.22,52.17,84.132
334,cell_08,2024-03-24 06:00:00,3.6622,3.473,3.8201,1.8399,2.7948,38.64,46.64,0.0643,0.9578,55.64,53.52,84.292
335,cell_08,2024-03-24 12:00:00,3.6839,3.4936,3.8509,1.7215,2.6722,38.99,48.08,0.0973,0.9563,60.09,54.67,83.91
336,cell_08,2024-03-24 18:00:00,3.6814,3.4915,3.8394,1.7667,2.6667,38.06,46.88,0.112,0.9483,56.72,53.98,84.032
337,cell_08,2024-03-25 00:00:00,3.6646,3.4758,3.8223,1.7642,2.6642,40.0,48.0,0.0616,0.9358,56.44,53.57,84.497
338,cell_08,2024-03-25 06:00:00,3.6869,3.4915,3.8605,1.7899,2.7212,38.98,47.63,0.0627,0.9506,55.6,52.85,84.593
339,cell_08,2024-03-25 12:00:00,3.6694,3.4801,3.8273,1.7983,2.6983,41.92,49.92,0.0556,0.9289,55.27,52.02,84.274
340,cell_08,2024-03-25 18:00:00,3.68,3.4776,3.838,1.8435,2.7618,38.35,46.35,0.0727,0.9447,52.65,52.0,84.105
341,cell_08,2024-03-26 00:00:00,3.6822,3.4828,3.8541,1.8049,2.7049,38.82,46.82,0.0915,0.9524,56.3,52.66,84.004
342,cell_08,2024-03-26 06:00:00,3.6741,3.4763,3.8319,1.7629,2.6629,38.35,46.35,0.1137,0.9587,58.13,52.01,84.352
343,cell_08,2024-03-26 12:00:00,3.6852,3.4955,3.8432,1.9094,2.8094,41.8,52.08,0.1018,0.9485,52.27,52.48,84.096
344,cell_08,2024-03-26 18:00:00,3.6753,3.4864,3.845,1.7867,2.6867,36.83,45.67,0.0917,0.9439,59.32,53.04,84.467
345,cell_08,2024-03-27 00:00:00,3.6801,3.4841,3.8379,1.7547,2.6547,39.14,47.76,0.0849,0.9431,60.15,56.38,84.482
346,cell_08,2024-03-27 06:00:00,3.6737,3.4845,3.8316,1.7057,2.6057,39.47,47.47,0.0918,0.9453,58.12,58.76,84.314
347,cell_08,2024-03-27 12:00:00,3.6574,3.4675,3.8154,1.8045,2.7045,37.31,45.95,0.093,0.9562,57.19,50.36,84.041
348,cell_08,2024-03-27 18:00:00,3.6749,3.485,3.8328,1.8345,2.7629,42.96,50.96,0.1101,0.9535,52.88,50.17,84.064
349,cell_08,2024-03-28 00:00:00,3.6668,3.4761,3.8318,1.743,2.643,37.6,46.68,0.0836,0.9498,59.11,52.96,83.697
350,cell_08,2024-03-28 06:00:00,3.6902,3.5006,3.8481,1.8312,2.815,39.05,49.82,0.0892,0.9563,56.46,54.53,84.175
351,cell_08,2024-03-28 12:00:00,3.6626,3.4443,3.8205,1.8042,2.7657,41.53,49.53,0.0758,0.95,55.18,53.44,84.165
352,cell_08,2024-03-28 18:00:00,3.6879,3.4974,3.846,1.7113,2.6113,38.44,46.44,0.0863,0.9367,58.08,54.7,83.777
353,cell_08,2024-03-29 00:00:00,3.6756,3.4878,3.8331,1.8313,2.7412,39.22,49.05,0.0789,0.9389,56.11,50.32,84.9
354,cell_08,2024-03-29 06:00:00,3.6806,3.4855,3.8384,1.7867,2.7474,38.48,46.48,0.0602,0.956,55.41,51.19,84.357
355,cell_08,2024-03-29 12:00:00,3.6609,3.4688,3.8193,1.7437,2.6437,38.92,47.09,0.1015,0.9363,57.63,54.8,83.138
356,cell_08,2024-03-29 18:00:00,3.6729,3.4829,3.8476,1.8478,2.7478,40.62,48.62,0.1138,0.9462,56.67,52.93,84.006
357,cell_08,2024-03-30 00:00:00,3.6682,3.4724,3.8296,1.8469,2.8119,38.37,46.37,0.0833,0.9489,53.79,50.76,83.241
358,cell_08,2024-03-30 06:00:00,3.6965,3.4953,3.8547,1.7426,2.6772,35.02,45.63,0.0906,0.9397,55.89,53.49,83.639
359,cell_08,2024-03-30 12:00:00,3.6682,3.4768,3.8272,1.8147,2.7684,38.95,47.62,0.1012,0.9333,55.48,54.09,83.416
360,cell_08,2024-03-30 18:00:00,3.6864,3.4853,3.8448,1.8102,2.7259,39.09,48.89,0.0811,0.9383,56.03,54.45,83.251
361,cell_08,2024-03-31 00:00:00,3.6866,3.4948,3.8569,1.7966,2.6966,39.29,49.21,0.0878,0.9319,55.78,52.2,83.289
362,cell_08,2024-03-31 06:00:00,3.687,3.4962,3.8451,1.7742,2.6742,38.73,49.42,0.0797,0.9561,53.92,55.19,83.709
363,cell_08,2024-03-31 12:00:00,3.6691,3.4725,3.8274,1.7926,2.6994,37.71,45.71,0.073,0.954,56.75,55.07,83.358
364,cell_08,2024-03-31 18:00:00,3.6926,3.4806,3.8697,1.8469,2.8085,38.63,48.52,0.0944,0.9424,51.47,50.62,83.058
365,cell_08,2024-04-01 00:00:00,3.6938,3.5,3.8526,1.8205,2.7826,41.65,54.14,0.0943,0.9363,53.92,49.81,82.48
366,cell_08,2024-04-01 06:00:00,3.6785,3.4864,3.8448,1.7036,2.6571,38.94,46.94,0.1025,0.9617,58.09,54.89,83.186
367,cell_08,2024-04-01 12:00:00,3.6694,3.4728,3.8287,1.6928,2.6322,39.98,47.98,0.0839,0.9544,60.67,53.14,82.721
368,cell_08,2024-04-01 18:00:00,3.6663,3.4739,3.8247,1.7071,2.7177,37.45,45.45,0.06,0.9438,60.65,52.88,83.257
369,cell_08,2024-04-02 00:00:00,3.679,3.4862,3.8376,1.7321,2.6321,38.56,47.5,0.1062,0.9619,59.0,56.41,82.881
370,cell_08,2024-04-02 06:00:00,3.6748,3.4818,3.847,1.7622,2.6738,37.5,45.5,0.0693,0.9514,58.18,55.55,82.789
371,cell_08,2024-04-02 12:00:00,3.676,3.483,3.8393,1.7774,2.6774,40.94,48.94,0.069,0.9532,54.32,53.92,82.781
372,cell_08,2024-04-02 18:00:00,3.6614,3.4644,3.8258,1.7967,2.7743,36.67,44.67,0.0734,0.9396,56.82,54.82,83.278
373,cell_08,2024-04-03 00:00:00,3.674,3.4801,3.8417,1.7983,2.6983,39.56,47.78,0.0491,0.9348,56.38,54.66,82.442
374,cell_08,2024-04-03 06:00:00,3.6862,3.4825,3.8481,1.7976,2.748,39.51,51.1,0.0796,0.9343,57.08,53.8,83.194
375,cell_08,2024-04-03 12:00:00,3.6828,3.4905,3.8412,1.8572,2.7572,39.41,48.79,0.0964,0.9708,55.26,53.2,83.075
376,cell_08,2024-04-03 18:00:00,3.6703,3.4716,3.8288,1.7162,2.6372,35.48,43.48,0.0753,0.9417,56.05,57.54,82.95
377,cell_08,2024-04-04 00:00:00,3.6732,3.4775,3.8471,1.8167,2.7167,35.97,51.7,0.1108,0.9507,53.39,50.75,82.838
378,cell_08,2024-04-04 06:00:00,3.66,3.4678,3.8205,1.8165,2.7165,39.18,47.18,0.1095,0.9546,56.47,54.64,83.118
379,cell_08,2024-04-04 12:00:00,3.6674,3.4658,3.8268,1.7369,2.6535,37.62,45.62,0.1018,0.9498,55.12,57.04,82.692
380,cell_08,2024-04-04 18:00:00,3.6706,3.4774,3.8473,1.8267,2.7727,38.04,46.04,0.0453,0.9485,52.28,50.41,82.69
381,cell_08,2024-04-05 00:00:00,3.6806,3.4877,3.8392,1.8186,2.7186,38.36,46.36,0.1127,0.9482,57.27,52.63,82.844
382,cell_08,2024-04-05 06:00:00,3.6679,3.4763,3.8263,1.7978,2.7424,37.42,45.42,0.0793,0.9548,58.23,51.29,83.34
383,cell_08,2024-04-05 12:00:00,3.6632,3.4653,3.822,1.6791,2.631,37.16,46.19,0.1176,0.9396,57.91,55.3,82.371
384,cell_08,2024-04-05 18:00:00,3.682,3.4832,3.8406,1.8482,2.7482,39.0,47.0,0.0719,0.9456,51.23,51.85,82.975
385,cell_08,2024-04-06 00:00:00,3.6699,3.4769,3.8297,1.8113,2.8056,36.14,46.11,0.0812,0.927,54.28,49.56,82.781
386,cell_08,2024-04-06 06:00:00,3.6657,3.4726,3.8383,1.8202,2.7574,38.24,47.87,0.0858,0.9314,51.97,52.63,82.758
387,cell_08,2024-04-06 12:00:00,3.6817,3.4868,3.8489,1.6305,2.5305,38.0,46.0,0.0654,0.937,58.46,57.5,82.366
388,cell_08,2024-04-06 18:00:00,3.678,3.4838,3.8369,1.7734,2.7041,38.96,48.8,0.0516,0.9585,54.15,50.81,82.298
389,cell_08,2024-04-07 00:00:00,3.6713,3.4669,3.8582,1.7283,2.6802,42.58,50.58,0.036,0.9473,59.06,55.32,82.275
390,cell_08,2024-04-07 06:00:00,3.6688,3.4726,3.828,1.8647,2.7942,37.53,45.53,0.1431,0.957,51.81,52.17,81.529
1,cell_09,2024-01-01 00:00:00,3.6953,3.5458,3.8452,0.9506,1.5385,25.26,33.26,0.0944,0.9508,121.55,125.62,100.199
2,cell_09,2024-01-01 06:00:00,3.712,3.5521,3.8637,1.0003,1.5003,24.67,32.67,0.1593,0.9334,121.81,112.18,99.945
3,cell_09,2024-01-01 12:00:00,3.6957,3.5446,3.8634,0.9096,1.4732,25.82,36.0,0.1675,0.9815,136.64,129.34,99.575
4,cell_09,2024-01-01 18:00:00,3.7067,3.5562,3.8612,0.9983,1.4983,22.28,30.28,0.1693,0.9439,115.57,116.63,99.802
5,cell_09,2024-01-02 00:00:00,3.707,3.5566,3.857,1.0157,1.5157,24.19,34.12,0.1307,0.9561,113.32,117.31,99.865
6,cell_09,2024-01-02 06:00:00,3.6966,3.5378,3.8468,1.0224,1.5236,23.68,31.68,0.1705,0.9649,121.54,108.5,99.526
7,cell_09,2024-01-02 12:00:00,3.6876,3.5229,3.8474,0.95,1.45,23.84,31.84,0.1613,0.9529,128.48,123.97,100.111
8,cell_09,2024-01-02 18:00:00,3.6912,3.5412,3.8412,0.9631,1.4631,24.77,32.77,0.1612,0.9377,130.45,118.47,100.001
9,cell_09,2024-01-03 00:00:00,3.7125,3.5478,3.8626,1.0124,1.5597,23.63,32.73,0.1378,0.951,120.79,111.64,99.807
10,cell_09,2024-01-03 06:00:00,3.7054,3.5543,3.8654,1.0625,1.5625,27.52,35.52,0.1473,0.9316,116.35,107.22,100.296
11,cell_09,2024-01-03 12:00:00,3.7012,3.5508,3.8543,1.0046,1.5795,25.68,35.14,0.1866,0.9467,118.81,112.5,99.843
12,cell_09,2024-01-03 18:00:00,3.695,3.5393,3.8448,0.9721,1.4917,23.81,32.11,0.1835,0.9668,120.75,122.47,100.444
13,cell_09,2024-01-04 00:00:00,3.7172,3.5534,3.8672,1.0485,1.5485,22.39,30.39,0.149,0.9359,115.15,113.72,99.919
14,cell_09,2024-01-04 06:00:00,3.6908,3.5399,3.841,1.0065,1.5532,24.12,32.12,0.1538,0.9418,117.13,114.81,99.649
15,cell_09,2024-01-04 12:00:00,3.7009,3.55,3.8511,1.0089,1.5271,24.51,32.51,0.1061,0.9685,118.17,108.96,99.658
16,cell_09,2024-01-04 18:00:00,3.705,3.5549,3.858,1.0399,1.5399,24.05,32.74,0.1741,0.9483,115.53,108.67,99.962
17,cell_09,2024-01-05 00:00:00,3.6864,3.5291,3.8462,0.9952,1.4952,28.81,37.92,0.1649,0.9411,114.43,112.37,99.614
18,cell_09,2024-01-05 06:00:00,3.6924,3.5277,3.8466,0.9533,1.5283,22.52,31.84,0.1569,0.9539,127.21,121.71,99.978
19,cell_09,2024-01-05 12:00:00,3.6951,3.544,3.8452,0.9923,1.4923,25.08,33.08,0.138,0.9453,119.0,109.49,99.815
20,cell_09,2024-01-05 18:00:00,3.7083,3.5579,3.8584,1.0556,1.5556,24.81,32.81,0.1513,0.9228,117.0,109.54,99.808
21,cell_09,2024-01-06 00:00:00,3.6955,3.5409,3.8598,1.0946,1.5946,24.63,33.05,0.1793,0.9364,104.68,103.7,99.923
22,cell_09,2024-01-06 06:00:00,3.686,3.5366,3.8359,0.9391,1.4635,22.09,30.91,0.1572,0.9706,128.81,118.62,100.236
23,cell_09,2024-01-06 12:00:00,3.6843,3.5338,3.8421,1.0819,1.5819,24.94,32.94,0.2026,0.9533,109.12,100.3,99.772
24,cell_09,2024-01-06 18:00:00,3.6923,3.5371,3.8488,0.9817,1.4817,25.27,33.44,0.1662,0.9646,117.26,110.66,99.99
25,cell_09,2024-01-07 00:00:00,3.6852,3.5255,3.8428,1.001,1.501,26.06,34.06,0.1316,0.9397,118.92,118.67,100.068
26,cell_09,2024-01-07 06:00:00,3.707,3.5452,3.8616,1.085,1.5872,25.72,33.86,0.1418,0.9494,109.13,105.47,99.572
27,cell_09,2024-01-07 12:00:00,3.7082,3.5584,3.8657,0.9795,1.4938,26.83,34.83,0.1358,0.9483,125.73,117.12,100.092
28,cell_09,2024-01-07 18:00:00,3.7003,3.5447,3.8503,0.9863,1.4863,21.93,29.93,0.1672,0.9445,117.65,109.91,100.18
29,cell_09,2024-01-08 00:00:00,3.6977,3.5329,3.8627,0.9679,1.4679,24.65,33.7,0.1731,0.9521,128.37,121.42,100.225
30,cell_09,2024-01-08 06:00:00,3.7068,3.5305,3.857,1.0019,1.5099,28.76,36.76,0.1843,0.9389,113.9,109.88,99.602
31,cell_09,2024-01-08 12:00:00,3.7064,3.5507,3.8597,1.0156,1.5761,26.59,35.05,0.1434,0.9621,117.9,110.46,99.623
32,cell_09,2024-01-08 18:00:00,3.69,3.53,3.8401,0.9656,1.5076,22.82,31.8,0.1594,0.9547,126.02,119.78,99.919
33,cell_09,2024-01-09 00:00:00,3.6914,3.5411,3.8414,1.0725,1.5725,25.13,33.79,0.1756,0.9483,106.35,102.1,99.902
34,cell_09,2024-01-09 06:00:00,3.707,3.5568,3.857,0.9626,1.5126,23.43,31.43,0.181,0.9513,119.22,122.05,99.941
35,cell_09,2024-01-09 12:00:00,3.7023,3.5419,3.858,1.0249,1.5249,24.35,32.35,0.1254,0.947,114.16,114.88,99.761
36,cell_09,2024-01-09 18:00:00,3.706,3.5558,3.864,1.0013,1.5013,28.0,40.26,0.1624,0.9328,118.33,114.0,99.924
37,cell_09,2024-01-10 00:00:00,3.6897,3.5359,3.8402,1.0622,1.6342,26.44,37.23,0.1261,0.9401,110.24,104.86,99.102
38,cell_09,2024-01-10 06:00:00,3.6926,3.5284,3.8425,0.9598,1.4827,22.72,32.39,0.138,0.9482,131.0,115.75,100.066
39,cell_09,2024-01-10 12:00:00,3.7046,3.5475,3.8675,1.0286,1.538,23.85,32.4,0.1239,0.9465,112.77,113.44,99.998
40,cell_09,2024-01-10 18:00:00,3.6923,3.5337,3.8426,1.1211,1.6215,25.0,33.0,0.1376,0.9565,110.55,99.37,99.39
41,cell_09,2024-01-11 00:00:00,3.6842,3.5333,3.8344,0.9279,1.4431,24.6,32.6,0.121,0.9556,134.55,126.37,99.617
42,cell_09,2024-01-11 06:00:00,3.6934,3.5436,3.8434,0.955,1.4553,25.47,33.47,0.1264,0.9444,121.66,122.37,100.06
43,cell_09,2024-01-11 12:00:00,3.6973,3.5247,3.8722,1.1042,1.6042,23.84,31.84,0.1319,0.9404,111.0,101.2,99.566
44,cell_09,2024-01-11 18:00:00,3.7165,3.5533,3.8667,0.9933,1.4933,24.45,32.45,0.1561,0.9575,126.38,111.1,99.648
45,cell_09,2024-01-12 00:00:00,3.6918,3.5336,3.85,1.0057,1.5095,23.82,33.73,0.1507,0.9519,116.44,111.78,100.109
46,cell_09,2024-01-12 06:00:00,3.6996,3.5498,3.8496,0.9834,1.4834,24.45,32.45,0.1171,0.9438,122.26,114.19,100.167
47,cell_09,2024-01-12 12:00:00,3.7193,3.5674,3.8697,1.0827,1.5827,26.06,35.77,0.2048,0.9386,112.84,109.51,99.238
48,cell_09,2024-01-12 18:00:00,3.6882,3.526,3.8385,0.9193,1.4328,25.45,35.2,0.1402,0.9432,132.84,124.95,99.433
49,cell_09,2024-01-13 00:00:00,3.7063,3.5557,3.8564,1.0619,1.6109,23.95,36.6,0.1234,0.9539,116.52,108.9,99.782
50,cell_09,2024-01-13 06:00:00,3.6924,3.5408,3.8426,0.9261,1.4261,26.7,34.7,0.1617,0.9669,127.18,119.88,99.663
51,cell_09,2024-01-13 12:00:00,3.7035,3.5465,3.8537,0.9217,1.4217,26.6,34.6,0.1499,0.9479,124.83,121.5,99.656
52,cell_09,2024-01-13 18:00:00,3.7213,3.5659,3.872,0.9457,1.4457,25.0,33.24,0.1337,0.9417,127.4,118.51,98.658
53,cell_09,2024-01-14 00:00:00,3.7062,3.5378,3.8696,0.9936,1.4936,24.61,33.73,0.1578,0.9716,117.48,119.11,98.858
54,cell_09,2024-01-14 06:00:00,3.7015,3.5514,3.8515,0.9643,1.4643,27.64,35.64,0.1366,0.9463,126.24,120.28,99.98
55,cell_09,2024-01-14 12:00:00,3.69,3.5385,3.8476,0.9613,1.51,27.41,35.41,0.1441,0.9421,124.09,113.9,99.677
56,cell_09,2024-01-14 18:00:00,3.6973,3.5242,3.8544,0.9536,1.4536,22.73,31.84,0.1793,0.9459,124.5,124.9,99.346
57,cell_09,2024-01-15 00:00:00,3.6926,3.5308,3.8432,0.9545,1.4774,26.79,34.79,0.1525,0.9454,129.04,115.22,98.867
58,cell_09,2024-01-15 06:00:00,3.6842,3.532,3.8346,0.9534,1.4534,27.59,35.59,0.1623,0.9627,126.51,120.04,99.115
59,cell_09,2024-01-15 12:00:00,3.6778,3.5184,3.8281,1.0117,1.542,25.98,33.98,0.1396,0.9333,119.38,116.44,99.411
60,cell_09,2024-01-15 18:00:00,3.6899,3.537,3.8573,0.9682,1.5265,24.3,37.24,0.1531,0.9559,128.25,117.78,98.825
61,cell_09,2024-01-16 00:00:00,3.6982,3.5311,3.8487,0.8667,1.3667,24.48,34.15,0.1346,0.9499,133.95,136.09,99.028
62,cell_09,2024-01-16 06:00:00,3.7102,3.5504,3.8968,0.9981,1.5548,27.57,36.68,0.1337,0.9444,121.7,117.63,99.352
63,cell_09,2024-01-16 12:00:00,3.6917,3.5403,3.8497,1.0375,1.615,26.25,34.25,0.1418,0.9466,113.33,103.89,99.417
64,cell_09,2024-01-16 18:00:00,3.7005,3.5459,3.8544,0.9861,1.5534,25.82,35.2,0.1361,0.9475,121.77,116.8,99.083
65,cell_09,2024-01-17 00:00:00,3.6823,3.5269,3.8414,0.937,1.437,28.5,36.5,0.1708,0.9509,131.52,123.92,99.534
66,cell_09,2024-01-17 06:00:00,3.6913,3.5354,3.8415,1.0373,1.5373,23.49,31.89,0.1616,0.9455,120.01,107.91,99.525
67,cell_09,2024-01-17 12:00:00,3.6735,3.517,3.8359,0.9314,1.4314,24.86,33.35,0.1042,0.9493,126.18,125.96,98.655
68,cell_09,2024-01-17 18:00:00,3.7219,3.5654,3.872,0.9839,1.4929,25.28,33.28,0.1845,0.9422,125.61,119.15,99.684
69,cell_09,2024-01-18 00:00:00,3.7013,3.546,3.8602,0.9989,1.4989,24.68,32.68,0.1628,0.9718,117.61,112.01,99.543
70,cell_09,2024-01-18 06:00:00,3.7005,3.5487,3.8509,1.054,1.557,22.24,30.24,0.1729,0.9601,114.83,104.23,99.255
71,cell_09,2024-01-18 12:00:00,3.7041,3.552,3.8545,1.0289,1.5289,26.51,34.51,0.1466,0.9549,120.01,106.54,99.151
72,cell_09,2024-01-18 18:00:00,3.7245,3.573,3.8925,1.0119,1.5892,23.87,31.87,0.1201,0.9456,120.1,108.72,99.429
73,cell_09,2024-01-19 00:00:00,3.6947,3.5421,3.845,1.0465,1.5704,23.85,31.85,0.1235,0.9582,116.27,109.24,99.353
74,cell_09,2024-01-19 06:00:00,3.6888,3.5365,3.8393,0.9421,1.4421,24.46,34.59,0.1841,0.953,130.45,121.69,99.073
75,cell_09,2024-01-19 12:00:00,3.7195,3.5575,3.8794,1.079,1.5853,24.65,35.78,0.1175,0.9512,108.07,101.38,99.636
76,cell_09,2024-01-19 18:00:00,3.6855,3.5318,3.8362,0.8467,1.3593,24.82,32.82,0.1211,0.9447,143.07,133.32,98.523
77,cell_09,2024-01-20 00:00:00,3.7114,3.5588,3.8755,1.0714,1.5955,26.45,36.67,0.1413,0.9527,112.36,102.52,98.955
78,cell_09,2024-01-20 06:00:00,3.6982,3.5267,3.8486,0.9579,1.4614,26.75,34.75,0.1223,0.9668,124.95,123.26,99.289
79,cell_09,2024-01-20 12:00:00,3.703,3.5509,3.8535,1.019,1.5663,24.61,32.61,0.1607,0.9508,122.29,115.07,99.139
80,cell_09,2024-01-20 18:00:00,3.6847,3.5221,3.8432,1.0724,1.5724,24.1,32.1,0.1622,0.9474,110.21,101.35,99.364
81,cell_09,2024-01-21 00:00:00,3.724,3.5648,3.8799,1.028,1.528,24.81,32.81,0.1583,0.951,112.19,106.63,98.736
82,cell_09,2024-01-21 06:00:00,3.6948,3.5425,3.8453,1.0186,1.608,23.66,32.73,0.1377,0.9504,120.68,116.07,99.078
83,cell_09,2024-01-21 12:00:00,3.6922,3.541,3.8425,1.0433,1.5433,24.96,32.96,0.1558,0.9445,110.84,106.42,99.5
84,cell_09,2024-01-21 18:00:00,3.7035,3.5503,3.8572,0.926,1.4381,23.58,31.58,0.1857,0.9426,131.05,125.56,98.706
85,cell_09,2024-01-22 00:00:00,3.6922,3.5363,3.845,0.9335,1.4335,28.19,36.19,0.1213,0.9579,132.82,115.27,99.082
86,cell_09,2024-01-22 06:00:00,3.7027,3.5502,3.8532,1.0136,1.6214,25.19,33.19,0.1723,0.9621,120.97,110.03,98.995
87,cell_09,2024-01-22 12:00:00,3.6863,3.5344,3.8441,0.9901,1.5044,24.19,32.85,0.1662,0.9727,121.91,115.67,99.263
88,cell_09,2024-01-22 18:00:00,3.7004,3.5485,3.8564,0.9844,1.4844,26.06,35.33,0.1479,0.9546,126.14,113.75,99.272
89,cell_09,2024-01-23 00:00:00,3.6927,3.5297,3.8435,1.0619,1.6164,23.15,31.88,0.1533,0.9512,111.96,109.73,99.184
90,cell_09,2024-01-23 06:00:00,3.6908,3.5384,3.8412,1.0576,1.5576,23.93,33.82,0.1571,0.959,107.64,112.18,99.067
91,cell_09,2024-01-23 12:00:00,3.6893,3.5373,3.8412,0.954,1.4882,25.64,33.64,0.1305,0.9409,127.68,118.68,99.173
92,cell_09,2024-01-23 18:00:00,3.7075,3.5553,3.858,1.0221,1.5736,25.2,36.83,0.1174,0.9564,118.88,110.11,99.105
93,cell_09,2024-01-24 00:00:00,3.6952,3.5394,3.8456,0.9218,1.5231,26.57,34.57,0.1681,0.9604,133.78,125.25,99.145
94,cell_09,2024-01-24 06:00:00,3.6969,3.5447,3.8473,0.9206,1.4318,20.91,28.91,0.1251,0.9602,128.01,126.04,99.136
95,cell_09,2024-01-24 12:00:00,3.7018,3.5356,3.8526,0.9554,1.4578,26.23,34.23,0.1281,0.9667,119.14,111.91,98.338
96,cell_09,2024-01-24 18:00:00,3.7096,3.5564,3.8602,0.9974,1.4974,24.18,32.56,0.1397,0.944,114.15,112.19,98.801
97,cell_09,2024-01-25 00:00:00,3.6884,3.5301,3.8392,0.9673,1.4673,23.24,31.24,0.1557,0.9451,120.2,115.98,98.416
98,cell_09,2024-01-25 06:00:00,3.7011,3.5472,3.8648,1.0226,1.5226,22.42,30.42,0.14,0.9478,119.93,108.44,99.285
99,cell_09,2024-01-25 12:00:00,3.689,3.5358,3.8396,0.9992,1.4992,24.17,32.17,0.1355,0.9388,118.81,115.71,98.725
100,cell_09,2024-01-25 18:00:00,3.6954,3.5412,3.8476,1.0557,1.5557,27.38,35.38,0.1691,0.9554,108.07,110.49,98.318
101,cell_09,2024-01-26 00:00:00,3.7086,3.5552,3.8593,1.0273,1.5666,26.45,34.45,0.1433,0.9568,112.24,113.43,98.629
102,cell_09,2024-01-26 06:00:00,3.6739,3.5196,3.8379,0.9481,1.4481,27.45,37.06,0.134,0.9556,122.49,119.82,98.261
103,cell_09,2024-01-26 12:00:00,3.6885,3.5313,3.8559,1.045,1.5688,24.83,32.83,0.1579,0.9515,112.89,110.79,98.509
104,cell_09,2024-01-26 18:00:00,3.696,3.5432,3.8466,0.9569,1.4569,25.16,33.16,0.1512,0.9601,128.21,114.49,98.883
105,cell_09,2024-01-27 00:00:00,3.7025,3.5502,3.8602,1.0206,1.5206,22.63,30.63,0.1506,0.9558,122.27,105.18,99.107
106,cell_09,2024-01-27 06:00:00,3.7107,3.5583,3.8821,0.9754,1.4754,22.63,31.77,0.1589,0.944,123.04,115.9,99.023
107,cell_09,2024-01-27 12:00:00,3.6809,3.5208,3.8316,1.0662,1.5779,24.78,32.78,0.1473,0.9205,109.72,104.41,98.583
108,cell_09,2024-01-27 18:00:00,3.7122,3.5461,3.8727,1.0366,1.6051,22.94,30.94,0.1669,0.9467,110.66,112.92,98.711
109,cell_09,2024-01-28 00:00:00,3.7034,3.5503,3.854,0.9654,1.4654,23.71,32.28,0.1214,0.9504,122.93,120.2,98.782
110,cell_09,2024-01-28 06:00:00,3.6964,3.5227,3.8471,0.9807,1.4831,25.06,33.06,0.1748,0.9505,122.72,113.85,99.175
111,cell_09,2024-01-28 12:00:00,3.6828,3.5286,3.8336,1.1635,1.6877,26.91,34.91,0.1317,0.9482,99.65,91.44,98.319
112,cell_09,2024-01-28 18:00:00,3.6927,3.5401,3.8432,0.937,1.437,25.01,34.68,0.1173,0.9446,124.5,117.54,98.953
113,cell_09,2024-01-29 00:00:00,3.7075,3.5354,3.8693,0.964,1.464,22.96,30.96,0.1342,0.9415,126.22,114.39,98.172
114,cell_09,2024-01-29 06:00:00,3.6985,3.5457,3.8506,0.9664,1.4904,22.27,30.27,0.143,0.9397,124.71,118.76,98.854
115,cell_09,2024-01-29 12:00:00,3.6957,3.5262,3.8465,0.9421,1.4421,25.18,33.18,0.1353,0.9543,124.61,124.02,98.314
116,cell_09,2024-01-29 18:00:00,3.6877,3.5335,3.8419,0.9473,1.4473,24.06,34.03,0.1307,0.9609,125.23,114.81,98.295
117,cell_09,2024-01-30 00:00:00,3.705,3.551,3.8648,0.9946,1.4946,25.17,33.33,0.1702,0.9375,118.8,116.2,98.415
118,cell_09,2024-01-30 06:00:00,3.6959,3.5416,3.8468,1.0238,1.5238,24.69,32.69,0.1326,0.9494,111.43,112.05,98.267
119,cell_09,2024-01-30 12:00:00,3.6956,3.5294,3.8463,0.9203,1.4203,24.89,32.89,0.1048,0.9579,133.36,120.28,98.628
120,cell_09,2024-01-30 18:00:00,3.6973,3.5331,3.8479,0.9749,1.4749,26.8,36.3,0.143,0.9481,116.72,109.72,98.868
121,cell_09,2024-01-31 00:00:00,3.6903,3.535,3.8414,0.9598,1.4788,26.58,36.33,0.1909,0.9572,118.85,110.52,97.867
122,cell_09,2024-01-31 06:00:00,3.6895,3.5356,3.8537,0.9415,1.4415,25.55,33.55,0.1287,0.9608,126.26,120.7,98.448
123,cell_09,2024-01-31 12:00:00,3.6821,3.5209,3.833,1.0498,1.5877,23.66,31.96,0.132,0.9539,111.79,110.51,98.174
124,cell_09,2024-01-31 18:00:00,3.692,3.5389,3.8457,0.9617,1.4617,24.17,33.35,0.1419,0.945,124.42,118.7,98.772
125,cell_09,2024-02-01 00:00:00,3.6804,3.5141,3.8309,0.9315,1.4315,26.14,38.58,0.1809,0.9632,132.79,124.56,98.926
126,cell_09,2024-02-01 06:00:00,3.7025,3.5486,3.8533,1.044,1.584,26.95,35.73,0.1428,0.9473,110.74,107.53,98.448
127,cell_09,2024-02-01 12:00:00,3.6908,3.5365,3.8419,1.0626,1.5626,23.09,31.09,0.1295,0.9473,107.13,102.82,98.289
128,cell_09,2024-02-01 18:00:00,3.6931,3.5381,3.8441,1.0119,1.5119,27.29,35.29,0.1573,0.9551,111.84,105.08,98.016
129,cell_09,2024-02-02 00:00:00,3.6983,3.546,3.8487,0.953,1.5026,23.83,31.83,0.1558,0.947,119.27,122.49,99.085
130,cell_09,2024-02-02 06:00:00,3.6903,3.5317,3.8409,0.9861,1.4871,26.0,35.54,0.1597,0.9478,123.84,114.02,98.896
131,cell_09,2024-02-02 12:00:00,3.6851,3.5275,3.8362,0.9672,1.4672,29.2,37.2,0.1288,0.9463,120.95,119.97,97.907
132,cell_09,2024-02-02 18:00:00,3.7003,3.5388,3.8509,0.9975,1.4975,22.62,32.48,0.1387,0.9482,115.83,111.25,98.697
133,cell_09,2024-02-03 00:00:00,3.7161,3.5616,3.8671,1.0358,1.5969,25.76,33.76,0.1725,0.952,115.71,105.49,98.166
134,cell_09,2024-02-03 06:00:00,3.7066,3.5525,3.8603,0.9987,1.4987,24.53,33.86,0.1582,0.9303,121.44,114.23,98.348
135,cell_09,2024-02-03 12:00:00,3.71,3.5553,3.8609,0.9998,1.5021,25.67,35.56,0.1662,0.949,122.92,113.11,98.126
136,cell_09,2024-02-03 18:00:00,3.6839,3.5082,3.8349,0.9743,1.4743,24.07,33.68,0.1489,0.9324,119.36,117.01,97.9
137,cell_09,2024-02-04 00:00:00,3.6958,3.542,3.8466,1.0332,1.5332,21.28,29.82,0.1711,0.9459,116.55,103.98,98.486
138,cell_09,2024-02-04 06:00:00,3.6966,3.5443,3.8491,1.0184,1.5435,23.87,32.66,0.1559,0.9534,114.06,106.03,99.069
139,cell_09,2024-02-04 12:00:00,3.7116,3.5572,3.865,0.9081,1.4081,25.52,33.52,0.1395,0.9467,134.54,124.23,98.222
140,cell_09,2024-02-04 18:00:00,3.7073,3.5542,3.8595,0.9109,1.4109,27.02,35.02,0.1649,0.957,135.43,124.23,98.767
141,cell_09,2024-02-05 00:00:00,3.6966,3.5436,3.8472,0.9834,1.4834,25.61,34.11,0.1325,0.9535,122.15,109.64,98.815
142,cell_09,2024-02-05 06:00:00,3.6752,3.5187,3.8261,1.0485,1.5485,27.21,35.35,0.1809,0.9284,114.77,106.54,98.717
143,cell_09,2024-02-05 12:00:00,3.6871,3.5348,3.8375,1.0583,1.5583,24.26,34.11,0.1702,0.962,114.16,108.25,99.099
144,cell_09,2024-02-05 18:00:00,3.7045,3.5515,3.8683,1.0381,1.5381,24.14,32.14,0.1441,0.9525,115.23,108.96,98.787
145,cell_09,2024-02-06 00:00:00,3.6954,3.543,3.8469,0.9925,1.4925,25.51,33.83,0.1463,0.9443,119.02,110.01,99.041
146,cell_09,2024-02-06 06:00:00,3.6961,3.5415,3.8478,1.0732,1.6263,24.44,33.01,0.1526,0.9453,112.39,108.96,98.156
147,cell_09,2024-02-06 12:00:00,3.7042,3.551,3.8549,0.9639,1.4669,26.68,35.83,0.1465,0.9292,128.77,111.04,98.724
148,cell_09,2024-02-06 18:00:00,3.7097,3.5571,3.8603,0.9829,1.4956,22.89,32.79,0.1764,0.9522,123.77,112.02,98.953
149,cell_09,2024-02-07 00:00:00,3.6896,3.5252,3.8431,0.929,1.4929,26.29,34.29,0.1392,0.9565,124.52,115.1,98.268
150,cell_09,2024-02-07 06:00:00,3.7021,3.5457,3.8534,0.9827,1.4827,26.81,36.22,0.1199,0.9432,119.01,110.47,97.454
151,cell_09,2024-02-07 12:00:00,3.7133,3.5542,3.8642,0.9569,1.4765,25.55,33.55,0.1448,0.941,124.24,119.17,98.12
152,cell_09,2024-02-07 18:00:00,3.7117,3.5574,3.8626,1.0769,1.5926,26.37,35.65,0.1651,0.9514,104.94,98.83,98.283
153,cell_09,2024-02-08 00:00:00,3.6927,3.5394,3.8434,1.0671,1.6082,24.03,34.98,0.1703,0.9619,110.87,100.3,98.668
154,cell_09,2024-02-08 06:00:00,3.7004,3.5463,3.8513,1.0032,1.5032,23.75,31.75,0.1523,0.9609,112.95,108.28,98.33
155,cell_09,2024-02-08 12:00:00,3.7053,3.5486,3.868,1.0233,1.5233,25.53,35.96,0.1373,0.9583,115.63,104.27,98.501
156,cell_09,2024-02-08 18:00:00,3.6977,3.5261,3.8485,0.9698,1.4698,23.92,31.92,0.1491,0.9702,116.63,114.24,98.319
157,cell_09,2024-02-09 00:00:00,3.6952,3.5414,3.846,0.8732,1.3732,25.45,33.45,0.1369,0.9592,133.44,124.9,98.462
158,cell_09,2024-02-09 06:00:00,3.6804,3.5266,3.8312,0.9619,1.5775,25.45,33.45,0.1039,0.9616,128.44,114.53,98.48
159,cell_09,2024-02-09 12:00:00,3.6888,3.5255,3.8429,1.0374,1.5374,24.9,32.9,0.133,0.9509,108.12,111.87,98.31
160,cell_09,2024-02-09 18:00:00,3.6912,3.5254,3.8537,1.0219,1.5683,25.42,34.44,0.1602,0.9465,113.34,109.37,98.746
161,cell_09,2024-02-10 00:00:00,3.6858,3.533,3.8399,0.9804,1.5157,25.95,33.95,0.1446,0.9613,119.52,109.15,98.914
162,cell_09,2024-02-10 06:00:00,3.6983,3.5437,3.855,1.037,1.537,24.85,35.26,0.1438,0.9402,114.61,108.44,98.155
163,cell_09,2024-02-10 12:00:00,3.7065,3.5418,3.8572,0.9765,1.4765,24.28,33.67,0.1721,0.9542,126.77,110.34,98.565
164,cell_09,2024-02-10 18:00:00,3.6929,3.533,3.8476,0.9429,1.4459,26.23,34.69,0.1307,0.9439,126.55,113.07,98.071
165,cell_09,2024-02-11 00:00:00,3.6749,3.5095,3.8259,1.037,1.5568,25.41,33.41,0.1327,0.9534,117.84,105.75,97.974
166,cell_09,2024-02-11 06:00:00,3.697,3.5323,3.8482,0.9694,1.4859,25.68,33.68,0.1566,0.9527,118.19,113.41,98.811
167,cell_09,2024-02-11 12:00:00,3.7014,3.5436,3.8569,1.0513,1.639,25.87,33.87,0.1358,0.9516,110.73,103.07,99.102
168,cell_09,2024-02-11 18:00:00,3.6997,3.5442,3.8505,0.9001,1.4456,25.22,33.22,0.1357,0.9498,136.26,121.98,98.402
169,cell_09,2024-02-12 00:00:00,3.6914,3.539,3.85,0.9715,1.5044,24.48,34.36,0.181,0.9553,116.29,116.03,99.05
170,cell_09,2024-02-12 06:00:00,3.6854,3.5312,3.8363,1.0299,1.5783,24.07,32.07,0.1286,0.9569,114.02,105.97,98.306
171,cell_09,2024-02-12 12:00:00,3.7065,3.5526,3.86,1.0247,1.5923,24.87,32.87,0.1354,0.936,114.73,104.11,98.43
172,cell_09,2024-02-12 18:00:00,3.702,3.5375,3.8714,0.9889,1.4889,25.72,35.4,0.1588,0.9495,125.49,118.84,99.0
173,cell_09,2024-02-13 00:00:00,3.6905,3.5343,3.8464,1.0144,1.5144,25.79,33.79,0.149,0.9458,115.61,112.15,98.226
174,cell_09,2024-02-13 06:00:00,3.6832,3.5282,3.8338,1.007,1.507,25.22,33.22,0.1225,0.9519,122.49,114.25,98.775
175,cell_09,2024-02-13 12:00:00,3.6998,3.5458,3.8506,0.9255,1.4255,25.53,33.53,0.1857,0.9458,128.66,120.02,98.396
176,cell_09,2024-02-13 18:00:00,3.6885,3.5221,3.848,0.9818,1.4818,23.34,33.46,0.1341,0.9628,117.72,115.0,98.284
177,cell_09,2024-02-14 00:00:00,3.7013,3.5472,3.8626,1.0114,1.5164,24.3,32.3,0.1451,0.9493,112.59,113.22,98.347
178,cell_09,2024-02-14 06:00:00,3.6984,3.543,3.8494,1.0253,1.5253,26.01,36.19,0.1587,0.9599,114.41,107.15,97.85
179,cell_09,2024-02-14 12:00:00,3.7191,3.5532,3.8696,0.9967,1.5291,23.75,34.68,0.1932,0.9405,113.3,117.03,98.878
180,cell_09,2024-02-14 18:00:00,3.6963,3.5327,3.8473,0.9724,1.4876,25.21,35.85,0.1418,0.9472,119.05,118.28,98.083
181,cell_09,2024-02-15 00:00:00,3.717,3.5619,3.8698,0.9333,1.4515,25.08,33.08,0.1316,0.9439,126.26,116.99,97.971
182,cell_09,2024-02-15 06:00:00,3.6964,3.539,3.8537,1.0376,1.5376,24.83,32.83,0.16,0.9539,112.88,104.74,97.045
183,cell_09,2024-02-15 12:00:00,3.6891,3.532,3.8506,1.0321,1.5321,26.02,34.02,0.1918,0.9382,112.34,103.76,97.172
184,cell_09,2024-02-15 18:00:00,3.6855,3.5288,3.8368,1.0494,1.5494,25.34,37.28,0.1527,0.9329,116.48,105.78,97.344
185,cell_09,2024-02-16 00:00:00,3.6867,3.5292,3.8469,0.9461,1.4745,23.2,31.2,0.1443,0.9437,118.7,120.71,96.997
186,cell_09,2024-02-16 06:00:00,3.7003,3.5438,3.8659,1.0061,1.6022,25.77,35.88,0.1578,0.9556,121.91,111.07,97.368
187,cell_09,2024-02-16 12:00:00,3.697,3.5399,3.8485,0.9654,1.4743,24.24,33.2,0.1085,0.9419,123.09,112.98,97.161
188,cell_09,2024-02-16 18:00:00,3.6772,3.5108,3.8287,1.0023,1.5157,22.95,30.95,0.1377,0.9527,119.97,109.34,97.051
189,cell_09,2024-02-17 00:00:00,3.7062,3.5412,3.8651,1.1453,1.6453,26.11,34.11,0.1135,0.9435,103.37,98.86,97.353
190,cell_09,2024-02-17 06:00:00,3.7102,3.5384,3.8617,1.0452,1.5452,23.22,33.59,0.1428,0.9325,108.11,105.88,96.927
191,cell_09,2024-02-17 12:00:00,3.6766,3.5148,3.8282,0.9622,1.526,24.47,32.53,0.1397,0.9585,123.62,115.21,96.703
192,cell_09,2024-02-17 18:00:00,3.7057,3.5484,3.8628,0.9874,1.4919,25.44,33.44,0.0972,0.9565,122.07,113.36,97.063
193,cell_09,2024-02-18 00:00:00,3.7125,3.545,3.8639,0.9819,1.5139,24.89,32.89,0.1536,0.9496,121.64,115.55,97.09
194,cell_09,2024-02-18 06:00:00,3.6776,3.5201,3.8291,1.0062,1.5712,24.06,32.7,0.1624,0.9504,120.02,111.37,97.012
195,cell_09,2024-02-18 12:00:00,3.6915,3.5351,3.845,0.9238,1.4788,23.51,31.51,0.1461,0.9479,121.04,122.57,97.436
196,cell_09,2024-02-18 18:00:00,3.6873,3.5304,3.8387,1.0162,1.5178,23.86,33.05,0.1194,0.9397,120.12,110.98,97.229
197,cell_09,2024-02-19 00:00:00,3.7053,3.5438,3.8568,0.8941,1.3994,23.38,36.47,0.1753,0.9631,135.96,129.29,97.044
198,cell_09,2024-02-19 06:00:00,3.6915,3.5342,3.8476,0.9164,1.4164,24.81,33.85,0.1879,0.949,132.17,123.77,97.077
199,cell_09,2024-02-19 12:00:00,3.6911,3.5339,3.852,1.1001,1.625,24.18,35.79,0.158,0.9536,107.38,101.12,97.103
200,cell_09,2024-02-19 18:00:00,3.7001,3.5432,3.8554,0.982,1.482,22.93,30.93,0.1429,0.945,122.95,117.61,97.237
201,cell_09,2024-02-20 00:00:00,3.7112,3.5499,3.8763,1.0713,1.5888,24.57,33.93,0.1432,0.9544,109.9,107.67,97.095
202,cell_09,2024-02-20 06:00:00,3.6949,3.5375,3.8506,0.9595,1.5114,24.04,34.55,0.1587,0.9615,121.26,113.49,97.033
203,cell_09,2024-02-20 12:00:00,3.6903,3.5056,3.8604,0.8949,1.3949,25.4,36.16,0.1518,0.9517,135.22,127.11,96.679
204,cell_09,2024-02-20 18:00:00,3.6925,3.5346,3.8447,0.9475,1.4475,25.54,36.1,0.1587,0.9536,119.1,122.47,96.866
205,cell_09,2024-02-21 00:00:00,3.7023,3.5377,3.8563,1.1344,1.6344,27.01,35.05,0.159,0.9588,106.39,94.63,97.162
206,cell_09,2024-02-21 06:00:00,3.6824,3.5252,3.8379,0.9295,1.4629,25.97,35.75,0.1352,0.9571,124.66,117.85,97.135
207,cell_09,2024-02-21 12:00:00,3.6948,3.5305,3.8465,1.0888,1.6032,23.37,31.37,0.1335,0.9604,104.28,100.27,96.633
208,cell_09,2024-02-21 18:00:00,3.686,3.5283,3.8375,1.0173,1.5173,21.74,32.95,0.1444,0.9532,114.39,109.87,96.91
209,cell_09,2024-02-22 00:00:00,3.6832,3.5252,3.8348,1.006,1.551,22.72,30.72,0.1594,0.9532,117.05,115.04,96.8
210,cell_09,2024-02-22 06:00:00,3.6768,3.5036,3.828,0.9626,1.558,24.25,34.75,0.1188,0.9524,117.68,113.1,97.488
211,cell_09,2024-02-22 12:00:00,3.6906,3.5335,3.8627,0.9549,1.4549,22.59,32.68,0.1454,0.9586,125.15,119.08,97.154
212,cell_09,2024-02-22 18:00:00,3.7066,3.5496,3.8762,1.0282,1.5282,24.08,34.15,0.1493,0.9457,112.25,110.94,97.208
213,cell_09,2024-02-23 00:00:00,3.6758,3.5184,3.8272,1.066,1.5672,25.05,37.18,0.1403,0.9553,111.49,105.94,97.059
214,cell_09,2024-02-23 06:00:00,3.7008,3.5413,3.8523,1.0098,1.5098,24.16,34.26,0.1781,0.973,111.19,110.4,96.891
215,cell_09,2024-02-23 12:00:00,3.6889,3.5301,3.8405,1.037,1.5971,25.42,33.42,0.1746,0.9536,107.2,107.38,96.945
216,cell_09,2024-02-23 18:00:00,3.6852,3.5275,3.8366,0.9787,1.4929,24.09,33.27,0.1583,0.938,115.17,110.65,97.227
217,cell_09,2024-02-24 00:00:00,3.6989,3.5414,3.8504,1.1087,1.6087,23.86,31.86,0.1854,0.9471,101.64,95.93,97.001
218,cell_09,2024-02-24 06:00:00,3.709,3.5318,3.8603,1.0119,1.5119,27.56,35.56,0.1676,0.9562,118.32,107.62,97.23
219,cell_09,2024-02-24 12:00:00,3.7107,3.5388,3.8621,1.1017,1.6017,24.95,32.95,0.1527,0.9433,105.71,97.64,97.122
220,cell_09,2024-02-24 18:00:00,3.6986,3.5402,3.8522,0.9517,1.5202,25.17,34.44,0.1405,0.9402,125.75,118.26,97.168
221,cell_09,2024-02-25 00:00:00,3.6951,3.538,3.8542,0.9977,1.5291,26.27,34.27,0.1421,0.9362,119.77,115.17,97.183
222,cell_09,2024-02-25 06:00:00,3.6993,3.5258,3.8508,1.0536,1.5536,26.32,34.32,0.1576,0.9479,107.58,101.1,96.921
223,cell_09,2024-02-25 12:00:00,3.7199,3.5504,3.8859,1.0071,1.5125,24.45,33.45,0.1426,0.9661,120.03,111.36,96.756
224,cell_09,2024-02-25 18:00:00,3.6928,3.5345,3.8477,1.0259,1.5259,26.57,36.92,0.1197,0.9447,116.66,103.63,97.122
225,cell_09,2024-02-26 00:00:00,3.7074,3.539,3.8676,0.9511,1.4511,24.33,32.33,0.1424,0.9588,117.79,115.27,97.397
226,cell_09,2024-02-26 06:00:00,3.6894,3.5316,3.841,0.9797,1.4797,26.52,39.17,0.1706,0.9472,119.53,108.86,96.889
227,cell_09,2024-02-26 12:00:00,3.6854,3.5248,3.8429,0.9562,1.4562,23.15,31.15,0.0985,0.9461,119.14,111.77,95.777
228,cell_09,2024-02-26 18:00:00,3.7123,3.5517,3.8686,0.9957,1.4957,24.54,33.9,0.1781,0.9552,115.69,114.52,96.386
229,cell_09,2024-02-27 00:00:00,3.695,3.5366,3.8614,0.9906,1.4906,25.33,34.02,0.1615,0.9347,115.52,110.29,96.648
230,cell_09,2024-02-27 06:00:00,3.6967,3.5374,3.8551,0.9735,1.5584,25.54,33.54,0.1453,0.9667,118.64,108.1,96.284
231,cell_09,2024-02-27 12:00:00,3.6999,3.5351,3.8603,1.0316,1.5316,23.73,34.36,0.1558,0.9554,110.37,103.01,96.27
232,cell_09,2024-02-27 18:00:00,3.6857,3.5243,3.8375,0.9467,1.4467,22.53,30.53,0.1692,0.9605,121.76,120.3,96.418
233,cell_09,2024-02-28 00:00:00,3.6906,3.5322,3.8542,0.8925,1.3952,25.69,33.69,0.1507,0.9474,130.52,122.28,96.648
234,cell_09,2024-02-28 06:00:00,3.6887,3.5305,3.8403,0.9714,1.4714,24.69,32.69,0.169,0.955,122.25,118.72,96.729
235,cell_09,2024-02-28 12:00:00,3.698,3.5391,3.8498,1.1076,1.6154,24.41,32.41,0.167,0.9593,100.84,99.89,96.434
236,cell_09,2024-02-28 18:00:00,3.6983,3.5393,3.8529,1.0255,1.5255,27.48,37.61,0.1535,0.9491,108.68,107.26,96.411
237,cell_09,2024-02-29 00:00:00,3.6884,3.5292,3.8403,0.9577,1.4689,24.56,32.56,0.1278,0.9413,120.63,114.09,96.291
238,cell_09,2024-02-29 06:00:00,3.7153,3.5471,3.867,1.0223,1.5223,24.22,33.27,0.148,0.9406,113.23,110.94,96.696
239,cell_09,2024-02-29 12:00:00,3.6947,3.5364,3.8464,0.9933,1.4933,22.3,31.11,0.1092,0.9458,117.54,114.88,96.676
240,cell_09,2024-02-29 18:00:00,3.6963,3.5383,3.8516,1.0194,1.5507,23.38,32.02,0.1589,0.9523,115.26,104.02,96.816
241,cell_09,2024-03-01 00:00:00,3.7083,3.5498,3.86,1.044,1.5808,26.31,36.4,0.1416,0.9484,108.5,104.44,96.583
242,cell_09,2024-03-01 06:00:00,3.6855,3.5259,3.847,1.0097,1.6113,23.91,31.91,0.1377,0.9451,115.96,106.08,96.151
243,cell_09,2024-03-01 12:00:00,3.6895,3.5305,3.86,1.006,1.5407,25.94,34.05,0.1631,0.9568,114.98,113.88,96.439
244,cell_09,2024-03-01 18:00:00,3.6981,3.5352,3.8524,1.0743,1.5743,23.06,31.96,0.1246,0.9454,108.08,105.26,96.801
245,cell_09,2024-03-02 00:00:00,3.6793,3.517,3.8313,1.027,1.527,23.7,31.7,0.1522,0.944,113.25,104.26,96.023
246,cell_09,2024-03-02 06:00:00,3.6924,3.5268,3.8478,1.0097,1.5271,23.66,31.66,0.1432,0.9594,115.99,107.92,96.518
247,cell_09,2024-03-02 12:00:00,3.7155,3.5496,3.8671,1.0021,1.5752,25.72,33.72,0.1464,0.9555,117.06,108.99,96.629
248,cell_09,2024-03-02 18:00:00,3.714,3.5349,3.8654,0.9717,1.5145,24.68,32.68,0.1557,0.9377,123.93,119.15,97.145
249,cell_09,2024-03-03 00:00:00,3.7035,3.5444,3.88,0.9377,1.4377,23.33,31.33,0.1865,0.9367,123.31,116.83,96.364
250,cell_09,2024-03-03 06:00:00,3.7066,3.5455,3.8583,1.0335,1.5561,26.07,34.07,0.158,0.9389,116.99,101.05,96.507
251,cell_09,2024-03-03 12:00:00,3.7005,3.5397,3.855,1.0638,1.5749,25.74,34.1,0.1772,0.9497,114.36,106.52,97.05
252,cell_09,2024-03-03 18:00:00,3.6902,3.5312,3.8421,1.0214,1.5738,25.51,33.51,0.1779,0.9618,111.35,102.99,96.367
253,cell_09,2024-03-04 00:00:00,3.7117,3.5539,3.8633,1.0283,1.5434,25.44,35.15,0.1654,0.9645,117.35,108.87,96.866
254,cell_09,2024-03-04 06:00:00,3.685,3.5208,3.8417,0.9556,1.4688,23.72,33.46,0.1131,0.9575,120.0,115.08,96.33
255,cell_09,2024-03-04 12:00:00,3.7039,3.5402,3.8558,0.9702,1.4702,26.89,34.89,0.1452,0.9691,124.56,116.1,96.146
256,cell_09,2024-03-04 18:00:00,3.6894,3.5303,3.8413,0.9359,1.4755,24.85,32.85,0.1282,0.952,128.81,117.98,96.348
257,cell_09,2024-03-05 00:00:00,3.6898,3.5302,3.8417,0.9875,1.4875,25.4,33.4,0.2073,0.9611,116.15,107.22,96.168
258,cell_09,2024-03-05 06:00:00,3.7007,3.5429,3.8677,1.0492,1.5536,25.57,33.57,0.1299,0.9443,109.15,109.64,96.889
259,cell_09,2024-03-05 12:00:00,3.7137,3.5527,3.8758,0.9651,1.4651,23.58,31.58,0.1201,0.9344,121.07,117.71,95.592
260,cell_09,2024-03-05 18:00:00,3.7085,3.5428,3.8604,0.9963,1.4963,27.84,36.15,0.0946,0.9469,114.25,109.08,96.127
261,cell_09,2024-03-06 00:00:00,3.6976,3.5379,3.8495,1.0351,1.5643,24.96,34.64,0.1293,0.9487,113.24,107.1,96.136
262,cell_09,2024-03-06 06:00:00,3.6949,3.5353,3.8517,1.0604,1.5604,25.05,33.05,0.1525,0.9758,107.98,103.96,96.172
263,cell_09,2024-03-06 12:00:00,3.7026,3.544,3.8544,0.9176,1.4176,24.38,32.38,0.1717,0.95,126.26,120.36,96.536
264,cell_09,2024-03-06 18:00:00,3.7078,3.548,3.8822,0.9762,1.4762,26.72,34.72,0.1286,0.9398,116.68,107.36,96.078
265,cell_09,2024-03-07 00:00:00,3.6769,3.5178,3.8428,0.9631,1.4631,26.79,34.79,0.1734,0.9596,123.63,113.99,96.36
266,cell_09,2024-03-07 06:00:00,3.6932,3.5339,3.8514,0.9562,1.519,25.24,33.24,0.1487,0.9424,122.06,111.47,96.281
267,cell_09,2024-03-07 12:00:00,3.6842,3.5253,3.8359,0.9809,1.4809,22.8,32.72,0.1403,0.9514,120.18,115.63,96.464
268,cell_09,2024-03-07 18:00:00,3.6921,3.5311,3.844,0.9026,1.4985,24.75,33.6,0.1535,0.9588,131.96,125.92,96.171
269,cell_09,2024-03-08 00:00:00,3.6819,3.5227,3.8368,0.9816,1.5245,24.9,35.8,0.1784,0.9407,121.22,106.18,96.309
270,cell_09,2024-03-08 06:00:00,3.6762,3.5166,3.8317,1.0018,1.5018,24.32,32.32,0.151,0.9652,115.32,112.18,96.175
271,cell_09,2024-03-08 12:00:00,3.68,3.5187,3.8323,0.9478,1.4478,23.53,31.53,0.1278,0.9613,117.9,110.17,95.469
272,cell_09,2024-03-08 18:00:00,3.6888,3.5294,3.8407,0.9759,1.4759,22.67,30.67,0.1585,0.9535,116.73,106.63,96.245
273,cell_09,2024-03-09 00:00:00,3.6992,3.5357,3.8707,1.001,1.5169,27.21,36.0,0.1582,0.9675,115.13,103.24,95.536
274,cell_09,2024-03-09 06:00:00,3.6853,3.5243,3.8378,1.006,1.506,26.11,35.83,0.1462,0.9462,111.08,107.97,95.621
275,cell_09,2024-03-09 12:00:00,3.6846,3.5234,3.8411,0.9183,1.4183,25.05,33.62,0.1704,0.9579,128.31,122.49,95.508
276,cell_09,2024-03-09 18:00:00,3.6978,3.5296,3.8498,1.035,1.535,24.03,32.31,0.1042,0.9528,108.16,103.52,95.886
277,cell_09,2024-03-10 00:00:00,3.6963,3.5354,3.8622,1.0362,1.5719,25.54,35.25,0.1571,0.9436,108.91,109.9,95.622
278,cell_09,2024-03-10 06:00:00,3.7114,3.5452,3.8736,0.9629,1.4714,25.31,33.31,0.1657,0.9439,121.51,112.97,96.22
279,cell_09,2024-03-10 12:00:00,3.7032,3.543,3.8559,1.0839,1.5839,24.4,34.51,0.121,0.9703,108.3,97.58,95.925
280,cell_09,2024-03-10 18:00:00,3.6833,3.5225,3.8375,1.0228,1.5228,25.58,37.55,0.1203,0.9606,111.08,106.19,95.682
281,cell_09,2024-03-11 00:00:00,3.6865,3.5112,3.8416,1.0156,1.5156,25.77,33.77,0.17,0.9589,115.72,108.63,95.492
282,cell_09,2024-03-11 06:00:00,3.7011,3.5404,3.8542,1.0342,1.5498,26.03,34.03,0.1735,0.9437,115.55,105.59,95.732
283,cell_09,2024-03-11 12:00:00,3.685,3.5087,3.8426,0.9484,1.4484,23.67,31.67,0.1772,0.9571,117.3,114.59,95.921
284,cell_09,2024-03-11 18:00:00,3.6904,3.5298,3.8463,0.9823,1.5274,25.65,33.65,0.1361,0.9463,121.83,107.48,95.751
285,cell_09,2024-03-12 00:00:00,3.6765,3.5158,3.8286,1.0309,1.5395,26.77,35.55,0.154,0.967,111.85,108.08,95.723
286,cell_09,2024-03-12 06:00:00,3.6801,3.5103,3.8324,0.9601,1.4601,25.44,33.44,0.1567,0.9621,118.7,111.56,95.459
287,cell_09,2024-03-12 12:00:00,3.7073,3.5429,3.859,0.9824,1.5118,28.31,36.31,0.1159,0.9592,121.29,117.45,96.438
288,cell_09,2024-03-12 18:00:00,3.6952,3.5329,3.8549,1.0301,1.5495,24.73,34.84,0.1531,0.9582,114.66,104.81,95.705
289,cell_09,2024-03-13 00:00:00,3.6867,3.5251,3.8458,1.0155,1.5155,22.42,30.87,0.1528,0.9491,114.73,103.91,95.353
290,cell_09,2024-03-13 06:00:00,3.6883,3.5269,3.8537,1.001,1.5664,23.73,33.26,0.1649,0.9549,113.36,112.81,95.442
291,cell_09,2024-03-13 12:00:00,3.7106,3.5498,3.877,1.0031,1.5031,24.0,32.0,0.1386,0.9654,111.77,105.38,95.662
292,cell_09,2024-03-13 18:00:00,3.688,3.5157,3.8468,0.9913,1.5457,25.84,33.97,0.175,0.9547,115.01,106.94,96.348
293,cell_09,2024-03-14 00:00:00,3.6983,3.5206,3.8523,1.0426,1.5426,26.25,38.02,0.1516,0.9416,110.97,107.06,95.714
294,cell_09,2024-03-14 06:00:00,3.7022,3.54,3.8578,1.1045,1.654,25.2,33.2,0.1842,0.9625,104.59,96.63,95.653
295,cell_09,2024-03-14 12:00:00,3.7085,3.5485,3.8605,1.0146,1.5867,25.44,33.44,0.1649,0.9432,118.37,106.94,96.018
296,cell_09,2024-03-14 18:00:00,3.6855,3.5257,3.8455,1.0641,1.5641,27.87,37.04,0.1556,0.9497,107.84,102.36,96.04
297,cell_09,2024-03-15 00:00:00,3.6799,3.5199,3.8452,0.9782,1.4782,23.75,31.75,0.1264,0.9453,119.69,115.18,95.963
298,cell_09,2024-03-15 06:00:00,3.6827,3.5223,3.8452,0.9659,1.4817,24.89,34.33,0.1236,0.9239,120.95,113.98,95.825
299,cell_09,2024-03-15 12:00:00,3.7005,3.539,3.8583,0.9606,1.4606,24.32,32.32,0.182,0.9518,121.98,116.14,95.434
300,cell_09,2024-03-15 18:00:00,3.7132,3.5469,3.8655,0.9541,1.4541,23.24,31.24,0.1676,0.9717,126.07,120.01,95.54
301,cell_09,2024-03-16 00:00:00,3.7006,3.5363,3.8529,0.9853,1.4853,21.96,30.59,0.1443,0.9532,119.55,112.69,95.288
302,cell_09,2024-03-16 06:00:00,3.687,3.5104,3.8391,1.0443,1.5443,26.94,34.94,0.1417,0.9796,104.9,102.04,95.698
303,cell_09,2024-03-16 12:00:00,3.7053,3.5444,3.8575,1.0501,1.5501,23.85,31.85,0.1544,0.9485,112.69,106.74,95.638
304,cell_09,2024-03-16 18:00:00,3.6887,3.5257,3.8437,0.9745,1.5122,24.62,34.38,0.1231,0.9522,123.61,115.96,95.606
305,cell_09,2024-03-17 00:00:00,3.6855,3.5177,3.8375,0.9838,1.5178,25.65,34.89,0.1406,0.949,111.51,110.26,95.849
306,cell_09,2024-03-17 06:00:00,3.69,3.5187,3.8423,0.9999,1.4999,23.22,31.22,0.1623,0.9506,115.81,110.79,95.568
307,cell_09,2024-03-17 12:00:00,3.6877,3.5268,3.8405,1.0117,1.5148,23.75,32.79,0.1649,0.9537,114.6,107.68,95.663
308,cell_09,2024-03-17 18:00:00,3.6864,3.5214,3.8636,1.0293,1.5293,24.97,32.97,0.1426,0.9651,111.75,101.75,95.619
309,cell_09,2024-03-18 00:00:00,3.7059,3.5438,3.858,0.98,1.48,24.34,33.18,0.182,0.9416,121.65,114.07,95.755
310,cell_09,2024-03-18 06:00:00,3.6887,3.5253,3.8411,0.99,1.49,23.09,31.09,0.1709,0.9501,119.87,109.75,95.874
311,cell_09,2024-03-18 12:00:00,3.6772,3.515,3.8295,1.0677,1.6157,25.91,33.91,0.1346,0.9562,103.66,100.17,95.362
312,cell_09,2024-03-18 18:00:00,3.6997,3.5223,3.869,0.9861,1.5459,24.3,32.3,0.1245,0.9628,112.07,110.49,95.901
313,cell_09,2024-03-19 00:00:00,3.6842,3.5238,3.8363,0.9713,1.4713,25.21,33.21,0.1619,0.9284,114.47,113.47,95.844
314,cell_09,2024-03-19 06:00:00,3.6846,3.5243,3.857,0.9957,1.5517,25.09,33.46,0.141,0.936,120.03,112.75,95.891
315,cell_09,2024-03-19 12:00:00,3.6997,3.5374,3.8521,1.0039,1.5039,26.45,35.25,0.1372,0.9504,109.11,112.64,95.1
316,cell_09,2024-03-19 18:00:00,3.6855,3.5234,3.8473,0.923,1.423,25.53,33.53,0.1545,0.9612,125.54,119.83,95.168
317,cell_09,2024-03-20 00:00:00,3.6879,3.5223,3.8404,0.9778,1.4778,23.71,31.71,0.1644,0.9452,118.64,116.44,94.935
318,cell_09,2024-03-20 06:00:00,3.6932,3.5312,3.8456,1.021,1.521,26.74,34.74,0.1658,0.9567,108.73,102.46,95.193
319,cell_09,2024-03-20 12:00:00,3.6902,3.5187,3.8526,1.1002,1.6002,24.29,34.8,0.1511,0.9698,101.24,95.26,95.403
320,cell_09,2024-03-20 18:00:00,3.6881,3.5254,3.8539,0.9736,1.4799,23.78,31.78,0.1041,0.9501,120.91,114.54,94.911
321,cell_09,2024-03-21 00:00:00,3.669,3.5063,3.8215,1.0382,1.5771,23.56,31.56,0.1691,0.9477,108.83,105.69,94.922
322,cell_09,2024-03-21 06:00:00,3.691,3.529,3.8434,1.009,1.509,21.48,29.48,0.1339,0.9547,113.19,111.63,95.173
323,cell_09,2024-03-21 12:00:00,3.7084,3.5272,3.861,1.058,1.5643,24.09,32.56,0.1562,0.9518,106.44,104.09,94.817
324,cell_09,2024-03-21 18:00:00,3.6984,3.5354,3.8533,0.9691,1.5173,25.59,35.67,0.1476,0.9526,113.63,105.76,94.768
325,cell_09,2024-03-22 00:00:00,3.6889,3.5103,3.8414,1.0552,1.5552,22.96,30.96,0.1949,0.9482,107.51,104.63,95.11
326,cell_09,2024-03-22 06:00:00,3.697,3.5341,3.8496,1.0701,1.5701,27.56,36.87,0.1912,0.9474,103.91,97.98,94.854
327,cell_09,2024-03-22 12:00:00,3.6993,3.5294,3.8516,1.0722,1.5722,21.64,32.9,0.1408,0.94,104.58,100.81,95.35
328,cell_09,2024-03-22 18:00:00,3.6838,3.521,3.8364,1.0714,1.6714,23.83,32.08,0.1231,0.9561,103.06,102.95,94.844
329,cell_09,2024-03-23 00:00:00,3.7047,3.5233,3.8573,1.0095,1.5842,22.77,30.77,0.1247,0.9396,114.04,108.74,94.738
330,cell_09,2024-03-23 06:00:00,3.6941,3.5204,3.8466,1.0292,1.5292,26.38,34.38,0.1554,0.9418,108.38,103.9,94.982
331,cell_09,2024-03-23 12:00:00,3.6895,3.5188,3.842,0.979,1.538,25.98,33.98,0.1392,0.938,112.68,113.24,95.114
332,cell_09,2024-03-23 18:00:00,3.7085,3.5462,3.861,0.8889,1.3889,24.6,36.53,0.1278,0.9467,132.32,127.65,95.079
333,cell_09,2024-03-24 00:00:00,3.672,3.4908,3.8245,1.0128,1.5128,22.87,32.54,0.1395,0.9503,113.59,104.06,95.145
334,cell_09,2024-03-24 06:00:00,3.6805,3.4971,3.8427,0.992,1.492,23.2,33.0,0.159,0.939,118.82,104.6,94.817
335,cell_09,2024-03-24 12:00:00,3.6994,3.5377,3.8541,1.0482,1.5482,25.37,37.69,0.1484,0.9473,112.21,99.69,95.324
336,cell_09,2024-03-24 18:00:00,3.6985,3.5331,3.8669,1.0431,1.5431,23.99,34.67,0.1404,0.9516,107.31,102.8,94.487
337,cell_09,2024-03-25 00:00:00,3.7086,3.5362,3.8622,0.9469,1.4469,24.16,32.16,0.1429,0.9343,120.82,111.65,94.749
338,cell_09,2024-03-25 06:00:00,3.6699,3.5074,3.8224,1.117,1.6383,24.89,32.94,0.1468,0.9424,107.03,96.62,94.995
339,cell_09,2024-03-25 12:00:00,3.7003,3.5251,3.8531,1.0194,1.5522,24.38,37.1,0.1545,0.968,109.65,101.04,94.489
340,cell_09,2024-03-25 18:00:00,3.6795,3.5057,3.8333,0.9358,1.4358,22.38,30.38,0.1556,0.9429,118.15,112.18,94.605
341,cell_09,2024-03-26 00:00:00,3.6958,3.5318,3.851,0.9428,1.4428,23.0,31.0,0.117,0.9571,116.11,112.31,94.403
342,cell_09,2024-03-26 06:00:00,3.6913,3.5279,3.844,0.8911,1.3911,23.04,31.04,0.1533,0.9449,133.05,126.6,94.635
343,cell_09,2024-03-26 12:00:00,3.7008,3.5345,3.8533,1.0382,1.6177,23.91,31.91,0.1428,0.952,106.87,101.91,94.837
344,cell_09,2024-03-26 18:00:00,3.6895,3.5258,3.8422,0.9737,1.5051,25.14,33.14,0.1297,0.942,121.5,105.42,94.537
345,cell_09,2024-03-27 00:00:00,3.7018,3.5378,3.8545,0.958,1.5291,25.07,33.07,0.1425,0.931,119.38,110.14,94.434
346,cell_09,2024-03-27 06:00:00,3.6836,3.5162,3.8363,0.9678,1.5566,26.78,34.78,0.1731,0.9456,118.3,116.51,94.559
347,cell_09,2024-03-27 12:00:00,3.6917,3.5161,3.8442,0.985,1.485,22.89,32.11,0.1662,0.9544,114.62,109.14,95.029
348,cell_09,2024-03-27 18:00:00,3.6943,3.5317,3.8493,1.0288,1.5698,25.46,33.46,0.1519,0.9568,109.58,108.72,94.932
349,cell_09,2024-03-28 00:00:00,3.7085,3.5328,3.8636,0.9178,1.4178,23.82,33.84,0.1321,0.9514,121.29,114.46,94.46
350,cell_09,2024-03-28 06:00:00,3.7005,3.5307,3.8531,0.9465,1.4982,27.96,36.27,0.1228,0.9422,122.89,109.75,94.756
351,cell_09,2024-03-28 12:00:00,3.6939,3.5304,3.8466,1.0233,1.5646,24.84,33.2,0.1312,0.9592,113.59,105.35,94.598
352,cell_09,2024-03-28 18:00:00,3.6989,3.5364,3.8581,0.9703,1.4703,24.16,32.16,0.1502,0.9428,117.84,113.97,94.989
353,cell_09,2024-03-29 00:00:00,3.7028,3.5286,3.8687,1.0291,1.5493,25.41,37.31,0.1507,0.9434,109.79,108.65,94.64
354,cell_09,2024-03-29 06:00:00,3.6955,3.5318,3.8483,0.9751,1.4751,25.3,33.3,0.137,0.9402,117.9,107.49,94.522
355,cell_09,2024-03-29 12:00:00,3.6823,3.5118,3.8348,1.0787,1.5787,24.43,34.26,0.1676,0.9458,105.66,105.61,95.062
356,cell_09,2024-03-29 18:00:00,3.6977,3.5335,3.8552,1.0104,1.5104,25.89,33.89,0.1577,0.947,115.63,106.28,94.305
357,cell_09,2024-03-30 00:00:00,3.6917,3.5212,3.8444,1.0613,1.6067,27.27,35.27,0.097,0.9529,102.4,101.72,94.678
358,cell_09,2024-03-30 06:00:00,3.689,3.5221,3.8415,1.0259,1.5259,26.38,38.39,0.1522,0.9365,115.59,109.54,94.992
359,cell_09,2024-03-30 12:00:00,3.6843,3.5213,3.8369,1.0289,1.5289,24.78,34.15,0.1651,0.9454,110.81,103.99,94.782
360,cell_09,2024-03-30 18:00:00,3.6973,3.5263,3.8532,0.9624,1.4624,27.66,35.66,0.154,0.942,117.76,114.8,94.354
361,cell_09,2024-03-31 00:00:00,3.6965,3.5322,3.8494,1.0584,1.5584,25.72,33.72,0.1616,0.9543,105.71,102.26,94.264
362,cell_09,2024-03-31 06:00:00,3.6816,3.5168,3.8345,1.0108,1.5313,23.35,34.56,0.1447,0.953,112.06,102.04,94.087
363,cell_09,2024-03-31 12:00:00,3.6814,3.5188,3.8339,0.9523,1.5121,25.08,33.26,0.1487,0.9397,116.3,108.08,94.954
364,cell_09,2024-03-31 18:00:00,3.7102,3.5339,3.8693,0.8945,1.4202,24.67,32.67,0.1491,0.9549,126.3,125.5,94.169
365,cell_09,2024-04-01 00:00:00,3.7007,3.5375,3.8677,1.007,1.5362,24.19,32.19,0.1537,0.9495,111.73,111.37,94.723
366,cell_09,2024-04-01 06:00:00,3.692,3.5272,3.8449,1.0754,1.6123,25.47,33.47,0.1384,0.9579,102.82,104.81,94.081
367,cell_09,2024-04-01 12:00:00,3.699,3.534,3.8558,0.9546,1.4955,22.18,33.01,0.1718,0.9435,116.32,115.86,95.276
368,cell_09,2024-04-01 18:00:00,3.6865,3.5193,3.8394,0.953,1.5046,27.4,35.4,0.1785,0.9559,122.77,114.3,94.103
369,cell_09,2024-04-02 00:00:00,3.6901,3.5264,3.8439,0.9842,1.6094,25.92,33.92,0.1394,0.9586,119.28,106.13,94.522
370,cell_09,2024-04-02 06:00:00,3.6925,3.5297,3.8451,1.0551,1.5951,22.24,31.44,0.1266,0.9507,107.75,104.05,94.873
371,cell_09,2024-04-02 12:00:00,3.701,3.5365,3.8539,0.9082,1.4225,25.9,33.9,0.1231,0.971,121.16,118.13,94.224
372,cell_09,2024-04-02 18:00:00,3.6778,3.5045,3.8305,0.9675,1.4675,25.66,33.66,0.1581,0.9549,116.76,110.03,94.604
373,cell_09,2024-04-03 00:00:00,3.6813,3.5172,3.8341,0.9497,1.4652,27.2,35.21,0.1618,0.9676,124.29,115.43,94.35
374,cell_09,2024-04-03 06:00:00,3.6796,3.516,3.8433,1.0281,1.5858,27.59,35.65,0.1582,0.9752,113.44,100.26,94.551
375,cell_09,2024-04-03 12:00:00,3.7007,3.5329,3.8533,0.9929,1.4929,27.84,35.84,0.1599,0.9333,118.05,108.85,94.759
376,cell_09,2024-04-03 18:00:00,3.6904,3.5113,3.8433,0.9827,1.5456,24.58,33.53,0.1386,0.9615,117.5,112.38,94.306
377,cell_09,2024-04-04 00:00:00,3.6832,3.5204,3.8357,0.991,1.491,25.81,34.25,0.1102,0.9552,117.47,112.94,94.884
378,cell_09,2024-04-04 06:00:00,3.6896,3.5123,3.8423,1.0392,1.5392,24.28,32.28,0.1401,0.9524,105.34,103.6,94.54
379,cell_09,2024-04-04 12:00:00,3.6862,3.5186,3.8453,1.0561,1.5822,26.47,36.03,0.1831,0.9434,106.31,100.98,95.019
380,cell_09,2024-04-04 18:00:00,3.6769,3.5124,3.8298,1.0512,1.5512,21.76,29.76,0.1553,0.9411,111.08,102.92,94.185
381,cell_09,2024-04-05 00:00:00,3.704,3.5395,3.8634,1.0288,1.5517,23.09,32.7,0.1585,0.9395,106.37,100.34,94.234
382,cell_09,2024-04-05 06:00:00,3.69,3.5259,3.8627,1.0692,1.5692,24.35,36.51,0.1681,0.9722,101.4,96.28,94.357
383,cell_09,2024-04-05 12:00:00,3.7039,3.5374,3.8569,0.9534,1.4972,24.91,32.91,0.1332,0.9549,122.49,116.25,94.063
384,cell_09,2024-04-05 18:00:00,3.6776,3.5143,3.8302,1.0194,1.5292,25.25,33.25,0.1545,0.9364,114.61,101.75,94.705
385,cell_09,2024-04-06 00:00:00,3.6966,3.5216,3.8494,1.1174,1.6174,26.91,37.67,0.1602,0.9395,97.91,95.47,94.404
386,cell_09,2024-04-06 06:00:00,3.6767,3.5034,3.8297,0.9082,1.4219,24.02,32.02,0.1313,0.9297,124.67,117.0,94.083
387,cell_09,2024-04-06 12:00:00,3.7157,3.5512,3.8727,0.9733,1.4733,23.06,34.85,0.1573,0.9619,110.8,115.92,94.18
388,cell_09,2024-04-06 18:00:00,3.674,3.5094,3.8269,0.9482,1.4703,24.42,32.42,0.1759,0.9505,114.98,115.66,94.166
389,cell_09,2024-04-07 00:00:00,3.71,3.5406,3.8659,1.0144,1.5144,24.09,32.09,0.142,0.9551,109.31,109.41,94.704
390,cell_09,2024-04-07 06:00:00,3.6916,3.5281,3.8444,1.0719,1.5719,25.83,38.56,0.1156,0.95,108.03,102.37,94.564
391,cell_09,2024-04-07 12:00:00,3.6898,3.5257,3.8506,1.0269,1.5269,27.29,36.01,0.1535,0.9595,108.15,102.28,94.387
392,cell_09,2024-04-07 18:00:00,3.6974,3.5277,3.8502,0.9891,1.5574,27.15,38.4,0.1369,0.946,117.98,107.11,94.317
393,cell_09,2024-04-08 00:00:00,3.6822,3.5095,3.8437,1.0273,1.5273,26.63,34.63,0.1536,0.953,104.97,101.22,94.355
394,cell_09,2024-04-08 06:00:00,3.7003,3.5377,3.8528,0.9855,1.5663,24.15,32.15,0.1332,0.9527,109.9,110.33,94.961
395,cell_09,2024-04-08 12:00:00,3.7001,3.536,3.8531,1.0097,1.5097,24.76,32.76,0.1512,0.9384,109.89,101.8,94.357
396,cell_09,2024-04-08 18:00:00,3.6921,3.5289,3.8448,1.0309,1.5918,25.64,35.66,0.1745,0.9428,112.76,109.15,94.684
397,cell_09,2024-04-09 00:00:00,3.694,3.5298,3.8468,1.0876,1.6398,23.84,32.61,0.1494,0.947,108.77,95.71,94.328
398,cell_09,2024-04-09 06:00:00,3.7117,3.5484,3.8914,1.0225,1.5706,23.98,31.98,0.117,0.9532,109.36,102.65,94.932
399,cell_09,2024-04-09 12:00:00,3.6968,3.5307,3.85,1.0109,1.5132,25.56,34.75,0.1575,0.9639,111.67,105.31,93.538
400,cell_09,2024-04-09 18:00:00,3.6834,3.5188,3.8363,1.1018,1.6018,22.95,31.03,0.1504,0.9512,97.84,95.56,94.146
401,cell_09,2024-04-10 00:00:00,3.698,3.5113,3.8512,0.9022,1.4022,26.64,34.64,0.1543,0.9491,118.38,114.21,93.676
402,cell_09,2024-04-10 06:00:00,3.6865,3.5227,3.8392,0.9954,1.4954,24.4,33.12,0.1695,0.9531,108.49,113.84,94.568
403,cell_09,2024-04-10 12:00:00,3.6838,3.5191,3.8368,0.9629,1.4629,25.81,33.81,0.1395,0.9484,112.54,108.82,94.099
404,cell_09,2024-04-10 18:00:00,3.6952,3.5276,3.8485,0.9881,1.4881,25.31,34.79,0.1442,0.9498,117.65,110.45,93.378
405,cell_09,2024-04-11 00:00:00,3.6803,3.509,3.8493,1.0302,1.5302,26.88,34.88,0.1294,0.9652,110.58,106.05,93.61
406,cell_09,2024-04-11 06:00:00,3.6916,3.5268,3.8561,1.049,1.549,21.81,29.81,0.1539,0.9478,111.92,99.51,94.095
407,cell_09,2024-04-11 12:00:00,3.6971,3.5078,3.8503,0.974,1.474,26.89,34.89,0.1533,0.9526,119.16,106.97,93.579
408,cell_09,2024-04-11 18:00:00,3.7094,3.5433,3.8708,1.0335,1.5397,26.86,34.86,0.1448,0.9436,111.51,103.58,93.556
409,cell_09,2024-04-12 00:00:00,3.6965,3.5301,3.8498,0.9551,1.4551,25.42,33.42,0.1649,0.9626,115.67,115.75,93.428
410,cell_09,2024-04-12 06:00:00,3.6752,3.5084,3.8286,0.936,1.436,25.78,34.65,0.1293,0.9409,115.22,116.48,93.286
411,cell_09,2024-04-12 12:00:00,3.6774,3.5117,3.8306,1.0035,1.5117,25.89,33.89,0.1525,0.9493,107.61,104.24,93.707
412,cell_09,2024-04-12 18:00:00,3.7069,3.535,3.8604,0.9891,1.5397,23.65,31.65,0.162,0.9598,107.61,102.17,93.122
413,cell_09,2024-04-13 00:00:00,3.6838,3.5172,3.8465,1.0745,1.6273,25.08,34.66,0.1392,0.9413,100.94,100.21,93.397
414,cell_09,2024-04-13 06:00:00,3.6746,3.5029,3.828,1.1064,1.6217,26.34,34.34,0.1225,0.9587,96.22,95.78,93.195
415,cell_09,2024-04-13 12:00:00,3.6797,3.5081,3.846,0.9696,1.4696,22.32,31.85,0.1161,0.9295,117.48,107.75,93.171
416,cell_09,2024-04-13 18:00:00,3.6978,3.5309,3.8526,0.9094,1.4272,25.71,33.71,0.1531,0.9391,121.67,118.68,93.244
417,cell_09,2024-04-14 00:00:00,3.6909,3.5195,3.8443,0.9316,1.5216,25.13,33.13,0.1839,0.9491,120.33,119.42,93.161
418,cell_09,2024-04-14 06:00:00,3.6968,3.5307,3.85,0.9582,1.4833,25.94,33.94,0.1378,0.9741,116.9,116.02,93.546
419,cell_09,2024-04-14 12:00:00,3.6891,3.5214,3.8601,1.0104,1.5234,23.09,31.09,0.159,0.9515,107.99,106.69,92.939
420,cell_09,2024-04-14 18:00:00,3.6792,3.513,3.8326,0.9869,1.5406,23.88,31.88,0.1015,0.9517,109.31,113.23,93.511
421,cell_09,2024-04-15 00:00:00,3.6719,3.5026,3.8253,0.9371,1.4395,22.91,31.47,0.1575,0.9615,119.84,112.13,93.191
422,cell_09,2024-04-15 06:00:00,3.6813,3.5018,3.8433,1.0893,1.5893,22.89,30.89,0.1282,0.9391,106.28,93.33,93.087
423,cell_09,2024-04-15 12:00:00,3.6908,3.5233,3.8501,1.0331,1.5561,26.25,34.25,0.1421,0.9197,110.75,102.13,93.028
1,cell_10,2024-01-01 00:00:00,3.7089,3.5501,3.8589,1.3778,2.0318,31.32,39.74,0.0961,0.9553,85.92,80.85,100.036
2,cell_10,2024-01-01 06:00:00,3.7034,3.5505,3.8535,1.3446,2.0421,29.44,37.44,0.0984,0.9475,88.82,88.75,99.809
3,cell_10,2024-01-01 12:00:00,3.7023,3.5335,3.8562,1.2498,1.9071,28.3,37.84,0.1572,0.9631,98.83,90.52,99.632
4,cell_10,2024-01-01 18:00:00,3.7116,3.5545,3.8615,1.2814,1.9314,30.49,38.49,0.1059,0.9448,92.12,91.94,100.128
5,cell_10,2024-01-02 00:00:00,3.7101,3.5485,3.8604,1.3212,1.9712,31.7,39.7,0.122,0.9343,88.63,81.49,99.55
6,cell_10,2024-01-02 06:00:00,3.7043,3.5541,3.8637,1.3576,2.0712,29.83,40.5,0.1151,0.9408,84.16,83.68,99.944
7,cell_10,2024-01-02 12:00:00,3.6831,3.5289,3.8334,1.2997,1.9497,31.2,39.2,0.1239,0.9562,87.47,84.79,99.311
8,cell_10,2024-01-02 18:00:00,3.6902,3.5403,3.8421,1.3277,1.9777,30.46,38.74,0.1214,0.9461,93.18,89.97,100.021
9,cell_10,2024-01-03 00:00:00,3.6935,3.5374,3.8436,1.2834,1.9334,29.45,37.45,0.0949,0.9509,90.17,85.82,99.782
10,cell_10,2024-01-03 06:00:00,3.6999,3.5381,3.8498,1.2794,2.0043,31.84,39.84,0.132,0.9476,98.34,85.03,100.17
11,cell_10,2024-01-03 12:00:00,3.7149,3.5508,3.8649,1.2264,1.9261,30.02,38.67,0.1064,0.9518,93.48,89.59,99.933
12,cell_10,2024-01-03 18:00:00,3.72,3.5691,3.8702,1.3221,1.9721,31.56,39.56,0.1057,0.9609,93.21,81.97,99.648
13,cell_10,2024-01-04 00:00:00,3.7035,3.5527,3.8536,1.2754,1.9489,28.81,40.18,0.1139,0.9653,90.2,87.39,99.702
14,cell_10,2024-01-04 06:00:00,3.7048,3.5535,3.881,1.2358,1.9471,31.21,41.21,0.1362,0.9403,97.93,96.58,99.503
15,cell_10,2024-01-04 12:00:00,3.6842,3.533,3.8398,1.2704,1.9377,31.94,40.38,0.1075,0.9593,96.42,93.35,99.516
16,cell_10,2024-01-04 18:00:00,3.695,3.5397,3.851,1.3143,1.9703,31.53,39.53,0.1218,0.952,88.38,86.97,99.516
17,cell_10,2024-01-05 00:00:00,3.6939,3.5431,3.8441,1.3334,1.9834,32.34,40.34,0.1281,0.9378,90.23,88.16,99.649
18,cell_10,2024-01-05 06:00:00,3.6929,3.5417,3.8432,1.2908,2.0031,31.97,39.97,0.1251,0.9549,95.12,86.97,99.519
19,cell_10,2024-01-05 12:00:00,3.7055,3.5551,3.8556,1.3534,2.0034,31.45,41.87,0.124,0.9685,85.59,87.54,99.821
20,cell_10,2024-01-05 18:00:00,3.6942,3.5276,3.8446,1.3745,2.0245,32.27,40.62,0.0919,0.9426,86.76,79.73,99.155
21,cell_10,2024-01-06 00:00:00,3.6799,3.528,3.8303,1.2857,1.9357,30.44,39.07,0.1225,0.9477,92.93,87.1,99.236
22,cell_10,2024-01-06 06:00:00,3.7088,3.5493,3.8766,1.3487,1.9987,31.78,41.82,0.1017,0.9339,91.59,81.36,100.253
23,cell_10,2024-01-06 12:00:00,3.7114,3.5603,3.8616,1.2666,1.9409,31.03,42.29,0.0848,0.9488,93.01,93.72,99.556
24,cell_10,2024-01-06 18:00:00,3.702,3.5504,3.8523,1.235,1.943,33.78,44.69,0.1107,0.9516,97.97,90.18,99.382
25,cell_10,2024-01-07 00:00:00,3.6978,3.5303,3.8492,1.2528,1.9198,31.41,40.5,0.1096,0.9697,99.78,88.28,99.678
26,cell_10,2024-01-07 06:00:00,3.6909,3.5272,3.8409,1.2568,1.9935,29.07,37.07,0.1792,0.9407,97.4,87.98,99.916
27,cell_10,2024-01-07 12:00:00,3.6914,3.5286,3.8415,1.2781,1.9281,31.38,40.25,0.1395,0.9596,89.25,88.84,99.878
28,cell_10,2024-01-07 18:00:00,3.7099,3.5576,3.8755,1.3991,2.0491,29.57,37.57,0.1357,0.953,82.33,81.08,99.462
29,cell_10,2024-01-08 00:00:00,3.6918,3.5406,3.842,1.2738,1.9238,32.09,41.66,0.1118,0.9723,92.81,90.7,99.532
30,cell_10,2024-01-08 06:00:00,3.7195,3.5678,3.8697,1.2812,1.9312,32.12,40.12,0.1163,0.9518,92.38,91.5,99.586
31,cell_10,2024-01-08 12:00:00,3.7092,3.5532,3.8603,1.3077,1.9577,30.09,39.89,0.1714,0.9495,90.01,88.84,99.78
32,cell_10,2024-01-08 18:00:00,3.7029,3.5522,3.8531,1.234,1.884,29.44,37.54,0.1073,0.9585,96.4,92.04,99.7
33,cell_10,2024-01-09 00:00:00,3.7263,3.5748,3.8766,1.3073,1.9888,31.2,39.97,0.1251,0.9549,95.3,87.01,99.411
34,cell_10,2024-01-09 06:00:00,3.7121,3.556,3.885,1.3328,1.9828,29.64,37.64,0.1568,0.9594,92.34,89.39,99.533
35,cell_10,2024-01-09 12:00:00,3.6951,3.5422,3.8453,1.3741,2.0241,29.74,37.74,0.1055,0.9556,83.84,82.17,99.606
36,cell_10,2024-01-09 18:00:00,3.69,3.531,3.8399,1.3657,2.0157,30.24,39.13,0.123,0.9352,87.49,82.01,100.131
37,cell_10,2024-01-10 00:00:00,3.6952,3.5291,3.8503,1.3182,2.007,31.94,39.94,0.1196,0.9552,92.35,87.49,99.633
38,cell_10,2024-01-10 06:00:00,3.6997,3.5424,3.8495,1.2888,2.0208,28.77,36.77,0.1022,0.955,90.43,90.51,100.5
39,cell_10,2024-01-10 12:00:00,3.6915,3.5401,3.852,1.2917,1.9417,29.87,37.87,0.1355,0.9426,88.2,91.77,99.411
40,cell_10,2024-01-10 18:00:00,3.6872,3.5347,3.8377,1.3204,2.0175,34.6,43.28,0.0977,0.9529,94.08,84.13,98.986
41,cell_10,2024-01-11 00:00:00,3.7017,3.5469,3.8532,1.2977,1.9477,33.93,44.94,0.1355,0.9316,94.72,87.58,99.597
42,cell_10,2024-01-11 06:00:00,3.7086,3.55,3.8616,1.2955,2.007,32.81,40.81,0.1286,0.9526,96.01,88.98,99.806
43,cell_10,2024-01-11 12:00:00,3.718,3.5585,3.8682,1.2533,1.9033,31.07,39.07,0.138,0.9568,98.08,92.62,99.634
44,cell_10,2024-01-11 18:00:00,3.7001,3.549,3.8595,1.3335,2.0169,32.13,42.23,0.1161,0.9596,91.19,80.98,99.55
45,cell_10,2024-01-12 00:00:00,3.7051,3.5535,3.8619,1.3149,1.9649,30.42,38.44,0.1278,0.957,93.1,89.79,99.377
46,cell_10,2024-01-12 06:00:00,3.6806,3.519,3.8361,1.2622,1.9122,26.94,36.43,0.1405,0.9411,94.75,86.74,99.406
47,cell_10,2024-01-12 12:00:00,3.7068,3.55,3.8574,1.3745,2.0245,30.14,38.14,0.0918,0.9353,84.16,79.57,98.793
48,cell_10,2024-01-12 18:00:00,3.6895,3.5361,3.8397,1.3104,1.969,30.29,38.29,0.0958,0.9594,87.64,88.55,99.749
49,cell_10,2024-01-13 00:00:00,3.7021,3.5506,3.8524,1.2288,1.8788,31.04,40.69,0.1316,0.954,98.0,89.27,99.378
50,cell_10,2024-01-13 06:00:00,3.6993,3.5279,3.8668,1.3472,2.0121,31.72,41.07,0.1365,0.9549,86.43,81.22,99.835
51,cell_10,2024-01-13 12:00:00,3.6966,3.5424,3.8469,1.2664,1.9164,33.48,41.48,0.1227,0.9668,97.17,93.65,99.332
52,cell_10,2024-01-13 18:00:00,3.6844,3.5331,3.8346,1.2795,1.9565,31.05,39.05,0.1384,0.9339,93.62,89.96,99.475
53,cell_10,2024-01-14 00:00:00,3.6911,3.5364,3.8524,1.2907,1.9407,29.49,37.49,0.1128,0.968,96.73,91.68,99.127
54,cell_10,2024-01-14 06:00:00,3.6892,3.5371,3.8396,1.3432,2.0153,30.71,38.71,0.1453,0.9444,87.57,80.29,99.153
55,cell_10,2024-01-14 12:00:00,3.6926,3.5401,3.8431,1.2971,1.9879,31.97,39.97,0.1185,0.9582,90.85,82.76,99.005
56,cell_10,2024-01-14 18:00:00,3.7083,3.5495,3.8762,1.3309,1.9809,30.83,39.46,0.1044,0.9499,86.03,81.71,97.665
57,cell_10,2024-01-15 00:00:00,3.6932,3.5378,3.848,1.2213,1.8713,29.79,37.79,0.1485,0.9465,94.08,86.89,97.843
58,cell_10,2024-01-15 06:00:00,3.6909,3.536,3.8503,1.2448,1.9691,31.79,39.79,0.1365,0.9349,94.68,89.56,98.437
59,cell_10,2024-01-15 12:00:00,3.7035,3.5486,3.8617,1.3016,1.9516,29.29,38.04,0.111,0.9433,86.43,90.02,98.017
60,cell_10,2024-01-15 18:00:00,3.7006,3.5463,3.8527,1.2637,1.9137,29.68,40.82,0.1114,0.9547,96.4,87.29,98.248
61,cell_10,2024-01-16 00:00:00,3.7178,3.5573,3.8695,1.2898,1.9718,31.62,41.8,0.132,0.9536,87.78,89.0,98.289
62,cell_10,2024-01-16 06:00:00,3.7076,3.5533,3.8673,1.3373,2.0084,29.82,37.82,0.1,0.9595,91.8,85.09,98.303
63,cell_10,2024-01-16 12:00:00,3.677,3.5174,3.828,1.2598,1.9098,30.47,39.25,0.1264,0.9431,92.32,84.23,97.91
64,cell_10,2024-01-16 18:00:00,3.7059,3.5505,3.8739,1.2632,1.9132,31.02,40.94,0.1166,0.9575,93.23,86.41,98.533
65,cell_10,2024-01-17 00:00:00,3.704,3.5477,3.8549,1.3055,2.0042,30.94,38.94,0.1243,0.9507,94.33,86.81,98.069
66,cell_10,2024-01-17 06:00:00,3.714,3.5598,3.8751,1.1937,1.8437,29.55,37.55,0.0796,0.9563,101.18,89.84,98.297
67,cell_10,2024-01-17 12:00:00,3.6951,3.5402,3.8511,1.3504,2.1143,31.49,40.16,0.1019,0.9551,85.21,82.41,98.058
68,cell_10,2024-01-17 18:00:00,3.709,3.5557,3.8597,1.3065,1.9565,29.62,38.6,0.1251,0.9453,88.89,87.73,98.696
69,cell_10,2024-01-18 00:00:00,3.6943,3.5312,3.8498,1.3047,1.9547,33.48,42.23,0.1411,0.9525,87.47,84.66,98.555
70,cell_10,2024-01-18 06:00:00,3.7002,3.5458,3.8524,1.273,1.9401,30.4,39.85,0.1174,0.9546,93.87,86.21,98.215
71,cell_10,2024-01-18 12:00:00,3.6866,3.5317,3.8375,1.3345,2.0119,31.91,40.34,0.1345,0.9579,89.61,85.75,98.072
72,cell_10,2024-01-18 18:00:00,3.6826,3.519,3.8338,1.2919,1.9419,32.1,40.1,0.0904,0.9651,94.12,85.33,97.536
73,cell_10,2024-01-19 00:00:00,3.7048,3.5484,3.8561,1.3613,2.0959,30.47,38.47,0.111,0.9437,84.02,81.85,97.416
74,cell_10,2024-01-19 06:00:00,3.6959,3.539,3.8523,1.2145,1.8809,29.55,37.55,0.1256,0.9383,91.92,88.39,97.235
75,cell_10,2024-01-19 12:00:00,3.6836,3.5275,3.8348,1.3032,1.9532,32.09,40.09,0.1188,0.9629,87.34,87.97,97.586
76,cell_10,2024-01-19 18:00:00,3.7044,3.5376,3.8644,1.3021,1.9714,28.87,37.99,0.1353,0.9371,94.03,86.27,97.514
77,cell_10,2024-01-20 00:00:00,3.6689,3.5118,3.8201,1.3156,2.0261,29.1,37.1,0.1149,0.9603,93.27,88.69,97.493
78,cell_10,2024-01-20 06:00:00,3.6878,3.528,3.8392,1.3702,2.1006,31.91,42.05,0.1151,0.9409,83.93,83.1,97.257
79,cell_10,2024-01-20 12:00:00,3.6798,3.5209,3.831,1.2318,1.8915,30.7,38.7,0.1331,0.9437,95.0,91.28,97.615
80,cell_10,2024-01-20 18:00:00,3.7081,3.5337,3.8796,1.2303,1.8803,29.94,38.35,0.1093,0.9492,98.28,91.33,97.392
81,cell_10,2024-01-21 00:00:00,3.6917,3.5351,3.8733,1.2823,1.9323,30.25,39.92,0.1018,0.9355,90.91,85.03,97.361
82,cell_10,2024-01-21 06:00:00,3.6971,3.541,3.8684,1.2054,1.8554,29.81,38.7,0.1293,0.9403,101.58,91.73,97.555
83,cell_10,2024-01-21 12:00:00,3.6993,3.5427,3.8505,1.4153,2.0653,34.27,42.27,0.1007,0.9333,85.44,79.95,97.483
84,cell_10,2024-01-21 18:00:00,3.7037,3.5464,3.8552,1.3467,1.9986,32.53,40.79,0.1484,0.9567,88.59,82.31,97.078
85,cell_10,2024-01-22 00:00:00,3.7028,3.5378,3.8542,1.3259,1.9866,29.76,37.76,0.0832,0.9499,89.11,87.58,97.206
86,cell_10,2024-01-22 06:00:00,3.7044,3.5402,3.8634,1.3391,2.0455,30.53,38.53,0.114,0.9501,84.89,83.55,97.602
87,cell_10,2024-01-22 12:00:00,3.6935,3.5371,3.8659,1.3636,2.0136,31.9,40.34,0.1525,0.9494,83.02,77.28,97.428
88,cell_10,2024-01-22 18:00:00,3.7038,3.546,3.8644,1.2693,1.9193,29.54,37.54,0.1595,0.9498,94.93,83.57,96.86
89,cell_10,2024-01-23 00:00:00,3.6899,3.509,3.843,1.2819,1.955,30.16,38.65,0.1182,0.9452,89.04,82.69,97.652
90,cell_10,2024-01-23 06:00:00,3.6921,3.5357,3.8434,1.3171,1.9671,30.55,41.46,0.1421,0.9596,86.49,87.9,97.428
91,cell_10,2024-01-23 12:00:00,3.6803,3.5223,3.8318,1.2748,1.9475,29.68,38.28,0.1355,0.9324,94.59,85.16,97.124
92,cell_10,2024-01-23 18:00:00,3.7126,3.5431,3.8649,1.2536,2.0401,32.64,40.64,0.1102,0.9356,88.86,91.56,97.242
93,cell_10,2024-01-24 00:00:00,3.6863,3.53,3.8464,1.2735,1.9622,29.93,37.93,0.1293,0.9636,93.86,86.77,97.492
94,cell_10,2024-01-24 06:00:00,3.7093,3.5383,3.8609,1.3191,1.9845,30.83,40.65,0.1028,0.9527,89.06,87.34,96.78
95,cell_10,2024-01-24 12:00:00,3.7017,3.5456,3.857,1.3456,1.9956,31.18,39.18,0.0888,0.9298,82.99,82.51,97.569
96,cell_10,2024-01-24 18:00:00,3.6986,3.5247,3.8525,1.2365,1.8981,33.38,41.38,0.1301,0.9532,91.83,93.53,97.738
97,cell_10,2024-01-25 00:00:00,3.6986,3.5355,3.8513,1.2905,2.0174,30.87,38.87,0.1313,0.9341,88.03,86.88,96.604
98,cell_10,2024-01-25 06:00:00,3.6844,3.5261,3.836,1.2973,1.9473,34.21,42.21,0.0963,0.963,86.99,82.87,96.683
99,cell_10,2024-01-25 12:00:00,3.7102,3.5287,3.8634,1.2305,1.9401,30.46,40.24,0.1171,0.9592,90.62,89.75,96.103
100,cell_10,2024-01-25 18:00:00,3.6913,3.5268,3.843,1.3224,1.9956,30.67,38.67,0.0963,0.971,90.77,81.26,96.619
101,cell_10,2024-01-26 00:00:00,3.7047,3.5457,3.8565,1.2946,2.026,32.41,41.52,0.1108,0.947,93.14,82.19,96.39
102,cell_10,2024-01-26 06:00:00,3.6887,3.5288,3.8495,1.2531,1.9575,33.88,43.15,0.1113,0.9378,89.0,85.73,96.058
103,cell_10,2024-01-26 12:00:00,3.6804,3.5145,3.8479,1.2759,1.9354,30.6,38.6,0.1348,0.9446,91.42,84.33,96.444
104,cell_10,2024-01-26 18:00:00,3.7145,3.5417,3.868,1.3268,1.983,32.85,40.85,0.11,0.9448,86.64,82.83,96.435
105,cell_10,2024-01-27 00:00:00,3.6891,3.5272,3.8407,1.3489,1.9989,32.27,41.43,0.0948,0.9539,85.02,82.96,96.766
106,cell_10,2024-01-27 06:00:00,3.6996,3.538,3.8589,1.317,2.0158,29.86,38.14,0.1543,0.9317,92.07,87.79,96.663
107,cell_10,2024-01-27 12:00:00,3.6639,3.4885,3.8177,1.3953,2.0453,30.97,38.97,0.1299,0.9499,78.89,78.26,96.097
108,cell_10,2024-01-27 18:00:00,3.6939,3.5289,3.8571,1.3558,2.0115,30.94,39.86,0.1379,0.9399,89.38,83.29,96.406
109,cell_10,2024-01-28 00:00:00,3.7006,3.5417,3.8535,1.3276,1.9776,29.45,39.48,0.1322,0.9449,85.55,82.7,96.403
110,cell_10,2024-01-28 06:00:00,3.696,3.5369,3.8537,1.2649,1.9149,31.25,39.25,0.1388,0.9638,92.07,86.26,96.379
111,cell_10,2024-01-28 12:00:00,3.6933,3.5283,3.8626,1.3566,2.0176,31.12,39.12,0.1287,0.96,88.78,80.11,96.213
112,cell_10,2024-01-28 18:00:00,3.6931,3.5302,3.8574,1.2616,1.9116,31.56,39.8,0.1293,0.9573,93.44,90.96,96.83
113,cell_10,2024-01-29 00:00:00,3.7029,3.5323,3.8548,1.3373,1.9873,31.1,39.1,0.1225,0.9564,88.55,78.88,96.117
114,cell_10,2024-01-29 06:00:00,3.6823,3.5206,3.8447,1.1778,1.8612,30.0,38.28,0.1112,0.9474,94.65,91.63,96.804
115,cell_10,2024-01-29 12:00:00,3.6914,3.5243,3.8435,1.2753,1.9338,34.67,42.67,0.1377,0.9495,90.84,87.7,95.877
116,cell_10,2024-01-29 18:00:00,3.7086,3.5456,3.8605,1.2301,1.8878,31.33,39.33,0.1147,0.9343,92.06,87.23,96.19
117,cell_10,2024-01-30 00:00:00,3.68,3.5117,3.84,1.2857,1.9357,32.95,40.95,0.1224,0.9377,89.37,81.11,96.533
118,cell_10,2024-01-30 06:00:00,3.6929,3.5254,3.8602,1.223,1.9255,31.66,39.66,0.1274,0.9513,91.71,86.8,95.988
119,cell_10,2024-01-30 12:00:00,3.6831,3.5233,3.8351,1.3014,1.9514,33.26,42.73,0.1291,0.9388,89.62,80.0,96.084
120,cell_10,2024-01-30 18:00:00,3.6977,3.5389,3.8495,1.3234,2.0087,29.84,37.84,0.0997,0.9569,87.79,81.28,96.465
121,cell_10,2024-01-31 00:00:00,3.694,3.5302,3.8461,1.2675,1.9824,30.87,38.87,0.124,0.9495,87.31,84.58,95.786
122,cell_10,2024-01-31 06:00:00,3.6855,3.526,3.8372,1.284,1.934,30.33,38.33,0.0996,0.947,92.39,89.89,96.636
123,cell_10,2024-01-31 12:00:00,3.6954,3.5241,3.847,1.311,1.961,30.14,39.27,0.1236,0.9439,86.65,86.86,96.748
124,cell_10,2024-01-31 18:00:00,3.6958,3.5356,3.8524,1.2976,1.9476,31.4,40.86,0.1356,0.9545,90.25,81.63,96.761
125,cell_10,2024-02-01 00:00:00,3.6885,3.5295,3.8403,1.3674,2.031,30.63,39.15,0.156,0.9568,87.72,77.18,96.402
126,cell_10,2024-02-01 06:00:00,3.6901,3.5305,3.8534,1.2657,1.9157,28.86,38.29,0.1316,0.9412,90.25,91.15,96.176
127,cell_10,2024-02-01 12:00:00,3.6878,3.5283,3.8532,1.3269,1.9769,30.55,40.87,0.1373,0.9448,88.21,84.14,96.195
128,cell_10,2024-02-01 18:00:00,3.6718,3.5055,3.8236,1.313,1.963,30.42,38.74,0.0982,0.9481,91.28,84.79,96.39
129,cell_10,2024-02-02 00:00:00,3.7038,3.5446,3.8556,1.2206,1.8706,32.32,40.32,0.1308,0.9532,95.88,90.82,96.343
130,cell_10,2024-02-02 06:00:00,3.7062,3.5402,3.8581,1.3044,1.9544,28.83,36.83,0.0977,0.9531,92.77,80.97,96.19
131,cell_10,2024-02-02 12:00:00,3.6777,3.5196,3.8293,1.2957,1.9903,30.23,38.23,0.144,0.949,85.88,83.04,96.779
132,cell_10,2024-02-02 18:00:00,3.7064,3.5454,3.8583,1.2754,1.9254,29.87,38.66,0.0987,0.9571,89.3,85.4,96.23
133,cell_10,2024-02-03 00:00:00,3.6991,3.5368,3.8517,1.3887,2.0387,32.12,40.12,0.1005,0.9486,85.28,78.96,96.735
134,cell_10,2024-02-03 06:00:00,3.6835,3.5243,3.8353,1.3643,2.0143,30.18,38.41,0.1351,0.936,84.64,84.49,96.334
135,cell_10,2024-02-03 12:00:00,3.691,3.5255,3.8599,1.2619,1.9131,32.57,40.57,0.1536,0.9634,88.52,82.04,95.388
136,cell_10,2024-02-03 18:00:00,3.6862,3.5089,3.8385,1.3318,1.9818,30.93,38.93,0.1412,0.9598,84.66,77.6,95.532
137,cell_10,2024-02-04 00:00:00,3.7025,3.5412,3.8641,1.3372,1.9872,31.73,40.19,0.1129,0.9362,87.62,84.97,95.502
138,cell_10,2024-02-04 06:00:00,3.6838,3.5213,3.8361,1.3073,1.9769,32.66,40.66,0.1002,0.9518,89.99,86.41,95.307
139,cell_10,2024-02-04 12:00:00,3.7145,3.5508,3.8674,1.2451,2.0337,29.2,37.2,0.1114,0.963,93.3,85.52,95.52
140,cell_10,2024-02-04 18:00:00,3.7049,3.5429,3.8616,1.2524,1.9024,30.63,38.63,0.1225,0.947,95.12,85.35,95.556
141,cell_10,2024-02-05 00:00:00,3.6815,3.5209,3.835,1.3264,1.9764,31.63,40.34,0.1185,0.9577,86.9,83.18,95.846
142,cell_10,2024-02-05 06:00:00,3.7094,3.5479,3.8618,1.3253,1.9753,31.3,39.3,0.0994,0.9611,89.15,79.46,95.372
143,cell_10,2024-02-05 12:00:00,3.7,3.5378,3.8524,1.2857,1.9825,29.05,40.64,0.1457,0.9527,85.29,87.67,95.116
144,cell_10,2024-02-05 18:00:00,3.6912,3.5246,3.8436,1.3658,2.0158,32.04,42.62,0.1462,0.9714,87.66,77.49,95.147
145,cell_10,2024-02-06 00:00:00,3.7008,3.541,3.8528,1.3747,2.0897,31.07,39.07,0.1577,0.9565,87.0,75.97,96.06
146,cell_10,2024-02-06 06:00:00,3.7014,3.5346,3.8574,1.3741,2.0241,31.19,40.45,0.0868,0.951,86.03,78.91,94.786
147,cell_10,2024-02-06 12:00:00,3.6849,3.5154,3.8557,1.3743,2.0339,30.67,40.94,0.1038,0.9483,86.1,80.73,94.993
148,cell_10,2024-02-06 18:00:00,3.7014,3.5357,3.8573,1.2992,1.9824,26.23,34.23,0.125,0.9495,91.09,87.69,95.358
149,cell_10,2024-02-07 00:00:00,3.6884,3.5263,3.8468,1.2333,1.9214,31.82,40.52,0.1201,0.9444,88.76,89.13,95.166
150,cell_10,2024-02-07 06:00:00,3.7015,3.5374,3.8646,1.2839,1.9685,31.88,39.88,0.111,0.9389,93.02,81.33,95.596
151,cell_10,2024-02-07 12:00:00,3.692,3.5309,3.8442,1.2943,1.9576,30.37,39.73,0.1029,0.941,85.67,85.62,95.57
152,cell_10,2024-02-07 18:00:00,3.6826,3.5205,3.8351,1.2685,1.9762,28.77,36.77,0.1,0.9486,93.32,81.84,95.147
153,cell_10,2024-02-08 00:00:00,3.6999,3.5187,3.8521,1.281,1.931,30.2,40.22,0.1605,0.958,90.23,82.48,95.759
154,cell_10,2024-02-08 06:00:00,3.6887,3.5261,3.8497,1.2422,1.8922,32.49,40.49,0.0915,0.9533,89.76,85.29,94.977
155,cell_10,2024-02-08 12:00:00,3.6942,3.5269,3.8667,1.3357,1.9857,30.39,38.39,0.0888,0.9517,83.84,77.36,95.086
156,cell_10,2024-02-08 18:00:00,3.6972,3.5206,3.8495,1.3814,2.1056,31.03,40.33,0.0962,0.9712,80.99,77.65,95.436
157,cell_10,2024-02-09 00:00:00,3.7066,3.5392,3.8703,1.4191,2.0924,30.5,40.3,0.1238,0.9668,81.77,78.11,94.572
158,cell_10,2024-02-09 06:00:00,3.6882,3.5259,3.8433,1.3124,1.9965,31.47,39.47,0.1145,0.9409,88.97,78.7,95.068
159,cell_10,2024-02-09 12:00:00,3.6847,3.5233,3.837,1.2914,1.9414,29.02,37.02,0.1283,0.957,88.04,84.21,95.435
160,cell_10,2024-02-09 18:00:00,3.7077,3.5432,3.8606,1.2982,1.989,30.7,39.38,0.1059,0.9381,86.43,80.33,94.184
161,cell_10,2024-02-10 00:00:00,3.6923,3.5285,3.8449,1.3681,2.0181,32.64,40.64,0.1218,0.9527,80.82,79.6,94.863
162,cell_10,2024-02-10 06:00:00,3.6874,3.5242,3.8455,1.3672,2.0172,29.62,37.62,0.1217,0.9363,82.75,79.36,95.248
163,cell_10,2024-02-10 12:00:00,3.6959,3.5332,3.8607,1.288,1.938,30.59,38.59,0.1515,0.9439,89.84,81.03,94.883
164,cell_10,2024-02-10 18:00:00,3.6882,3.5099,3.841,1.3602,2.0102,32.58,46.4,0.1556,0.9562,84.32,82.05,94.391
165,cell_10,2024-02-11 00:00:00,3.689,3.525,3.8469,1.3081,1.9581,32.12,40.12,0.117,0.9455,83.42,82.3,94.43
166,cell_10,2024-02-11 06:00:00,3.7174,3.5535,3.8702,1.2632,1.9406,31.68,41.45,0.1371,0.9392,91.79,89.58,94.436
167,cell_10,2024-02-11 12:00:00,3.6813,3.5014,3.8342,1.2923,1.9542,31.58,39.58,0.1232,0.9431,91.66,87.25,94.1
168,cell_10,2024-02-11 18:00:00,3.6775,3.5139,3.8344,1.3852,2.0948,31.56,39.56,0.1354,0.9406,84.48,75.79,94.572
169,cell_10,2024-02-12 00:00:00,3.7039,3.5345,3.8759,1.3361,1.9861,30.65,38.65,0.1277,0.9541,80.63,83.81,94.418
170,cell_10,2024-02-12 06:00:00,3.6872,3.5154,3.8402,1.2747,1.9991,32.65,40.65,0.1347,0.962,91.34,86.01,93.998
171,cell_10,2024-02-12 12:00:00,3.6945,3.53,3.8474,1.3469,1.9969,30.3,38.3,0.1371,0.948,79.99,79.16,94.202
172,cell_10,2024-02-12 18:00:00,3.6971,3.522,3.8502,1.3357,2.0515,29.51,37.51,0.1285,0.9603,81.21,82.74,93.83
173,cell_10,2024-02-13 00:00:00,3.674,3.5086,3.8312,1.2845,1.9345,28.92,36.92,0.1227,0.9443,85.84,83.01,94.318
174,cell_10,2024-02-13 06:00:00,3.703,3.539,3.8558,1.2627,1.9311,30.08,38.08,0.1409,0.949,89.64,85.16,94.401
175,cell_10,2024-02-13 12:00:00,3.6859,3.5217,3.8545,1.2444,1.8944,30.06,38.39,0.1173,0.9678,94.08,85.24,94.318
176,cell_10,2024-02-13 18:00:00,3.7106,3.5467,3.867,1.2178,1.8678,29.93,37.93,0.1085,0.9482,95.96,91.58,94.419
177,cell_10,2024-02-14 00:00:00,3.6835,3.4913,3.8363,1.2673,1.9463,29.24,38.5,0.0889,0.9607,88.15,88.45,94.294
178,cell_10,2024-02-14 06:00:00,3.7074,3.5358,3.8601,1.2911,1.9411,31.56,39.56,0.1285,0.9428,87.59,80.36,94.483
179,cell_10,2024-02-14 12:00:00,3.7082,3.5299,3.865,1.363,2.013,29.58,37.58,0.1338,0.9498,79.91,79.24,93.855
180,cell_10,2024-02-14 18:00:00,3.6863,3.4959,3.8461,1.3412,2.0295,31.82,39.82,0.0855,0.9414,88.0,76.76,94.104
181,cell_10,2024-02-15 00:00:00,3.6883,3.522,3.8416,1.3098,1.9598,32.08,40.25,0.1077,0.9507,83.69,84.65,93.466
182,cell_10,2024-02-15 06:00:00,3.687,3.5206,3.8403,1.2063,1.8563,34.86,47.36,0.135,0.9524,90.2,85.7,93.432
183,cell_10,2024-02-15 12:00:00,3.706,3.5407,3.8591,1.3148,2.0409,30.32,39.91,0.1171,0.9576,89.86,77.42,93.877
184,cell_10,2024-02-15 18:00:00,3.6929,3.528,3.848,1.2177,1.9614,30.76,38.76,0.1211,0.9442,90.02,90.33,94.057
185,cell_10,2024-02-16 00:00:00,3.696,3.5304,3.8622,1.3437,1.9937,29.88,37.88,0.1383,0.9483,81.08,80.95,93.768
186,cell_10,2024-02-16 06:00:00,3.6896,3.5247,3.8426,1.3451,2.0588,29.24,40.51,0.1178,0.9619,87.95,78.96,94.043
187,cell_10,2024-02-16 12:00:00,3.6956,3.5195,3.8582,1.3025,2.0284,30.37,38.37,0.1277,0.9379,82.88,83.25,93.944
188,cell_10,2024-02-16 18:00:00,3.6952,3.5207,3.8523,1.3408,1.9908,29.84,37.84,0.0984,0.9252,79.55,81.53,93.237
189,cell_10,2024-02-17 00:00:00,3.6859,3.5125,3.8386,1.3507,2.0007,29.22,37.22,0.127,0.9435,83.63,77.03,94.548
190,cell_10,2024-02-17 06:00:00,3.7079,3.5416,3.8693,1.3055,1.9599,31.36,43.5,0.0932,0.9561,84.17,79.95,93.474
191,cell_10,2024-02-17 12:00:00,3.6879,3.5204,3.8413,1.2928,1.9428,29.39,37.39,0.0941,0.9508,89.81,82.15,93.298
192,cell_10,2024-02-17 18:00:00,3.7012,3.5321,3.8542,1.2336,1.912,31.85,40.75,0.1099,0.9404,93.52,88.02,93.926
193,cell_10,2024-02-18 00:00:00,3.6778,3.4926,3.831,1.2822,1.9322,32.28,40.28,0.131,0.9507,87.94,84.2,93.587
194,cell_10,2024-02-18 06:00:00,3.6969,3.5286,3.8502,1.2502,1.903,29.7,37.7,0.121,0.9463,85.21,85.07,93.351
195,cell_10,2024-02-18 12:00:00,3.7008,3.5344,3.8541,1.2497,1.9018,33.1,41.1,0.1042,0.9343,87.62,86.69,93.441
196,cell_10,2024-02-18 18:00:00,3.6926,3.5146,3.8477,1.2634,1.9134,31.6,42.45,0.1375,0.9466,92.1,79.96,93.317
197,cell_10,2024-02-19 00:00:00,3.7008,3.5341,3.8601,1.2019,1.8519,30.89,38.98,0.1264,0.9574,90.85,86.89,93.341
198,cell_10,2024-02-19 06:00:00,3.6837,3.513,3.8367,1.349,1.999,28.33,36.33,0.1409,0.9472,79.52,79.89,93.818
199,cell_10,2024-02-19 12:00:00,3.6949,3.5236,3.8482,1.311,1.961,28.43,37.22,0.1022,0.9349,83.22,79.59,93.432
200,cell_10,2024-02-19 18:00:00,3.6747,3.5078,3.8281,1.358,2.008,33.36,41.36,0.1487,0.9673,84.52,81.93,93.261
201,cell_10,2024-02-20 00:00:00,3.6915,3.5249,3.8448,1.3401,1.9901,32.98,41.74,0.1516,0.9401,86.6,83.29,93.353
202,cell_10,2024-02-20 06:00:00,3.6818,3.5147,3.8526,1.3249,1.9749,33.4,41.4,0.1382,0.9537,82.56,79.07,93.153
203,cell_10,2024-02-20 12:00:00,3.6888,3.5212,3.8479,1.3397,1.9897,33.79,41.79,0.1298,0.9584,81.05,76.88,92.975
204,cell_10,2024-02-20 18:00:00,3.7035,3.5362,3.8569,1.3075,1.9818,33.06,42.85,0.1299,0.9542,88.33,78.82,93.108
205,cell_10,2024-02-21 00:00:00,3.7073,3.5334,3.8607,1.3653,2.0241,31.36,43.08,0.1266,0.9477,79.52,77.45,93.304
206,cell_10,2024-02-21 06:00:00,3.6768,3.5037,3.8372,1.2745,1.9787,31.84,39.84,0.0925,0.9318,86.42,87.24,93.056
207,cell_10,2024-02-21 12:00:00,3.7019,3.5342,3.8556,1.299,1.949,29.97,38.14,0.108,0.9617,84.83,79.3,92.942
208,cell_10,2024-02-21 18:00:00,3.7032,3.5353,3.8568,1.286,1.936,31.36,39.36,0.1179,0.9383,85.73,80.83,92.839
209,cell_10,2024-02-22 00:00:00,3.6934,3.522,3.8548,1.4009,2.0967,32.12,40.12,0.0994,0.9597,76.61,76.48,93.403
210,cell_10,2024-02-22 06:00:00,3.704,3.5206,3.8609,1.2684,1.9184,32.15,40.15,0.1487,0.9611,91.63,84.78,93.638
211,cell_10,2024-02-22 12:00:00,3.6853,3.5076,3.8388,1.3644,2.0236,30.81,39.53,0.13,0.9378,79.46,79.03,92.999
212,cell_10,2024-02-22 18:00:00,3.6847,3.5057,3.8381,1.2318,1.9875,27.96,35.96,0.1556,0.9376,89.59,88.32,93.203
213,cell_10,2024-02-23 00:00:00,3.684,3.5157,3.8477,1.305,1.955,28.73,36.73,0.1358,0.9461,86.41,83.46,92.703
214,cell_10,2024-02-23 06:00:00,3.6964,3.5242,3.8499,1.2909,1.9409,31.71,42.12,0.0921,0.9592,88.89,81.88,92.808
215,cell_10,2024-02-23 12:00:00,3.6885,3.5211,3.842,1.249,1.899,30.24,38.24,0.1461,0.944,90.14,81.06,93.01
216,cell_10,2024-02-23 18:00:00,3.6806,3.5101,3.8347,1.2668,1.9168,32.0,40.0,0.111,0.9509,85.77,84.16,91.817
217,cell_10,2024-02-24 00:00:00,3.6825,3.5124,3.8391,1.3252,2.0262,29.17,37.17,0.1473,0.945,79.84,80.57,92.757
218,cell_10,2024-02-24 06:00:00,3.6885,3.5194,3.8424,1.2832,1.9619,33.04,41.04,0.1502,0.9579,86.33,79.58,92.356
219,cell_10,2024-02-24 12:00:00,3.6798,3.5103,3.8337,1.2517,1.9734,29.59,40.53,0.147,0.9437,88.94,87.1,92.202
220,cell_10,2024-02-24 18:00:00,3.6956,3.5273,3.8493,1.3449,2.0129,33.21,42.44,0.1415,0.9428,81.5,80.52,92.642
221,cell_10,2024-02-25 00:00:00,3.7014,3.5338,3.8583,1.2989,1.9489,28.67,39.25,0.1287,0.9397,86.99,80.91,92.958
222,cell_10,2024-02-25 06:00:00,3.6984,3.5295,3.8522,1.3166,1.998,31.91,39.91,0.1198,0.9394,86.67,83.99,92.432
223,cell_10,2024-02-25 12:00:00,3.718,3.5496,3.8717,1.3547,2.0099,29.6,38.33,0.1577,0.9606,78.23,79.39,92.613
224,cell_10,2024-02-25 18:00:00,3.6931,3.5248,3.8468,1.3773,2.0274,30.99,41.08,0.1254,0.9464,83.25,80.17,92.662
225,cell_10,2024-02-26 00:00:00,3.7058,3.5216,3.8704,1.1857,1.8966,32.61,41.77,0.1123,0.9405,94.56,91.17,92.598
226,cell_10,2024-02-26 06:00:00,3.6902,3.5207,3.8507,1.2946,1.9446,32.35,43.51,0.1288,0.9333,83.99,83.01,92.227
227,cell_10,2024-02-26 12:00:00,3.6861,3.512,3.846,1.2162,1.8951,29.77,38.57,0.143,0.9473,93.13,84.22,92.593
228,cell_10,2024-02-26 18:00:00,3.6901,3.5174,3.8438,1.4363,2.0863,30.08,38.08,0.1422,0.9418,78.93,72.86,92.581
229,cell_10,2024-02-27 00:00:00,3.6892,3.5185,3.8434,1.3075,1.9575,28.64,36.64,0.0983,0.9399,86.34,81.1,91.707
230,cell_10,2024-02-27 06:00:00,3.6879,3.5199,3.8463,1.3487,1.9987,28.31,37.15,0.1416,0.9423,81.83,81.14,92.783
231,cell_10,2024-02-27 12:00:00,3.6773,3.5075,3.8312,1.2686,1.9186,29.75,38.94,0.1338,0.9512,87.76,86.32,92.075
232,cell_10,2024-02-27 18:00:00,3.6791,3.4909,3.8328,1.2822,1.9596,29.72,40.01,0.1131,0.9384,86.42,78.67,92.564
233,cell_10,2024-02-28 00:00:00,3.7008,3.5333,3.8572,1.355,2.005,28.74,36.74,0.1035,0.9469,81.23,80.0,92.981
234,cell_10,2024-02-28 06:00:00,3.697,3.5109,3.8508,1.3258,2.0511,30.69,38.69,0.1486,0.9589,80.58,77.54,92.453
235,cell_10,2024-02-28 12:00:00,3.7057,3.5354,3.8597,1.3839,2.0339,30.95,38.95,0.1506,0.9445,83.04,77.39,91.913
236,cell_10,2024-02-28 18:00:00,3.6847,3.5157,3.8474,1.2583,1.9083,30.98,38.98,0.1514,0.9394,84.83,82.1,92.395
237,cell_10,2024-02-29 00:00:00,3.6839,3.5143,3.8391,1.2891,1.9397,29.8,38.83,0.0938,0.9606,87.36,82.39,92.475
238,cell_10,2024-02-29 06:00:00,3.6761,3.5054,3.8302,1.3257,1.9906,30.13,40.66,0.1158,0.9491,82.2,79.1,91.722
239,cell_10,2024-02-29 12:00:00,3.6976,3.5259,3.8566,1.3333,2.0058,30.52,41.13,0.1211,0.9483,84.86,81.16,91.347
240,cell_10,2024-02-29 18:00:00,3.6797,3.5107,3.8335,1.321,2.0841,32.23,41.1,0.15,0.9552,83.71,81.04,92.41
241,cell_10,2024-03-01 00:00:00,3.6882,3.5189,3.8505,1.2338,1.8838,29.98,42.08,0.1362,0.9491,86.96,82.98,92.311
242,cell_10,2024-03-01 06:00:00,3.6912,3.5177,3.8503,1.2529,1.9185,28.48,36.48,0.1155,0.9507,85.09,84.9,92.055
243,cell_10,2024-03-01 12:00:00,3.6715,3.4977,3.8258,1.3171,1.9671,30.52,40.31,0.1232,0.9343,82.37,80.28,91.4
244,cell_10,2024-03-01 18:00:00,3.6959,3.519,3.8499,1.2228,1.922,30.35,38.35,0.1343,0.9416,90.71,84.65,92.119
245,cell_10,2024-03-02 00:00:00,3.6985,3.5291,3.8524,1.2557,1.9281,28.58,36.58,0.135,0.9686,89.3,81.66,92.25
246,cell_10,2024-03-02 06:00:00,3.6916,3.5157,3.8713,1.3019,1.9629,30.4,38.4,0.1536,0.9396,88.32,84.57,92.587
247,cell_10,2024-03-02 12:00:00,3.6869,3.5122,3.841,1.2612,1.9112,29.67,37.67,0.1491,0.9507,86.3,80.0,91.856
248,cell_10,2024-03-02 18:00:00,3.6877,3.5164,3.8417,1.3115,1.9615,30.88,39.35,0.1449,0.9674,86.54,76.95,91.988
249,cell_10,2024-03-03 00:00:00,3.7009,3.5094,3.8663,1.2955,1.9455,31.63,39.63,0.1047,0.9569,82.24,81.09,91.294
250,cell_10,2024-03-03 06:00:00,3.6889,3.5147,3.8516,1.2606,1.9106,30.2,38.92,0.1059,0.9529,91.12,81.73,92.23
251,cell_10,2024-03-03 12:00:00,3.6881,3.5185,3.8456,1.2618,1.9118,31.77,43.25,0.1002,0.942,84.14,83.32,92.183
252,cell_10,2024-03-03 18:00:00,3.6812,3.4959,3.8352,1.3639,2.0139,30.54,40.02,0.1285,0.9438,83.42,75.03,92.021
253,cell_10,2024-03-04 00:00:00,3.6604,3.4859,3.8197,1.3192,1.9692,30.6,38.6,0.1106,0.9469,81.97,78.62,92.256
254,cell_10,2024-03-04 06:00:00,3.6985,3.5098,3.8526,1.3124,1.9624,30.54,38.54,0.1319,0.9534,85.13,78.86,91.665
255,cell_10,2024-03-04 12:00:00,3.6877,3.5173,3.8418,1.3027,1.9527,30.71,38.71,0.1348,0.9627,84.96,80.89,91.834
256,cell_10,2024-03-04 18:00:00,3.679,3.5086,3.8372,1.2546,1.9046,28.94,39.62,0.1249,0.9512,88.53,79.75,91.846
257,cell_10,2024-03-05 00:00:00,3.7094,3.54,3.8684,1.2718,1.9236,28.26,36.26,0.1381,0.9443,91.2,82.08,92.229
258,cell_10,2024-03-05 06:00:00,3.6922,3.522,3.8463,1.18,1.83,32.68,42.03,0.1077,0.949,94.38,90.54,91.901
259,cell_10,2024-03-05 12:00:00,3.6854,3.5129,3.8524,1.2682,1.9182,31.32,40.6,0.091,0.9552,84.26,84.21,91.66
260,cell_10,2024-03-05 18:00:00,3.6976,3.5268,3.86,1.269,1.919,30.19,38.19,0.1065,0.9534,85.88,80.34,91.644
261,cell_10,2024-03-06 00:00:00,3.6913,3.5206,3.8454,1.3274,1.9774,32.59,40.59,0.1374,0.9475,79.58,79.14,91.73
262,cell_10,2024-03-06 06:00:00,3.6907,3.5193,3.8449,1.2698,2.0444,35.3,43.3,0.1574,0.9388,85.01,81.11,91.464
263,cell_10,2024-03-06 12:00:00,3.6814,3.4966,3.8356,1.3393,2.0155,28.75,41.2,0.1502,0.9608,80.41,74.2,91.643
264,cell_10,2024-03-06 18:00:00,3.6936,3.5123,3.8481,1.287,1.953,30.94,38.94,0.1167,0.9474,86.16,80.11,91.099
265,cell_10,2024-03-07 00:00:00,3.6964,3.5248,3.857,1.3074,1.9574,32.0,42.24,0.1399,0.9525,87.31,81.1,91.344
266,cell_10,2024-03-07 06:00:00,3.6805,3.508,3.835,1.2984,1.9531,28.55,38.22,0.093,0.9432,82.27,83.65,91.011
267,cell_10,2024-03-07 12:00:00,3.6683,3.4883,3.8225,1.335,1.985,28.71,37.94,0.1517,0.943,85.08,74.92,91.474
268,cell_10,2024-03-07 18:00:00,3.6962,3.5241,3.8507,1.3603,2.0348,32.43,40.43,0.1313,0.955,83.44,75.81,91.16
269,cell_10,2024-03-08 00:00:00,3.694,3.5176,3.8616,1.2506,1.9006,30.92,38.92,0.1366,0.9373,89.26,87.57,91.81
270,cell_10,2024-03-08 06:00:00,3.6951,3.523,3.8519,1.388,2.038,29.96,37.96,0.0826,0.9384,80.37,74.63,91.152
271,cell_10,2024-03-08 12:00:00,3.6877,3.4999,3.8577,1.2572,1.9072,28.54,36.54,0.1301,0.9651,89.92,86.38,91.471
272,cell_10,2024-03-08 18:00:00,3.6961,3.517,3.8506,1.2908,2.0163,31.49,40.23,0.1578,0.9583,83.52,81.91,91.001
273,cell_10,2024-03-09 00:00:00,3.6801,3.5079,3.8346,1.2736,1.9236,28.9,38.68,0.1268,0.9542,90.01,84.69,91.098
274,cell_10,2024-03-09 06:00:00,3.6849,3.5128,3.8393,1.3754,2.0421,29.47,38.1,0.1191,0.9393,78.61,77.63,91.177
275,cell_10,2024-03-09 12:00:00,3.6765,3.5015,3.8308,1.247,1.897,29.57,38.09,0.1158,0.9522,84.21,79.71,91.295
276,cell_10,2024-03-09 18:00:00,3.698,3.5254,3.8525,1.3359,1.9871,30.49,40.58,0.1065,0.9493,83.62,79.77,90.966
277,cell_10,2024-03-10 00:00:00,3.6861,3.5136,3.8406,1.1896,1.9263,29.35,37.35,0.1228,0.9456,90.3,83.81,91.019
278,cell_10,2024-03-10 06:00:00,3.6891,3.5124,3.8435,1.3407,2.0157,29.58,37.58,0.0966,0.9491,77.79,79.59,91.217
279,cell_10,2024-03-10 12:00:00,3.6913,3.5196,3.8456,1.2904,1.9404,32.42,40.42,0.13,0.9357,82.19,79.98,91.31
280,cell_10,2024-03-10 18:00:00,3.6844,3.5049,3.839,1.2813,1.9335,31.25,41.1,0.1432,0.9293,84.28,82.7,91.179
281,cell_10,2024-03-11 00:00:00,3.6949,3.5228,3.8494,1.2654,1.9154,31.02,39.02,0.1124,0.953,83.94,78.31,91.136
282,cell_10,2024-03-11 06:00:00,3.7028,3.5206,3.8606,1.2967,2.008,31.65,39.65,0.1287,0.9516,80.97,76.58,90.792
283,cell_10,2024-03-11 12:00:00,3.6968,3.5252,3.8511,1.2823,1.9323,29.41,37.41,0.1197,0.9525,82.6,77.84,91.34
284,cell_10,2024-03-11 18:00:00,3.6699,3.4985,3.8242,1.2255,1.8755,31.55,39.86,0.1289,0.9577,90.68,83.95,91.443
285,cell_10,2024-03-12 00:00:00,3.6883,3.517,3.8518,1.2608,1.9108,31.64,39.64,0.1392,0.9551,83.83,79.84,91.478
286,cell_10,2024-03-12 06:00:00,3.6884,3.5165,3.8428,1.3399,1.9899,29.46,37.97,0.1293,0.9648,84.02,73.6,91.235
287,cell_10,2024-03-12 12:00:00,3.6983,3.5246,3.8614,1.2799,1.9299,31.9,39.9,0.1382,0.9618,87.8,83.88,90.554
288,cell_10,2024-03-12 18:00:00,3.6805,3.4964,3.8351,1.2605,1.9105,31.35,40.77,0.1314,0.9506,88.22,84.15,90.638
289,cell_10,2024-03-13 00:00:00,3.6758,3.5027,3.8322,1.3023,1.9525,31.39,42.32,0.1383,0.9516,81.52,80.04,90.781
290,cell_10,2024-03-13 06:00:00,3.6944,3.5213,3.8544,1.3244,1.9935,33.5,44.03,0.1273,0.9522,82.83,79.94,90.729
291,cell_10,2024-03-13 12:00:00,3.6855,3.5117,3.8403,1.3325,2.0334,31.18,39.18,0.1276,0.9347,77.91,75.8,90.481
292,cell_10,2024-03-13 18:00:00,3.6791,3.5047,3.834,1.3169,1.9669,29.61,37.61,0.1348,0.9592,85.86,79.8,90.23
293,cell_10,2024-03-14 00:00:00,3.6833,3.5062,3.838,1.3604,2.0104,31.2,39.59,0.1196,0.9559,75.95,76.05,90.568
294,cell_10,2024-03-14 06:00:00,3.6719,3.4927,3.8265,1.3025,1.9525,31.02,42.97,0.13,0.9334,81.19,75.91,90.652
295,cell_10,2024-03-14 12:00:00,3.6877,3.5068,3.8481,1.2882,1.9382,29.34,37.34,0.1032,0.9655,80.91,81.6,90.639
296,cell_10,2024-03-14 18:00:00,3.6826,3.5087,3.8374,1.3437,2.0544,27.96,37.64,0.0847,0.9457,84.75,80.7,90.423
297,cell_10,2024-03-15 00:00:00,3.691,3.5172,3.8574,1.2646,1.9148,30.9,40.47,0.1228,0.9488,81.91,79.46,90.471
298,cell_10,2024-03-15 06:00:00,3.6838,3.5103,3.856,1.2798,1.9298,32.41,41.96,0.105,0.9486,80.7,76.48,90.58
299,cell_10,2024-03-15 12:00:00,3.6869,3.5144,3.8414,1.2203,1.8703,32.43,42.97,0.1596,0.9483,85.92,87.27,91.016
300,cell_10,2024-03-15 18:00:00,3.6812,3.5074,3.8478,1.3907,2.0407,31.42,39.42,0.105,0.9739,81.06,72.46,90.496
301,cell_10,2024-03-16 00:00:00,3.6826,3.4917,3.8375,1.4043,2.1498,33.36,41.36,0.1362,0.9474,76.21,72.4,90.082
302,cell_10,2024-03-16 06:00:00,3.6742,3.5001,3.8329,1.2912,1.9412,31.26,39.36,0.1067,0.9468,87.69,75.63,90.341
303,cell_10,2024-03-16 12:00:00,3.697,3.5247,3.8514,1.3382,1.9882,30.7,41.16,0.1204,0.9502,85.44,74.04,91.089
304,cell_10,2024-03-16 18:00:00,3.686,3.5135,3.8528,1.335,1.9869,31.31,41.76,0.0986,0.9415,83.63,79.4,90.976
305,cell_10,2024-03-17 00:00:00,3.6664,3.4934,3.8244,1.3095,1.9595,29.9,37.9,0.0967,0.9529,80.48,82.94,90.828
306,cell_10,2024-03-17 06:00:00,3.6703,3.4972,3.8249,1.3608,2.0108,29.1,39.1,0.1266,0.9418,83.8,76.76,90.757
307,cell_10,2024-03-17 12:00:00,3.6965,3.5234,3.8511,1.2368,1.8868,29.53,37.53,0.1129,0.955,87.52,86.67,90.76
308,cell_10,2024-03-17 18:00:00,3.6853,3.4927,3.84,1.2908,1.9408,30.28,38.28,0.1357,0.9396,83.81,77.43,90.475
309,cell_10,2024-03-18 00:00:00,3.686,3.5076,3.8406,1.1957,1.9047,32.3,40.3,0.1458,0.9441,92.38,82.64,90.806
310,cell_10,2024-03-18 06:00:00,3.6854,3.5111,3.8525,1.2494,1.9578,28.83,36.83,0.089,0.94,88.59,81.05,90.29
311,cell_10,2024-03-18 12:00:00,3.69,3.5153,3.8558,1.2187,1.8687,29.54,37.54,0.1419,0.9447,92.83,81.7,90.11
312,cell_10,2024-03-18 18:00:00,3.6998,3.5117,3.855,1.2081,1.8581,32.21,42.21,0.1008,0.9321,93.27,85.66,89.677
313,cell_10,2024-03-19 00:00:00,3.6891,3.5135,3.8442,1.2752,1.9318,30.46,39.59,0.1133,0.9255,83.73,84.1,89.76
314,cell_10,2024-03-19 06:00:00,3.6875,3.5116,3.8522,1.3182,1.9682,30.7,38.81,0.092,0.9468,78.67,75.32,89.63
315,cell_10,2024-03-19 12:00:00,3.6795,3.5,3.8387,1.2667,1.9822,30.44,38.55,0.0926,0.9346,88.92,84.54,90.122
316,cell_10,2024-03-19 18:00:00,3.6694,3.4942,3.8245,1.2727,1.9608,33.9,41.9,0.0811,0.9673,81.54,80.85,89.913
317,cell_10,2024-03-20 00:00:00,3.6897,3.5145,3.8735,1.2633,1.9313,31.84,39.84,0.1119,0.9464,85.89,77.76,89.94
318,cell_10,2024-03-20 06:00:00,3.6905,3.5155,3.8457,1.307,1.9604,31.38,39.38,0.1212,0.9571,79.87,78.79,89.995
319,cell_10,2024-03-20 12:00:00,3.6947,3.5133,3.8671,1.2698,1.9198,31.3,40.87,0.1126,0.9531,83.02,79.72,89.106
320,cell_10,2024-03-20 18:00:00,3.7018,3.5263,3.8587,1.2497,1.9675,31.61,39.61,0.0842,0.9394,86.48,84.06,89.794
321,cell_10,2024-03-21 00:00:00,3.6725,3.4959,3.8278,1.3466,2.0256,33.77,41.77,0.0809,0.9458,81.27,77.64,89.367
322,cell_10,2024-03-21 06:00:00,3.678,3.4967,3.8352,1.2564,1.9268,30.44,41.17,0.1202,0.9574,89.44,82.32,89.394
323,cell_10,2024-03-21 12:00:00,3.6906,3.5138,3.846,1.2364,1.8864,31.25,42.65,0.1358,0.9568,90.28,83.77,89.279
324,cell_10,2024-03-21 18:00:00,3.6843,3.5081,3.8395,1.337,1.987,31.04,41.45,0.125,0.9587,80.52,77.2,89.533
325,cell_10,2024-03-22 00:00:00,3.6987,3.5224,3.8539,1.2158,1.8905,32.36,41.2,0.1574,0.9434,86.67,81.58,89.489
326,cell_10,2024-03-22 06:00:00,3.6817,3.5042,3.8372,1.3615,2.0666,33.56,42.13,0.1192,0.9558,78.82,77.94,89.092
327,cell_10,2024-03-22 12:00:00,3.7035,3.5259,3.8615,1.2487,1.9849,30.12,38.12,0.1263,0.944,84.36,78.76,88.972
328,cell_10,2024-03-22 18:00:00,3.6847,3.5073,3.843,1.304,1.954,31.68,40.01,0.1196,0.9601,81.98,78.98,89.448
329,cell_10,2024-03-23 00:00:00,3.7009,3.5142,3.856,1.2503,1.9003,31.26,40.52,0.1044,0.9598,89.71,84.2,89.753
330,cell_10,2024-03-23 06:00:00,3.6605,3.4848,3.8157,1.3006,1.9506,28.91,38.33,0.1167,0.9363,82.9,75.2,89.724
331,cell_10,2024-03-23 12:00:00,3.6896,3.4874,3.8447,1.2739,1.9239,32.46,41.36,0.1368,0.9528,80.72,79.94,89.809
332,cell_10,2024-03-23 18:00:00,3.6844,3.5053,3.8459,1.2509,1.9271,33.35,41.35,0.1376,0.939,87.39,77.49,89.45
333,cell_10,2024-03-24 00:00:00,3.6632,3.4867,3.8205,1.2198,1.8698,32.23,42.53,0.1272,0.9583,86.02,81.14,89.403
334,cell_10,2024-03-24 06:00:00,3.6841,3.5077,3.8393,1.273,1.923,30.05,38.45,0.1516,0.9387,81.93,81.28,89.476
335,cell_10,2024-03-24 12:00:00,3.6722,3.4966,3.8414,1.3238,1.9738,28.96,36.96,0.1291,0.9532,83.53,80.65,89.75
336,cell_10,2024-03-24 18:00:00,3.6798,3.5048,3.8395,1.3337,2.0009,31.96,40.36,0.1265,0.9574,78.26,75.34,89.993
337,cell_10,2024-03-25 00:00:00,3.6871,3.5029,3.8424,1.2641,1.9333,29.38,37.99,0.15,0.9507,85.77,83.44,89.371
338,cell_10,2024-03-25 06:00:00,3.6828,3.5062,3.8381,1.2642,1.9142,29.53,37.53,0.1057,0.9586,87.51,80.79,89.356
339,cell_10,2024-03-25 12:00:00,3.6877,3.507,3.843,1.2913,2.0031,31.31,39.31,0.1486,0.9529,81.46,81.13,89.445
340,cell_10,2024-03-25 18:00:00,3.6856,3.5086,3.8409,1.3001,1.9501,32.1,40.1,0.1005,0.9657,82.25,80.91,89.356
341,cell_10,2024-03-26 00:00:00,3.7071,3.5199,3.8743,1.2998,1.9636,30.5,38.5,0.1147,0.939,82.82,79.19,89.021
342,cell_10,2024-03-26 06:00:00,3.6863,3.4987,3.8445,1.2783,1.9302,30.69,39.83,0.0833,0.9462,84.88,78.86,89.158
343,cell_10,2024-03-26 12:00:00,3.6846,3.5036,3.8401,1.2817,1.9317,30.83,38.83,0.125,0.9308,87.22,79.82,88.958
344,cell_10,2024-03-26 18:00:00,3.6883,3.5042,3.8566,1.2856,1.9356,29.63,37.81,0.1465,0.947,86.7,80.88,89.413
345,cell_10,2024-03-27 00:00:00,3.6842,3.4971,3.8394,1.1792,1.8292,30.43,39.91,0.1012,0.9381,88.56,89.95,89.638
346,cell_10,2024-03-27 06:00:00,3.6678,3.4852,3.8233,1.2797,1.9432,28.57,36.57,0.1143,0.9361,83.94,79.79,89.11
347,cell_10,2024-03-27 12:00:00,3.6915,3.5129,3.8664,1.3391,1.9891,32.1,41.66,0.1156,0.9344,77.63,79.36,89.694
348,cell_10,2024-03-27 18:00:00,3.6967,3.5155,3.8521,1.3697,2.0247,35.18,45.89,0.1157,0.9453,74.68,73.34,89.163
349,cell_10,2024-03-28 00:00:00,3.699,3.5054,3.8545,1.3588,2.0639,31.09,40.78,0.099,0.9525,77.55,76.69,88.986
350,cell_10,2024-03-28 06:00:00,3.691,3.5134,3.8463,1.3045,1.9545,32.79,41.99,0.1208,0.9548,80.76,79.03,89.401
351,cell_10,2024-03-28 12:00:00,3.6806,3.4955,3.8394,1.2406,1.9232,30.61,40.32,0.1514,0.96,86.57,78.03,88.865
352,cell_10,2024-03-28 18:00:00,3.6866,3.5099,3.842,1.2726,1.9226,28.98,37.77,0.11,0.9594,85.42,80.04,89.329
353,cell_10,2024-03-29 00:00:00,3.7017,3.5097,3.8571,1.2619,1.9831,34.38,44.07,0.1246,0.9387,83.87,82.84,89.218
354,cell_10,2024-03-29 06:00:00,3.6813,3.4993,3.8371,1.2295,1.8795,29.73,37.73,0.1244,0.9426,90.07,84.03,89.021
355,cell_10,2024-03-29 12:00:00,3.6715,3.494,3.8271,1.2529,1.9681,32.42,40.42,0.1121,0.9519,88.14,81.51,88.989
356,cell_10,2024-03-29 18:00:00,3.7054,3.5276,3.861,1.2636,1.9136,31.32,40.11,0.1256,0.9521,86.28,82.66,88.88
357,cell_10,2024-03-30 00:00:00,3.674,3.4976,3.8293,1.2303,1.9859,32.78,40.78,0.1124,0.9638,85.95,86.41,89.452
358,cell_10,2024-03-30 06:00:00,3.6679,3.4905,3.8234,1.3466,2.0184,30.9,43.9,0.1284,0.9471,77.33,72.58,89.075
359,cell_10,2024-03-30 12:00:00,3.687,3.508,3.8424,1.3305,2.023,29.25,37.25,0.1186,0.9577,77.4,74.49,89.235
360,cell_10,2024-03-30 18:00:00,3.6878,3.5106,3.8432,1.2975,1.9475,30.0,38.0,0.0919,0.9486,80.38,82.35,89.139
361,cell_10,2024-03-31 00:00:00,3.6882,3.5109,3.8437,1.3191,2.0031,34.53,42.64,0.084,0.9536,84.76,74.89,89.078
362,cell_10,2024-03-31 06:00:00,3.6926,3.498,3.8577,1.3153,1.9993,31.48,41.14,0.0772,0.9539,80.75,80.01,89.24
363,cell_10,2024-03-31 12:00:00,3.6823,3.5029,3.8377,1.2633,1.9133,34.27,42.27,0.1118,0.9498,84.1,80.85,89.296
364,cell_10,2024-03-31 18:00:00,3.6823,3.5025,3.8377,1.3899,2.0782,30.45,38.45,0.1366,0.9402,76.77,72.26,89.184
365,cell_10,2024-04-01 00:00:00,3.6774,3.4993,3.833,1.2616,1.9116,32.07,40.07,0.1054,0.9528,85.67,82.12,88.749
366,cell_10,2024-04-01 06:00:00,3.6841,3.4962,3.8398,1.2166,1.8666,29.07,37.07,0.1151,0.9564,90.94,85.12,88.48
367,cell_10,2024-04-01 12:00:00,3.6884,3.5094,3.844,1.3081,1.9591,31.04,39.04,0.1069,0.9511,78.17,75.39,88.625
368,cell_10,2024-04-01 18:00:00,3.6921,3.5139,3.8478,1.3282,2.0033,34.33,44.53,0.1033,0.9224,82.72,72.22,88.714
369,cell_10,2024-04-02 00:00:00,3.674,3.4957,3.8297,1.2849,1.9835,29.82,42.16,0.1641,0.9482,82.4,80.98,88.678
370,cell_10,2024-04-02 06:00:00,3.6698,3.4776,3.8257,1.3622,2.0122,29.96,37.96,0.104,0.9568,75.9,75.24,88.151
371,cell_10,2024-04-02 12:00:00,3.6921,3.5123,3.8477,1.309,1.959,32.24,40.24,0.093,0.9402,81.81,74.29,88.859
372,cell_10,2024-04-02 18:00:00,3.6779,3.4998,3.8362,1.259,1.9525,31.17,39.17,0.1021,0.9607,84.95,76.46,88.769
373,cell_10,2024-04-03 00:00:00,3.6729,3.4941,3.8345,1.2703,1.9779,33.84,44.66,0.1215,0.9439,80.54,80.76,88.499
374,cell_10,2024-04-03 06:00:00,3.6641,3.4851,3.8266,1.3074,1.9944,30.64,38.64,0.1085,0.9468,77.86,77.9,88.398
375,cell_10,2024-04-03 12:00:00,3.6968,3.5071,3.8646,1.304,1.954,31.1,39.84,0.1257,0.9521,82.44,79.48,88.467
376,cell_10,2024-04-03 18:00:00,3.6852,3.5059,3.8421,1.3607,2.1381,31.48,39.48,0.1054,0.9408,79.68,76.87,88.276
377,cell_10,2024-04-04 00:00:00,3.6883,3.503,3.844,1.3417,1.9957,29.39,40.95,0.1082,0.9591,80.12,76.55,88.571
378,cell_10,2024-04-04 06:00:00,3.6873,3.5018,3.843,1.2216,1.8824,29.05,37.05,0.1059,0.9626,85.77,83.88,88.619
379,cell_10,2024-04-04 12:00:00,3.6851,3.5045,3.8408,1.2916,2.0232,28.92,37.41,0.1182,0.939,82.82,78.41,88.641
380,cell_10,2024-04-04 18:00:00,3.6825,3.5038,3.8467,1.2379,1.9643,26.04,34.04,0.1343,0.9481,89.29,82.08,88.508
381,cell_10,2024-04-05 00:00:00,3.6824,3.5043,3.8518,1.3729,2.0583,30.87,38.87,0.1364,0.9689,80.85,77.36,88.74
382,cell_10,2024-04-05 06:00:00,3.6728,3.4872,3.8286,1.2513,1.9013,29.05,37.05,0.1482,0.961,82.5,76.69,88.399
383,cell_10,2024-04-05 12:00:00,3.6645,3.4847,3.8321,1.3101,1.9657,30.19,38.4,0.0937,0.9339,77.42,77.01,88.092
384,cell_10,2024-04-05 18:00:00,3.7058,3.5263,3.8723,1.2651,1.941,32.53,42.26,0.0992,0.9617,85.61,77.97,88.888
385,cell_10,2024-04-06 00:00:00,3.6828,3.5029,3.8417,1.2011,1.9487,29.58,37.58,0.1016,0.9158,85.32,85.77,88.27
386,cell_10,2024-04-06 06:00:00,3.6765,3.4871,3.8382,1.2372,2.0347,32.03,40.03,0.1199,0.9561,87.2,82.52,87.277
387,cell_10,2024-04-06 12:00:00,3.6737,3.4932,3.8393,1.2875,1.9375,28.63,36.63,0.0985,0.9414,80.04,75.82,87.807
388,cell_10,2024-04-06 18:00:00,3.6914,3.5096,3.8478,1.3284,2.0211,29.97,38.21,0.1062,0.9546,76.07,76.92,87.264
389,cell_10,2024-04-07 00:00:00,3.683,3.497,3.8416,1.3265,1.9765,33.61,41.61,0.1337,0.9525,81.86,76.52,87.715
390,cell_10,2024-04-07 06:00:00,3.6728,3.4918,3.8345,1.2335,1.8835,30.36,38.36,0.1414,0.9513,82.74,84.77,87.598
391,cell_10,2024-04-07 12:00:00,3.6788,3.4986,3.8349,1.3157,1.9657,32.93,40.93,0.1339,0.9559,76.23,78.69,87.898
392,cell_10,2024-04-07 18:00:00,3.6852,3.5052,3.8603,1.3475,2.081,34.53,42.53,0.1264,0.945,80.91,76.6,88.027
393,cell_10,2024-04-08 00:00:00,3.6776,3.4786,3.8447,1.3256,1.9875,30.37,38.37,0.1067,0.944,76.11,72.52,87.643
394,cell_10,2024-04-08 06:00:00,3.6896,3.5032,3.8568,1.2819,1.9466,30.0,38.0,0.1204,0.9593,81.36,81.91,87.622
395,cell_10,2024-04-08 12:00:00,3.7032,3.5231,3.8633,1.3024,1.9549,27.76,36.33,0.1428,0.9501,80.21,79.4,87.968
396,cell_10,2024-04-08 18:00:00,3.6768,3.4906,3.8331,1.3076,1.9764,31.44,41.66,0.1332,0.9443,77.32,78.92,87.369
397,cell_10,2024-04-09 00:00:00,3.6786,3.4878,3.8348,1.3699,2.0404,31.57,41.2,0.1377,0.9482,73.19,74.85,87.618
398,cell_10,2024-04-09 06:00:00,3.6733,3.4927,3.8295,1.3851,2.0351,32.16,42.38,0.139,0.9474,72.88,74.93,87.761
399,cell_10,2024-04-09 12:00:00,3.6795,3.4978,3.8428,1.3322,1.9822,33.09,43.55,0.1134,0.9465,78.1,75.6,87.345
400,cell_10,2024-04-09 18:00:00,3.6616,3.4674,3.8233,1.3027,1.9527,29.46,37.46,0.1327,0.9544,84.28,72.64,87.492
401,cell_10,2024-04-10 00:00:00,3.6924,3.5114,3.8657,1.2984,1.9484,33.81,45.55,0.1124,0.9413,82.79,76.63,87.612
402,cell_10,2024-04-10 06:00:00,3.6686,3.4886,3.8246,1.3036,1.9634,30.58,40.09,0.1319,0.9652,82.73,74.9,87.981
403,cell_10,2024-04-10 12:00:00,3.6728,3.4908,3.8292,1.3103,1.9603,31.55,39.55,0.1445,0.9522,81.23,74.38,87.219
404,cell_10,2024-04-10 18:00:00,3.6821,3.501,3.8385,1.2742,1.9732,30.9,38.9,0.1511,0.9316,84.66,76.47,87.537
405,cell_10,2024-04-11 00:00:00,3.6958,3.502,3.8518,1.3984,2.0604,29.84,38.14,0.1319,0.9528,75.73,72.72,87.988
406,cell_10,2024-04-11 06:00:00,3.6733,3.4807,3.8443,1.2604,1.9104,29.2,38.96,0.1279,0.9407,87.72,81.89,87.874
407,cell_10,2024-04-11 12:00:00,3.6793,3.4979,3.8356,1.3648,2.0148,31.32,39.32,0.1478,0.9497,77.71,75.88,87.437
408,cell_10,2024-04-11 18:00:00,3.6842,3.5029,3.843,1.1901,1.8401,29.55,37.55,0.1027,0.9485,89.38,87.11,87.498
409,cell_10,2024-04-12 00:00:00,3.6748,3.4812,3.8391,1.2862,1.9362,30.67,40.25,0.1489,0.9568,77.86,73.77,87.657
410,cell_10,2024-04-12 06:00:00,3.6803,3.4917,3.8365,1.2831,1.9331,30.38,38.38,0.1226,0.9567,84.08,79.97,87.664
411,cell_10,2024-04-12 12:00:00,3.666,3.4858,3.8248,1.3114,1.9614,30.46,39.06,0.1228,0.9522,79.3,79.9,87.933
412,cell_10,2024-04-12 18:00:00,3.6765,3.4896,3.8326,1.2818,2.026,28.3,36.39,0.111,0.9691,84.51,80.39,87.859
413,cell_10,2024-04-13 00:00:00,3.693,3.5042,3.8592,1.3693,2.0567,26.25,34.25,0.0965,0.9428,78.99,69.59,87.105
414,cell_10,2024-04-13 06:00:00,3.6887,3.5063,3.8453,1.2879,1.9379,32.26,43.81,0.1494,0.9637,77.23,80.76,87.041
415,cell_10,2024-04-13 12:00:00,3.6766,3.495,3.8329,1.2485,1.9699,32.69,40.72,0.1281,0.9639,82.99,79.78,87.357
416,cell_10,2024-04-13 18:00:00,3.6703,3.4877,3.8268,1.2517,1.9017,27.16,35.16,0.1126,0.9534,86.75,79.82,86.964
417,cell_10,2024-04-14 00:00:00,3.6797,3.4995,3.8358,1.2764,1.9264,31.63,39.72,0.127,0.9546,79.58,76.73,87.913
418,cell_10,2024-04-14 06:00:00,3.666,3.4836,3.8417,1.3362,2.0289,31.33,39.33,0.1133,0.9595,80.11,77.0,87.071
419,cell_10,2024-04-14 12:00:00,3.6792,3.4977,3.8496,1.3453,1.9953,29.01,37.74,0.0859,0.9468,76.61,77.03,87.427
420,cell_10,2024-04-14 18:00:00,3.6768,3.4932,3.8332,1.2399,1.9241,32.35,42.07,0.1164,0.9449,84.53,82.89,87.255
421,cell_10,2024-04-15 00:00:00,3.6754,3.4918,3.8321,1.26,1.9246,32.71,46.11,0.0919,0.9455,85.77,75.9,86.562
422,cell_10,2024-04-15 06:00:00,3.6797,3.4939,3.836,1.2467,1.9261,32.59,40.78,0.1248,0.9529,85.24,76.78,87.392
423,cell_10,2024-04-15 12:00:00,3.6857,3.5006,3.8444,1.2857,2.0256,33.62,41.62,0.1517,0.9453,80.54,80.88,86.865
424,cell_10,2024-04-15 18:00:00,3.671,3.4901,3.8272,1.3481,2.0209,32.5,40.91,0.1072,0.9428,79.52,76.99,87.61
425,cell_10,2024-04-16 00:00:00,3.6908,3.5047,3.847,1.3086,1.9649,29.75,40.63,0.1358,0.9396,77.98,79.05,87.46
426,cell_10,2024-04-16 06:00:00,3.6918,3.5035,3.8483,1.3275,1.9775,31.03,40.03,0.1072,0.9402,74.84,76.95,87.037
427,cell_10,2024-04-16 12:00:00,3.7016,3.5176,3.8627,1.3373,1.9979,31.58,41.24,0.1196,0.9436,78.46,70.61,86.41
428,cell_10,2024-04-16 18:00:00,3.6834,3.5004,3.8399,1.2707,1.9207,33.28,42.8,0.1024,0.9438,85.07,78.12,86.936
429,cell_10,2024-04-17 00:00:00,3.6963,3.5156,3.8775,1.236,1.886,30.62,39.64,0.1324,0.9511,86.87,77.64,87.724
430,cell_10,2024-04-17 06:00:00,3.6905,3.5084,3.862,1.2706,1.9206,30.05,38.05,0.1469,0.9422,82.48,77.57,87.167
431,cell_10,2024-04-17 12:00:00,3.6821,3.4832,3.8635,1.3411,2.0156,28.52,36.52,0.1238,0.9549,74.88,71.14,86.775
432,cell_10,2024-04-17 18:00:00,3.6672,3.4827,3.8301,1.3301,1.9801,32.31,40.31,0.1307,0.9697,74.56,73.74,86.229
1,cell_11,2024-01-01 00:00:00,3.7113,3.547,3.8612,1.7479,2.6479,38.71,46.71,0.0837,0.9414,68.35,64.61,100.149
2,cell_11,2024-01-01 06:00:00,3.7089,3.5485,3.8587,1.8083,2.7298,38.15,49.76,0.0632,0.9502,67.29,63.71,100.405
3,cell_11,2024-01-01 12:00:00,3.7068,3.556,3.8643,1.7311,2.6311,38.84,48.66,0.0902,0.937,69.97,67.15,99.683
4,cell_11,2024-01-01 18:00:00,3.6814,3.5264,3.8314,1.8337,2.7389,39.78,48.76,0.0983,0.9558,63.53,61.17,99.91
5,cell_11,2024-01-02 00:00:00,3.7014,3.5517,3.8513,1.8592,2.7592,33.78,41.78,0.0389,0.9504,66.61,58.96,100.129
6,cell_11,2024-01-02 06:00:00,3.708,3.5463,3.8582,1.8573,2.7573,39.59,49.07,0.0696,0.9662,63.81,61.12,99.635
7,cell_11,2024-01-02 12:00:00,3.7125,3.5525,3.8628,1.822,2.722,35.19,43.19,0.0846,0.9547,67.35,59.77,99.413
8,cell_11,2024-01-02 18:00:00,3.6974,3.534,3.8476,1.8096,2.7096,41.21,49.21,0.0744,0.9537,62.88,60.11,99.651
9,cell_11,2024-01-03 00:00:00,3.7131,3.5632,3.8766,1.7791,2.6791,36.41,45.1,0.0867,0.9701,69.3,65.68,100.048
10,cell_11,2024-01-03 06:00:00,3.7019,3.5499,3.8523,1.8224,2.7224,37.8,47.01,0.0715,0.9543,65.64,62.77,99.204
11,cell_11,2024-01-03 12:00:00,3.6732,3.5217,3.8235,1.7945,2.6945,36.12,44.56,0.1027,0.9479,65.94,63.33,99.375
12,cell_11,2024-01-03 18:00:00,3.6993,3.5231,3.8713,1.7065,2.6065,41.7,50.49,0.085,0.9413,67.94,64.6,100.203
13,cell_11,2024-01-04 00:00:00,3.6911,3.5313,3.8438,1.7692,2.6692,38.98,47.31,0.048,0.9645,70.24,67.09,99.698
14,cell_11,2024-01-04 06:00:00,3.6923,3.5272,3.8428,1.8396,2.7396,42.34,50.34,0.0986,0.9399,61.66,63.65,98.951
15,cell_11,2024-01-04 12:00:00,3.7096,3.5581,3.8599,1.7437,2.6569,41.98,52.66,0.0999,0.9386,65.76,67.32,99.389
16,cell_11,2024-01-04 18:00:00,3.7024,3.5452,3.8543,1.7427,2.6427,40.87,52.58,0.0833,0.9386,70.98,62.19,99.635
17,cell_11,2024-01-05 00:00:00,3.6943,3.5433,3.8444,1.79,2.69,36.9,44.9,0.0472,0.9425,68.05,60.59,99.626
18,cell_11,2024-01-05 06:00:00,3.6926,3.5371,3.8484,1.6916,2.6984,39.25,47.25,0.102,0.9504,73.09,66.93,99.61
19,cell_11,2024-01-05 12:00:00,3.7034,3.5515,3.8537,1.8365,2.7365,41.05,49.05,0.0636,0.9474,67.97,60.29,99.34
20,cell_11,2024-01-05 18:00:00,3.6972,3.5457,3.8503,1.8321,2.7321,39.58,47.76,0.0768,0.9553,64.06,60.78,99.387
21,cell_11,2024-01-06 00:00:00,3.7051,3.5521,3.8702,1.8474,2.7664,38.45,46.45,0.0725,0.9391,66.15,62.3,98.782
22,cell_11,2024-01-06 06:00:00,3.6902,3.5258,3.8474,1.8111,2.7111,39.53,50.2,0.0552,0.9413,62.55,65.15,98.964
23,cell_11,2024-01-06 12:00:00,3.6944,3.5413,3.845,1.7574,2.6574,39.67,47.67,0.0841,0.9515,70.23,64.78,98.783
24,cell_11,2024-01-06 18:00:00,3.688,3.5232,3.8392,1.7385,2.6385,36.78,44.78,0.0881,0.9404,69.61,62.0,99.481
25,cell_11,2024-01-07 00:00:00,3.6934,3.5416,3.8534,1.8275,2.7373,38.15,46.15,0.0863,0.9364,67.82,58.93,99.285
26,cell_11,2024-01-07 06:00:00,3.7206,3.5649,3.871,1.8358,2.7358,39.98,47.98,0.0798,0.9347,65.26,59.86,99.204
27,cell_11,2024-01-07 12:00:00,3.6913,3.5335,3.8586,1.7442,2.6721,40.31,48.42,0.0691,0.9495,69.07,61.42,99.086
28,cell_11,2024-01-07 18:00:00,3.6934,3.5358,3.8455,1.7375,2.7148,39.37,48.94,0.1134,0.9493,71.16,62.35,98.785
29,cell_11,2024-01-08 00:00:00,3.6902,3.5353,3.8465,1.799,2.699,38.39,48.94,0.0877,0.9488,64.71,59.76,98.965
30,cell_11,2024-01-08 06:00:00,3.6964,3.522,3.847,1.8068,2.7264,38.71,48.29,0.0653,0.9622,64.63,60.91,98.85
31,cell_11,2024-01-08 12:00:00,3.6976,3.5335,3.8486,1.8467,2.7467,37.87,45.87,0.0928,0.953,66.51,58.12,98.88
32,cell_11,2024-01-08 18:00:00,3.7096,3.5554,3.8605,1.8331,2.7331,38.84,46.84,0.0913,0.95,67.35,63.79,98.311
33,cell_11,2024-01-09 00:00:00,3.6943,3.5416,3.8603,1.796,2.7123,40.28,48.48,0.0963,0.9635,67.2,62.94,98.916
34,cell_11,2024-01-09 06:00:00,3.6993,3.5313,3.8678,1.8518,2.8207,42.64,51.26,0.0834,0.9598,63.56,63.12,98.765
35,cell_11,2024-01-09 12:00:00,3.678,3.5225,3.8505,1.7825,2.6954,37.19,46.17,0.0715,0.9427,63.29,63.73,97.812
36,cell_11,2024-01-09 18:00:00,3.6886,3.5339,3.8395,1.7846,2.7325,40.9,49.06,0.0566,0.9583,66.7,62.43,98.14
37,cell_11,2024-01-10 00:00:00,3.7083,3.5533,3.8625,1.8424,2.7424,39.57,47.57,0.0734,0.9677,66.11,60.62,98.321
38,cell_11,2024-01-10 06:00:00,3.6883,3.5171,3.8437,1.8479,2.7661,36.6,46.42,0.0509,0.9678,61.1,61.8,97.905
39,cell_11,2024-01-10 12:00:00,3.7042,3.5485,3.8554,1.8492,2.7492,38.85,46.85,0.09,0.9598,62.08,59.1,97.71
40,cell_11,2024-01-10 18:00:00,3.6873,3.5316,3.8422,1.791,2.6929,38.73,48.64,0.0519,0.9539,62.87,62.4,97.724
41,cell_11,2024-01-11 00:00:00,3.6937,3.531,3.8452,1.8036,2.7036,39.0,48.62,0.0769,0.9529,63.46,58.8,96.938
42,cell_11,2024-01-11 06:00:00,3.7131,3.5528,3.8791,1.7567,2.662,40.57,51.48,0.0986,0.9646,66.96,65.02,97.273
43,cell_11,2024-01-11 12:00:00,3.7037,3.5422,3.855,1.845,2.745,41.96,50.4,0.0792,0.9366,61.07,59.16,97.5
44,cell_11,2024-01-11 18:00:00,3.6772,3.5184,3.8308,1.7704,2.6704,40.94,51.83,0.0828,0.9627,66.11,60.84,97.79
45,cell_11,2024-01-12 00:00:00,3.7278,3.5703,3.8871,1.7002,2.6596,39.32,47.32,0.0929,0.9513,65.15,66.71,97.028
46,cell_11,2024-01-12 06:00:00,3.6856,3.5233,3.8369,1.7779,2.7477,39.49,48.18,0.0943,0.9408,67.82,59.73,97.324
47,cell_11,2024-01-12 12:00:00,3.7145,3.5555,3.8796,1.7572,2.6572,42.12,51.65,0.1048,0.9382,67.56,66.07,97.223
48,cell_11,2024-01-12 18:00:00,3.6912,3.5339,3.8426,1.6647,2.5647,37.41,45.41,0.0953,0.9329,71.04,67.82,97.096
49,cell_11,2024-01-13 00:00:00,3.6827,3.5243,3.8344,1.7713,2.6713,40.86,48.86,0.0912,0.9556,67.75,63.77,96.64
50,cell_11,2024-01-13 06:00:00,3.6906,3.5325,3.8423,1.8391,2.7518,37.28,45.28,0.0448,0.9692,60.86,57.34,96.762
51,cell_11,2024-01-13 12:00:00,3.6896,3.5332,3.8409,1.8207,2.7207,36.71,44.71,0.0888,0.945,67.23,61.42,97.444
52,cell_11,2024-01-13 18:00:00,3.6903,3.5278,3.8417,1.8206,2.7546,39.95,47.95,0.1172,0.9415,61.17,57.85,97.203
53,cell_11,2024-01-14 00:00:00,3.6961,3.5385,3.8476,1.8713,2.7713,36.51,44.73,0.0969,0.9621,61.86,58.01,96.985
54,cell_11,2024-01-14 06:00:00,3.7003,3.536,3.8645,1.7711,2.6886,38.41,46.41,0.1034,0.9511,62.47,63.94,97.038
55,cell_11,2024-01-14 12:00:00,3.7099,3.5527,3.8613,1.7427,2.6427,41.06,49.06,0.0705,0.9625,69.69,61.63,97.123
56,cell_11,2024-01-14 18:00:00,3.6973,3.5392,3.8489,1.8247,2.7247,37.63,45.93,0.0826,0.9402,63.49,61.71,96.765
57,cell_11,2024-01-15 00:00:00,3.6959,3.5379,3.8476,1.8179,2.7399,41.7,49.7,0.0953,0.9565,62.44,61.01,96.778
58,cell_11,2024-01-15 06:00:00,3.6878,3.5246,3.8406,1.7367,2.6367,35.61,43.61,0.0929,0.9682,66.45,66.23,96.715
59,cell_11,2024-01-15 12:00:00,3.6926,3.5202,3.8492,1.7912,2.6912,40.57,48.57,0.0998,0.9395,67.88,61.68,96.95
60,cell_11,2024-01-15 18:00:00,3.6898,3.5131,3.8531,1.8269,2.7937,36.92,44.92,0.0613,0.9468,61.71,58.99,96.555
61,cell_11,2024-01-16 00:00:00,3.6813,3.5126,3.833,1.8137,2.7173,38.71,46.71,0.0681,0.9464,62.99,63.18,96.701
62,cell_11,2024-01-16 06:00:00,3.7202,3.5607,3.8889,1.8366,2.8338,39.32,48.4,0.0581,0.9575,59.96,59.75,96.489
63,cell_11,2024-01-16 12:00:00,3.6967,3.5291,3.8486,1.7664,2.6664,38.58,46.58,0.0892,0.9626,63.49,60.67,96.157
64,cell_11,2024-01-16 18:00:00,3.6962,3.5355,3.8483,1.7291,2.6291,38.61,46.64,0.0803,0.9432,69.0,62.56,95.737
65,cell_11,2024-01-17 00:00:00,3.7064,3.5407,3.8586,1.7543,2.6543,36.82,44.82,0.0801,0.975,65.63,62.1,96.149
66,cell_11,2024-01-17 06:00:00,3.6688,3.506,3.8206,1.8432,2.7432,41.12,52.99,0.0704,0.9506,60.26,57.89,96.426
67,cell_11,2024-01-17 12:00:00,3.7168,3.5576,3.8687,1.8518,2.7518,37.16,45.49,0.0671,0.9443,64.47,61.14,96.297
68,cell_11,2024-01-17 18:00:00,3.685,3.5244,3.8471,1.7916,2.7378,37.15,45.15,0.084,0.9643,66.36,62.98,95.756
69,cell_11,2024-01-18 00:00:00,3.6857,3.5238,3.8438,1.8756,2.7756,38.85,46.85,0.1061,0.9514,64.59,58.22,96.351
70,cell_11,2024-01-18 06:00:00,3.6881,3.5235,3.8403,1.7919,2.6919,37.95,49.38,0.1153,0.9462,61.26,57.78,95.682
71,cell_11,2024-01-18 12:00:00,3.7036,3.5337,3.8578,1.7744,2.7074,40.26,48.26,0.1154,0.9446,64.44,59.01,95.857
72,cell_11,2024-01-18 18:00:00,3.7155,3.539,3.8721,1.7295,2.6295,38.2,46.2,0.0746,0.971,69.23,63.39,96.069
73,cell_11,2024-01-19 00:00:00,3.71,3.5493,3.8621,1.7962,2.7798,39.0,47.0,0.0603,0.9401,61.51,59.22,95.719
74,cell_11,2024-01-19 06:00:00,3.688,3.5259,3.8453,1.853,2.753,39.17,47.17,0.1017,0.9613,60.79,57.51,95.183
75,cell_11,2024-01-19 12:00:00,3.6764,3.5089,3.8283,1.8634,2.7634,40.46,49.17,0.1095,0.9419,64.52,59.09,96.282
76,cell_11,2024-01-19 18:00:00,3.6885,3.5134,3.8409,1.8535,2.8497,38.21,46.35,0.0924,0.9438,59.06,59.49,95.093
77,cell_11,2024-01-20 00:00:00,3.6867,3.5124,3.839,1.825,2.725,36.49,44.49,0.0835,0.9492,64.13,57.62,95.374
78,cell_11,2024-01-20 06:00:00,3.6773,3.5123,3.8294,1.8798,2.801,37.79,45.79,0.0715,0.9547,63.95,59.28,95.863
79,cell_11,2024-01-20 12:00:00,3.6987,3.5169,3.858,1.7516,2.6516,40.71,52.42,0.0961,0.9336,65.93,59.45,95.265
80,cell_11,2024-01-20 18:00:00,3.6929,3.531,3.8461,1.8593,2.7593,39.52,48.05,0.0955,0.9446,63.8,58.79,95.234
81,cell_11,2024-01-21 00:00:00,3.698,3.5205,3.8504,1.8141,2.7141,38.44,47.58,0.0897,0.9603,64.97,61.0,95.36
82,cell_11,2024-01-21 06:00:00,3.7004,3.5388,3.8607,1.8105,2.7332,39.09,47.09,0.0619,0.9602,65.15,58.74,95.371
83,cell_11,2024-01-21 12:00:00,3.6996,3.5375,3.8559,1.7288,2.6952,38.6,46.6,0.0641,0.9471,66.91,64.98,95.167
84,cell_11,2024-01-21 18:00:00,3.691,3.5271,3.8544,1.8171,2.7171,40.18,50.53,0.0821,0.9382,59.68,61.04,94.426
85,cell_11,2024-01-22 00:00:00,3.7087,3.5458,3.877,1.8577,2.7577,39.51,47.51,0.1048,0.9522,60.65,60.54,94.847
86,cell_11,2024-01-22 06:00:00,3.6866,3.5226,3.8428,1.6936,2.5936,38.58,48.11,0.1022,0.9583,69.09,62.46,94.365
87,cell_11,2024-01-22 12:00:00,3.6856,3.5221,3.8382,1.8398,2.7398,40.38,48.38,0.076,0.9518,59.89,61.31,94.633
88,cell_11,2024-01-22 18:00:00,3.689,3.5232,3.8491,1.6857,2.6179,40.77,49.6,0.0475,0.9641,65.72,63.6,94.208
89,cell_11,2024-01-23 00:00:00,3.6977,3.5285,3.8503,1.7291,2.6291,37.62,48.95,0.1107,0.9473,65.94,61.32,94.897
90,cell_11,2024-01-23 06:00:00,3.699,3.5323,3.8516,1.7953,2.6993,37.65,45.65,0.1088,0.9368,62.85,60.95,94.763
91,cell_11,2024-01-23 12:00:00,3.6883,3.5244,3.8411,1.8791,2.8537,42.6,50.6,0.0865,0.9441,62.23,59.62,94.455
92,cell_11,2024-01-23 18:00:00,3.6888,3.5135,3.8531,1.7936,2.6936,39.94,47.94,0.0754,0.95,66.34,62.64,94.674
93,cell_11,2024-01-24 00:00:00,3.7054,3.5428,3.8655,1.8235,2.7393,41.5,49.53,0.0779,0.943,60.01,57.74,94.928
94,cell_11,2024-01-24 06:00:00,3.6779,3.5129,3.8398,1.7545,2.6545,40.34,51.64,0.1026,0.9448,61.19,58.84,93.992
95,cell_11,2024-01-24 12:00:00,3.7184,3.5534,3.8727,1.7903,2.6903,39.69,47.69,0.0947,0.9596,64.72,59.51,93.975
96,cell_11,2024-01-24 18:00:00,3.6886,3.5181,3.8471,1.7973,2.6973,35.79,46.89,0.0754,0.9419,60.35,62.65,94.404
97,cell_11,2024-01-25 00:00:00,3.6888,3.5236,3.8479,1.8815,2.7815,37.17,45.17,0.128,0.9367,58.33,59.68,93.904
98,cell_11,2024-01-25 06:00:00,3.6944,3.525,3.8475,1.7626,2.6626,39.98,47.98,0.0534,0.9581,62.91,59.25,93.826
99,cell_11,2024-01-25 12:00:00,3.6955,3.5209,3.8546,1.767,2.667,37.64,47.72,0.072,0.9565,62.17,57.53,93.431
100,cell_11,2024-01-25 18:00:00,3.6844,3.5193,3.8374,1.8538,2.7887,38.78,48.67,0.0724,0.9396,61.72,59.05,93.957
101,cell_11,2024-01-26 00:00:00,3.6933,3.5266,3.8467,1.7877,2.6877,40.37,48.37,0.0861,0.9571,61.23,57.82,93.302
102,cell_11,2024-01-26 06:00:00,3.6812,3.5155,3.8344,1.8057,2.7057,39.2,47.2,0.1066,0.9387,62.95,57.37,93.717
103,cell_11,2024-01-26 12:00:00,3.6832,3.5152,3.8368,1.8218,2.7218,39.6,47.6,0.1006,0.9428,62.33,59.52,92.809
104,cell_11,2024-01-26 18:00:00,3.6749,3.5098,3.8279,1.7682,2.6752,41.08,49.08,0.0865,0.939,60.72,58.68,93.969
105,cell_11,2024-01-27 00:00:00,3.6922,3.5269,3.8453,1.6974,2.6352,41.23,51.57,0.0575,0.9454,65.48,64.93,93.87
106,cell_11,2024-01-27 06:00:00,3.6887,3.5229,3.8485,1.8538,2.7538,38.92,46.94,0.1031,0.9556,57.91,60.18,93.655
107,cell_11,2024-01-27 12:00:00,3.671,3.4982,3.839,1.8058,2.7058,40.91,48.91,0.0613,0.9527,64.17,57.22,94.073
108,cell_11,2024-01-27 18:00:00,3.6841,3.519,3.8428,1.7362,2.7306,37.56,46.48,0.076,0.9419,62.07,62.0,93.957
109,cell_11,2024-01-28 00:00:00,3.6899,3.5121,3.8444,1.8389,2.8028,39.34,48.37,0.0825,0.9519,63.21,59.17,93.481
110,cell_11,2024-01-28 06:00:00,3.6988,3.5324,3.852,1.9005,2.8671,39.85,47.85,0.0679,0.9538,61.06,56.27,93.456
111,cell_11,2024-01-28 12:00:00,3.6782,3.5083,3.8554,1.8596,2.7771,38.84,46.84,0.0675,0.9596,60.75,60.1,93.984
112,cell_11,2024-01-28 18:00:00,3.6879,3.5227,3.8409,1.904,2.8393,38.67,46.67,0.1017,0.9536,61.82,53.68,93.924
113,cell_11,2024-01-29 00:00:00,3.6795,3.5071,3.8326,1.7386,2.6386,37.32,48.05,0.1131,0.9574,63.77,64.6,93.638
114,cell_11,2024-01-29 06:00:00,3.697,3.53,3.8631,1.8125,2.7125,38.95,46.95,0.0825,0.9506,60.48,58.99,93.191
115,cell_11,2024-01-29 12:00:00,3.6843,3.5172,3.8373,1.8177,2.7177,36.59,44.59,0.0484,0.9419,59.66,57.17,93.998
116,cell_11,2024-01-29 18:00:00,3.6958,3.5178,3.8526,1.7942,2.6943,38.8,46.8,0.0896,0.9516,64.12,60.39,93.739
117,cell_11,2024-01-30 00:00:00,3.687,3.5165,3.8401,1.7836,2.7299,39.09,48.52,0.0701,0.9622,62.57,60.93,93.701
118,cell_11,2024-01-30 06:00:00,3.6723,3.5044,3.8258,1.652,2.552,40.12,48.12,0.0912,0.9627,70.69,60.75,92.867
119,cell_11,2024-01-30 12:00:00,3.6901,3.5248,3.8437,1.8846,2.8151,37.24,45.24,0.0899,0.9242,61.99,58.8,93.879
120,cell_11,2024-01-30 18:00:00,3.6787,3.513,3.8319,1.7192,2.6192,39.51,47.51,0.0464,0.9563,65.49,59.33,93.7
121,cell_11,2024-01-31 00:00:00,3.7015,3.5311,3.8548,1.8452,2.7604,39.85,49.82,0.0762,0.9451,60.55,56.07,93.557
122,cell_11,2024-01-31 06:00:00,3.7081,3.5399,3.8718,1.8005,2.7391,38.97,51.32,0.0963,0.954,60.54,59.68,93.311
123,cell_11,2024-01-31 12:00:00,3.6968,3.5308,3.85,1.7985,2.765,39.67,47.67,0.0821,0.9363,60.28,61.04,93.595
124,cell_11,2024-01-31 18:00:00,3.6841,3.5169,3.8723,1.7897,2.704,39.4,48.38,0.0621,0.9457,61.2,60.56,93.703
125,cell_11,2024-02-01 00:00:00,3.69,3.5163,3.8443,1.81,2.8069,35.1,43.1,0.0971,0.934,62.08,59.43,93.166
126,cell_11,2024-02-01 06:00:00,3.6926,3.5114,3.846,1.832,2.732,37.62,46.05,0.0507,0.9457,58.81,57.9,93.117
127,cell_11,2024-02-01 12:00:00,3.6998,3.5313,3.8534,1.8476,2.8138,42.21,50.21,0.0887,0.9561,62.46,57.22,92.604
128,cell_11,2024-02-01 18:00:00,3.6868,3.4934,3.8406,1.7937,2.7228,39.98,50.87,0.0732,0.9545,64.76,58.34,92.475
129,cell_11,2024-02-02 00:00:00,3.6934,3.5111,3.8577,1.7397,2.6397,38.1,46.1,0.0927,0.9715,62.57,59.44,92.877
130,cell_11,2024-02-02 06:00:00,3.672,3.5017,3.8418,1.738,2.7087,39.55,47.55,0.0794,0.9448,64.82,59.83,92.55
131,cell_11,2024-02-02 12:00:00,3.6921,3.5224,3.854,1.8519,2.7519,40.07,48.07,0.0937,0.9412,59.82,59.62,93.151
132,cell_11,2024-02-02 18:00:00,3.6802,3.4976,3.8339,1.7864,2.6864,41.31,50.64,0.1112,0.9639,62.29,58.31,92.517
133,cell_11,2024-02-03 00:00:00,3.6883,3.5181,3.8423,1.7488,2.6924,38.42,46.42,0.0979,0.9328,64.77,61.56,91.906
134,cell_11,2024-02-03 06:00:00,3.6773,3.5068,3.8388,1.7629,2.6629,38.11,49.14,0.0975,0.9519,63.16,60.06,91.785
135,cell_11,2024-02-03 12:00:00,3.6929,3.5241,3.8466,1.7953,2.6953,38.25,47.53,0.0957,0.955,62.84,57.02,92.491
136,cell_11,2024-02-03 18:00:00,3.6945,3.5247,3.8485,1.7358,2.6687,38.14,47.87,0.0497,0.9269,61.39,58.27,92.074
137,cell_11,2024-02-04 00:00:00,3.6865,3.5178,3.8402,1.7984,2.6984,38.09,46.09,0.0856,0.9391,60.13,56.33,92.531
138,cell_11,2024-02-04 06:00:00,3.6795,3.5097,3.8521,1.8627,2.7627,39.28,47.28,0.0894,0.9363,61.49,56.34,92.094
139,cell_11,2024-02-04 12:00:00,3.6941,3.5248,3.848,1.7941,2.6941,38.37,46.43,0.0951,0.9583,64.61,56.8,92.265
140,cell_11,2024-02-04 18:00:00,3.7037,3.5339,3.866,1.7116,2.6598,38.91,46.91,0.0823,0.9436,64.92,59.78,92.092
141,cell_11,2024-02-05 00:00:00,3.7076,3.5246,3.867,1.8434,2.8218,41.81,50.75,0.0983,0.9474,58.31,59.09,92.269
142,cell_11,2024-02-05 06:00:00,3.6926,3.5117,3.8464,1.8555,2.7555,37.56,47.4,0.0648,0.9339,59.83,56.71,92.411
143,cell_11,2024-02-05 12:00:00,3.6911,3.5216,3.8454,1.8581,2.762,39.51,47.51,0.1239,0.9419,59.39,55.57,92.198
144,cell_11,2024-02-05 18:00:00,3.6754,3.4916,3.8292,1.8029,2.7029,37.3,46.68,0.0952,0.9421,62.5,56.48,92.391
145,cell_11,2024-02-06 00:00:00,3.7007,3.526,3.8693,1.9166,2.8181,40.39,48.9,0.0656,0.9478,56.42,54.17,91.683
146,cell_11,2024-02-06 06:00:00,3.6652,3.485,3.8191,1.8368,2.8251,40.68,50.91,0.1111,0.9469,62.61,55.87,92.317
147,cell_11,2024-02-06 12:00:00,3.7002,3.5307,3.8578,1.9495,2.8685,37.7,48.99,0.0617,0.9647,59.47,51.3,92.199
148,cell_11,2024-02-06 18:00:00,3.6884,3.5187,3.8424,1.8676,2.7676,37.96,47.52,0.0842,0.9569,61.62,58.4,92.114
149,cell_11,2024-02-07 00:00:00,3.6629,3.4853,3.8172,1.8599,2.7599,40.0,48.0,0.0863,0.9322,61.9,56.47,91.475
150,cell_11,2024-02-07 06:00:00,3.6909,3.5201,3.8558,1.7689,2.7188,38.59,49.0,0.0758,0.9602,59.95,61.15,91.692
151,cell_11,2024-02-07 12:00:00,3.6868,3.5175,3.8407,1.7526,2.6526,41.13,49.22,0.0816,0.9588,61.6,61.53,92.261
152,cell_11,2024-02-07 18:00:00,3.684,3.5147,3.8378,1.8058,2.7058,37.2,45.2,0.0853,0.9507,62.96,55.29,92.299
153,cell_11,2024-02-08 00:00:00,3.6858,3.5128,3.8439,1.7904,2.7056,40.62,48.62,0.0625,0.9599,61.67,59.73,92.315
154,cell_11,2024-02-08 06:00:00,3.6881,3.5175,3.842,1.7731,2.7021,42.36,50.55,0.0895,0.962,65.27,57.03,92.19
155,cell_11,2024-02-08 12:00:00,3.6875,3.5015,3.8432,1.7935,2.6935,39.59,49.6,0.0841,0.9451,59.29,55.75,91.833
156,cell_11,2024-02-08 18:00:00,3.6731,3.5028,3.8357,1.7901,2.6901,38.04,46.04,0.1229,0.9378,60.41,55.62,91.884
157,cell_11,2024-02-09 00:00:00,3.6914,3.5193,3.8492,1.768,2.7364,37.83,45.83,0.1137,0.9556,63.05,61.18,91.56
158,cell_11,2024-02-09 06:00:00,3.6832,3.5044,3.8464,1.8329,2.767,38.76,46.76,0.0693,0.9418,59.24,57.21,91.309
159,cell_11,2024-02-09 12:00:00,3.7036,3.5332,3.8577,1.7624,2.7118,40.01,50.06,0.0812,0.9526,61.67,61.11,91.844
160,cell_11,2024-02-09 18:00:00,3.6955,3.5236,3.8618,1.7978,2.6978,36.76,45.56,0.0701,0.9396,61.22,58.7,91.244
161,cell_11,2024-02-10 00:00:00,3.6963,3.5222,3.8508,1.7393,2.6393,38.54,49.48,0.0789,0.9597,64.73,57.4,91.044
162,cell_11,2024-02-10 06:00:00,3.7055,3.5187,3.8599,1.805,2.705,39.2,47.2,0.1012,0.9424,60.28,58.31,91.28
163,cell_11,2024-02-10 12:00:00,3.6942,3.5209,3.8486,1.8101,2.7101,41.33,49.33,0.0819,0.9479,57.67,55.11,91.231
164,cell_11,2024-02-10 18:00:00,3.6847,3.504,3.8393,1.7519,2.6519,41.79,52.91,0.074,0.9472,63.91,56.27,90.751
165,cell_11,2024-02-11 00:00:00,3.6614,3.4816,3.8158,1.8035,2.7035,38.8,46.8,0.0961,0.9358,62.13,56.77,91.348
166,cell_11,2024-02-11 06:00:00,3.6893,3.5174,3.8436,1.7951,2.6951,37.34,46.69,0.0453,0.9608,61.03,55.5,91.239
167,cell_11,2024-02-11 12:00:00,3.7031,3.5287,3.8612,1.777,2.6794,39.21,47.21,0.0763,0.9629,61.78,59.35,90.545
168,cell_11,2024-02-11 18:00:00,3.6957,3.5237,3.8673,1.7774,2.682,39.26,47.63,0.1114,0.9486,60.76,59.14,91.192
169,cell_11,2024-02-12 00:00:00,3.6808,3.4922,3.8355,1.8224,2.7224,40.78,48.78,0.1124,0.9424,57.28,57.74,90.566
170,cell_11,2024-02-12 06:00:00,3.6873,3.5082,3.8427,1.8014,2.7014,38.33,46.33,0.1101,0.9477,62.52,60.15,91.143
171,cell_11,2024-02-12 12:00:00,3.68,3.4971,3.8348,1.8479,2.7479,37.52,49.3,0.0594,0.9449,58.04,54.94,90.348
172,cell_11,2024-02-12 18:00:00,3.6883,3.5084,3.8432,1.7482,2.658,38.98,46.98,0.0592,0.9498,64.88,59.15,90.143
173,cell_11,2024-02-13 00:00:00,3.6804,3.5053,3.8352,1.7906,2.6974,38.49,46.49,0.0741,0.9469,63.44,56.76,90.353
174,cell_11,2024-02-13 06:00:00,3.7008,3.5198,3.8718,1.7693,2.6693,38.45,46.45,0.0843,0.9409,60.57,56.38,90.948
175,cell_11,2024-02-13 12:00:00,3.6865,3.512,3.8415,1.803,2.7743,37.7,45.7,0.0693,0.9613,58.2,59.08,90.201
176,cell_11,2024-02-13 18:00:00,3.6876,3.4997,3.8426,1.8135,2.7552,37.12,45.12,0.0504,0.9479,61.1,57.01,90.001
177,cell_11,2024-02-14 00:00:00,3.6775,3.5038,3.8322,1.7409,2.6409,39.92,47.92,0.1026,0.9693,64.05,60.05,90.531
178,cell_11,2024-02-14 06:00:00,3.6813,3.4967,3.8368,1.8297,2.7429,39.4,49.38,0.0992,0.951,56.46,54.84,90.313
179,cell_11,2024-02-14 12:00:00,3.6743,3.5008,3.829,1.9081,2.8081,37.79,46.43,0.0722,0.946,57.19,56.0,90.601
180,cell_11,2024-02-14 18:00:00,3.6995,3.5183,3.8737,1.8085,2.7217,40.23,48.23,0.0982,0.9472,58.57,56.93,90.227
181,cell_11,2024-02-15 00:00:00,3.6796,3.504,3.8372,1.7566,2.6652,36.24,44.24,0.1029,0.9463,58.58,55.63,89.792
182,cell_11,2024-02-15 06:00:00,3.6874,3.5112,3.8436,1.7854,2.719,38.39,50.7,0.0364,0.9489,60.45,56.74,90.567
183,cell_11,2024-02-15 12:00:00,3.6692,3.4938,3.8255,1.7838,2.7578,39.32,47.32,0.0969,0.9522,58.21,57.13,89.819
184,cell_11,2024-02-15 18:00:00,3.6724,3.4969,3.8406,1.7666,2.6816,40.66,50.31,0.0828,0.9388,59.68,56.94,89.812
185,cell_11,2024-02-16 00:00:00,3.6828,3.5083,3.8377,1.8361,2.7628,38.17,46.17,0.0337,0.9398,59.34,53.73,90.201
186,cell_11,2024-02-16 06:00:00,3.6807,3.5035,3.8361,1.7088,2.6821,40.69,48.69,0.1044,0.9578,61.08,58.42,89.226
187,cell_11,2024-02-16 12:00:00,3.6879,3.5123,3.8443,1.8136,2.7136,38.02,46.02,0.0856,0.9551,58.92,53.78,90.282
188,cell_11,2024-02-16 18:00:00,3.706,3.5325,3.8686,1.8645,2.7645,40.23,51.17,0.0521,0.9342,59.53,53.71,90.599
189,cell_11,2024-02-17 00:00:00,3.6648,3.4898,3.8317,1.8613,2.7949,41.52,49.52,0.0919,0.9552,59.8,55.93,89.996
190,cell_11,2024-02-17 06:00:00,3.6939,3.5159,3.8514,1.8512,2.7512,37.5,46.81,0.0876,0.9584,57.73,55.3,89.424
191,cell_11,2024-02-17 12:00:00,3.6892,3.5088,3.8467,1.767,2.667,39.23,49.67,0.0948,0.9525,61.31,56.97,89.472
192,cell_11,2024-02-17 18:00:00,3.6784,3.5027,3.8435,1.8729,2.8481,39.81,47.81,0.0453,0.9335,56.5,57.25,89.708
193,cell_11,2024-02-18 00:00:00,3.6804,3.5044,3.8355,1.8183,2.7183,37.13,47.13,0.078,0.9366,61.54,53.61,89.799
194,cell_11,2024-02-18 06:00:00,3.6965,3.5216,3.8523,1.8712,2.7863,39.65,49.33,0.0644,0.9495,55.41,55.75,90.173
195,cell_11,2024-02-18 12:00:00,3.6846,3.51,3.8395,1.8541,2.7541,38.15,46.15,0.0807,0.9688,56.0,56.14,90.16
196,cell_11,2024-02-18 18:00:00,3.6812,3.5053,3.837,1.8157,2.7362,37.74,45.74,0.05,0.9446,56.49,56.39,89.624
197,cell_11,2024-02-19 00:00:00,3.6738,3.4976,3.8326,1.7878,2.7794,38.37,46.37,0.0617,0.9561,57.7,55.67,89.53
198,cell_11,2024-02-19 06:00:00,3.6758,3.4995,3.8435,1.9182,2.8182,38.26,46.47,0.1148,0.9436,56.68,53.19,89.454
199,cell_11,2024-02-19 12:00:00,3.6727,3.4974,3.8277,1.711,2.611,40.2,48.2,0.1072,0.967,66.18,59.7,89.882
200,cell_11,2024-02-19 18:00:00,3.6931,3.5046,3.8484,1.7913,2.7092,39.0,48.13,0.1034,0.9504,60.58,54.85,89.529
201,cell_11,2024-02-20 00:00:00,3.676,3.4991,3.8314,1.7297,2.6297,42.47,50.47,0.1134,0.9379,60.38,57.17,89.225
202,cell_11,2024-02-20 06:00:00,3.6719,3.4743,3.8273,1.8058,2.7058,38.2,46.2,0.0466,0.9418,61.16,55.94,89.204
203,cell_11,2024-02-20 12:00:00,3.6865,3.4918,3.8416,1.8178,2.7361,39.71,47.72,0.0829,0.941,58.44,55.58,89.839
204,cell_11,2024-02-20 18:00:00,3.676,3.4988,3.8526,1.7679,2.696,38.77,47.23,0.0889,0.9512,61.26,55.41,89.409
205,cell_11,2024-02-21 00:00:00,3.6983,3.5197,3.8627,1.7716,2.7003,37.09,47.71,0.0763,0.943,59.63,55.42,88.565
206,cell_11,2024-02-21 06:00:00,3.6842,3.4844,3.8396,1.734,2.634,41.39,50.29,0.0468,0.945,61.78,59.19,89.17
207,cell_11,2024-02-21 12:00:00,3.6859,3.5016,3.8414,1.8226,2.7444,39.18,48.6,0.1017,0.9695,56.44,57.02,89.241
208,cell_11,2024-02-21 18:00:00,3.6857,3.5041,3.8412,1.7767,2.6767,37.83,45.83,0.0964,0.9441,62.77,58.68,89.1
209,cell_11,2024-02-22 00:00:00,3.69,3.5139,3.8468,1.8211,2.7211,39.6,47.6,0.0716,0.9518,57.87,56.3,89.559
210,cell_11,2024-02-22 06:00:00,3.6907,3.5134,3.8462,1.7738,2.6738,40.55,48.55,0.1009,0.9473,60.87,54.57,89.082
211,cell_11,2024-02-22 12:00:00,3.6833,3.5049,3.839,1.8124,2.7412,37.73,46.09,0.0865,0.9495,55.81,54.19,88.66
212,cell_11,2024-02-22 18:00:00,3.673,3.4799,3.8286,1.837,2.737,39.08,47.37,0.0967,0.9567,57.74,56.39,88.742
213,cell_11,2024-02-23 00:00:00,3.6822,3.5001,3.8514,1.8239,2.7347,40.56,48.75,0.0657,0.928,60.22,54.49,89.158
214,cell_11,2024-02-23 06:00:00,3.6834,3.5048,3.8391,1.8105,2.7105,39.25,47.25,0.0888,0.9515,59.35,56.75,88.549
215,cell_11,2024-02-23 12:00:00,3.6669,3.4889,3.8335,1.7948,2.6948,39.83,47.83,0.089,0.9462,58.3,57.28,88.808
216,cell_11,2024-02-23 18:00:00,3.6621,3.4841,3.8233,1.8239,2.7764,38.6,49.92,0.0794,0.9518,59.3,55.59,88.787
217,cell_11,2024-02-24 00:00:00,3.6701,3.4904,3.826,1.7699,2.6884,36.64,45.19,0.0305,0.948,61.52,55.62,88.125
218,cell_11,2024-02-24 06:00:00,3.6628,3.4817,3.8262,1.7902,2.7092,38.62,47.79,0.0874,0.9481,57.11,53.69,88.222
219,cell_11,2024-02-24 12:00:00,3.6772,3.4972,3.8352,1.8173,2.7173,38.16,47.1,0.0888,0.953,55.6,56.55,88.024
220,cell_11,2024-02-24 18:00:00,3.6745,3.4949,3.8304,1.8769,2.7769,38.84,46.84,0.0651,0.9445,56.15,52.13,88.167
221,cell_11,2024-02-25 00:00:00,3.6833,3.504,3.8392,1.7694,2.6994,38.18,47.25,0.0954,0.9697,59.5,55.58,88.279
222,cell_11,2024-02-25 06:00:00,3.6896,3.4997,3.8455,1.7557,2.6744,39.26,47.3,0.0889,0.9404,57.66,55.1,88.365
223,cell_11,2024-02-25 12:00:00,3.6851,3.5055,3.8555,1.8143,2.8425,38.48,46.48,0.0922,0.9644,59.36,56.72,88.161
224,cell_11,2024-02-25 18:00:00,3.6868,3.5076,3.8427,1.8604,2.7714,40.21,48.21,0.0765,0.9376,57.43,56.74,88.321
225,cell_11,2024-02-26 00:00:00,3.6922,3.5133,3.8479,1.8406,2.7406,39.92,51.91,0.0498,0.9474,56.59,54.69,88.462
226,cell_11,2024-02-26 06:00:00,3.6791,3.4826,3.835,1.8011,2.7011,37.61,47.95,0.0503,0.9531,57.5,55.06,88.268
227,cell_11,2024-02-26 12:00:00,3.6571,3.4792,3.8127,1.8613,2.7613,40.88,48.88,0.0977,0.9407,56.05,54.49,88.808
228,cell_11,2024-02-26 18:00:00,3.6645,3.4844,3.8205,1.7095,2.6095,37.92,47.26,0.0621,0.94,59.36,57.99,87.966
229,cell_11,2024-02-27 00:00:00,3.687,3.5071,3.8539,1.8506,2.7556,37.31,45.75,0.068,0.9472,59.53,53.14,88.033
230,cell_11,2024-02-27 06:00:00,3.6843,3.5046,3.8402,1.7843,2.6843,40.58,52.07,0.1008,0.959,56.72,59.16,88.214
231,cell_11,2024-02-27 12:00:00,3.689,3.5077,3.845,1.8315,2.7983,38.11,46.11,0.0413,0.9508,55.03,57.29,88.014
232,cell_11,2024-02-27 18:00:00,3.7107,3.5267,3.8788,1.8504,2.7944,39.15,47.6,0.0519,0.9689,58.79,55.03,88.16
233,cell_11,2024-02-28 00:00:00,3.6834,3.4748,3.8397,1.8097,2.7529,37.07,45.07,0.0998,0.9556,57.77,52.31,87.469
234,cell_11,2024-02-28 06:00:00,3.6809,3.5008,3.8395,1.8035,2.7035,38.45,46.45,0.0857,0.9454,60.33,54.83,87.933
235,cell_11,2024-02-28 12:00:00,3.6859,3.5067,3.8418,1.7804,2.7261,38.83,46.83,0.0441,0.9231,59.58,54.75,88.308
236,cell_11,2024-02-28 18:00:00,3.671,3.4896,3.8296,1.8846,2.8357,38.41,46.93,0.0752,0.9345,58.68,54.07,88.616
237,cell_11,2024-02-29 00:00:00,3.6903,3.5115,3.8567,1.8172,2.797,38.23,48.24,0.0875,0.9473,57.55,54.92,88.479
238,cell_11,2024-02-29 06:00:00,3.6804,3.5006,3.8364,1.8111,2.7111,39.06,50.45,0.062,0.9344,58.86,54.96,88.082
239,cell_11,2024-02-29 12:00:00,3.6991,3.5145,3.855,1.8755,2.7761,40.49,49.45,0.0551,0.9481,54.85,55.99,88.189
240,cell_11,2024-02-29 18:00:00,3.6656,3.4849,3.8217,1.7749,2.6749,37.59,45.59,0.0502,0.9522,59.01,58.74,87.728
241,cell_11,2024-03-01 00:00:00,3.6812,3.4999,3.8375,1.7875,2.8195,35.21,43.21,0.1009,0.9471,56.56,54.44,87.463
242,cell_11,2024-03-01 06:00:00,3.6747,3.4931,3.8503,1.8469,2.7469,40.86,48.86,0.1049,0.9473,56.74,54.61,87.341
243,cell_11,2024-03-01 12:00:00,3.6709,3.4746,3.8377,1.8887,2.8525,38.01,46.01,0.0991,0.9696,55.5,54.98,87.704
244,cell_11,2024-03-01 18:00:00,3.6876,3.4936,3.8555,1.8022,2.7101,38.14,46.14,0.1086,0.9507,55.56,58.09,87.596
245,cell_11,2024-03-02 00:00:00,3.6786,3.4983,3.8347,1.8193,2.7633,38.18,46.18,0.1096,0.9486,55.59,56.48,87.881
246,cell_11,2024-03-02 06:00:00,3.6937,3.511,3.8612,1.7206,2.6206,37.01,45.01,0.0537,0.9401,61.0,55.16,86.915
247,cell_11,2024-03-02 12:00:00,3.6759,3.4855,3.842,1.8641,2.8103,38.41,46.41,0.104,0.95,57.51,54.49,87.448
248,cell_11,2024-03-02 18:00:00,3.6779,3.4769,3.837,1.7458,2.6597,38.58,47.24,0.0862,0.9452,61.37,57.32,87.863
249,cell_11,2024-03-03 00:00:00,3.7017,3.4975,3.8578,1.773,2.7583,39.65,47.65,0.122,0.968,60.64,55.12,87.673
250,cell_11,2024-03-03 06:00:00,3.6673,3.4853,3.8334,1.8094,2.7247,38.18,46.18,0.1517,0.9557,57.71,57.21,87.205
251,cell_11,2024-03-03 12:00:00,3.6728,3.477,3.8293,1.7675,2.6675,35.34,44.71,0.0801,0.9642,58.19,57.0,87.108
252,cell_11,2024-03-03 18:00:00,3.6503,3.469,3.8132,1.703,2.6289,36.99,47.79,0.0779,0.9521,62.8,61.11,87.486
253,cell_11,2024-03-04 00:00:00,3.6771,3.4965,3.8333,1.7382,2.6387,40.67,48.67,0.0763,0.9625,59.18,54.92,87.736
254,cell_11,2024-03-04 06:00:00,3.6884,3.5075,3.8446,1.8049,2.7049,37.74,50.13,0.0854,0.94,59.03,57.02,87.655
255,cell_11,2024-03-04 12:00:00,3.6846,3.5021,3.8411,1.8748,2.7938,39.82,49.22,0.0886,0.9525,53.41,53.38,87.002
256,cell_11,2024-03-04 18:00:00,3.6818,3.4942,3.858,1.8708,2.7708,37.93,46.05,0.1368,0.9413,55.94,51.84,86.888
257,cell_11,2024-03-05 00:00:00,3.6714,3.4883,3.828,1.8191,2.7191,40.22,50.71,0.0869,0.9456,58.5,56.54,86.773
258,cell_11,2024-03-05 06:00:00,3.6784,3.4862,3.8449,1.8078,2.7099,39.15,47.15,0.0754,0.9504,56.61,56.5,86.876
259,cell_11,2024-03-05 12:00:00,3.6765,3.4892,3.8414,1.8399,2.7399,36.82,44.82,0.0843,0.9404,59.1,54.28,86.977
260,cell_11,2024-03-05 18:00:00,3.6798,3.486,3.8365,1.8663,2.7663,37.24,47.1,0.0675,0.9354,53.28,55.5,86.562
261,cell_11,2024-03-06 00:00:00,3.6814,3.4975,3.8382,1.8059,2.752,36.77,45.83,0.0504,0.9598,56.09,56.27,86.43
262,cell_11,2024-03-06 06:00:00,3.6769,3.4902,3.8334,1.8076,2.7076,40.37,50.46,0.081,0.9332,58.72,54.63,86.914
263,cell_11,2024-03-06 12:00:00,3.6801,3.4964,3.8497,1.8102,2.7102,37.11,47.15,0.1307,0.9669,59.24,51.95,86.542
264,cell_11,2024-03-06 18:00:00,3.6782,3.4867,3.8351,1.8505,2.7505,38.45,50.47,0.1018,0.9418,53.68,53.66,86.112
265,cell_11,2024-03-07 00:00:00,3.6739,3.4917,3.8304,1.7316,2.6557,38.88,46.88,0.0744,0.9557,57.96,56.96,87.124
266,cell_11,2024-03-07 06:00:00,3.681,3.4979,3.8406,1.8008,2.7008,39.33,47.33,0.091,0.9563,57.62,55.39,86.772
267,cell_11,2024-03-07 12:00:00,3.6674,3.4843,3.824,1.82,2.72,38.31,46.31,0.1343,0.9389,56.32,51.75,86.759
268,cell_11,2024-03-07 18:00:00,3.6818,3.4984,3.8385,1.7053,2.6053,36.64,46.97,0.088,0.9546,61.27,59.89,86.64
269,cell_11,2024-03-08 00:00:00,3.6693,3.4748,3.8258,1.8459,2.7769,37.19,45.94,0.0662,0.9517,58.46,55.42,86.947
270,cell_11,2024-03-08 06:00:00,3.6792,3.4942,3.8361,1.8538,2.7538,37.42,47.76,0.0854,0.9563,54.69,54.5,86.311
271,cell_11,2024-03-08 12:00:00,3.6847,3.4895,3.842,1.7027,2.63,35.03,43.59,0.0968,0.9621,58.11,59.76,86.697
272,cell_11,2024-03-08 18:00:00,3.6709,3.4767,3.8302,1.7793,2.6793,39.65,47.65,0.0923,0.9581,59.53,53.74,86.78
273,cell_11,2024-03-09 00:00:00,3.6906,3.5078,3.8606,1.781,2.7437,39.76,49.12,0.1131,0.9413,58.89,55.67,86.861
274,cell_11,2024-03-09 06:00:00,3.6966,3.5112,3.8537,1.7556,2.6556,37.39,45.91,0.086,0.9486,58.76,57.24,85.827
275,cell_11,2024-03-09 12:00:00,3.6728,3.4883,3.8308,1.7625,2.6625,40.96,49.74,0.0371,0.9418,60.35,56.47,86.188
276,cell_11,2024-03-09 18:00:00,3.6774,3.4798,3.8344,1.7739,2.7048,38.84,48.14,0.0934,0.9442,60.13,55.3,85.885
277,cell_11,2024-03-10 00:00:00,3.6908,3.5021,3.8572,1.8305,2.7551,40.27,49.14,0.0921,0.9549,54.26,52.63,85.815
278,cell_11,2024-03-10 06:00:00,3.6602,3.4718,3.8175,1.8624,2.783,40.16,50.13,0.0908,0.9561,56.89,53.2,85.45
279,cell_11,2024-03-10 12:00:00,3.6802,3.4967,3.8369,1.8276,2.7699,38.8,46.9,0.067,0.9558,57.09,51.39,86.588
280,cell_11,2024-03-10 18:00:00,3.6758,3.4905,3.8329,1.7543,2.6543,35.96,44.3,0.1239,0.9529,60.92,53.04,85.88
281,cell_11,2024-03-11 00:00:00,3.688,3.4901,3.845,1.8396,2.7396,39.3,47.3,0.0623,0.9544,56.48,52.93,85.992
282,cell_11,2024-03-11 06:00:00,3.676,3.4699,3.8471,1.8302,2.7962,39.79,49.76,0.0644,0.9455,58.34,53.59,85.603
283,cell_11,2024-03-11 12:00:00,3.6827,3.4831,3.8432,1.6533,2.5751,38.02,49.44,0.0794,0.9635,64.09,57.84,85.459
284,cell_11,2024-03-11 18:00:00,3.671,3.4864,3.8279,1.862,2.762,39.24,47.24,0.1105,0.9567,54.56,53.76,86.163
285,cell_11,2024-03-12 00:00:00,3.6877,3.4973,3.849,1.8067,2.7067,38.96,48.24,0.1114,0.9498,57.56,56.34,85.43
286,cell_11,2024-03-12 06:00:00,3.6681,3.473,3.8381,1.8085,2.7085,37.57,45.57,0.0968,0.9613,57.6,52.22,86.226
287,cell_11,2024-03-12 12:00:00,3.6883,3.5033,3.8451,1.7129,2.6129,38.85,46.85,0.1019,0.9448,60.73,57.33,86.376
288,cell_11,2024-03-12 18:00:00,3.6792,3.4737,3.85,1.8807,2.7807,38.24,47.49,0.0579,0.9512,52.49,54.31,85.603
289,cell_11,2024-03-13 00:00:00,3.655,3.4568,3.8147,1.8168,2.7321,39.56,47.56,0.05,0.9589,53.91,56.35,85.697
290,cell_11,2024-03-13 06:00:00,3.6782,3.4631,3.8377,1.8388,2.7388,38.11,46.9,0.0766,0.9378,54.64,52.69,85.072
291,cell_11,2024-03-13 12:00:00,3.684,3.4954,3.8534,1.7338,2.6338,37.93,45.93,0.1017,0.9722,59.03,57.69,85.313
292,cell_11,2024-03-13 18:00:00,3.6667,3.4818,3.8258,1.8256,2.7256,36.54,47.55,0.1022,0.9441,56.84,51.98,86.025
293,cell_11,2024-03-14 00:00:00,3.6708,3.4857,3.8316,1.8266,2.7266,42.31,50.31,0.0666,0.9455,56.74,55.53,86.212
294,cell_11,2024-03-14 06:00:00,3.6793,3.4933,3.8374,1.7922,2.8115,38.32,46.32,0.0645,0.9502,55.28,57.17,85.601
295,cell_11,2024-03-14 12:00:00,3.6734,3.4857,3.8305,1.7353,2.6948,37.3,46.0,0.1074,0.9574,61.1,55.27,85.646
296,cell_11,2024-03-14 18:00:00,3.6813,3.4769,3.8428,1.7969,2.7256,39.91,47.91,0.0878,0.9584,58.26,52.64,85.361
297,cell_11,2024-03-15 00:00:00,3.6759,3.4891,3.8357,1.7522,2.6522,39.28,47.75,0.0426,0.965,60.54,53.26,85.298
298,cell_11,2024-03-15 06:00:00,3.6659,3.4809,3.8228,1.7651,2.6651,39.82,51.12,0.0615,0.9494,60.73,55.26,86.036
299,cell_11,2024-03-15 12:00:00,3.7019,3.5162,3.859,1.858,2.758,39.98,47.98,0.0937,0.9533,57.21,51.64,85.73
300,cell_11,2024-03-15 18:00:00,3.6742,3.4655,3.8379,1.8043,2.7043,40.65,48.65,0.0603,0.9346,57.53,53.76,85.098
301,cell_11,2024-03-16 00:00:00,3.68,3.4945,3.837,1.796,2.7284,37.4,45.4,0.0643,0.9393,56.99,54.57,85.807
302,cell_11,2024-03-16 06:00:00,3.6972,3.5105,3.8541,1.7412,2.6412,39.22,48.84,0.065,0.9491,60.31,58.69,86.348
303,cell_11,2024-03-16 12:00:00,3.6869,3.4822,3.8441,1.7977,2.6977,36.63,44.85,0.1015,0.9536,55.64,56.41,85.519
304,cell_11,2024-03-16 18:00:00,3.6827,3.4881,3.8403,1.7925,2.6925,38.54,47.94,0.0838,0.9495,59.18,53.59,84.814
305,cell_11,2024-03-17 00:00:00,3.6884,3.5013,3.8504,1.7509,2.6534,40.01,48.01,0.1175,0.9552,59.16,56.98,85.188
306,cell_11,2024-03-17 06:00:00,3.6835,3.4968,3.8644,1.8543,2.7543,37.66,45.66,0.0754,0.9494,55.76,52.77,85.316
307,cell_11,2024-03-17 12:00:00,3.6834,3.4966,3.8408,1.8519,2.7519,42.35,51.61,0.0798,0.9477,55.69,53.74,85.26
308,cell_11,2024-03-17 18:00:00,3.683,3.4953,3.8488,1.7613,2.6725,39.03,50.25,0.0907,0.974,58.92,56.12,84.919
309,cell_11,2024-03-18 00:00:00,3.6756,3.4879,3.8332,1.8198,2.7198,36.28,44.28,0.0715,0.9474,57.01,55.01,84.888
310,cell_11,2024-03-18 06:00:00,3.6875,3.4987,3.848,1.7074,2.6221,40.06,48.13,0.052,0.9601,56.68,54.42,84.497
311,cell_11,2024-03-18 12:00:00,3.6837,3.4921,3.8414,1.8159,2.7468,42.33,52.53,0.0769,0.9369,55.51,54.79,84.645
312,cell_11,2024-03-18 18:00:00,3.6547,3.4674,3.8199,1.8391,2.7391,35.65,43.91,0.069,0.9512,58.18,51.24,85.122
313,cell_11,2024-03-19 00:00:00,3.6858,3.4979,3.8434,1.7439,2.6492,40.07,49.35,0.0815,0.9433,59.9,56.57,84.854
314,cell_11,2024-03-19 06:00:00,3.6697,3.4824,3.8281,1.8008,2.7052,37.52,45.52,0.072,0.9698,54.95,56.47,85.088
315,cell_11,2024-03-19 12:00:00,3.6798,3.4783,3.8487,1.8064,2.7686,38.92,46.93,0.093,0.9444,56.02,54.08,84.942
316,cell_11,2024-03-19 18:00:00,3.6602,3.4717,3.8249,1.9445,2.8865,37.04,45.04,0.077,0.9497,52.01,51.62,84.607
317,cell_11,2024-03-20 00:00:00,3.6711,3.4716,3.832,1.929,2.829,40.28,48.28,0.0517,0.9418,55.14,51.63,84.594
318,cell_11,2024-03-20 06:00:00,3.6736,3.4856,3.8321,1.8161,2.7161,38.52,46.52,0.0715,0.9412,58.57,54.37,84.812
319,cell_11,2024-03-20 12:00:00,3.6826,3.4801,3.8402,1.7668,2.6743,40.74,49.64,0.06,0.9492,55.19,52.29,84.843
320,cell_11,2024-03-20 18:00:00,3.671,3.4766,3.8287,1.8122,2.7122,37.46,46.56,0.1224,0.9536,54.69,50.54,84.583
321,cell_11,2024-03-21 00:00:00,3.6551,3.4653,3.8129,1.8563,2.7563,38.69,48.23,0.0849,0.9606,52.31,54.13,84.527
322,cell_11,2024-03-21 06:00:00,3.672,3.4834,3.8347,1.7163,2.6163,35.53,44.55,0.0973,0.9442,57.33,57.34,84.577
323,cell_11,2024-03-21 12:00:00,3.6727,3.4706,3.8442,1.6954,2.5954,42.9,50.9,0.0821,0.944,59.4,57.0,84.353
324,cell_11,2024-03-21 18:00:00,3.6837,3.496,3.8442,1.7427,2.6427,41.88,49.88,0.1207,0.9629,59.06,52.64,84.914
325,cell_11,2024-03-22 00:00:00,3.6781,3.4892,3.8361,1.8381,2.7381,42.27,50.27,0.0588,0.9659,56.83,50.29,84.419
326,cell_11,2024-03-22 06:00:00,3.6691,3.4805,3.8329,1.841,2.8788,41.3,51.51,0.0682,0.9492,52.83,53.39,84.54
327,cell_11,2024-03-22 12:00:00,3.6797,3.4913,3.8374,1.8221,2.7221,38.11,46.11,0.1063,0.9547,54.52,51.48,84.641
328,cell_11,2024-03-22 18:00:00,3.6954,3.4983,3.853,1.8555,2.7885,38.93,46.93,0.0736,0.9667,55.37,51.24,84.681
329,cell_11,2024-03-23 00:00:00,3.6887,3.5004,3.8464,1.7909,2.6909,39.44,47.56,0.069,0.9765,56.5,55.76,84.669
330,cell_11,2024-03-23 06:00:00,3.6577,3.4453,3.8155,1.7865,2.7085,39.56,47.56,0.0728,0.9542,55.7,52.96,84.547
331,cell_11,2024-03-23 12:00:00,3.7024,3.5104,3.8614,1.8193,2.7193,37.36,46.02,0.1226,0.9575,54.31,53.41,85.081
332,cell_11,2024-03-23 18:00:00,3.6888,3.5003,3.8464,1.8856,2.7856,37.28,48.34,0.1249,0.9513,54.97,48.84,84.611
333,cell_11,2024-03-24 00:00:00,3.6926,3.4995,3.8573,1.8206,2.7894,36.99,44.99,0.0922,0.9352,54.23,52.9,84.513
334,cell_11,2024-03-24 06:00:00,3.6625,3.4753,3.8222,1.7952,2.6952,38.36,46.36,0.0879,0.9535,57.95,55.29,85.127
335,cell_11,2024-03-24 12:00:00,3.6724,3.482,3.8302,1.8201,2.7943,38.52,46.52,0.0997,0.9637,57.93,51.33,84.355
336,cell_11,2024-03-24 18:00:00,3.6836,3.4899,3.8486,1.8711,2.7711,38.32,46.32,0.0918,0.9425,53.04,52.3,85.126
337,cell_11,2024-03-25 00:00:00,3.6636,3.4716,3.8235,1.782,2.682,39.38,48.46,0.0875,0.9315,57.28,53.73,83.214
338,cell_11,2024-03-25 06:00:00,3.6808,3.4848,3.8437,1.7776,2.6776,36.93,44.93,0.075,0.9559,58.2,55.46,83.692
339,cell_11,2024-03-25 12:00:00,3.6913,3.4916,3.8525,1.7763,2.7564,37.72,45.72,0.0717,0.9324,57.03,52.69,83.312
340,cell_11,2024-03-25 18:00:00,3.6718,3.4803,3.8301,1.8408,2.7408,37.86,47.87,0.0939,0.9343,53.42,53.8,83.404
341,cell_11,2024-03-26 00:00:00,3.693,3.4903,3.8667,1.761,2.661,40.23,48.23,0.0868,0.9337,55.72,54.17,83.948
342,cell_11,2024-03-26 06:00:00,3.6829,3.4926,3.8534,1.832,2.7808,39.3,47.3,0.1134,0.93,56.53,49.64,83.898
343,cell_11,2024-03-26 12:00:00,3.6565,3.4458,3.8191,1.7264,2.6501,39.51,47.79,0.0788,0.9606,56.93,52.59,83.362
344,cell_11,2024-03-26 18:00:00,3.6674,3.4644,3.8268,1.787,2.7909,37.6,48.21,0.0655,0.9514,58.16,55.93,84.034
345,cell_11,2024-03-27 00:00:00,3.6869,3.4926,3.8525,1.7971,2.7554,39.06,47.06,0.0548,0.9706,57.92,50.85,83.884
346,cell_11,2024-03-27 06:00:00,3.665,3.4738,3.8358,1.8894,2.7894,37.84,45.84,0.0686,0.9573,55.01,51.96,83.529
347,cell_11,2024-03-27 12:00:00,3.6853,3.4928,3.8628,1.8485,2.8136,37.89,46.98,0.0552,0.9706,55.59,53.81,83.002
348,cell_11,2024-03-27 18:00:00,3.6818,3.4813,3.8399,1.7822,2.6822,39.55,47.55,0.107,0.9436,58.69,55.51,83.815
349,cell_11,2024-03-28 00:00:00,3.678,3.4861,3.8468,1.7741,2.7126,38.03,47.14,0.0755,0.9536,58.72,52.96,83.239
350,cell_11,2024-03-28 06:00:00,3.6694,3.4738,3.8277,1.7663,2.6663,38.84,46.84,0.0686,0.9373,56.67,52.36,83.472
351,cell_11,2024-03-28 12:00:00,3.6784,3.482,3.8366,1.7439,2.6737,38.6,46.67,0.0936,0.9472,56.34,52.71,83.624
352,cell_11,2024-03-28 18:00:00,3.6917,3.4999,3.8585,1.8808,2.879,37.24,45.24,0.123,0.9643,51.47,49.76,83.264
353,cell_11,2024-03-29 00:00:00,3.6718,3.4812,3.8445,1.7622,2.6622,38.13,46.13,0.0755,0.9496,56.42,54.14,83.768
354,cell_11,2024-03-29 06:00:00,3.681,3.4732,3.8491,1.886,2.8322,38.16,46.16,0.0613,0.9477,51.67,50.2,83.27
355,cell_11,2024-03-29 12:00:00,3.6948,3.498,3.8532,1.805,2.747,38.43,46.43,0.0761,0.9498,57.19,53.19,83.178
356,cell_11,2024-03-29 18:00:00,3.6774,3.4854,3.8397,1.7959,2.7289,36.3,44.3,0.0468,0.9514,57.5,54.44,83.205
357,cell_11,2024-03-30 00:00:00,3.67,3.4781,3.8353,1.8049,2.7049,37.91,45.91,0.0943,0.9514,55.03,50.74,83.252
358,cell_11,2024-03-30 06:00:00,3.6702,3.47,3.8342,1.8605,2.7605,40.37,48.37,0.0955,0.9633,55.52,50.26,83.502
359,cell_11,2024-03-30 12:00:00,3.6533,3.4601,3.8242,1.7573,2.6573,39.66,47.66,0.0752,0.9428,57.29,55.04,82.732
360,cell_11,2024-03-30 18:00:00,3.6618,3.4587,3.83,1.8254,2.7469,38.4,46.46,0.0616,0.9479,54.73,53.74,82.639
361,cell_11,2024-03-31 00:00:00,3.6777,3.4849,3.8363,1.7981,2.6981,37.23,45.23,0.132,0.951,57.03,54.42,82.882
362,cell_11,2024-03-31 06:00:00,3.6855,3.4922,3.8439,1.8202,2.7202,39.15,47.15,0.0594,0.941,57.0,55.14,83.892
363,cell_11,2024-03-31 12:00:00,3.6708,3.4793,3.8291,1.7898,2.7213,40.45,48.45,0.069,0.9455,57.58,54.78,83.384
364,cell_11,2024-03-31 18:00:00,3.6837,3.4732,3.8439,1.782,2.682,41.28,50.84,0.0847,0.9577,55.98,55.57,82.755
365,cell_11,2024-04-01 00:00:00,3.6832,3.4865,3.8418,1.8263,2.7263,38.21,46.96,0.1012,0.9418,53.44,54.07,82.815
366,cell_11,2024-04-01 06:00:00,3.6667,3.474,3.8445,1.731,2.631,37.41,45.41,0.081,0.9777,56.92,55.5,82.915
367,cell_11,2024-04-01 12:00:00,3.6685,3.4667,3.827,1.8697,2.7825,39.72,48.01,0.0847,0.9664,54.24,51.7,83.001
368,cell_11,2024-04-01 18:00:00,3.6612,3.4566,3.8197,1.8054,2.7054,39.54,48.69,0.0962,0.9518,57.51,51.42,83.112
369,cell_11,2024-04-02 00:00:00,3.6821,3.4899,3.8414,1.7725,2.6725,39.02,47.14,0.1481,0.9558,57.53,55.7,83.124
370,cell_11,2024-04-02 06:00:00,3.675,3.4832,3.8333,1.8184,2.7184,38.05,46.33,0.0724,0.9577,56.56,53.3,83.279
371,cell_11,2024-04-02 12:00:00,3.6842,3.493,3.8424,1.7653,2.6732,37.04,45.04,0.0738,0.9556,55.59,56.19,83.52
372,cell_11,2024-04-02 18:00:00,3.6732,3.4685,3.8336,1.8039,2.7039,40.01,48.01,0.0818,0.951,54.55,50.56,82.514
373,cell_11,2024-04-03 00:00:00,3.6643,3.4706,3.8396,1.8043,2.7043,40.34,48.34,0.0976,0.9775,56.22,51.4,82.49
374,cell_11,2024-04-03 06:00:00,3.6815,3.4876,3.8417,1.8629,2.7646,38.46,48.56,0.1345,0.9428,55.08,48.25,82.445
375,cell_11,2024-04-03 12:00:00,3.6539,3.4601,3.8127,1.8139,2.7217,41.57,49.57,0.0818,0.9461,54.62,54.19,82.471
376,cell_11,2024-04-03 18:00:00,3.6706,3.4593,3.8293,1.744,2.644,39.35,47.35,0.0951,0.9507,54.14,55.8,82.665
377,cell_11,2024-04-04 00:00:00,3.6664,3.4599,3.8464,1.8291,2.7593,38.74,47.9,0.0408,0.9565,56.38,53.0,82.745
378,cell_11,2024-04-04 06:00:00,3.6899,3.4945,3.8491,1.8361,2.7841,37.23,45.23,0.0853,0.9701,52.11,51.24,83.072
379,cell_11,2024-04-04 12:00:00,3.691,3.4864,3.8507,1.7194,2.6518,36.45,44.45,0.0837,0.95,57.64,51.78,82.342
380,cell_11,2024-04-04 18:00:00,3.678,3.4844,3.8368,1.7406,2.6511,38.23,46.23,0.1044,0.9558,56.78,56.73,82.536
381,cell_11,2024-04-05 00:00:00,3.6675,3.4729,3.8316,1.9005,2.8005,39.55,47.55,0.0737,0.9539,54.29,48.69,82.176
382,cell_11,2024-04-05 06:00:00,3.691,3.4974,3.8498,1.7834,2.7672,42.5,50.5,0.0596,0.9492,53.46,51.37,82.55
383,cell_11,2024-04-05 12:00:00,3.6679,3.468,3.841,1.7846,2.6875,39.1,50.02,0.0886,0.9624,56.88,55.15,83.23
384,cell_11,2024-04-05 18:00:00,3.6597,3.4657,3.8232,1.7983,2.7138,39.89,47.89,0.0528,0.9543,53.94,50.61,82.388
385,cell_11,2024-04-06 00:00:00,3.6549,3.4375,3.8145,1.768,2.668,37.76,45.76,0.0679,0.9599,56.08,51.77,83.164
386,cell_11,2024-04-06 06:00:00,3.6743,3.4797,3.8332,1.7114,2.6114,39.31,47.31,0.0851,0.9471,57.14,54.58,82.177
387,cell_11,2024-04-06 12:00:00,3.6563,3.4519,3.8151,1.7439,2.7029,39.12,50.0,0.0361,0.9446,55.77,53.56,82.29
388,cell_11,2024-04-06 18:00:00,3.6877,3.4807,3.8465,1.7681,2.7072,37.58,45.58,0.0789,0.9466,58.0,55.23,82.326
389,cell_11,2024-04-07 00:00:00,3.6679,3.4741,3.8279,1.7749,2.6749,41.01,50.55,0.1156,0.953,57.0,55.75,82.481
390,cell_11,2024-04-07 06:00:00,3.6607,3.4667,3.8195,1.7615,2.7379,38.8,47.56,0.0518,0.9612,58.36,51.96,82.382
391,cell_11,2024-04-07 12:00:00,3.6851,3.4918,3.8438,1.7254,2.6254,40.66,48.66,0.0703,0.971,59.26,52.89,82.658
392,cell_11,2024-04-07 18:00:00,3.6812,3.4503,3.8404,1.7723,2.6723,39.01,47.01,0.0958,0.9517,54.79,52.31,81.604
393,cell_11,2024-04-08 00:00:00,3.6898,3.4952,3.8538,1.8558,2.7558,38.5,49.38,0.1003,0.9686,50.78,50.15,82.135
394,cell_11,2024-04-08 06:00:00,3.6575,3.465,3.816,1.7664,2.7062,37.83,47.26,0.0852,0.9563,55.25,55.38,82.997
395,cell_11,2024-04-08 12:00:00,3.6539,3.454,3.8267,1.7909,2.6909,38.47,46.47,0.0803,0.9433,54.1,49.99,82.006
396,cell_11,2024-04-08 18:00:00,3.6886,3.4935,3.86,1.8722,2.7722,41.2,49.24,0.1171,0.9512,50.45,48.13,81.972
397,cell_11,2024-04-09 00:00:00,3.6453,3.451,3.8042,1.7656,2.7203,37.65,48.14,0.0883,0.9577,53.98,51.46,82.263
398,cell_11,2024-04-09 06:00:00,3.6609,3.4661,3.8446,1.9529,2.8693,40.0,49.08,0.0628,0.9585,48.02,45.8,82.066
399,cell_11,2024-04-09 12:00:00,3.6733,3.4727,3.8348,1.8446,2.7446,38.53,47.06,0.0864,0.9452,52.9,48.25,81.824
400,cell_11,2024-04-09 18:00:00,3.66,3.4656,3.8189,1.8039,2.7851,39.88,47.88,0.0813,0.9464,52.88,52.04,82.213
401,cell_11,2024-04-10 00:00:00,3.6756,3.4814,3.8404,1.7876,2.6876,39.31,51.94,0.0752,0.9466,54.0,54.66,82.33
402,cell_11,2024-04-10 06:00:00,3.661,3.4544,3.8244,1.8671,2.7671,37.0,46.44,0.0504,0.948,52.39,51.56,81.672
403,cell_11,2024-04-10 12:00:00,3.6859,3.4879,3.846,1.7653,2.6653,39.25,50.82,0.0839,0.9531,53.85,51.22,81.974
404,cell_11,2024-04-10 18:00:00,3.6803,3.4853,3.8393,1.7784,2.6784,42.25,50.85,0.0957,0.9689,53.0,50.66,82.11
405,cell_11,2024-04-11 00:00:00,3.676,3.4815,3.8349,1.8804,2.7919,39.46,47.46,0.099,0.9458,53.84,50.41,82.176
406,cell_11,2024-04-11 06:00:00,3.6694,3.4681,3.832,1.7812,2.6812,40.39,48.39,0.0842,0.9336,57.35,51.51,81.963
407,cell_11,2024-04-11 12:00:00,3.6632,3.4691,3.8304,1.7767,2.6767,39.45,49.4,0.0847,0.933,54.73,52.88,82.364
408,cell_11,2024-04-11 18:00:00,3.6715,3.4733,3.8449,1.7669,2.7461,40.18,51.18,0.0728,0.9582,55.39,54.03,81.866
409,cell_11,2024-04-12 00:00:00,3.66,3.4639,3.8192,1.7034,2.6409,37.92,48.01,0.1034,0.9445,56.24,56.87,81.557
410,cell_11,2024-04-12 06:00:00,3.6918,3.4935,3.8517,1.8507,2.7609,38.82,51.33,0.0602,0.9527,52.83,48.72,81.786
411,cell_11,2024-04-12 12:00:00,3.6765,3.4801,3.8354,1.7979,2.6979,40.32,48.58,0.0736,0.9429,52.62,49.77,82.215
412,cell_11,2024-04-12 18:00:00,3.6637,3.4676,3.8338,1.8535,2.7535,38.47,46.47,0.0679,0.9485,52.61,48.74,81.584
413,cell_11,2024-04-13 00:00:00,3.6874,3.4904,3.8468,1.7916,2.6916,40.61,49.12,0.0818,0.9467,54.16,51.95,81.179
414,cell_11,2024-04-13 06:00:00,3.6721,3.4647,3.8312,1.7789,2.751,37.49,47.1,0.1103,0.9431,54.05,50.1,81.7
415,cell_11,2024-04-13 12:00:00,3.6861,3.4897,3.846,1.7668,2.6668,39.09,47.09,0.0602,0.9624,57.34,51.59,81.429
416,cell_11,2024-04-13 18:00:00,3.687,3.4835,3.8459,1.8342,2.7342,38.61,46.61,0.0896,0.9631,53.37,50.06,82.237
417,cell_11,2024-04-14 00:00:00,3.6768,3.4705,3.8414,1.7598,2.6598,42.96,51.39,0.09,0.9564,53.71,50.72,81.642
418,cell_11,2024-04-14 06:00:00,3.6602,3.465,3.8192,1.8192,2.7192,38.42,47.4,0.0647,0.9704,55.4,53.94,81.934
419,cell_11,2024-04-14 12:00:00,3.6663,3.4624,3.8533,1.8019,2.7137,39.63,47.9,0.0801,0.9368,52.3,53.43,81.415
420,cell_11,2024-04-14 18:00:00,3.7085,3.5129,3.8676,1.7479,2.7389,36.01,44.43,0.0661,0.9479,53.79,53.83,81.741
421,cell_11,2024-04-15 00:00:00,3.667,3.4648,3.8262,1.7776,2.6779,37.25,46.52,0.086,0.9465,54.41,54.5,81.674
422,cell_11,2024-04-15 06:00:00,3.6704,3.4753,3.8396,1.8005,2.7005,39.46,49.0,0.0816,0.9571,56.26,50.73,81.976
423,cell_11,2024-04-15 12:00:00,3.6677,3.4718,3.8347,1.7845,2.6845,38.6,46.6,0.1141,0.9374,57.36,54.03,81.62
424,cell_11,2024-04-15 18:00:00,3.6627,3.4655,3.8324,1.8948,2.7948,38.63,46.63,0.0687,0.9567,52.37,49.9,81.405
425,cell_11,2024-04-16 00:00:00,3.6799,3.4845,3.8389,1.8118,2.8554,38.51,46.51,0.0806,0.9356,56.37,50.07,81.874
426,cell_11,2024-04-16 06:00:00,3.6586,3.4582,3.818,1.7902,2.7802,38.72,47.64,0.0765,0.9575,54.9,52.75,81.348
427,cell_11,2024-04-16 12:00:00,3.6637,3.467,3.8497,1.7818,2.7442,36.43,44.43,0.1111,0.9615,53.07,52.09,81.317
428,cell_11,2024-04-16 18:00:00,3.6754,3.4793,3.8398,1.7885,2.7261,38.87,47.4,0.0742,0.9387,55.07,51.96,81.549
429,cell_11,2024-04-17 00:00:00,3.6684,3.4628,3.8304,1.7696,2.6696,38.67,46.67,0.0662,0.9463,55.95,54.27,80.604
430,cell_11,2024-04-17 06:00:00,3.6727,3.4745,3.8404,1.7588,2.6588,40.6,48.73,0.0685,0.9619,52.72,51.7,80.706
431,cell_11,2024-04-17 12:00:00,3.6704,3.4717,3.8302,1.8299,2.7299,40.25,49.24,0.0682,0.9639,52.37,52.36,80.501
432,cell_11,2024-04-17 18:00:00,3.659,3.4602,3.8188,1.877,2.8958,34.76,45.14,0.0724,0.9357,49.31,50.57,80.476
1,cell_12,2024-01-01 00:00:00,3.6917,3.5428,3.8415,1.0013,1.5817,25.39,34.44,0.1621,0.9618,120.92,113.66,100.435
2,cell_12,2024-01-01 06:00:00,3.7129,3.5616,3.8628,0.9186,1.4889,24.18,32.18,0.1514,0.9753,136.09,120.87,100.15
3,cell_12,2024-01-01 12:00:00,3.7004,3.5427,3.8505,1.0048,1.5048,24.16,32.16,0.1608,0.9603,123.92,114.66,99.663
4,cell_12,2024-01-01 18:00:00,3.6937,3.544,3.8496,1.0428,1.5428,23.68,34.34,0.1513,0.9562,116.88,109.46,100.156
5,cell_12,2024-01-02 00:00:00,3.68,3.5304,3.8328,1.016,1.5843,24.39,34.6,0.1584,0.9612,114.23,111.6,100.174
6,cell_12,2024-01-02 06:00:00,3.7114,3.5545,3.8766,1.0247,1.5544,25.3,34.19,0.1684,0.9471,113.01,114.89,99.817
7,cell_12,2024-01-02 12:00:00,3.6964,3.5436,3.8464,0.9064,1.4351,21.4,31.65,0.1369,0.9526,129.56,131.12,99.862
8,cell_12,2024-01-02 18:00:00,3.6963,3.5335,3.8504,0.9329,1.4329,25.02,33.02,0.1526,0.9433,130.6,120.8,99.302
9,cell_12,2024-01-03 00:00:00,3.7052,3.5483,3.8682,0.9933,1.539,26.03,37.34,0.1515,0.9439,125.23,109.37,100.244
10,cell_12,2024-01-03 06:00:00,3.6911,3.5411,3.8411,1.0567,1.5567,25.67,33.67,0.1296,0.9531,115.29,112.17,99.98
11,cell_12,2024-01-03 12:00:00,3.6846,3.5342,3.8347,0.9605,1.4722,28.16,36.81,0.1778,0.951,129.04,112.81,99.85
12,cell_12,2024-01-03 18:00:00,3.7015,3.5488,3.8655,1.0102,1.5102,24.34,37.89,0.1335,0.9543,115.37,111.93,99.719
13,cell_12,2024-01-04 00:00:00,3.6905,3.5402,3.8406,1.0083,1.5908,24.86,32.86,0.1787,0.9513,121.0,110.92,99.872
14,cell_12,2024-01-04 06:00:00,3.6995,3.5448,3.8637,0.9479,1.4479,26.91,37.61,0.1232,0.9472,123.91,118.69,100.152
15,cell_12,2024-01-04 12:00:00,3.6915,3.5257,3.8414,0.9632,1.5608,25.08,35.01,0.1201,0.9592,126.61,120.18,100.074
16,cell_12,2024-01-04 18:00:00,3.6863,3.5361,3.8525,0.9987,1.5002,27.26,35.26,0.1433,0.9438,114.39,118.32,99.919
17,cell_12,2024-01-05 00:00:00,3.6831,3.5257,3.8458,0.9817,1.4817,26.23,38.41,0.158,0.9525,123.15,118.4,99.652
18,cell_12,2024-01-05 06:00:00,3.7009,3.5419,3.8509,1.041,1.541,25.22,33.22,0.1578,0.9615,119.66,108.66,99.908
19,cell_12,2024-01-05 12:00:00,3.7106,3.5565,3.8607,0.979,1.479,24.98,32.98,0.1759,0.9571,119.37,119.49,99.759
20,cell_12,2024-01-05 18:00:00,3.7097,3.5563,3.8597,1.0444,1.5444,24.65,33.93,0.1346,0.9497,119.02,110.78,99.943
21,cell_12,2024-01-06 00:00:00,3.7005,3.551,3.8504,0.9819,1.4887,24.95,32.95,0.1685,0.932,116.99,116.22,100.194
22,cell_12,2024-01-06 06:00:00,3.714,3.563,3.8641,1.0012,1.5282,23.73,37.95,0.1168,0.9466,121.53,111.7,99.846
23,cell_12,2024-01-06 12:00:00,3.6954,3.5466,3.8451,1.04,1.54,26.02,34.02,0.1307,0.9712,115.03,110.02,100.5
24,cell_12,2024-01-06 18:00:00,3.7079,3.547,3.858,0.9946,1.5216,27.87,39.11,0.1447,0.9475,114.76,117.88,99.835
25,cell_12,2024-01-07 00:00:00,3.6943,3.5334,3.8549,0.9787,1.5378,22.28,30.28,0.128,0.9499,123.72,118.15,99.491
26,cell_12,2024-01-07 06:00:00,3.6926,3.5425,3.8427,0.9965,1.5495,26.77,34.77,0.1609,0.9517,116.25,118.03,99.939
27,cell_12,2024-01-07 12:00:00,3.7078,3.5574,3.8716,1.0447,1.576,25.36,33.47,0.137,0.9543,114.63,114.49,99.824
28,cell_12,2024-01-07 18:00:00,3.7051,3.5563,3.864,1.0166,1.5416,26.57,36.04,0.1701,0.9434,115.62,118.28,100.5
29,cell_12,2024-01-08 00:00:00,3.7061,3.5417,3.8693,0.8928,1.3928,24.12,35.1,0.1674,0.9576,129.19,133.14,99.866
30,cell_12,2024-01-08 06:00:00,3.6844,3.5333,3.8381,0.9639,1.4743,24.73,35.94,0.1365,0.9541,119.12,120.89,99.546
31,cell_12,2024-01-08 12:00:00,3.7103,3.5603,3.8768,0.9643,1.4643,26.9,35.3,0.143,0.9328,126.06,124.36,100.004
32,cell_12,2024-01-08 18:00:00,3.706,3.5547,3.8563,1.0292,1.58,24.93,33.92,0.1482,0.9246,112.49,109.91,99.484
33,cell_12,2024-01-09 00:00:00,3.6947,3.5404,3.8588,0.9042,1.4186,26.24,34.72,0.1771,0.9446,129.12,120.36,99.184
34,cell_12,2024-01-09 06:00:00,3.7053,3.5532,3.8859,1.014,1.5705,24.12,35.17,0.1312,0.9379,114.4,115.65,99.641
35,cell_12,2024-01-09 12:00:00,3.7105,3.5432,3.8607,1.0318,1.5906,24.7,32.7,0.1025,0.9531,111.62,106.37,99.703
36,cell_12,2024-01-09 18:00:00,3.692,3.5409,3.8422,1.0318,1.5539,25.76,33.76,0.1415,0.9463,110.03,110.15,99.558
37,cell_12,2024-01-10 00:00:00,3.6919,3.5367,3.8422,0.9958,1.4958,25.61,35.32,0.1316,0.9547,119.63,118.67,99.453
38,cell_12,2024-01-10 06:00:00,3.6962,3.5448,3.8472,0.9192,1.4192,26.24,36.35,0.1194,0.9548,133.29,127.0,99.423
39,cell_12,2024-01-10 12:00:00,3.6768,3.517,3.829,0.9871,1.5143,24.49,35.18,0.1493,0.9399,115.57,112.5,99.346
40,cell_12,2024-01-10 18:00:00,3.702,3.5323,3.8524,1.0737,1.5737,25.0,33.0,0.1265,0.9464,107.18,102.32,99.149
41,cell_12,2024-01-11 00:00:00,3.7091,3.5496,3.8652,0.9702,1.5102,26.45,34.45,0.1568,0.9445,128.47,118.82,99.979
42,cell_12,2024-01-11 06:00:00,3.7061,3.537,3.8671,1.109,1.644,27.16,36.57,0.1259,0.9593,112.97,105.84,100.265
43,cell_12,2024-01-11 12:00:00,3.7036,3.5463,3.854,1.0406,1.5705,23.74,31.74,0.2091,0.9482,119.71,111.73,99.225
44,cell_12,2024-01-11 18:00:00,3.7093,3.5576,3.8596,0.9928,1.5052,26.78,38.11,0.1712,0.9625,121.62,117.27,99.353
45,cell_12,2024-01-12 00:00:00,3.6978,3.5458,3.8567,1.0113,1.5113,23.85,31.85,0.1353,0.9631,112.02,105.98,99.209
46,cell_12,2024-01-12 06:00:00,3.684,3.5253,3.8341,1.0187,1.5819,25.31,33.31,0.1346,0.9486,113.18,114.05,99.801
47,cell_12,2024-01-12 12:00:00,3.7001,3.5482,3.858,0.9711,1.4711,25.42,34.93,0.1462,0.9441,119.18,118.41,99.229
48,cell_12,2024-01-12 18:00:00,3.7126,3.5619,3.8656,0.9793,1.4793,24.27,32.27,0.1647,0.9412,120.39,114.88,99.721
49,cell_12,2024-01-13 00:00:00,3.7031,3.5522,3.8766,1.0997,1.5997,24.73,32.73,0.141,0.9571,107.1,108.71,99.639
50,cell_12,2024-01-13 06:00:00,3.6955,3.5297,3.8457,1.0746,1.5755,22.35,32.65,0.1268,0.949,107.49,104.95,99.465
51,cell_12,2024-01-13 12:00:00,3.7077,3.5422,3.8578,0.9811,1.4811,26.09,34.09,0.121,0.9427,118.26,110.85,99.919
52,cell_12,2024-01-13 18:00:00,3.703,3.5515,3.8557,0.9611,1.4611,24.58,33.1,0.1496,0.959,129.76,112.45,99.406
53,cell_12,2024-01-14 00:00:00,3.6971,3.5459,3.8485,0.9203,1.4605,24.94,32.98,0.1355,0.9592,124.44,122.3,99.512
54,cell_12,2024-01-14 06:00:00,3.6999,3.535,3.8667,1.1078,1.6078,24.14,32.14,0.1557,0.9405,102.23,103.27,99.146
55,cell_12,2024-01-14 12:00:00,3.695,3.5315,3.8614,1.0512,1.5512,26.09,34.09,0.1075,0.9536,107.4,112.75,98.779
56,cell_12,2024-01-14 18:00:00,3.7059,3.5555,3.856,1.0623,1.5623,25.28,33.99,0.1595,0.9559,113.42,106.4,99.829
57,cell_12,2024-01-15 00:00:00,3.69,3.5315,3.8403,0.9728,1.4728,23.28,33.74,0.1436,0.967,119.11,117.29,99.325
58,cell_12,2024-01-15 06:00:00,3.7031,3.5478,3.8532,0.9695,1.4695,24.83,32.83,0.1149,0.9483,123.35,121.66,99.858
59,cell_12,2024-01-15 12:00:00,3.7078,3.5544,3.8581,0.9539,1.4906,23.45,31.45,0.1572,0.95,124.61,121.42,99.405
60,cell_12,2024-01-15 18:00:00,3.7016,3.5503,3.8519,0.842,1.3513,25.03,34.29,0.16,0.9566,147.5,140.51,99.478
61,cell_12,2024-01-16 00:00:00,3.7019,3.5508,3.869,0.9563,1.4563,26.02,35.63,0.1339,0.9627,120.72,120.45,99.573
62,cell_12,2024-01-16 06:00:00,3.6997,3.5481,3.85,1.016,1.516,25.29,35.16,0.1629,0.954,115.14,116.62,99.349
63,cell_12,2024-01-16 12:00:00,3.7039,3.5515,3.8544,1.0124,1.5124,25.65,34.09,0.1227,0.9523,119.48,113.16,99.026
64,cell_12,2024-01-16 18:00:00,3.6953,3.5434,3.8734,0.9692,1.4692,26.59,34.59,0.1041,0.9444,123.24,112.17,99.25
65,cell_12,2024-01-17 00:00:00,3.6967,3.5433,3.8473,1.0327,1.5327,23.77,33.34,0.1466,0.9468,115.59,107.11,98.654
66,cell_12,2024-01-17 06:00:00,3.6894,3.5327,3.8399,0.9663,1.5042,24.34,32.34,0.1323,0.9485,122.44,116.27,98.929
67,cell_12,2024-01-17 12:00:00,3.6962,3.5444,3.8492,1.0384,1.5384,22.3,31.64,0.1251,0.957,118.4,112.44,99.274
68,cell_12,2024-01-17 18:00:00,3.678,3.5115,3.8321,1.0377,1.5377,24.43,32.43,0.1614,0.9545,109.83,106.13,98.722
69,cell_12,2024-01-18 00:00:00,3.6986,3.5264,3.8492,1.041,1.541,24.08,32.08,0.1543,0.9431,119.19,108.24,98.909
70,cell_12,2024-01-18 06:00:00,3.7047,3.5498,3.8664,1.0037,1.5038,25.98,35.05,0.1828,0.9585,114.61,109.19,99.011
71,cell_12,2024-01-18 12:00:00,3.6972,3.5375,3.8495,0.9592,1.4592,25.69,33.69,0.1583,0.9483,119.45,115.59,98.563
72,cell_12,2024-01-18 18:00:00,3.7076,3.5549,3.8593,0.9404,1.4404,27.25,37.93,0.1611,0.9485,122.83,117.14,98.917
73,cell_12,2024-01-19 00:00:00,3.7121,3.558,3.8625,0.8916,1.4151,24.25,32.25,0.1325,0.9577,136.64,132.62,99.132
74,cell_12,2024-01-19 06:00:00,3.6982,3.5455,3.8488,1.0379,1.6141,25.59,33.59,0.1072,0.9589,115.5,113.28,98.92
75,cell_12,2024-01-19 12:00:00,3.6882,3.5352,3.8486,0.9157,1.4189,26.11,34.45,0.1896,0.9535,124.32,125.97,98.786
76,cell_12,2024-01-19 18:00:00,3.7087,3.5551,3.8692,0.9932,1.4932,28.44,36.44,0.1599,0.9687,123.51,108.62,98.549
77,cell_12,2024-01-20 00:00:00,3.707,3.554,3.8577,1.0109,1.6198,25.65,33.65,0.1821,0.9313,122.97,116.57,98.766
78,cell_12,2024-01-20 06:00:00,3.7024,3.5488,3.8531,0.9465,1.4465,24.93,36.84,0.1264,0.9597,124.94,114.43,98.576
79,cell_12,2024-01-20 12:00:00,3.6927,3.5393,3.8522,0.9938,1.4938,25.19,34.86,0.1701,0.94,113.4,107.83,98.626
80,cell_12,2024-01-20 18:00:00,3.7019,3.5488,3.8556,1.0159,1.5159,25.7,33.7,0.1558,0.9498,116.8,105.51,98.765
81,cell_12,2024-01-21 00:00:00,3.695,3.5408,3.8544,0.9863,1.5614,27.06,35.17,0.1712,0.9502,121.08,111.48,98.739
82,cell_12,2024-01-21 06:00:00,3.6913,3.5391,3.8418,1.023,1.55,24.36,32.9,0.1616,0.9495,112.72,106.5,99.111
83,cell_12,2024-01-21 12:00:00,3.7015,3.5468,3.8522,0.9778,1.5042,23.93,31.93,0.1454,0.941,115.4,111.0,98.625
84,cell_12,2024-01-21 18:00:00,3.6886,3.5359,3.848,0.9861,1.5024,28.93,42.19,0.1556,0.9365,120.22,111.75,98.918
85,cell_12,2024-01-22 00:00:00,3.7056,3.5522,3.8562,0.9556,1.4556,23.31,31.4,0.1429,0.9309,128.52,122.44,98.662
86,cell_12,2024-01-22 06:00:00,3.7006,3.5469,3.8702,0.9932,1.4932,26.28,37.9,0.1667,0.948,116.04,117.91,98.528
87,cell_12,2024-01-22 12:00:00,3.6974,3.5394,3.8642,1.0003,1.5003,25.62,33.62,0.1341,0.9514,117.19,117.63,98.984
88,cell_12,2024-01-22 18:00:00,3.698,3.5369,3.8485,0.9538,1.4538,25.48,34.66,0.136,0.956,129.49,121.75,98.927
89,cell_12,2024-01-23 00:00:00,3.6872,3.5338,3.8379,1.0214,1.5356,23.16,31.16,0.1468,0.9617,117.13,111.92,98.622
90,cell_12,2024-01-23 06:00:00,3.6867,3.5313,3.8409,0.8767,1.3767,29.06,37.06,0.1623,0.9585,134.88,128.45,97.864
91,cell_12,2024-01-23 12:00:00,3.716,3.5639,3.8682,1.0541,1.5946,25.26,35.07,0.1511,0.96,110.92,112.79,99.138
92,cell_12,2024-01-23 18:00:00,3.697,3.5329,3.8597,0.9291,1.4423,24.23,32.62,0.1435,0.9401,133.82,119.11,99.035
93,cell_12,2024-01-24 00:00:00,3.6845,3.5277,3.8349,1.052,1.5615,23.01,31.01,0.1711,0.9611,115.34,110.09,99.148
94,cell_12,2024-01-24 06:00:00,3.7076,3.5551,3.8582,1.031,1.531,21.98,29.98,0.1618,0.9538,110.6,104.42,98.966
95,cell_12,2024-01-24 12:00:00,3.6877,3.5293,3.8411,1.0506,1.5506,26.06,34.06,0.1408,0.9371,107.52,102.35,98.608
96,cell_12,2024-01-24 18:00:00,3.7035,3.537,3.8592,0.9437,1.4437,23.74,32.29,0.1292,0.9608,126.69,120.03,98.479
97,cell_12,2024-01-25 00:00:00,3.7115,3.5539,3.8626,0.9898,1.5442,24.6,32.6,0.1465,0.9413,115.87,116.92,97.837
98,cell_12,2024-01-25 06:00:00,3.6955,3.5415,3.8552,1.0147,1.5147,24.1,32.36,0.1375,0.9397,111.83,115.25,98.415
99,cell_12,2024-01-25 12:00:00,3.7089,3.5461,3.8735,1.0214,1.5309,25.81,33.81,0.1346,0.9655,118.09,104.19,98.239
100,cell_12,2024-01-25 18:00:00,3.7045,3.548,3.8629,1.042,1.5515,25.58,33.58,0.165,0.9525,117.15,104.93,98.139
101,cell_12,2024-01-26 00:00:00,3.7127,3.5576,3.8674,1.0326,1.5326,26.13,34.13,0.1725,0.9397,113.27,112.21,97.967
102,cell_12,2024-01-26 06:00:00,3.7029,3.5391,3.8539,1.0238,1.5238,26.19,34.19,0.1488,0.9447,112.67,109.78,98.065
103,cell_12,2024-01-26 12:00:00,3.6917,3.5366,3.8434,1.0246,1.5331,23.93,32.93,0.1499,0.9607,110.57,105.17,97.97
104,cell_12,2024-01-26 18:00:00,3.6772,3.5231,3.8278,1.0342,1.5342,22.98,31.18,0.1352,0.9381,116.53,108.27,98.672
105,cell_12,2024-01-27 00:00:00,3.6901,3.5283,3.8408,1.001,1.501,24.78,33.99,0.1287,0.9487,112.58,115.84,98.709
106,cell_12,2024-01-27 06:00:00,3.6921,3.5374,3.8557,1.0573,1.5573,25.78,36.03,0.1659,0.9487,113.37,108.86,98.104
107,cell_12,2024-01-27 12:00:00,3.708,3.5547,3.8762,0.9962,1.4962,25.16,33.16,0.1246,0.9773,124.31,117.21,98.694
108,cell_12,2024-01-27 18:00:00,3.7097,3.5523,3.8605,0.9154,1.4154,22.2,30.2,0.1376,0.9355,127.51,116.32,98.357
109,cell_12,2024-01-28 00:00:00,3.6872,3.5185,3.8433,1.0623,1.5624,25.09,33.09,0.137,0.9359,114.11,103.86,98.767
110,cell_12,2024-01-28 06:00:00,3.71,3.5563,3.8607,1.0234,1.5255,23.5,31.5,0.1585,0.9444,110.38,107.45,98.505
111,cell_12,2024-01-28 12:00:00,3.69,3.529,3.8573,0.9926,1.5383,25.03,35.9,0.1461,0.9437,117.21,110.28,98.516
112,cell_12,2024-01-28 18:00:00,3.6893,3.5349,3.8401,1.0057,1.5057,26.45,34.45,0.1386,0.9504,116.9,110.79,98.4
113,cell_12,2024-01-29 00:00:00,3.6833,3.5286,3.8595,1.0754,1.5754,21.26,30.94,0.1772,0.9454,111.07,103.07,98.11
114,cell_12,2024-01-29 06:00:00,3.7002,3.5449,3.8513,1.005,1.5392,27.26,38.18,0.1826,0.9585,114.53,109.86,97.881
115,cell_12,2024-01-29 12:00:00,3.6917,3.5285,3.8425,1.076,1.6275,23.43,31.43,0.1578,0.951,111.3,103.49,98.339
116,cell_12,2024-01-29 18:00:00,3.7105,3.5493,3.8654,1.0236,1.5236,26.49,34.64,0.1529,0.9404,117.76,107.26,98.249
117,cell_12,2024-01-30 00:00:00,3.6895,3.5371,3.849,0.9819,1.4819,26.26,34.34,0.1399,0.9477,116.89,120.84,99.057
118,cell_12,2024-01-30 06:00:00,3.7051,3.5483,3.8639,0.9345,1.4345,24.55,36.96,0.1496,0.9474,130.82,121.05,98.502
119,cell_12,2024-01-30 12:00:00,3.6849,3.5162,3.8456,1.0046,1.5046,25.68,36.21,0.1259,0.9615,119.26,110.81,98.024
120,cell_12,2024-01-30 18:00:00,3.7077,3.5464,3.8586,1.0657,1.6356,23.95,31.95,0.1698,0.9587,116.06,102.22,98.252
121,cell_12,2024-01-31 00:00:00,3.6984,3.5438,3.8592,0.9716,1.4716,22.41,30.41,0.1474,0.9572,124.6,112.22,98.167
122,cell_12,2024-01-31 06:00:00,3.7003,3.5395,3.8734,1.0183,1.5371,26.71,34.71,0.1362,0.9428,118.82,113.01,98.266
123,cell_12,2024-01-31 12:00:00,3.6932,3.538,3.8523,1.0768,1.5927,23.98,31.98,0.1434,0.9532,103.84,102.71,97.884
124,cell_12,2024-01-31 18:00:00,3.6937,3.5379,3.8444,0.9114,1.4114,27.7,35.7,0.1641,0.9386,128.75,121.01,98.55
125,cell_12,2024-02-01 00:00:00,3.7022,3.5476,3.8574,1.0199,1.5199,26.32,34.32,0.1449,0.9566,113.28,106.09,98.159
126,cell_12,2024-02-01 06:00:00,3.7158,3.558,3.8666,1.0277,1.5928,23.73,31.81,0.1343,0.9623,118.13,114.92,98.474
127,cell_12,2024-02-01 12:00:00,3.6866,3.5319,3.8446,1.0178,1.5604,25.88,33.88,0.1082,0.9292,117.49,108.28,98.096
128,cell_12,2024-02-01 18:00:00,3.6938,3.5392,3.8448,0.9148,1.5221,25.79,36.1,0.1484,0.9493,128.9,118.36,98.158
129,cell_12,2024-02-02 00:00:00,3.6907,3.5324,3.849,0.962,1.462,27.58,35.58,0.1575,0.9492,120.46,118.93,97.916
130,cell_12,2024-02-02 06:00:00,3.6806,3.5222,3.832,0.8957,1.4179,24.27,32.27,0.1402,0.9592,124.91,128.85,97.117
131,cell_12,2024-02-02 12:00:00,3.6818,3.5187,3.8428,0.9341,1.4341,24.65,32.65,0.1341,0.9443,123.58,122.87,98.035
132,cell_12,2024-02-02 18:00:00,3.6899,3.5354,3.8413,1.0422,1.5422,25.65,33.65,0.1275,0.9441,114.21,105.95,98.179
133,cell_12,2024-02-03 00:00:00,3.6933,3.5387,3.8583,0.9835,1.4835,25.03,35.97,0.1425,0.9518,117.32,116.58,98.173
134,cell_12,2024-02-03 06:00:00,3.7105,3.5475,3.8674,1.041,1.541,22.91,32.61,0.1277,0.9563,108.11,104.77,97.528
135,cell_12,2024-02-03 12:00:00,3.7066,3.5367,3.8687,1.0382,1.5382,26.52,37.12,0.1276,0.9523,107.6,107.28,97.829
136,cell_12,2024-02-03 18:00:00,3.6881,3.5319,3.8393,0.9438,1.4438,27.4,37.32,0.1404,0.959,129.07,112.88,97.535
137,cell_12,2024-02-04 00:00:00,3.7036,3.5418,3.855,1.0085,1.5255,25.23,33.23,0.1877,0.9571,112.49,107.42,97.223
138,cell_12,2024-02-04 06:00:00,3.6885,3.5327,3.8397,0.9207,1.4207,23.09,31.09,0.1967,0.945,132.81,121.04,97.674
139,cell_12,2024-02-04 12:00:00,3.6949,3.5186,3.8463,1.0137,1.5137,24.83,32.83,0.1736,0.9504,109.58,104.41,97.21
140,cell_12,2024-02-04 18:00:00,3.7,3.5445,3.852,1.0212,1.5423,23.64,34.77,0.1629,0.9557,114.11,111.9,97.827
141,cell_12,2024-02-05 00:00:00,3.7179,3.5627,3.8696,0.9886,1.5197,24.61,34.29,0.1112,0.9423,118.76,111.85,97.893
142,cell_12,2024-02-05 06:00:00,3.6997,3.5448,3.8547,0.9159,1.5425,25.28,34.07,0.2035,0.9434,127.09,122.41,98.034
143,cell_12,2024-02-05 12:00:00,3.6819,3.5107,3.833,0.9256,1.4291,25.98,33.98,0.1578,0.9356,121.7,119.94,97.801
144,cell_12,2024-02-05 18:00:00,3.7037,3.5475,3.8567,1.1271,1.6538,27.11,35.11,0.128,0.962,107.73,100.83,97.523
145,cell_12,2024-02-06 00:00:00,3.7078,3.5387,3.8724,1.0311,1.5311,25.94,33.94,0.2037,0.9719,118.34,109.45,97.59
146,cell_12,2024-02-06 06:00:00,3.7054,3.5496,3.8609,0.9861,1.5512,23.41,32.71,0.148,0.9435,121.9,115.37,97.684
147,cell_12,2024-02-06 12:00:00,3.6872,3.5324,3.8385,1.048,1.548,26.02,34.23,0.1667,0.956,107.91,103.69,98.086
148,cell_12,2024-02-06 18:00:00,3.6984,3.5436,3.8522,1.0736,1.5736,24.57,33.96,0.1437,0.9627,106.92,105.56,98.089
149,cell_12,2024-02-07 00:00:00,3.6963,3.5403,3.8599,1.0605,1.5681,24.74,33.58,0.1614,0.9386,108.19,105.17,97.622
150,cell_12,2024-02-07 06:00:00,3.7146,3.5595,3.8674,0.9903,1.5098,24.98,34.63,0.1637,0.9537,123.95,107.69,97.942
151,cell_12,2024-02-07 12:00:00,3.702,3.545,3.8534,0.9833,1.5251,25.2,34.24,0.1672,0.9635,122.18,107.42,97.204
152,cell_12,2024-02-07 18:00:00,3.7134,3.5571,3.8647,1.0398,1.5398,26.52,36.72,0.1757,0.9476,111.79,107.8,97.49
153,cell_12,2024-02-08 00:00:00,3.6888,3.5319,3.8402,0.9882,1.5279,25.75,35.22,0.1531,0.9495,118.14,113.18,97.254
154,cell_12,2024-02-08 06:00:00,3.694,3.5347,3.8453,1.0599,1.5599,23.22,31.22,0.1542,0.9641,113.59,107.8,97.432
155,cell_12,2024-02-08 12:00:00,3.6903,3.5331,3.8496,1.0056,1.5132,22.75,31.73,0.149,0.9461,110.81,113.16,97.113
156,cell_12,2024-02-08 18:00:00,3.7051,3.5472,3.8736,1.0397,1.5397,25.98,34.59,0.1291,0.9446,110.58,105.7,96.848
157,cell_12,2024-02-09 00:00:00,3.7067,3.549,3.8583,1.052,1.552,25.81,33.81,0.1319,0.9485,105.58,104.22,96.9
158,cell_12,2024-02-09 06:00:00,3.7001,3.5347,3.8514,0.9351,1.5551,26.89,34.89,0.1438,0.9686,130.22,117.41,97.449
159,cell_12,2024-02-09 12:00:00,3.6964,3.5264,3.8479,1.0073,1.5156,24.85,34.87,0.1752,0.9583,114.81,114.82,96.939
160,cell_12,2024-02-09 18:00:00,3.6999,3.5369,3.8686,1.0574,1.5574,25.42,34.5,0.1594,0.9558,106.74,106.85,97.171
161,cell_12,2024-02-10 00:00:00,3.6825,3.5263,3.8434,0.9597,1.4804,25.72,35.58,0.1481,0.9557,127.81,114.03,97.541
162,cell_12,2024-02-10 06:00:00,3.6923,3.5363,3.8435,0.9726,1.4726,22.67,30.75,0.1447,0.9393,124.98,116.86,97.61
163,cell_12,2024-02-10 12:00:00,3.6922,3.5346,3.8451,1.0601,1.5601,22.58,32.88,0.1267,0.9561,109.87,104.73,96.98
164,cell_12,2024-02-10 18:00:00,3.6947,3.5361,3.8604,1.0764,1.5764,26.1,35.65,0.132,0.9462,112.21,103.08,96.554
165,cell_12,2024-02-11 00:00:00,3.689,3.5268,3.8405,0.8239,1.3239,25.55,33.55,0.1531,0.9486,136.84,140.12,97.033
166,cell_12,2024-02-11 06:00:00,3.6875,3.5269,3.8475,1.0599,1.5599,27.02,35.02,0.1502,0.9481,113.11,105.86,97.334
167,cell_12,2024-02-11 12:00:00,3.6802,3.5239,3.8315,0.8838,1.3838,27.77,35.77,0.1656,0.96,135.97,131.11,97.475
168,cell_12,2024-02-11 18:00:00,3.6994,3.5345,3.851,0.9968,1.534,24.55,32.55,0.1457,0.9689,117.47,110.93,96.693
169,cell_12,2024-02-12 00:00:00,3.6811,3.5185,3.8328,0.9307,1.4953,24.47,37.83,0.1613,0.9415,123.16,121.53,96.517
170,cell_12,2024-02-12 06:00:00,3.7052,3.5471,3.8568,0.9726,1.5049,22.97,34.3,0.1194,0.9614,116.78,113.76,96.775
171,cell_12,2024-02-12 12:00:00,3.6986,3.5408,3.8501,1.0052,1.5052,25.78,36.09,0.131,0.9492,117.32,110.64,96.891
172,cell_12,2024-02-12 18:00:00,3.7054,3.5489,3.8617,1.0265,1.5292,21.91,30.81,0.1553,0.9586,112.15,107.67,97.673
173,cell_12,2024-02-13 00:00:00,3.6867,3.5276,3.8407,1.0715,1.6231,23.54,31.54,0.1503,0.954,104.7,105.0,97.08
174,cell_12,2024-02-13 06:00:00,3.7145,3.5576,3.8679,0.9327,1.4733,25.46,33.46,0.1648,0.9449,129.52,113.44,97.242
175,cell_12,2024-02-13 12:00:00,3.7183,3.5611,3.8791,1.0578,1.5833,24.01,32.01,0.1735,0.9448,113.77,106.97,97.377
176,cell_12,2024-02-13 18:00:00,3.6957,3.5361,3.8472,0.9861,1.4861,24.93,32.93,0.1744,0.9489,115.55,112.3,96.912
177,cell_12,2024-02-14 00:00:00,3.6995,3.5337,3.851,0.9872,1.539,24.69,34.12,0.1817,0.9547,112.2,114.76,97.077
178,cell_12,2024-02-14 06:00:00,3.6956,3.5384,3.847,1.085,1.6523,23.33,31.64,0.1864,0.9561,104.6,96.79,97.123
179,cell_12,2024-02-14 12:00:00,3.7059,3.549,3.8573,1.0421,1.5831,21.9,31.61,0.1429,0.9808,112.7,104.03,97.229
180,cell_12,2024-02-14 18:00:00,3.7034,3.5434,3.8549,0.9159,1.563,26.05,34.53,0.196,0.9566,129.49,121.6,97.008
181,cell_12,2024-02-15 00:00:00,3.6783,3.5217,3.8298,0.9961,1.5335,24.73,32.73,0.2078,0.9382,116.16,111.0,97.36
182,cell_12,2024-02-15 06:00:00,3.6878,3.5312,3.8441,0.9626,1.52,25.51,33.51,0.124,0.9637,125.73,110.58,97.378
183,cell_12,2024-02-15 12:00:00,3.6994,3.5418,3.8552,0.9783,1.5103,24.91,33.69,0.1382,0.9571,116.11,107.68,96.962
184,cell_12,2024-02-15 18:00:00,3.7036,3.5419,3.855,0.9934,1.4934,24.89,33.44,0.1572,0.9495,122.7,110.49,97.267
185,cell_12,2024-02-16 00:00:00,3.6972,3.5401,3.8486,1.0232,1.5232,25.25,33.25,0.1546,0.9401,115.63,107.3,97.156
186,cell_12,2024-02-16 06:00:00,3.6798,3.5144,3.8452,0.9372,1.4372,24.71,32.71,0.1163,0.9484,128.39,117.5,97.837
187,cell_12,2024-02-16 12:00:00,3.7011,3.5436,3.8687,0.9889,1.4889,24.49,32.49,0.131,0.9629,118.2,117.01,97.017
188,cell_12,2024-02-16 18:00:00,3.7135,3.5557,3.8651,0.9803,1.4803,23.49,31.49,0.1543,0.9562,124.51,109.16,96.864
189,cell_12,2024-02-17 00:00:00,3.6719,3.5133,3.8245,1.0192,1.5192,28.72,36.72,0.1456,0.9647,109.9,110.47,96.578
190,cell_12,2024-02-17 06:00:00,3.704,3.5451,3.8558,0.9974,1.4975,26.51,36.07,0.1624,0.9642,115.49,106.53,96.432
191,cell_12,2024-02-17 12:00:00,3.7137,3.5428,3.8755,1.0469,1.6065,27.24,35.24,0.1891,0.9532,108.45,100.46,96.901
192,cell_12,2024-02-17 18:00:00,3.7038,3.5444,3.8788,1.0129,1.5129,26.9,34.9,0.1251,0.9197,111.38,109.69,96.23
193,cell_12,2024-02-18 00:00:00,3.695,3.5266,3.8464,1.0302,1.5748,24.58,34.57,0.1963,0.9421,116.8,111.48,97.23
194,cell_12,2024-02-18 06:00:00,3.703,3.543,3.8667,1.0116,1.5251,24.73,35.45,0.1876,0.9357,114.71,106.25,96.0
195,cell_12,2024-02-18 12:00:00,3.6936,3.5308,3.8528,0.9425,1.4613,25.0,33.0,0.1155,0.9653,117.76,117.02,96.309
196,cell_12,2024-02-18 18:00:00,3.7008,3.5431,3.8523,0.9813,1.4813,24.45,32.45,0.1261,0.9563,123.61,114.14,96.918
197,cell_12,2024-02-19 00:00:00,3.6957,3.5135,3.8474,0.9666,1.5712,26.32,34.32,0.1419,0.949,115.67,115.97,96.607
198,cell_12,2024-02-19 06:00:00,3.6961,3.5377,3.8725,1.0379,1.5379,23.78,32.34,0.1309,0.9459,114.08,107.3,96.637
199,cell_12,2024-02-19 12:00:00,3.6869,3.5279,3.8464,1.0426,1.5426,23.4,31.4,0.1616,0.962,112.91,109.78,96.376
200,cell_12,2024-02-19 18:00:00,3.6902,3.5289,3.8515,0.9959,1.5018,23.06,31.06,0.1627,0.9422,120.12,106.82,96.544
201,cell_12,2024-02-20 00:00:00,3.7114,3.5534,3.863,1.0073,1.527,24.51,34.44,0.1528,0.9382,116.9,112.33,96.787
202,cell_12,2024-02-20 06:00:00,3.6883,3.5271,3.8407,0.921,1.4323,24.29,32.78,0.1575,0.9374,124.02,124.84,96.332
203,cell_12,2024-02-20 12:00:00,3.6752,3.5165,3.8269,0.9805,1.4805,24.07,35.17,0.1473,0.9522,114.59,110.42,96.503
204,cell_12,2024-02-20 18:00:00,3.73,3.5715,3.8893,0.8749,1.4012,25.13,33.21,0.1579,0.943,133.0,129.54,96.584
205,cell_12,2024-02-21 00:00:00,3.6904,3.5316,3.8421,1.0405,1.5705,23.25,34.2,0.1883,0.9611,106.1,107.0,96.501
206,cell_12,2024-02-21 06:00:00,3.6925,3.5305,3.8441,1.1114,1.6114,26.11,34.11,0.1023,0.9509,104.77,96.95,96.807
207,cell_12,2024-02-21 12:00:00,3.6911,3.5329,3.8427,0.9733,1.5652,23.35,31.35,0.1504,0.937,115.34,112.15,96.72
208,cell_12,2024-02-21 18:00:00,3.695,3.5364,3.8708,1.0114,1.5335,23.24,31.24,0.1593,0.9485,116.21,113.14,96.551
209,cell_12,2024-02-22 00:00:00,3.6865,3.5267,3.8385,1.0209,1.5209,24.03,35.68,0.148,0.9411,111.93,107.07,96.07
210,cell_12,2024-02-22 06:00:00,3.7099,3.5352,3.8652,0.9432,1.5053,24.79,32.79,0.1563,0.9496,126.14,114.26,96.64
211,cell_12,2024-02-22 12:00:00,3.692,3.5189,3.844,0.9934,1.4934,26.29,37.45,0.174,0.9617,117.02,115.93,96.008
212,cell_12,2024-02-22 18:00:00,3.6848,3.5268,3.8364,1.0234,1.5234,24.89,32.89,0.1397,0.9492,113.51,105.6,96.818
213,cell_12,2024-02-23 00:00:00,3.6654,3.5054,3.8173,1.0084,1.5084,22.59,30.59,0.1942,0.9441,116.08,103.33,96.032
214,cell_12,2024-02-23 06:00:00,3.7055,3.5464,3.861,1.003,1.503,25.73,35.13,0.1203,0.9552,112.08,106.06,96.362
215,cell_12,2024-02-23 12:00:00,3.6903,3.5315,3.8421,0.9852,1.5253,25.7,33.7,0.1624,0.9464,122.49,117.12,96.476
216,cell_12,2024-02-23 18:00:00,3.6981,3.5387,3.858,0.9592,1.4977,24.13,32.74,0.1497,0.956,115.22,112.09,96.226
217,cell_12,2024-02-24 00:00:00,3.6853,3.5262,3.8371,1.0338,1.6154,25.26,33.66,0.1552,0.954,110.12,110.32,96.379
218,cell_12,2024-02-24 06:00:00,3.6951,3.5352,3.847,1.088,1.588,27.15,35.52,0.1652,0.9401,101.27,104.61,96.076
219,cell_12,2024-02-24 12:00:00,3.6948,3.5231,3.8582,0.8997,1.4281,23.7,35.0,0.1376,0.9375,130.12,116.39,96.728
220,cell_12,2024-02-24 18:00:00,3.7035,3.5336,3.8708,0.8923,1.4563,26.44,34.95,0.172,0.947,127.85,125.96,96.222
221,cell_12,2024-02-25 00:00:00,3.6956,3.5306,3.8477,0.9393,1.4474,26.9,35.14,0.1895,0.9547,117.19,117.02,95.977
222,cell_12,2024-02-25 06:00:00,3.6829,3.5157,3.8349,0.9779,1.5272,25.26,33.26,0.1442,0.9679,119.87,113.48,96.085
223,cell_12,2024-02-25 12:00:00,3.7186,3.5509,3.8715,0.9869,1.4869,23.16,32.23,0.1396,0.9393,122.53,110.56,96.352
224,cell_12,2024-02-25 18:00:00,3.6985,3.534,3.871,1.0064,1.5721,26.96,35.85,0.1753,0.9405,110.12,104.6,96.129
225,cell_12,2024-02-26 00:00:00,3.6847,3.511,3.8366,1.0036,1.5036,26.37,34.37,0.1696,0.9603,111.65,104.97,96.067
226,cell_12,2024-02-26 06:00:00,3.6953,3.5342,3.8475,0.9931,1.4931,25.82,35.71,0.1187,0.9524,112.87,104.25,95.582
227,cell_12,2024-02-26 12:00:00,3.6984,3.5393,3.8503,1.0636,1.5636,24.92,32.92,0.1611,0.9487,110.67,100.69,96.359
228,cell_12,2024-02-26 18:00:00,3.699,3.5393,3.851,0.9537,1.4537,26.74,35.9,0.1655,0.9572,119.57,116.77,96.117
229,cell_12,2024-02-27 00:00:00,3.6975,3.5371,3.8539,1.0454,1.5672,23.72,31.72,0.1489,0.9629,112.86,102.15,95.879
230,cell_12,2024-02-27 06:00:00,3.6966,3.5369,3.8575,1.0993,1.6218,26.29,36.11,0.18,0.9608,104.53,98.41,96.11
231,cell_12,2024-02-27 12:00:00,3.7038,3.5286,3.8586,0.9265,1.4265,24.52,32.52,0.1179,0.9434,118.95,119.76,96.429
232,cell_12,2024-02-27 18:00:00,3.7016,3.5332,3.8618,0.9025,1.4025,22.49,31.84,0.107,0.9548,123.77,123.28,96.227
233,cell_12,2024-02-28 00:00:00,3.7024,3.5316,3.8541,1.0093,1.5906,23.49,34.05,0.1713,0.9618,112.79,113.26,96.603
234,cell_12,2024-02-28 06:00:00,3.6766,3.5173,3.8285,1.0323,1.5323,25.61,34.43,0.1337,0.9476,113.41,104.75,96.274
235,cell_12,2024-02-28 12:00:00,3.6758,3.5144,3.836,1.0018,1.5018,25.33,35.64,0.1493,0.9542,116.38,111.21,95.433
236,cell_12,2024-02-28 18:00:00,3.6867,3.5218,3.8385,0.8937,1.4097,25.66,33.66,0.1273,0.9446,131.24,120.95,96.39
237,cell_12,2024-02-29 00:00:00,3.6907,3.5252,3.843,0.9157,1.4157,24.45,32.45,0.167,0.9409,119.66,121.52,95.489
238,cell_12,2024-02-29 06:00:00,3.687,3.5238,3.8408,0.9746,1.4746,25.32,33.32,0.1568,0.9546,117.16,117.9,96.417
239,cell_12,2024-02-29 12:00:00,3.6843,3.5018,3.837,1.0208,1.5604,25.94,33.94,0.1473,0.9597,114.71,105.67,96.278
240,cell_12,2024-02-29 18:00:00,3.6972,3.5326,3.8489,0.9823,1.4823,28.54,36.54,0.1253,0.9581,119.55,111.96,96.516
241,cell_12,2024-03-01 00:00:00,3.6855,3.5259,3.8533,1.0107,1.5107,24.41,32.57,0.1468,0.9371,115.06,105.58,96.145
242,cell_12,2024-03-01 06:00:00,3.6701,3.5104,3.8408,1.0093,1.5093,26.54,36.42,0.1567,0.9636,113.41,108.8,96.098
243,cell_12,2024-03-01 12:00:00,3.681,3.5135,3.8424,1.0466,1.5595,25.97,36.5,0.1394,0.9563,105.09,105.18,96.384
244,cell_12,2024-03-01 18:00:00,3.6874,3.5189,3.8439,0.942,1.5107,25.18,33.18,0.14,0.9618,122.59,119.57,95.659
245,cell_12,2024-03-02 00:00:00,3.6915,3.5217,3.8572,1.0044,1.5214,23.05,31.05,0.1502,0.9413,111.99,112.22,96.024
246,cell_12,2024-03-02 06:00:00,3.7029,3.5376,3.8565,1.0719,1.5977,27.08,35.08,0.1635,0.959,105.82,101.12,95.943
247,cell_12,2024-03-02 12:00:00,3.6982,3.5379,3.8502,0.9605,1.4605,25.37,33.37,0.1585,0.957,120.96,109.87,95.883
248,cell_12,2024-03-02 18:00:00,3.6737,3.4979,3.8258,0.9687,1.478,24.11,32.11,0.1735,0.938,118.48,109.86,95.841
249,cell_12,2024-03-03 00:00:00,3.7086,3.5353,3.8606,1.0043,1.5043,23.67,31.71,0.1482,0.955,114.0,109.06,96.06
250,cell_12,2024-03-03 06:00:00,3.6923,3.5329,3.8535,0.9471,1.4929,25.39,33.39,0.1703,0.9403,120.77,121.55,96.228
251,cell_12,2024-03-03 12:00:00,3.6954,3.5329,3.8471,0.9418,1.4475,23.59,31.59,0.1267,0.9508,126.16,118.96,96.458
252,cell_12,2024-03-03 18:00:00,3.6951,3.5331,3.8471,0.9826,1.4826,24.15,34.09,0.158,0.9738,117.08,108.57,95.927
253,cell_12,2024-03-04 00:00:00,3.6853,3.5251,3.8374,0.9878,1.5131,24.11,32.47,0.1569,0.9535,117.9,116.42,95.902
254,cell_12,2024-03-04 06:00:00,3.6984,3.5363,3.8508,1.0376,1.5376,25.07,33.86,0.1972,0.9495,105.59,108.25,95.166
255,cell_12,2024-03-04 12:00:00,3.6752,3.5106,3.827,0.9552,1.4552,25.9,34.8,0.1366,0.9358,122.51,114.42,96.452
256,cell_12,2024-03-04 18:00:00,3.7059,3.5434,3.8593,1.0015,1.5015,24.52,33.76,0.126,0.9536,108.79,110.24,95.006
257,cell_12,2024-03-05 00:00:00,3.6952,3.5341,3.8577,1.0617,1.6508,24.68,32.99,0.1346,0.9491,110.94,98.45,95.558
258,cell_12,2024-03-05 06:00:00,3.6969,3.5185,3.8491,1.0587,1.5587,25.16,33.16,0.1374,0.9306,102.95,108.06,95.502
259,cell_12,2024-03-05 12:00:00,3.6988,3.5339,3.852,0.9945,1.4945,23.88,34.91,0.1582,0.9397,118.31,105.8,95.711
260,cell_12,2024-03-05 18:00:00,3.6883,3.5224,3.8407,1.0094,1.5441,24.12,33.4,0.1248,0.9596,113.44,111.44,95.15
261,cell_12,2024-03-06 00:00:00,3.7061,3.5451,3.8583,0.9547,1.4553,24.3,32.3,0.1569,0.9636,122.63,113.85,95.586
262,cell_12,2024-03-06 06:00:00,3.6866,3.5264,3.8387,1.0144,1.5144,25.43,33.43,0.1507,0.9514,110.55,110.59,95.902
263,cell_12,2024-03-06 12:00:00,3.6832,3.5178,3.8453,1.0765,1.6777,27.41,39.39,0.1683,0.9608,106.71,99.3,95.484
264,cell_12,2024-03-06 18:00:00,3.6942,3.5271,3.8466,1.065,1.565,23.13,31.13,0.1624,0.951,110.91,101.95,95.151
265,cell_12,2024-03-07 00:00:00,3.6787,3.5082,3.8334,0.9989,1.4989,25.36,33.36,0.1666,0.9431,110.82,109.49,94.974
266,cell_12,2024-03-07 06:00:00,3.6881,3.5278,3.8454,1.0173,1.5173,24.66,32.66,0.1598,0.9727,107.72,106.44,95.86
267,cell_12,2024-03-07 12:00:00,3.6955,3.5337,3.856,0.9632,1.4632,24.75,33.65,0.1734,0.9366,121.71,112.36,95.282
268,cell_12,2024-03-07 18:00:00,3.7002,3.5325,3.8726,0.9535,1.4535,24.27,32.27,0.1202,0.9549,122.25,119.52,95.201
269,cell_12,2024-03-08 00:00:00,3.6937,3.5338,3.8457,0.9818,1.4876,26.71,34.98,0.1209,0.9442,113.27,110.96,96.031
270,cell_12,2024-03-08 06:00:00,3.6843,3.515,3.8365,1.0135,1.5135,21.36,33.98,0.1496,0.9486,111.34,103.63,95.55
271,cell_12,2024-03-08 12:00:00,3.6899,3.5287,3.8491,1.0361,1.5728,23.3,31.3,0.1517,0.9666,109.71,104.94,95.512
272,cell_12,2024-03-08 18:00:00,3.6868,3.523,3.8626,0.996,1.5437,26.64,34.64,0.1295,0.9511,109.94,114.16,95.661
273,cell_12,2024-03-09 00:00:00,3.6909,3.5042,3.8436,1.022,1.522,26.75,34.87,0.1612,0.9474,109.71,102.74,94.564
274,cell_12,2024-03-09 06:00:00,3.687,3.5258,3.8393,0.8724,1.3952,27.64,35.64,0.1239,0.9452,126.02,122.23,95.493
275,cell_12,2024-03-09 12:00:00,3.6835,3.521,3.8358,1.0085,1.5085,25.46,34.49,0.1446,0.9563,119.28,105.37,95.534
276,cell_12,2024-03-09 18:00:00,3.6813,3.5182,3.8339,0.969,1.469,25.72,35.51,0.1496,0.9412,123.17,110.13,94.886
277,cell_12,2024-03-10 00:00:00,3.6745,3.5126,3.8411,0.9375,1.455,22.21,30.21,0.1614,0.9516,122.73,115.49,95.246
278,cell_12,2024-03-10 06:00:00,3.7038,3.5359,3.8561,1.0227,1.566,25.0,33.0,0.1399,0.9493,111.6,104.39,95.31
279,cell_12,2024-03-10 12:00:00,3.6994,3.5364,3.852,1.0724,1.5889,25.84,34.21,0.1743,0.9428,111.04,97.46,94.808
280,cell_12,2024-03-10 18:00:00,3.6807,3.5113,3.833,0.9993,1.4993,24.27,33.42,0.1836,0.9364,116.35,106.88,95.294
281,cell_12,2024-03-11 00:00:00,3.6988,3.5358,3.8774,1.044,1.5472,24.86,38.2,0.1808,0.951,104.99,102.63,94.829
282,cell_12,2024-03-11 06:00:00,3.6941,3.5336,3.8463,0.9791,1.5036,26.85,34.85,0.1862,0.9469,114.03,111.42,95.798
283,cell_12,2024-03-11 12:00:00,3.6797,3.5174,3.8513,1.1026,1.6026,27.19,36.26,0.1713,0.9529,105.07,99.9,95.069
284,cell_12,2024-03-11 18:00:00,3.6823,3.5203,3.8347,0.9212,1.4212,25.38,33.38,0.1623,0.929,129.55,120.76,95.19
285,cell_12,2024-03-12 00:00:00,3.6903,3.5266,3.8576,0.995,1.495,24.92,32.92,0.135,0.9461,112.1,112.03,94.532
286,cell_12,2024-03-12 06:00:00,3.7001,3.538,3.8526,1.0376,1.5663,26.09,34.13,0.1387,0.9592,105.82,101.79,95.139
287,cell_12,2024-03-12 12:00:00,3.699,3.5375,3.8513,0.9985,1.4985,24.45,33.27,0.169,0.9342,117.61,110.23,95.386
288,cell_12,2024-03-12 18:00:00,3.6867,3.5236,3.8394,1.0688,1.5808,26.57,34.59,0.1144,0.9694,103.25,97.7,94.752
289,cell_12,2024-03-13 00:00:00,3.6969,3.5218,3.8495,0.8963,1.3963,24.21,32.76,0.1765,0.9543,121.87,122.17,94.863
290,cell_12,2024-03-13 06:00:00,3.6906,3.5204,3.8529,0.9944,1.508,26.13,34.13,0.1379,0.9492,116.58,113.48,94.807
291,cell_12,2024-03-13 12:00:00,3.6847,3.5213,3.8373,0.9875,1.4875,24.97,32.97,0.1393,0.9517,115.57,113.56,94.674
292,cell_12,2024-03-13 18:00:00,3.7016,3.5381,3.8649,0.9945,1.51,24.07,33.72,0.1655,0.9421,113.5,109.71,94.631
293,cell_12,2024-03-14 00:00:00,3.6946,3.5329,3.8469,0.9209,1.4649,25.54,35.59,0.1556,0.9648,118.68,115.24,95.329
294,cell_12,2024-03-14 06:00:00,3.6969,3.5333,3.8497,0.9854,1.4854,24.41,34.37,0.1416,0.9524,109.53,105.22,94.547
295,cell_12,2024-03-14 12:00:00,3.6806,3.5166,3.8334,0.9831,1.511,26.49,35.84,0.1318,0.9513,114.25,108.83,94.391
296,cell_12,2024-03-14 18:00:00,3.687,3.5212,3.8577,1.0122,1.5244,23.51,31.51,0.12,0.9607,113.51,105.6,94.767
297,cell_12,2024-03-15 00:00:00,3.7006,3.538,3.8583,1.0549,1.5549,25.34,33.34,0.1067,0.9545,112.07,104.49,94.942
298,cell_12,2024-03-15 06:00:00,3.6898,3.5276,3.8451,1.0056,1.5056,23.9,33.73,0.1793,0.9439,114.59,103.35,95.101
299,cell_12,2024-03-15 12:00:00,3.6898,3.5264,3.8424,1.0209,1.5209,26.8,34.8,0.1457,0.9503,111.13,100.65,94.66
300,cell_12,2024-03-15 18:00:00,3.6815,3.5105,3.8341,1.0629,1.5629,26.07,34.07,0.1322,0.9563,103.51,104.04,94.75
301,cell_12,2024-03-16 00:00:00,3.6946,3.5259,3.8471,1.0595,1.5595,24.93,37.23,0.165,0.9512,104.01,103.41,95.089
302,cell_12,2024-03-16 06:00:00,3.682,3.5044,3.8476,0.8808,1.3808,24.98,33.99,0.1344,0.9372,131.14,121.32,95.198
303,cell_12,2024-03-16 12:00:00,3.6966,3.5212,3.849,1.0399,1.5399,27.53,35.85,0.1348,0.9646,108.38,107.16,95.3
304,cell_12,2024-03-16 18:00:00,3.6827,3.5204,3.8351,1.0396,1.6232,26.14,34.14,0.1738,0.9522,105.97,103.64,95.07
305,cell_12,2024-03-17 00:00:00,3.6895,3.5256,3.8512,0.9869,1.5721,23.87,31.87,0.1648,0.9467,113.65,112.43,94.429
306,cell_12,2024-03-17 06:00:00,3.7077,3.5409,3.8604,0.9771,1.4771,26.4,36.07,0.1537,0.9571,119.0,114.37,94.664
307,cell_12,2024-03-17 12:00:00,3.6966,3.5349,3.8507,0.9435,1.4435,24.16,32.16,0.1389,0.9457,116.09,118.13,95.303
308,cell_12,2024-03-17 18:00:00,3.6897,3.526,3.842,0.9029,1.4757,25.23,34.03,0.1547,0.9353,122.21,126.01,95.458
309,cell_12,2024-03-18 00:00:00,3.7009,3.5382,3.8537,1.0425,1.5425,21.85,29.85,0.1616,0.9506,110.17,99.1,94.9
310,cell_12,2024-03-18 06:00:00,3.6851,3.5131,3.8376,1.0383,1.5896,26.22,34.22,0.1552,0.9573,110.21,100.08,94.874
311,cell_12,2024-03-18 12:00:00,3.6821,3.5092,3.8348,0.995,1.5268,24.0,32.0,0.1743,0.9479,110.18,111.74,94.626
312,cell_12,2024-03-18 18:00:00,3.6894,3.5278,3.8481,1.0355,1.5355,24.69,32.88,0.13,0.9483,111.62,107.51,95.353
313,cell_12,2024-03-19 00:00:00,3.7029,3.5394,3.8556,1.0512,1.6208,22.91,30.91,0.1448,0.9487,109.43,101.81,94.609
314,cell_12,2024-03-19 06:00:00,3.7037,3.5324,3.8559,0.9102,1.4102,25.27,33.27,0.1611,0.9496,120.67,120.04,95.515
315,cell_12,2024-03-19 12:00:00,3.6874,3.5246,3.8404,1.0125,1.5545,25.11,34.38,0.1385,0.9521,115.02,103.52,94.902
316,cell_12,2024-03-19 18:00:00,3.6886,3.5245,3.8452,0.9879,1.4879,23.09,31.49,0.1691,0.9586,110.14,107.03,94.325
317,cell_12,2024-03-20 00:00:00,3.6953,3.5304,3.8527,1.0216,1.5216,25.05,33.98,0.1769,0.958,113.32,100.28,94.048
318,cell_12,2024-03-20 06:00:00,3.716,3.5484,3.8767,1.0093,1.6115,24.6,33.05,0.1512,0.9709,109.45,101.5,94.502
319,cell_12,2024-03-20 12:00:00,3.6894,3.5258,3.8422,1.0385,1.5385,26.84,34.84,0.1577,0.968,106.25,105.52,94.545
320,cell_12,2024-03-20 18:00:00,3.7056,3.5418,3.8631,0.9209,1.4209,23.94,31.94,0.1458,0.942,125.22,118.12,94.488
321,cell_12,2024-03-21 00:00:00,3.6944,3.5293,3.8472,1.0657,1.6064,25.72,34.3,0.1441,0.9483,108.23,103.32,94.585
322,cell_12,2024-03-21 06:00:00,3.701,3.5303,3.8535,0.9738,1.5358,22.79,30.79,0.1757,0.9578,114.37,109.87,94.999
323,cell_12,2024-03-21 12:00:00,3.7023,3.5392,3.8575,0.9933,1.4933,25.12,33.12,0.1333,0.9327,119.82,112.26,94.769
324,cell_12,2024-03-21 18:00:00,3.6937,3.5303,3.8556,0.912,1.4841,25.54,37.6,0.1665,0.9537,123.13,116.76,94.642
325,cell_12,2024-03-22 00:00:00,3.6921,3.5294,3.8446,0.9948,1.4948,25.61,34.58,0.1401,0.942,113.42,106.58,94.926
326,cell_12,2024-03-22 06:00:00,3.6894,3.52,3.8563,0.9991,1.4991,24.82,35.32,0.1331,0.95,109.88,108.72,94.308
327,cell_12,2024-03-22 12:00:00,3.6957,3.5268,3.8598,0.996,1.496,27.6,36.28,0.1702,0.9507,109.17,109.02,94.797
328,cell_12,2024-03-22 18:00:00,3.7041,3.541,3.8604,0.9632,1.4632,24.46,32.46,0.1639,0.9329,121.87,114.82,94.792
329,cell_12,2024-03-23 00:00:00,3.7058,3.5434,3.8583,0.939,1.439,25.72,33.72,0.1369,0.9748,119.44,114.87,95.033
330,cell_12,2024-03-23 06:00:00,3.7034,3.538,3.8778,1.0321,1.5524,24.53,32.53,0.1466,0.9452,109.39,108.92,94.172
331,cell_12,2024-03-23 12:00:00,3.6868,3.521,3.8425,0.9131,1.4234,23.74,34.49,0.1475,0.9649,127.48,117.63,94.323
332,cell_12,2024-03-23 18:00:00,3.6858,3.5217,3.8401,1.0402,1.5402,23.22,33.01,0.1547,0.9342,104.56,98.12,94.34
333,cell_12,2024-03-24 00:00:00,3.6838,3.5206,3.8376,1.0847,1.595,23.63,31.63,0.1402,0.944,106.03,100.37,94.727
334,cell_12,2024-03-24 06:00:00,3.6935,3.5276,3.8517,1.1108,1.6108,25.91,35.43,0.1847,0.9584,100.85,99.81,94.65
335,cell_12,2024-03-24 12:00:00,3.7015,3.5367,3.8634,0.9458,1.4458,26.99,36.34,0.1278,0.948,124.25,114.2,94.754
336,cell_12,2024-03-24 18:00:00,3.6853,3.516,3.8383,1.0295,1.5504,25.9,34.06,0.1197,0.9584,108.29,101.92,93.951
337,cell_12,2024-03-25 00:00:00,3.6907,3.5283,3.8432,0.9719,1.4719,24.5,33.45,0.1477,0.9567,122.65,112.05,95.025
338,cell_12,2024-03-25 06:00:00,3.6984,3.5222,3.8615,1.0612,1.5612,24.06,33.2,0.1103,0.9421,105.68,103.56,94.654
339,cell_12,2024-03-25 12:00:00,3.6889,3.5258,3.8415,1.0197,1.5576,25.25,34.02,0.1345,0.9626,106.28,107.34,94.749
340,cell_12,2024-03-25 18:00:00,3.6901,3.5129,3.8428,0.9854,1.4854,23.44,31.74,0.1373,0.9561,115.86,108.49,94.694
341,cell_12,2024-03-26 00:00:00,3.7027,3.5365,3.8555,0.9545,1.5071,26.33,34.5,0.1503,0.9359,114.28,111.34,94.395
342,cell_12,2024-03-26 06:00:00,3.6923,3.5292,3.845,0.9815,1.4815,25.55,33.55,0.1461,0.9514,111.65,113.63,94.739
343,cell_12,2024-03-26 12:00:00,3.6847,3.5129,3.8412,0.9663,1.5101,23.55,33.37,0.1547,0.9569,117.28,108.81,94.606
344,cell_12,2024-03-26 18:00:00,3.6929,3.5294,3.8513,0.9988,1.5707,27.24,39.2,0.1344,0.9493,111.24,106.67,94.602
345,cell_12,2024-03-27 00:00:00,3.6959,3.5319,3.8487,1.0014,1.5014,23.19,31.19,0.1424,0.9508,113.62,109.31,94.401
346,cell_12,2024-03-27 06:00:00,3.7164,3.5416,3.8705,0.9723,1.5159,25.08,33.15,0.1616,0.9552,118.14,109.48,94.223
347,cell_12,2024-03-27 12:00:00,3.706,3.5406,3.859,0.9678,1.4993,26.25,34.25,0.1046,0.934,121.02,109.34,93.845
348,cell_12,2024-03-27 18:00:00,3.7232,3.5587,3.8838,1.0314,1.5405,26.1,35.2,0.1584,0.9483,107.27,100.01,94.199
349,cell_12,2024-03-28 00:00:00,3.6815,3.5183,3.839,1.035,1.5652,24.06,32.92,0.1071,0.9466,109.96,104.5,94.741
350,cell_12,2024-03-28 06:00:00,3.7046,3.5361,3.8649,0.9594,1.4594,24.38,32.65,0.1502,0.9579,120.39,117.2,93.798
351,cell_12,2024-03-28 12:00:00,3.7065,3.5328,3.8595,0.9973,1.5794,23.57,31.57,0.1604,0.9447,114.03,111.47,93.992
352,cell_12,2024-03-28 18:00:00,3.6916,3.5257,3.8471,0.9568,1.461,25.33,33.33,0.1562,0.9698,116.52,115.61,94.214
353,cell_12,2024-03-29 00:00:00,3.6876,3.5233,3.8455,1.1304,1.6304,26.23,34.23,0.1376,0.9445,95.98,94.97,94.316
354,cell_12,2024-03-29 06:00:00,3.6978,3.5318,3.8585,0.953,1.453,22.14,30.14,0.1551,0.9391,114.21,115.78,93.604
355,cell_12,2024-03-29 12:00:00,3.6867,3.52,3.8467,1.0127,1.557,25.83,36.29,0.1312,0.9626,105.45,109.61,93.312
356,cell_12,2024-03-29 18:00:00,3.6794,3.5141,3.8324,1.0223,1.5223,24.26,33.6,0.1776,0.9563,111.47,101.59,93.882
357,cell_12,2024-03-30 00:00:00,3.676,3.5096,3.8293,0.9667,1.5613,24.86,35.44,0.1666,0.9541,116.05,110.14,93.437
358,cell_12,2024-03-30 06:00:00,3.6757,3.505,3.8338,0.957,1.5223,23.4,31.4,0.131,0.9478,115.22,115.9,93.769
359,cell_12,2024-03-30 12:00:00,3.6931,3.5181,3.8507,0.986,1.486,24.07,33.05,0.1775,0.9467,119.37,112.2,93.862
360,cell_12,2024-03-30 18:00:00,3.697,3.5258,3.8502,0.9567,1.4954,27.99,35.99,0.1539,0.9548,117.29,115.91,93.505
361,cell_12,2024-03-31 00:00:00,3.6806,3.5145,3.8423,1.0094,1.5094,24.49,32.49,0.1274,0.9446,116.67,110.76,93.561
362,cell_12,2024-03-31 06:00:00,3.6957,3.5196,3.8503,0.9575,1.4575,24.98,37.08,0.1734,0.968,116.11,109.28,93.889
363,cell_12,2024-03-31 12:00:00,3.6957,3.5306,3.8487,1.0073,1.5073,23.63,31.63,0.1829,0.9526,113.31,107.3,93.971
364,cell_12,2024-03-31 18:00:00,3.694,3.5275,3.8493,0.8968,1.3968,28.87,38.77,0.1449,0.9475,122.94,114.79,93.656
365,cell_12,2024-04-01 00:00:00,3.6973,3.5316,3.8598,0.9597,1.4959,25.7,34.2,0.1573,0.9461,122.22,111.6,93.694
366,cell_12,2024-04-01 06:00:00,3.6921,3.5254,3.861,0.979,1.4917,24.97,32.97,0.1497,0.9381,111.59,103.77,93.306
367,cell_12,2024-04-01 12:00:00,3.7038,3.538,3.857,1.05,1.5712,26.38,34.38,0.1616,0.9573,103.81,100.84,93.678
368,cell_12,2024-04-01 18:00:00,3.6965,3.5303,3.8498,0.9076,1.4078,25.53,34.29,0.1659,0.9423,125.35,117.73,93.525
369,cell_12,2024-04-02 00:00:00,3.678,3.5058,3.8372,1.0508,1.5508,24.74,34.16,0.1697,0.9487,105.1,103.72,93.667
370,cell_12,2024-04-02 06:00:00,3.7095,3.543,3.8625,1.033,1.533,24.81,32.81,0.113,0.9755,113.34,100.7,94.068
371,cell_12,2024-04-02 12:00:00,3.6803,3.5057,3.8423,0.9107,1.466,22.69,30.69,0.1396,0.932,118.29,121.44,93.305
372,cell_12,2024-04-02 18:00:00,3.6908,3.5258,3.8438,1.0269,1.5269,24.45,33.07,0.1693,0.949,105.02,99.16,93.996
373,cell_12,2024-04-03 00:00:00,3.7161,3.5433,3.8692,0.9535,1.5233,24.24,32.24,0.136,0.9363,112.35,113.38,93.701
374,cell_12,2024-04-03 06:00:00,3.6953,3.5294,3.8641,1.0286,1.5286,25.48,35.92,0.1569,0.9446,107.09,108.29,93.635
375,cell_12,2024-04-03 12:00:00,3.6818,3.5099,3.8352,1.0315,1.5338,24.68,32.68,0.1317,0.9486,111.96,107.17,93.382
376,cell_12,2024-04-03 18:00:00,3.694,3.5215,3.8602,1.0397,1.5551,26.03,35.0,0.1636,0.937,112.75,103.04,93.727
377,cell_12,2024-04-04 00:00:00,3.6967,3.5324,3.8651,0.9714,1.5305,25.15,35.74,0.1507,0.9541,121.18,106.5,94.294
378,cell_12,2024-04-04 06:00:00,3.6913,3.5124,3.8483,1.0341,1.5826,23.74,31.74,0.1621,0.9647,112.43,98.05,92.879
379,cell_12,2024-04-04 12:00:00,3.6845,3.5016,3.844,1.077,1.5924,27.23,36.16,0.1579,0.9533,101.6,100.7,93.056
380,cell_12,2024-04-04 18:00:00,3.6776,3.5116,3.8308,0.9854,1.4892,24.42,32.69,0.1219,0.9584,114.56,103.99,93.59
381,cell_12,2024-04-05 00:00:00,3.679,3.4988,3.8321,0.9918,1.4918,25.83,34.16,0.1919,0.9662,111.73,102.76,93.741
382,cell_12,2024-04-05 06:00:00,3.6831,3.5179,3.8397,1.0355,1.5355,23.03,31.03,0.1238,0.9561,111.08,102.84,93.925
383,cell_12,2024-04-05 12:00:00,3.7036,3.5381,3.86,0.8577,1.4708,26.16,34.47,0.1997,0.9264,136.57,120.52,93.779
384,cell_12,2024-04-05 18:00:00,3.6769,3.5088,3.835,0.9509,1.4509,22.55,30.55,0.1068,0.9518,113.11,114.77,92.74
385,cell_12,2024-04-06 00:00:00,3.6915,3.5154,3.8481,1.0504,1.5504,27.91,38.39,0.1514,0.925,106.38,101.69,93.285
386,cell_12,2024-04-06 06:00:00,3.7036,3.5362,3.8572,1.0077,1.5077,26.03,34.03,0.1218,0.9428,110.24,109.2,93.048
387,cell_12,2024-04-06 12:00:00,3.6966,3.53,3.8499,0.9892,1.4892,24.67,36.22,0.1823,0.935,117.88,106.34,93.366
388,cell_12,2024-04-06 18:00:00,3.7035,3.5331,3.8606,0.9529,1.4529,25.86,33.86,0.1297,0.9527,121.48,116.06,92.885
389,cell_12,2024-04-07 00:00:00,3.6831,3.5043,3.8368,1.0013,1.5013,23.1,31.1,0.1281,0.941,115.03,110.77,92.641
390,cell_12,2024-04-07 06:00:00,3.6957,3.5281,3.8492,0.9735,1.4896,24.7,33.51,0.1507,0.953,117.42,109.47,92.965
391,cell_12,2024-04-07 12:00:00,3.7011,3.5325,3.8685,0.9127,1.4492,26.12,34.66,0.1786,0.9578,127.51,112.45,93.093
392,cell_12,2024-04-07 18:00:00,3.699,3.514,3.8525,1.0651,1.5828,25.86,34.76,0.1747,0.9404,110.05,94.92,93.061
393,cell_12,2024-04-08 00:00:00,3.6983,3.5307,3.8519,0.9653,1.4653,24.99,33.71,0.1455,0.9525,111.28,114.61,92.951
394,cell_12,2024-04-08 06:00:00,3.6772,3.5091,3.8395,0.9864,1.4864,25.47,33.47,0.1436,0.9238,117.5,107.31,92.763
395,cell_12,2024-04-08 12:00:00,3.696,3.5174,3.856,0.9108,1.4108,26.62,34.62,0.1604,0.9351,123.04,112.63,92.906
396,cell_12,2024-04-08 18:00:00,3.695,3.5262,3.8513,0.9732,1.4732,26.08,35.25,0.1488,0.9627,112.49,107.95,93.391
397,cell_12,2024-04-09 00:00:00,3.6887,3.5082,3.842,1.0503,1.5503,22.18,30.18,0.1516,0.9412,107.56,106.08,93.491
398,cell_12,2024-04-09 06:00:00,3.6832,3.5154,3.8499,1.0465,1.5465,24.99,33.23,0.1472,0.9447,106.43,106.05,92.853
399,cell_12,2024-04-09 12:00:00,3.6941,3.5266,3.8475,1.0013,1.5144,25.03,33.03,0.1622,0.9418,111.95,102.65,93.033
400,cell_12,2024-04-09 18:00:00,3.6789,3.5102,3.8396,0.9688,1.4688,23.12,31.63,0.159,0.9327,113.12,108.92,92.507
401,cell_12,2024-04-10 00:00:00,3.6854,3.5111,3.8403,1.0013,1.5805,23.42,31.61,0.1804,0.9397,113.24,109.45,93.131
402,cell_12,2024-04-10 06:00:00,3.6984,3.5179,3.852,1.0253,1.6406,27.25,35.25,0.1373,0.9499,110.32,105.39,92.621
403,cell_12,2024-04-10 12:00:00,3.6989,3.5191,3.8528,0.9252,1.4252,23.91,35.32,0.1371,0.9461,114.53,115.65,92.345
404,cell_12,2024-04-10 18:00:00,3.6944,3.5216,3.866,1.0125,1.5125,24.36,35.35,0.1481,0.9607,113.28,108.41,93.071
405,cell_12,2024-04-11 00:00:00,3.6845,3.5039,3.8382,1.0383,1.5383,23.8,33.63,0.146,0.9438,107.68,105.21,92.752
406,cell_12,2024-04-11 06:00:00,3.6786,3.5115,3.832,0.997,1.497,25.62,35.4,0.1673,0.9499,116.3,107.68,93.143
407,cell_12,2024-04-11 12:00:00,3.6817,3.5141,3.8352,0.999,1.5333,25.42,33.63,0.1289,0.9446,113.36,105.99,92.973
408,cell_12,2024-04-11 18:00:00,3.7014,3.5322,3.8593,0.9637,1.4637,27.91,36.52,0.1754,0.9593,120.66,112.89,92.337
409,cell_12,2024-04-12 00:00:00,3.6907,3.5219,3.8587,1.0149,1.5149,24.2,33.06,0.1443,0.9357,112.02,106.79,92.496
1,cell_13,2024-01-01 00:00:00,3.7105,3.5599,3.8607,1.2845,1.9345,32.22,40.22,0.1394,0.9479,93.23,89.22,99.76
2,cell_13,2024-01-01 06:00:00,3.7022,3.5514,3.8523,1.3587,2.0087,29.67,37.67,0.1209,0.9525,91.31,82.47,99.686
3,cell_13,2024-01-01 12:00:00,3.7113,3.562,3.8647,1.3481,2.0006,31.44,42.45,0.1267,0.9561,92.14,88.72,100.257
4,cell_13,2024-01-01 18:00:00,3.6771,3.5259,3.8277,1.2507,1.9007,29.68,37.69,0.1059,0.9481,99.87,95.85,99.935
5,cell_13,2024-01-02 00:00:00,3.7146,3.5655,3.8658,1.3762,2.0262,31.41,39.82,0.1,0.9584,83.51,81.61,100.363
6,cell_13,2024-01-02 06:00:00,3.6865,3.5363,3.8534,1.2058,1.8996,30.63,40.39,0.0995,0.9366,98.64,99.33,99.916
7,cell_13,2024-01-02 12:00:00,3.708,3.5572,3.8671,1.3232,2.0141,30.97,38.97,0.1077,0.9598,87.37,90.72,100.194
8,cell_13,2024-01-02 18:00:00,3.6682,3.5171,3.8185,1.3712,2.0218,30.09,38.09,0.0944,0.9557,83.82,81.17,99.537
9,cell_13,2024-01-03 00:00:00,3.7002,3.5495,3.8504,1.2492,1.9377,30.1,40.55,0.1574,0.9456,96.35,90.58,99.72
10,cell_13,2024-01-03 06:00:00,3.7094,3.5593,3.8659,1.4056,2.0603,29.81,37.81,0.1138,0.9605,89.47,77.14,99.945
11,cell_13,2024-01-03 12:00:00,3.6914,3.5411,3.8461,1.3081,1.9581,31.93,41.76,0.1198,0.9531,93.97,82.61,99.879
12,cell_13,2024-01-03 18:00:00,3.7011,3.5478,3.8509,1.3186,1.9686,33.47,41.47,0.097,0.9628,91.8,83.76,100.5
13,cell_13,2024-01-04 00:00:00,3.7097,3.5605,3.8596,1.3587,2.04,34.38,42.38,0.1609,0.9422,91.57,82.11,100.305
14,cell_13,2024-01-04 06:00:00,3.7078,3.5585,3.8576,1.3209,1.9709,32.37,40.95,0.1149,0.9432,92.31,90.13,100.297
15,cell_13,2024-01-04 12:00:00,3.6843,3.5342,3.8428,1.2338,1.9242,30.96,41.82,0.1082,0.9555,93.18,90.68,99.949
16,cell_13,2024-01-04 18:00:00,3.7091,3.547,3.8594,1.1392,1.7892,32.46,40.76,0.1101,0.9507,106.02,101.73,99.386
17,cell_13,2024-01-05 00:00:00,3.7175,3.5652,3.8732,1.2512,1.9662,31.49,39.49,0.1158,0.9356,92.14,95.69,100.306
18,cell_13,2024-01-05 06:00:00,3.7111,3.5594,3.8659,1.2556,1.9056,30.45,39.88,0.1139,0.9687,93.71,90.42,99.318
19,cell_13,2024-01-05 12:00:00,3.6872,3.5363,3.8373,1.2526,1.9026,33.93,41.93,0.0931,0.9675,94.19,93.92,99.639
20,cell_13,2024-01-05 18:00:00,3.6891,3.5391,3.8481,1.2684,1.9287,32.44,41.7,0.1372,0.9519,99.19,89.06,99.976
21,cell_13,2024-01-06 00:00:00,3.7015,3.5528,3.8513,1.1576,1.8076,29.86,38.43,0.0977,0.9431,100.3,96.42,100.5
22,cell_13,2024-01-06 06:00:00,3.7063,3.5572,3.8562,1.2404,1.8978,32.42,40.42,0.1362,0.9434,100.43,94.85,100.326
23,cell_13,2024-01-06 12:00:00,3.7087,3.5587,3.8587,1.3273,1.9773,31.84,40.56,0.0934,0.9539,88.62,87.18,99.991
24,cell_13,2024-01-06 18:00:00,3.6928,3.5439,3.8555,1.3521,2.0021,29.57,37.57,0.1235,0.9644,88.97,86.13,100.449
25,cell_13,2024-01-07 00:00:00,3.6983,3.5323,3.8486,1.2636,1.9136,31.09,41.8,0.0995,0.9765,98.01,88.03,99.354
26,cell_13,2024-01-07 06:00:00,3.6913,3.5404,3.8415,1.3345,1.9845,30.89,38.89,0.1054,0.947,88.88,85.08,99.637
27,cell_13,2024-01-07 12:00:00,3.6898,3.5397,3.8413,1.1705,1.895,27.09,35.09,0.1296,0.9464,104.26,96.2,99.939
28,cell_13,2024-01-07 18:00:00,3.7027,3.5361,3.8531,1.3135,1.9635,28.87,36.87,0.1436,0.9483,93.99,89.65,99.081
29,cell_13,2024-01-08 00:00:00,3.6987,3.5285,3.8696,1.3592,2.031,32.62,43.44,0.1565,0.9541,85.3,87.34,99.615
30,cell_13,2024-01-08 06:00:00,3.704,3.5531,3.8542,1.3258,1.9758,29.91,37.91,0.1275,0.9415,88.65,82.18,99.634
31,cell_13,2024-01-08 12:00:00,3.6937,3.5404,3.8518,1.2987,1.9487,31.87,44.53,0.1199,0.9364,93.05,89.37,99.625
32,cell_13,2024-01-08 18:00:00,3.7055,3.5512,3.8723,1.1725,1.835,32.89,40.89,0.1007,0.9477,100.23,94.03,99.189
33,cell_13,2024-01-09 00:00:00,3.6882,3.5284,3.8455,1.3945,2.1348,27.89,35.89,0.0842,0.9531,85.24,83.29,99.633
34,cell_13,2024-01-09 06:00:00,3.6948,3.5438,3.845,1.397,2.0691,33.41,42.96,0.1324,0.9671,87.38,79.18,99.59
35,cell_13,2024-01-09 12:00:00,3.6879,3.5363,3.8417,1.335,2.0125,30.74,38.74,0.1149,0.9392,92.57,84.33,99.337
36,cell_13,2024-01-09 18:00:00,3.7024,3.5518,3.8661,1.3666,2.0166,31.58,39.58,0.1202,0.9613,86.5,82.41,99.736
37,cell_13,2024-01-10 00:00:00,3.7172,3.5621,3.8675,1.3001,1.9501,33.91,41.91,0.112,0.949,89.57,90.03,99.367
38,cell_13,2024-01-10 06:00:00,3.7018,3.5336,3.8634,1.3381,1.9881,32.44,40.44,0.1056,0.9476,90.61,82.82,98.75
39,cell_13,2024-01-10 12:00:00,3.6976,3.5421,3.853,1.342,2.0068,30.73,38.73,0.1335,0.9345,89.49,87.86,99.11
40,cell_13,2024-01-10 18:00:00,3.6971,3.5455,3.8663,1.2968,2.0083,30.2,39.82,0.1541,0.9539,94.19,83.72,99.376
41,cell_13,2024-01-11 00:00:00,3.6933,3.5318,3.8479,1.2587,1.9087,30.33,38.5,0.096,0.9527,98.92,87.5,99.381
42,cell_13,2024-01-11 06:00:00,3.7094,3.5567,3.8615,1.3438,1.9945,30.15,39.08,0.0825,0.9727,85.94,81.59,98.915
43,cell_13,2024-01-11 12:00:00,3.703,3.5465,3.8602,1.3939,2.0439,32.89,40.89,0.1153,0.9474,87.68,79.11,99.283
44,cell_13,2024-01-11 18:00:00,3.6816,3.5288,3.8322,1.3621,2.0121,31.81,41.1,0.1056,0.9655,85.13,83.62,98.889
45,cell_13,2024-01-12 00:00:00,3.7097,3.5577,3.8601,1.317,2.0232,31.31,39.31,0.1437,0.947,88.09,84.87,99.207
46,cell_13,2024-01-12 06:00:00,3.6894,3.5363,3.8407,1.3132,1.9851,30.67,38.67,0.1301,0.9466,92.21,85.34,98.74
47,cell_13,2024-01-12 12:00:00,3.6912,3.5375,3.8419,1.3161,1.9815,32.09,40.09,0.1579,0.9332,87.9,89.72,98.505
48,cell_13,2024-01-12 18:00:00,3.7027,3.5505,3.8531,1.1858,1.8358,28.17,39.02,0.1416,0.9615,95.43,98.56,99.121
49,cell_13,2024-01-13 00:00:00,3.6929,3.5195,3.8636,1.2947,1.9447,33.79,41.79,0.1221,0.9514,91.25,86.75,99.225
50,cell_13,2024-01-13 06:00:00,3.7212,3.5691,3.8895,1.2892,1.9735,30.6,38.6,0.123,0.95,91.04,89.99,99.173
51,cell_13,2024-01-13 12:00:00,3.6957,3.5425,3.8463,1.2396,1.9311,29.57,38.01,0.1278,0.9471,91.01,87.24,98.716
52,cell_13,2024-01-13 18:00:00,3.7037,3.5318,3.855,1.3527,2.0463,32.72,40.72,0.1018,0.9524,85.82,81.23,98.219
53,cell_13,2024-01-14 00:00:00,3.6834,3.5314,3.8338,1.3141,1.9641,32.68,40.68,0.1287,0.9429,89.35,90.0,99.223
54,cell_13,2024-01-14 06:00:00,3.6929,3.5414,3.8547,1.1691,1.8191,30.89,38.89,0.1474,0.9545,102.35,101.81,99.399
55,cell_13,2024-01-14 12:00:00,3.6963,3.5423,3.8493,1.3117,1.9934,32.99,42.49,0.1074,0.9405,89.94,88.76,98.393
56,cell_13,2024-01-14 18:00:00,3.7083,3.5554,3.8735,1.3638,2.0674,32.5,40.5,0.1152,0.9487,84.07,83.9,98.87
57,cell_13,2024-01-15 00:00:00,3.6873,3.5235,3.8379,1.2702,1.9618,31.57,41.34,0.1331,0.955,95.06,91.47,98.68
58,cell_13,2024-01-15 06:00:00,3.71,3.5567,3.8607,1.2488,1.8988,28.54,36.54,0.15,0.9641,98.75,86.7,98.684
59,cell_13,2024-01-15 12:00:00,3.6998,3.5473,3.8503,1.2355,1.904,31.19,39.19,0.1052,0.9521,99.0,90.42,99.011
60,cell_13,2024-01-15 18:00:00,3.7011,3.538,3.8518,1.305,1.955,31.01,40.31,0.1249,0.963,87.52,86.96,98.54
61,cell_13,2024-01-16 00:00:00,3.6902,3.5364,3.841,1.2637,1.9803,30.63,40.23,0.1194,0.9499,93.99,89.71,98.458
62,cell_13,2024-01-16 06:00:00,3.6884,3.5349,3.8509,1.2265,1.8846,30.44,39.61,0.1145,0.9406,93.59,89.57,98.727
63,cell_13,2024-01-16 12:00:00,3.6752,3.5201,3.8309,1.381,2.0406,32.13,40.13,0.0828,0.9708,84.27,81.99,97.973
64,cell_13,2024-01-16 18:00:00,3.7013,3.5484,3.8519,1.3102,2.0373,29.13,37.13,0.1051,0.9488,93.96,84.06,98.861
65,cell_13,2024-01-17 00:00:00,3.7047,3.532,3.8557,1.2738,1.9238,32.79,40.79,0.0954,0.9595,89.63,90.89,98.927
66,cell_13,2024-01-17 06:00:00,3.6943,3.5396,3.845,1.3837,2.0395,30.92,38.92,0.1173,0.9438,89.29,81.06,98.611
67,cell_13,2024-01-17 12:00:00,3.6819,3.5186,3.8326,1.3137,1.9637,29.74,38.3,0.1109,0.9552,88.49,85.82,98.478
68,cell_13,2024-01-17 18:00:00,3.6922,3.5385,3.8551,1.2933,1.9433,30.56,38.56,0.0962,0.9534,92.51,90.91,98.525
69,cell_13,2024-01-18 00:00:00,3.7015,3.5478,3.8523,1.3109,1.9748,31.3,39.3,0.1147,0.95,90.14,89.98,98.527
70,cell_13,2024-01-18 06:00:00,3.6997,3.5462,3.8648,1.2736,1.9352,33.16,41.16,0.1573,0.9703,93.39,91.09,98.593
71,cell_13,2024-01-18 12:00:00,3.7039,3.5493,3.8549,1.293,1.943,32.07,40.36,0.1067,0.9543,92.24,85.93,98.142
72,cell_13,2024-01-18 18:00:00,3.6819,3.5288,3.8339,1.3292,2.0157,32.77,43.31,0.1122,0.9463,85.47,84.24,98.734
73,cell_13,2024-01-19 00:00:00,3.6937,3.539,3.8528,1.3841,2.0341,30.91,39.14,0.1155,0.9657,82.84,81.27,98.5
74,cell_13,2024-01-19 06:00:00,3.6969,3.5435,3.8571,1.2725,1.9602,30.68,38.68,0.1054,0.9319,95.35,90.84,98.616
75,cell_13,2024-01-19 12:00:00,3.704,3.5454,3.8548,1.3314,1.9932,33.79,41.79,0.0884,0.9354,90.94,86.33,98.436
76,cell_13,2024-01-19 18:00:00,3.691,3.5154,3.8427,1.2263,1.9285,30.79,39.76,0.1562,0.9588,96.44,88.99,98.01
77,cell_13,2024-01-20 00:00:00,3.7028,3.5202,3.8536,1.3253,2.0333,30.18,39.6,0.0834,0.9523,92.96,84.13,98.279
78,cell_13,2024-01-20 06:00:00,3.6874,3.5291,3.8422,1.3902,2.0501,30.03,39.06,0.0857,0.9445,80.69,81.81,97.943
79,cell_13,2024-01-20 12:00:00,3.6983,3.5417,3.8515,1.3012,1.9973,31.44,39.71,0.135,0.9539,93.43,81.51,97.389
80,cell_13,2024-01-20 18:00:00,3.6939,3.5386,3.8449,1.2711,1.9652,29.37,42.8,0.079,0.9607,91.79,84.15,97.881
81,cell_13,2024-01-21 00:00:00,3.6934,3.5383,3.8459,1.2734,1.9234,31.27,39.27,0.1354,0.9394,96.1,90.67,97.943
82,cell_13,2024-01-21 06:00:00,3.7209,3.5656,3.872,1.3242,1.9742,31.25,42.23,0.1372,0.9491,88.38,88.06,97.864
83,cell_13,2024-01-21 12:00:00,3.6931,3.5224,3.8444,1.303,1.953,31.89,40.99,0.104,0.9504,92.36,82.55,97.65
84,cell_13,2024-01-21 18:00:00,3.6926,3.5372,3.8448,1.2798,1.963,28.38,40.96,0.1208,0.9531,96.21,91.0,97.866
85,cell_13,2024-01-22 00:00:00,3.683,3.5067,3.8339,1.3327,1.9827,28.0,36.0,0.119,0.9564,91.67,87.09,98.133
86,cell_13,2024-01-22 06:00:00,3.7066,3.5511,3.8577,1.2561,1.9061,30.34,41.42,0.1039,0.9303,89.59,85.45,97.791
87,cell_13,2024-01-22 12:00:00,3.692,3.5377,3.8429,1.3433,1.9933,30.79,42.07,0.1077,0.9554,90.31,80.32,98.294
88,cell_13,2024-01-22 18:00:00,3.6962,3.5404,3.8474,1.2842,1.9342,29.32,37.32,0.1169,0.9309,90.94,86.63,97.685
89,cell_13,2024-01-23 00:00:00,3.6876,3.5256,3.8465,1.3329,2.0059,28.95,36.95,0.1107,0.9496,85.78,85.76,97.334
90,cell_13,2024-01-23 06:00:00,3.7005,3.5445,3.8564,1.342,2.0566,31.65,43.89,0.1315,0.9394,89.1,82.81,97.574
91,cell_13,2024-01-23 12:00:00,3.7049,3.5475,3.866,1.2029,1.9005,30.53,38.53,0.117,0.952,96.16,95.08,97.034
92,cell_13,2024-01-23 18:00:00,3.7095,3.5537,3.8815,1.2965,1.9554,32.21,42.31,0.129,0.9567,91.17,82.54,97.641
93,cell_13,2024-01-24 00:00:00,3.6951,3.5334,3.8574,1.2235,1.8735,28.94,39.93,0.1122,0.9506,98.37,88.47,97.544
94,cell_13,2024-01-24 06:00:00,3.6908,3.5288,3.8419,1.2135,1.8635,30.84,38.84,0.1328,0.9435,99.89,94.14,97.85
95,cell_13,2024-01-24 12:00:00,3.6891,3.5236,3.8405,1.2883,1.9383,33.51,41.51,0.1377,0.9368,90.18,86.03,97.131
96,cell_13,2024-01-24 18:00:00,3.697,3.5417,3.8615,1.3154,1.9654,30.55,42.08,0.0804,0.9496,88.76,84.02,97.873
97,cell_13,2024-01-25 00:00:00,3.6991,3.5401,3.8502,1.2228,1.8778,30.12,38.12,0.1276,0.9459,95.04,94.3,97.69
98,cell_13,2024-01-25 06:00:00,3.7021,3.5466,3.8532,1.3136,2.0083,32.37,40.37,0.1061,0.9534,90.92,81.66,97.8
99,cell_13,2024-01-25 12:00:00,3.6873,3.5169,3.842,1.2563,1.9398,32.83,40.83,0.1112,0.9457,96.97,87.32,97.164
100,cell_13,2024-01-25 18:00:00,3.6973,3.5381,3.8487,1.3034,1.9581,30.05,40.29,0.1263,0.964,87.52,88.73,97.317
101,cell_13,2024-01-26 00:00:00,3.6859,3.5264,3.8543,1.4265,2.0765,30.16,38.16,0.1224,0.9505,80.19,81.21,97.405
102,cell_13,2024-01-26 06:00:00,3.6936,3.5351,3.8453,1.2841,1.9341,32.3,41.86,0.1153,0.9592,91.61,84.56,96.605
103,cell_13,2024-01-26 12:00:00,3.7103,3.5541,3.8856,1.2431,1.8931,31.45,39.45,0.1332,0.945,93.68,88.77,97.548
104,cell_13,2024-01-26 18:00:00,3.6935,3.5357,3.8449,1.2991,1.9491,31.48,42.15,0.1236,0.9574,85.7,81.47,97.176
105,cell_13,2024-01-27 00:00:00,3.6864,3.5162,3.838,1.2905,2.0701,31.36,42.11,0.1048,0.9562,86.19,82.97,96.834
106,cell_13,2024-01-27 06:00:00,3.6993,3.5423,3.8507,1.2827,2.0325,30.92,38.92,0.142,0.9432,91.87,81.99,97.192
107,cell_13,2024-01-27 12:00:00,3.7053,3.536,3.8565,1.3017,1.9517,32.5,40.5,0.1413,0.935,88.84,85.75,97.566
108,cell_13,2024-01-27 18:00:00,3.688,3.5251,3.8467,1.2908,1.9604,33.08,42.25,0.1203,0.9627,91.41,90.18,97.112
109,cell_13,2024-01-28 00:00:00,3.6819,3.5244,3.8334,1.2381,1.8881,29.46,40.27,0.1088,0.9458,96.37,85.97,96.976
110,cell_13,2024-01-28 06:00:00,3.6864,3.5273,3.8382,1.3412,2.0024,32.33,40.56,0.1046,0.9435,84.83,85.77,96.344
111,cell_13,2024-01-28 12:00:00,3.6906,3.5095,3.8475,1.3657,2.0157,30.93,39.36,0.1535,0.947,85.65,79.92,96.688
112,cell_13,2024-01-28 18:00:00,3.7109,3.5538,3.8623,1.2814,1.9314,29.07,37.77,0.1163,0.9405,90.28,82.34,97.157
113,cell_13,2024-01-29 00:00:00,3.6819,3.525,3.8332,1.3175,2.0201,29.61,37.61,0.1229,0.9563,92.33,81.15,97.262
114,cell_13,2024-01-29 06:00:00,3.6782,3.5201,3.8298,1.1977,1.8663,30.39,38.39,0.1284,0.9499,101.44,91.63,96.748
115,cell_13,2024-01-29 12:00:00,3.698,3.5402,3.8537,1.2991,1.9926,32.59,40.59,0.0648,0.9505,91.04,82.36,96.86
116,cell_13,2024-01-29 18:00:00,3.6873,3.5189,3.8392,1.3962,2.0713,29.45,39.45,0.1017,0.9614,81.78,80.02,96.289
117,cell_13,2024-01-30 00:00:00,3.6847,3.5257,3.8409,1.34,1.99,28.3,39.89,0.164,0.951,90.22,79.75,96.415
118,cell_13,2024-01-30 06:00:00,3.7006,3.5409,3.8526,1.3077,1.9577,30.6,38.6,0.0641,0.9658,86.73,86.19,96.091
119,cell_13,2024-01-30 12:00:00,3.6953,3.536,3.8623,1.2978,1.9478,30.28,39.73,0.0901,0.9498,89.27,81.97,96.262
120,cell_13,2024-01-30 18:00:00,3.7047,3.5457,3.8656,1.2851,1.9351,32.61,41.04,0.111,0.9349,93.98,86.31,96.4
121,cell_13,2024-01-31 00:00:00,3.7013,3.5411,3.8533,1.321,1.971,31.39,39.39,0.1002,0.9411,88.1,82.99,95.94
122,cell_13,2024-01-31 06:00:00,3.6836,3.5232,3.835,1.3514,2.0014,32.07,40.07,0.105,0.9427,85.39,84.55,97.127
123,cell_13,2024-01-31 12:00:00,3.6774,3.5137,3.8294,1.2749,1.9282,30.41,38.87,0.0969,0.9511,86.26,86.95,96.148
124,cell_13,2024-01-31 18:00:00,3.7058,3.5325,3.8669,1.3376,2.0536,29.17,37.17,0.1166,0.9652,89.02,82.31,96.422
125,cell_13,2024-02-01 00:00:00,3.6927,3.5326,3.8447,1.2596,1.9096,32.97,41.71,0.1271,0.9519,87.63,90.55,95.95
126,cell_13,2024-02-01 06:00:00,3.7233,3.5605,3.8756,1.2781,1.9281,30.12,38.12,0.128,0.9477,85.91,88.52,95.418
127,cell_13,2024-02-01 12:00:00,3.7048,3.545,3.8564,1.2444,1.9075,31.97,39.97,0.1036,0.947,90.74,92.19,96.739
128,cell_13,2024-02-01 18:00:00,3.708,3.5484,3.8599,1.308,1.958,30.45,40.6,0.1395,0.9555,89.39,81.51,96.184
129,cell_13,2024-02-02 00:00:00,3.6838,3.5135,3.8361,1.3042,1.9542,31.99,40.38,0.1229,0.9542,91.34,85.41,95.515
130,cell_13,2024-02-02 06:00:00,3.693,3.5156,3.8487,1.3198,2.0756,31.45,39.8,0.1414,0.958,82.87,84.02,95.859
131,cell_13,2024-02-02 12:00:00,3.7033,3.545,3.8549,1.3154,1.9935,31.19,39.19,0.1258,0.943,89.87,86.96,96.788
132,cell_13,2024-02-02 18:00:00,3.6932,3.5334,3.8539,1.3362,2.1196,31.62,41.14,0.1148,0.9725,86.45,83.09,96.054
133,cell_13,2024-02-03 00:00:00,3.6933,3.5162,3.8531,1.4042,2.0542,30.64,38.64,0.1153,0.9466,82.28,74.73,95.135
134,cell_13,2024-02-03 06:00:00,3.6961,3.5311,3.8482,1.3366,2.0909,28.44,38.0,0.127,0.9436,87.6,79.84,95.756
135,cell_13,2024-02-03 12:00:00,3.6865,3.5262,3.8386,1.2013,1.8513,31.43,39.43,0.1452,0.9619,97.27,90.81,95.855
136,cell_13,2024-02-03 18:00:00,3.6853,3.5254,3.8372,1.2876,1.9824,32.72,40.72,0.1225,0.959,92.49,85.53,96.067
137,cell_13,2024-02-04 00:00:00,3.692,3.5318,3.8441,1.2982,1.9482,30.93,38.93,0.1242,0.9436,85.18,83.57,95.907
138,cell_13,2024-02-04 06:00:00,3.6889,3.5274,3.856,1.2208,1.8853,30.53,39.38,0.1313,0.9568,91.17,92.47,95.389
139,cell_13,2024-02-04 12:00:00,3.6848,3.5241,3.8389,1.3415,2.0096,31.39,39.39,0.0845,0.9457,88.57,84.36,95.719
140,cell_13,2024-02-04 18:00:00,3.6922,3.5313,3.8444,1.3894,2.0394,32.47,44.09,0.0914,0.9542,79.06,80.53,95.637
141,cell_13,2024-02-05 00:00:00,3.6811,3.5134,3.8331,1.2567,1.9067,30.58,38.58,0.1244,0.9523,96.21,86.71,96.134
142,cell_13,2024-02-05 06:00:00,3.7012,3.5406,3.8534,1.3632,2.0132,28.76,36.76,0.1009,0.9755,83.9,82.28,95.747
143,cell_13,2024-02-05 12:00:00,3.6995,3.538,3.8559,1.3537,2.0157,31.24,41.62,0.1147,0.9639,83.63,83.68,95.743
144,cell_13,2024-02-05 18:00:00,3.7006,3.5305,3.8707,1.3137,1.9637,31.55,40.12,0.1197,0.9607,87.04,84.09,95.831
145,cell_13,2024-02-06 00:00:00,3.6851,3.5242,3.8451,1.3415,1.9915,31.26,39.26,0.1683,0.9577,83.72,82.19,95.651
146,cell_13,2024-02-06 06:00:00,3.6849,3.5258,3.8367,1.2618,1.9118,30.26,40.56,0.1165,0.9375,94.63,84.63,96.362
147,cell_13,2024-02-06 12:00:00,3.7072,3.5378,3.8592,1.3575,2.0301,31.5,39.5,0.0777,0.9519,85.84,79.38,95.995
148,cell_13,2024-02-06 18:00:00,3.6921,3.5321,3.8583,1.3633,2.0133,30.65,38.65,0.1241,0.9456,82.72,81.85,96.009
149,cell_13,2024-02-07 00:00:00,3.6986,3.519,3.851,1.3239,1.9739,30.34,38.34,0.1403,0.9495,88.79,85.53,95.288
150,cell_13,2024-02-07 06:00:00,3.6821,3.5114,3.8342,1.3153,1.9741,30.57,40.34,0.1306,0.9509,89.19,84.64,95.764
151,cell_13,2024-02-07 12:00:00,3.691,3.5254,3.8466,1.2603,1.9103,31.26,40.38,0.1293,0.9329,92.1,85.3,95.895
152,cell_13,2024-02-07 18:00:00,3.7049,3.5411,3.8573,1.3473,1.9973,31.42,40.55,0.1053,0.9472,84.45,83.11,95.351
153,cell_13,2024-02-08 00:00:00,3.6943,3.5213,3.8532,1.3007,1.9975,30.23,38.49,0.1116,0.9513,90.98,83.36,95.306
154,cell_13,2024-02-08 06:00:00,3.6905,3.5265,3.8429,1.2932,1.9916,31.3,39.46,0.103,0.9593,85.9,82.83,95.361
155,cell_13,2024-02-08 12:00:00,3.6985,3.5365,3.8509,1.3472,2.0349,31.57,39.79,0.1053,0.9422,88.26,79.32,95.22
156,cell_13,2024-02-08 18:00:00,3.6971,3.5371,3.8491,1.2856,1.9356,31.84,40.45,0.1158,0.9421,90.45,87.79,95.973
157,cell_13,2024-02-09 00:00:00,3.7148,3.5489,3.8776,1.2647,1.9147,31.72,39.98,0.1384,0.9414,95.08,89.72,95.945
158,cell_13,2024-02-09 06:00:00,3.6938,3.5327,3.846,1.3544,2.0668,32.95,40.95,0.1776,0.9468,88.36,78.97,95.561
159,cell_13,2024-02-09 12:00:00,3.6999,3.5131,3.8521,1.2245,1.9146,32.03,40.03,0.1229,0.9387,89.82,86.28,95.639
160,cell_13,2024-02-09 18:00:00,3.6918,3.5305,3.846,1.3364,2.0496,34.01,46.18,0.1308,0.9633,84.29,81.74,95.454
161,cell_13,2024-02-10 00:00:00,3.6846,3.5199,3.8365,1.2384,1.8926,32.55,40.55,0.0718,0.9578,94.81,91.9,96.353
162,cell_13,2024-02-10 06:00:00,3.6967,3.5224,3.8722,1.2095,1.8899,32.5,40.5,0.1112,0.9772,90.74,85.82,94.986
163,cell_13,2024-02-10 12:00:00,3.6778,3.5091,3.8303,1.3329,2.0161,29.16,39.39,0.1506,0.9447,85.89,81.11,94.958
164,cell_13,2024-02-10 18:00:00,3.7025,3.5402,3.8549,1.3162,2.0384,32.13,40.81,0.1219,0.9586,85.31,78.02,95.079
165,cell_13,2024-02-11 00:00:00,3.6789,3.5117,3.8394,1.2684,1.9184,32.28,40.28,0.1179,0.9379,94.09,85.96,94.723
166,cell_13,2024-02-11 06:00:00,3.6839,3.5219,3.8363,1.2422,1.8984,30.93,38.93,0.178,0.9647,89.21,85.15,95.197
167,cell_13,2024-02-11 12:00:00,3.6836,3.5225,3.8359,1.3169,2.0146,27.93,37.69,0.1438,0.9479,83.67,81.6,95.545
168,cell_13,2024-02-11 18:00:00,3.6988,3.5365,3.8771,1.2766,1.9854,27.51,36.7,0.1354,0.9492,88.96,83.29,95.065
169,cell_13,2024-02-12 00:00:00,3.6818,3.5202,3.8348,1.3395,1.9895,30.58,38.58,0.1187,0.9628,83.24,81.08,95.357
170,cell_13,2024-02-12 06:00:00,3.6969,3.5332,3.8636,1.2712,1.9407,30.19,38.19,0.1254,0.9621,91.99,86.38,94.529
171,cell_13,2024-02-12 12:00:00,3.6855,3.5226,3.8446,1.2787,1.9655,28.76,36.84,0.1628,0.9402,84.7,80.98,94.831
172,cell_13,2024-02-12 18:00:00,3.6915,3.5294,3.8514,1.3554,2.0682,31.58,40.08,0.1646,0.9489,85.52,81.32,95.146
173,cell_13,2024-02-13 00:00:00,3.6863,3.5175,3.8391,1.2486,1.9164,29.3,38.14,0.1093,0.9642,89.96,84.25,94.474
174,cell_13,2024-02-13 06:00:00,3.716,3.5538,3.8684,1.2272,1.8901,28.5,36.5,0.0875,0.9463,97.03,90.69,95.127
175,cell_13,2024-02-13 12:00:00,3.6758,3.5131,3.8392,1.2533,1.9033,34.1,43.5,0.121,0.9531,94.66,82.78,94.936
176,cell_13,2024-02-13 18:00:00,3.6976,3.5354,3.8556,1.3121,2.0182,31.76,40.94,0.1353,0.9554,89.61,85.22,95.117
177,cell_13,2024-02-14 00:00:00,3.6923,3.5297,3.8502,1.3956,2.1077,30.36,40.1,0.1561,0.9641,81.08,79.13,94.958
178,cell_13,2024-02-14 06:00:00,3.6847,3.5221,3.8372,1.3076,2.0098,28.88,38.42,0.1179,0.9567,86.52,79.3,94.979
179,cell_13,2024-02-14 12:00:00,3.6953,3.52,3.8482,1.2564,1.9435,29.67,39.16,0.113,0.9476,85.71,89.0,94.247
180,cell_13,2024-02-14 18:00:00,3.6824,3.5188,3.8483,1.2586,1.9208,30.07,38.07,0.1422,0.9304,94.16,81.94,94.701
181,cell_13,2024-02-15 00:00:00,3.682,3.52,3.8377,1.3205,1.9705,30.18,38.18,0.1015,0.957,90.62,79.03,95.18
182,cell_13,2024-02-15 06:00:00,3.6799,3.5155,3.8328,1.2133,1.8633,30.52,38.52,0.1153,0.9517,90.51,85.63,94.244
183,cell_13,2024-02-15 12:00:00,3.6924,3.5283,3.8452,1.2059,1.9074,29.23,37.63,0.1201,0.9678,93.66,86.31,94.374
184,cell_13,2024-02-15 18:00:00,3.6858,3.5222,3.8385,1.3098,2.0164,29.69,37.69,0.1186,0.9558,87.29,85.88,94.537
185,cell_13,2024-02-16 00:00:00,3.6832,3.5147,3.8359,1.3442,2.0065,28.43,37.37,0.1456,0.9443,84.75,79.43,94.565
186,cell_13,2024-02-16 06:00:00,3.6954,3.5236,3.848,1.3455,2.0077,28.03,38.43,0.1307,0.9375,84.21,77.31,94.616
187,cell_13,2024-02-16 12:00:00,3.7025,3.5387,3.8812,1.3173,1.978,28.7,36.7,0.1092,0.9483,86.97,82.17,94.47
188,cell_13,2024-02-16 18:00:00,3.6769,3.5117,3.8299,1.3598,2.0698,30.09,38.09,0.1153,0.9536,85.42,80.88,94.072
189,cell_13,2024-02-17 00:00:00,3.6939,3.5283,3.8471,1.2906,1.9784,30.54,39.53,0.176,0.951,86.43,86.99,93.757
190,cell_13,2024-02-17 06:00:00,3.698,3.5239,3.8504,1.2811,1.9311,31.7,41.76,0.0911,0.9374,85.37,85.58,95.188
191,cell_13,2024-02-17 12:00:00,3.7042,3.5399,3.857,1.2974,1.9729,31.62,39.62,0.0824,0.9221,85.25,79.51,94.282
192,cell_13,2024-02-17 18:00:00,3.6889,3.5253,3.8417,1.3148,1.9648,31.94,40.17,0.0952,0.9404,83.01,78.75,94.545
193,cell_13,2024-02-18 00:00:00,3.7058,3.537,3.859,1.4945,2.1445,30.54,39.17,0.1261,0.9256,75.9,74.56,93.556
194,cell_13,2024-02-18 06:00:00,3.6971,3.5325,3.8672,1.2902,1.9402,31.98,39.98,0.1427,0.9402,87.66,85.53,94.159
195,cell_13,2024-02-18 12:00:00,3.6724,3.5078,3.8344,1.309,1.959,27.79,36.81,0.1177,0.9524,83.29,78.96,94.148
196,cell_13,2024-02-18 18:00:00,3.6942,3.5295,3.8471,1.3869,2.0369,31.91,39.91,0.1087,0.9645,80.14,79.75,94.132
197,cell_13,2024-02-19 00:00:00,3.6916,3.5226,3.8611,1.3277,1.9777,30.94,39.63,0.1053,0.9255,88.94,77.7,94.504
198,cell_13,2024-02-19 06:00:00,3.7011,3.5252,3.854,1.216,1.9246,32.44,44.03,0.0853,0.9397,96.4,87.14,94.191
199,cell_13,2024-02-19 12:00:00,3.703,3.5384,3.8559,1.386,2.036,26.98,36.1,0.152,0.954,82.22,73.53,94.142
200,cell_13,2024-02-19 18:00:00,3.6817,3.5174,3.8346,1.3162,1.9662,32.37,40.44,0.1159,0.9455,81.79,85.73,94.267
201,cell_13,2024-02-20 00:00:00,3.7,3.5283,3.853,1.1581,1.8081,28.56,36.56,0.1245,0.9516,100.18,90.94,93.969
202,cell_13,2024-02-20 06:00:00,3.6891,3.521,3.8423,1.2797,1.9579,32.68,40.68,0.1371,0.9538,83.84,80.09,93.598
203,cell_13,2024-02-20 12:00:00,3.6842,3.518,3.8437,1.264,1.983,29.74,38.35,0.1477,0.9459,93.12,87.72,94.171
204,cell_13,2024-02-20 18:00:00,3.705,3.528,3.8615,1.2763,1.9524,31.62,39.81,0.1155,0.962,88.83,82.97,93.701
205,cell_13,2024-02-21 00:00:00,3.6858,3.5201,3.8389,1.2982,1.9656,30.87,38.87,0.1018,0.9743,84.49,83.33,93.708
206,cell_13,2024-02-21 06:00:00,3.6916,3.5271,3.8492,1.3361,1.9861,32.52,41.02,0.1196,0.9393,81.17,83.42,94.188
207,cell_13,2024-02-21 12:00:00,3.6912,3.5277,3.8489,1.3634,2.0134,31.23,39.23,0.1174,0.9593,85.25,77.12,94.611
208,cell_13,2024-02-21 18:00:00,3.696,3.5307,3.849,1.3652,2.0475,33.36,41.36,0.1088,0.9711,79.49,78.71,93.879
209,cell_13,2024-02-22 00:00:00,3.703,3.5361,3.8564,1.3801,2.0901,29.92,39.71,0.0948,0.9645,80.77,74.29,93.216
210,cell_13,2024-02-22 06:00:00,3.7066,3.5407,3.8677,1.29,1.9703,29.45,37.45,0.1278,0.9431,82.95,85.82,93.653
211,cell_13,2024-02-22 12:00:00,3.7004,3.5324,3.8578,1.1955,1.9499,30.02,38.02,0.1465,0.9467,98.52,88.18,94.253
212,cell_13,2024-02-22 18:00:00,3.6736,3.5078,3.8442,1.1749,1.8249,31.95,39.95,0.155,0.9327,98.28,90.77,93.67
213,cell_13,2024-02-23 00:00:00,3.7056,3.5405,3.8629,1.3387,1.9887,32.01,40.01,0.1049,0.9443,81.37,81.93,93.989
214,cell_13,2024-02-23 06:00:00,3.6966,3.5308,3.8497,1.297,1.9662,29.07,37.07,0.1552,0.9446,87.9,85.86,93.702
215,cell_13,2024-02-23 12:00:00,3.7008,3.534,3.8542,1.3749,2.0888,29.73,39.44,0.098,0.9546,81.2,76.08,93.246
216,cell_13,2024-02-23 18:00:00,3.688,3.5231,3.841,1.3232,2.0451,31.43,39.43,0.123,0.9386,81.75,77.47,94.025
217,cell_13,2024-02-24 00:00:00,3.6903,3.5147,3.8516,1.2123,1.8623,32.87,43.28,0.1409,0.9507,92.32,88.23,93.585
218,cell_13,2024-02-24 06:00:00,3.6997,3.5239,3.8562,1.2698,1.9253,29.95,37.95,0.1311,0.9521,87.17,79.6,93.449
219,cell_13,2024-02-24 12:00:00,3.7102,3.5323,3.8635,1.3214,2.019,28.86,39.44,0.1482,0.9453,82.54,79.67,93.408
220,cell_13,2024-02-24 18:00:00,3.6916,3.5244,3.845,1.2443,1.9406,32.5,40.5,0.0995,0.9584,93.7,84.47,93.105
221,cell_13,2024-02-25 00:00:00,3.6773,3.5087,3.8454,1.3753,2.0535,28.38,36.38,0.1163,0.9455,79.12,77.0,93.22
222,cell_13,2024-02-25 06:00:00,3.6957,3.5286,3.8633,1.278,1.928,31.81,39.81,0.1159,0.9533,88.91,82.29,93.15
223,cell_13,2024-02-25 12:00:00,3.6892,3.5243,3.8422,1.2839,1.9339,27.75,40.27,0.1428,0.937,92.06,85.59,94.041
224,cell_13,2024-02-25 18:00:00,3.6799,3.5141,3.8398,1.2198,1.9726,30.82,38.82,0.1154,0.9422,87.73,85.12,93.67
225,cell_13,2024-02-26 00:00:00,3.6883,3.5189,3.8443,1.4019,2.0825,30.47,42.61,0.1247,0.9596,76.79,75.83,93.056
226,cell_13,2024-02-26 06:00:00,3.6956,3.5221,3.8555,1.2902,1.9402,29.83,39.55,0.1148,0.9333,89.11,81.45,93.912
227,cell_13,2024-02-26 12:00:00,3.7011,3.5226,3.8694,1.3145,1.9645,33.16,41.16,0.1272,0.9575,85.99,82.33,93.735
228,cell_13,2024-02-26 18:00:00,3.6849,3.5177,3.8526,1.2614,1.9244,30.87,38.87,0.105,0.9467,91.39,83.48,93.132
229,cell_13,2024-02-27 00:00:00,3.6858,3.5195,3.8441,1.2803,1.954,30.75,39.13,0.0976,0.9297,87.44,80.67,93.485
230,cell_13,2024-02-27 06:00:00,3.6887,3.5215,3.8421,1.3154,1.9654,30.61,38.82,0.11,0.9456,88.48,81.5,93.121
231,cell_13,2024-02-27 12:00:00,3.7078,3.5317,3.861,1.3217,1.9717,29.85,37.85,0.1016,0.9573,82.42,78.48,93.468
232,cell_13,2024-02-27 18:00:00,3.7034,3.5204,3.8567,1.3288,2.0038,33.74,41.74,0.1159,0.9731,84.15,79.18,93.308
233,cell_13,2024-02-28 00:00:00,3.6952,3.516,3.876,1.3506,2.0006,30.43,41.53,0.1356,0.9687,85.63,77.83,93.034
234,cell_13,2024-02-28 06:00:00,3.6945,3.5156,3.8485,1.3347,1.9847,33.78,42.09,0.0932,0.9407,80.39,82.58,92.789
235,cell_13,2024-02-28 12:00:00,3.6866,3.5058,3.8478,1.3273,1.9773,29.76,38.7,0.1117,0.958,84.87,82.02,93.141
236,cell_13,2024-02-28 18:00:00,3.6974,3.5295,3.855,1.2671,1.9171,31.03,39.26,0.1634,0.9455,87.39,84.93,93.135
237,cell_13,2024-02-29 00:00:00,3.68,3.5105,3.8334,1.2887,1.9387,30.28,38.37,0.0841,0.9439,87.66,79.17,93.308
238,cell_13,2024-02-29 06:00:00,3.6945,3.5166,3.8527,1.2386,1.9704,29.79,42.1,0.0977,0.9601,87.07,83.97,93.106
239,cell_13,2024-02-29 12:00:00,3.6695,3.4973,3.8229,1.275,1.9844,30.72,39.86,0.126,0.9523,88.4,79.38,93.196
240,cell_13,2024-02-29 18:00:00,3.6722,3.4946,3.826,1.3213,2.0172,33.5,46.76,0.0879,0.9523,84.66,80.07,92.429
241,cell_13,2024-03-01 00:00:00,3.6687,3.4989,3.8287,1.3201,1.9746,32.93,42.49,0.1174,0.9332,84.42,76.31,92.061
242,cell_13,2024-03-01 06:00:00,3.707,3.5234,3.861,1.3331,1.9831,31.04,39.04,0.1535,0.9403,80.28,74.89,92.147
243,cell_13,2024-03-01 12:00:00,3.6873,3.5187,3.8498,1.3736,2.0236,28.95,39.44,0.1075,0.941,79.98,75.67,92.567
244,cell_13,2024-03-01 18:00:00,3.675,3.4946,3.8345,1.2343,1.9505,31.48,39.48,0.1021,0.9551,89.34,87.46,92.324
245,cell_13,2024-03-02 00:00:00,3.7132,3.5445,3.8795,1.2067,1.8567,30.21,41.26,0.0874,0.9573,93.45,86.73,92.519
246,cell_13,2024-03-02 06:00:00,3.6814,3.5134,3.8398,1.2869,1.9369,29.55,37.55,0.1024,0.9674,90.4,78.61,92.776
247,cell_13,2024-03-02 12:00:00,3.6944,3.5262,3.848,1.3737,2.0237,31.96,39.96,0.1152,0.9406,77.63,77.29,92.745
248,cell_13,2024-03-02 18:00:00,3.6799,3.5096,3.8452,1.3721,2.0221,29.08,37.28,0.1627,0.9676,83.93,75.91,91.853
249,cell_13,2024-03-03 00:00:00,3.6979,3.5313,3.8629,1.3099,1.9599,31.16,42.09,0.1163,0.9474,88.56,85.16,93.33
250,cell_13,2024-03-03 06:00:00,3.6889,3.5205,3.8515,1.2857,1.9357,31.67,39.67,0.1172,0.9508,85.53,79.03,92.674
251,cell_13,2024-03-03 12:00:00,3.6815,3.508,3.8425,1.3131,1.9631,31.99,41.15,0.119,0.9488,85.17,81.98,92.643
252,cell_13,2024-03-03 18:00:00,3.6754,3.5067,3.8292,1.356,2.006,29.08,37.08,0.1025,0.9525,79.93,79.58,92.512
253,cell_13,2024-03-04 00:00:00,3.6816,3.5005,3.8439,1.261,1.911,33.51,43.4,0.0728,0.957,87.96,86.66,92.472
254,cell_13,2024-03-04 06:00:00,3.6793,3.4863,3.8328,1.2715,1.9215,31.4,39.4,0.1489,0.9604,90.44,86.32,92.886
255,cell_13,2024-03-04 12:00:00,3.6708,3.5014,3.8246,1.3048,1.9548,30.96,39.5,0.1321,0.9476,80.68,79.8,92.264
256,cell_13,2024-03-04 18:00:00,3.6963,3.5159,3.85,1.356,2.006,28.97,36.97,0.1422,0.9509,85.2,79.92,92.648
257,cell_13,2024-03-05 00:00:00,3.7007,3.5332,3.8542,1.3418,1.9918,29.72,37.72,0.1247,0.9409,83.44,78.12,93.011
258,cell_13,2024-03-05 06:00:00,3.6821,3.5096,3.8376,1.2015,1.8515,30.42,38.42,0.1432,0.9568,93.55,91.52,92.613
259,cell_13,2024-03-05 12:00:00,3.6682,3.4965,3.8219,1.3419,1.9919,30.91,38.91,0.0891,0.9527,82.71,80.46,92.71
260,cell_13,2024-03-05 18:00:00,3.6918,3.4914,3.859,1.2993,1.9493,31.47,39.47,0.121,0.9422,82.91,76.95,92.135
261,cell_13,2024-03-06 00:00:00,3.6908,3.5228,3.8564,1.3318,2.0546,30.43,39.32,0.1303,0.9376,82.6,76.83,92.804
262,cell_13,2024-03-06 06:00:00,3.679,3.506,3.8344,1.2892,1.9392,33.13,44.84,0.1464,0.9516,86.27,85.43,92.667
263,cell_13,2024-03-06 12:00:00,3.6882,3.5195,3.8498,1.325,1.975,30.39,38.39,0.1283,0.9631,83.19,80.14,92.526
264,cell_13,2024-03-06 18:00:00,3.6612,3.4925,3.8149,1.3023,1.9895,31.25,39.25,0.1283,0.9659,85.97,83.35,92.517
265,cell_13,2024-03-07 00:00:00,3.6877,3.517,3.8418,1.2728,1.9228,32.66,40.66,0.1245,0.9371,82.44,85.2,91.735
266,cell_13,2024-03-07 06:00:00,3.6874,3.5189,3.8423,1.2621,1.9121,30.13,39.84,0.0904,0.9593,89.94,79.68,92.618
267,cell_13,2024-03-07 12:00:00,3.7027,3.5351,3.8562,1.2904,1.9463,28.9,38.05,0.1081,0.958,86.84,78.73,92.945
268,cell_13,2024-03-07 18:00:00,3.6904,3.5174,3.8466,1.2353,1.9313,30.33,39.23,0.1099,0.9638,92.96,88.72,91.897
269,cell_13,2024-03-08 00:00:00,3.6896,3.5206,3.85,1.2779,1.9386,32.32,41.01,0.1367,0.9548,86.75,83.4,92.43
270,cell_13,2024-03-08 06:00:00,3.7077,3.5378,3.8617,1.2839,1.9339,31.06,39.06,0.1303,0.9467,82.04,83.61,92.035
271,cell_13,2024-03-08 12:00:00,3.6796,3.4897,3.8338,1.3518,2.0018,31.97,42.69,0.1501,0.9579,83.95,76.48,91.709
272,cell_13,2024-03-08 18:00:00,3.6737,3.5049,3.8353,1.3332,1.9832,28.99,36.99,0.1298,0.9242,86.91,76.92,92.467
273,cell_13,2024-03-09 00:00:00,3.6971,3.5182,3.8511,1.4006,2.0506,28.53,36.53,0.1157,0.9401,79.71,71.72,91.993
274,cell_13,2024-03-09 06:00:00,3.6988,3.5295,3.8527,1.2161,1.881,31.83,39.83,0.1457,0.9413,89.97,83.88,92.261
275,cell_13,2024-03-09 12:00:00,3.6997,3.5236,3.8635,1.2872,1.9372,31.48,39.48,0.0951,0.9433,86.8,78.63,92.651
276,cell_13,2024-03-09 18:00:00,3.6858,3.5161,3.8398,1.3616,2.0116,29.58,37.58,0.1142,0.9348,84.16,80.58,92.103
277,cell_13,2024-03-10 00:00:00,3.6809,3.5109,3.8392,1.3137,1.9637,29.24,37.24,0.1011,0.9444,80.55,82.96,92.008
278,cell_13,2024-03-10 06:00:00,3.6751,3.5042,3.8307,1.2891,1.9391,30.71,38.71,0.0976,0.9445,81.53,83.23,91.657
279,cell_13,2024-03-10 12:00:00,3.6785,3.5075,3.8416,1.2534,1.9329,30.89,38.89,0.0983,0.9474,90.63,79.13,91.603
280,cell_13,2024-03-10 18:00:00,3.6727,3.5023,3.8268,1.3347,1.9847,29.13,37.13,0.1068,0.9528,79.84,78.63,91.849
281,cell_13,2024-03-11 00:00:00,3.6833,3.5058,3.8374,1.3093,2.0105,30.85,39.57,0.1238,0.9375,85.83,77.72,91.777
282,cell_13,2024-03-11 06:00:00,3.7047,3.5168,3.8587,1.2831,1.9331,28.78,36.78,0.113,0.9455,89.7,78.17,92.094
283,cell_13,2024-03-11 12:00:00,3.6819,3.5108,3.8527,1.3504,2.0004,30.0,41.22,0.1252,0.9491,79.26,73.4,91.564
284,cell_13,2024-03-11 18:00:00,3.6888,3.5179,3.8429,1.4119,2.0619,28.99,38.88,0.1244,0.9315,81.3,75.69,91.658
285,cell_13,2024-03-12 00:00:00,3.6932,3.5227,3.8473,1.2556,1.9162,30.8,38.93,0.0733,0.9493,90.5,82.33,91.845
286,cell_13,2024-03-12 06:00:00,3.6843,3.5136,3.8383,1.3292,2.0022,30.0,39.14,0.1231,0.9524,84.52,79.57,91.919
287,cell_13,2024-03-12 12:00:00,3.6842,3.5134,3.8382,1.3069,1.9569,32.98,42.7,0.105,0.9576,84.67,82.48,91.908
288,cell_13,2024-03-12 18:00:00,3.7006,3.5246,3.8547,1.3325,2.1137,31.42,39.42,0.0871,0.9368,80.41,78.14,91.832
289,cell_13,2024-03-13 00:00:00,3.6893,3.5185,3.8492,1.366,2.089,28.99,36.99,0.1245,0.9485,81.18,73.5,91.655
290,cell_13,2024-03-13 06:00:00,3.6994,3.5295,3.8544,1.3711,2.0211,32.33,42.48,0.1213,0.9624,76.92,80.12,92.064
291,cell_13,2024-03-13 12:00:00,3.7122,3.5389,3.8661,1.2751,1.9895,30.66,40.95,0.1229,0.9326,86.04,83.75,92.245
292,cell_13,2024-03-13 18:00:00,3.6793,3.5092,3.8405,1.2171,1.9261,32.09,40.09,0.1339,0.9499,91.98,83.43,91.983
293,cell_13,2024-03-14 00:00:00,3.686,3.5153,3.843,1.2953,1.9453,29.02,41.61,0.1064,0.9348,88.27,82.27,91.716
294,cell_13,2024-03-14 06:00:00,3.6847,3.5121,3.8525,1.2956,1.9456,31.86,39.86,0.1002,0.9457,81.66,79.41,90.936
295,cell_13,2024-03-14 12:00:00,3.6826,3.512,3.8399,1.1624,1.8217,34.03,42.03,0.1192,0.942,90.36,92.74,91.732
296,cell_13,2024-03-14 18:00:00,3.6823,3.5101,3.8368,1.3507,2.0007,31.83,43.28,0.1108,0.9537,76.92,78.67,91.094
297,cell_13,2024-03-15 00:00:00,3.7013,3.5302,3.8556,1.2737,1.9237,30.07,39.53,0.174,0.947,88.96,79.87,91.543
298,cell_13,2024-03-15 06:00:00,3.6885,3.5175,3.8441,1.2974,1.9525,32.68,41.05,0.1168,0.9372,83.59,82.56,91.639
299,cell_13,2024-03-15 12:00:00,3.712,3.5267,3.87,1.2715,1.9225,29.93,39.55,0.1194,0.9652,82.94,82.37,91.387
300,cell_13,2024-03-15 18:00:00,3.6831,3.5077,3.8374,1.2896,1.9396,31.68,39.68,0.1017,0.9518,87.67,82.29,91.433
301,cell_13,2024-03-16 00:00:00,3.7022,3.5307,3.8565,1.3638,2.0914,34.33,42.33,0.0983,0.9599,77.21,75.57,91.409
302,cell_13,2024-03-16 06:00:00,3.7042,3.5164,3.8649,1.3042,1.9542,30.09,38.09,0.0856,0.939,84.28,76.29,91.08
303,cell_13,2024-03-16 12:00:00,3.6854,3.5124,3.8443,1.4061,2.0561,31.73,39.73,0.1122,0.9461,78.63,70.02,90.802
304,cell_13,2024-03-16 18:00:00,3.6916,3.5041,3.846,1.3315,1.9815,33.97,41.97,0.1145,0.96,85.67,80.65,91.386
305,cell_13,2024-03-17 00:00:00,3.6949,3.5216,3.8562,1.3351,1.9851,32.44,40.44,0.1405,0.9425,80.97,75.65,90.687
306,cell_13,2024-03-17 06:00:00,3.681,3.5059,3.8355,1.2898,1.9398,32.03,40.03,0.1135,0.9499,86.21,81.21,91.028
307,cell_13,2024-03-17 12:00:00,3.7031,3.5305,3.8577,1.297,1.947,28.01,36.01,0.1103,0.9493,80.07,82.81,90.954
308,cell_13,2024-03-17 18:00:00,3.6789,3.5072,3.8395,1.3516,2.0196,29.52,38.28,0.1231,0.9264,81.24,80.67,91.318
309,cell_13,2024-03-18 00:00:00,3.6816,3.4958,3.844,1.3594,2.0539,32.26,41.38,0.1161,0.9493,80.07,80.28,91.216
310,cell_13,2024-03-18 06:00:00,3.6813,3.5087,3.8424,1.3133,1.9761,30.5,39.1,0.1373,0.9458,81.42,81.49,90.954
311,cell_13,2024-03-18 12:00:00,3.6888,3.5069,3.8433,1.3278,1.9868,30.22,38.22,0.1468,0.9483,85.71,78.32,91.02
312,cell_13,2024-03-18 18:00:00,3.6909,3.5197,3.8488,1.293,1.943,32.73,40.73,0.1173,0.9428,86.49,78.89,91.734
313,cell_13,2024-03-19 00:00:00,3.68,3.5073,3.835,1.311,2.0347,31.95,39.95,0.0986,0.9371,83.76,75.04,90.911
314,cell_13,2024-03-19 06:00:00,3.6855,3.507,3.8439,1.3044,1.9544,29.73,40.12,0.1151,0.9419,80.71,77.31,91.091
315,cell_13,2024-03-19 12:00:00,3.6758,3.5041,3.8484,1.302,1.9948,32.1,40.1,0.1222,0.9447,85.69,77.74,91.32
316,cell_13,2024-03-19 18:00:00,3.6984,3.5263,3.8528,1.3501,2.0378,29.52,37.52,0.091,0.9561,80.69,77.19,91.167
317,cell_13,2024-03-20 00:00:00,3.6939,3.5223,3.8485,1.2975,1.9475,28.57,37.95,0.1121,0.9444,86.16,81.32,91.329
318,cell_13,2024-03-20 06:00:00,3.6837,3.5066,3.838,1.2685,1.9492,31.43,39.62,0.088,0.9511,88.58,86.36,91.476
319,cell_13,2024-03-20 12:00:00,3.6852,3.5139,3.8395,1.2865,1.9365,29.1,42.12,0.1263,0.952,88.06,80.1,91.448
320,cell_13,2024-03-20 18:00:00,3.6798,3.5035,3.8343,1.2857,1.9357,29.07,37.07,0.0958,0.9446,84.44,84.38,90.962
321,cell_13,2024-03-21 00:00:00,3.6773,3.505,3.8318,1.322,1.972,29.42,37.42,0.1115,0.9597,85.78,81.07,91.07
322,cell_13,2024-03-21 06:00:00,3.6757,3.5015,3.8302,1.2721,1.9826,31.19,39.19,0.1149,0.9462,84.7,83.34,91.011
323,cell_13,2024-03-21 12:00:00,3.6768,3.4901,3.8314,1.3563,2.0063,32.12,40.12,0.0922,0.9444,81.54,73.61,90.68
324,cell_13,2024-03-21 18:00:00,3.6961,3.5236,3.8506,1.2865,1.951,30.5,38.5,0.1189,0.961,83.68,81.64,91.007
325,cell_13,2024-03-22 00:00:00,3.696,3.5169,3.8508,1.3785,2.0285,29.14,37.14,0.0964,0.9514,81.83,75.54,90.454
326,cell_13,2024-03-22 06:00:00,3.6729,3.4893,3.8274,1.3013,1.9513,29.25,37.62,0.1478,0.9261,83.33,82.21,91.061
327,cell_13,2024-03-22 12:00:00,3.6924,3.5182,3.8576,1.3264,1.9764,28.61,36.74,0.1447,0.9234,79.33,78.26,90.309
328,cell_13,2024-03-22 18:00:00,3.6738,3.5004,3.8307,1.3497,2.0607,32.01,40.01,0.1417,0.9659,84.5,80.3,90.652
329,cell_13,2024-03-23 00:00:00,3.6945,3.5187,3.8563,1.3612,2.0112,29.58,40.12,0.1211,0.9508,78.81,73.97,91.205
330,cell_13,2024-03-23 06:00:00,3.6875,3.5027,3.8518,1.3314,1.9814,31.28,40.39,0.125,0.9483,85.46,75.25,91.088
331,cell_13,2024-03-23 12:00:00,3.6812,3.4857,3.8496,1.4311,2.0811,28.23,37.9,0.1147,0.9278,78.85,74.17,90.943
332,cell_13,2024-03-23 18:00:00,3.6907,3.5177,3.855,1.3002,1.9502,32.84,41.16,0.1289,0.9485,84.13,83.78,90.813
333,cell_13,2024-03-24 00:00:00,3.6995,3.5198,3.8542,1.2245,1.8848,30.91,39.53,0.1509,0.9395,86.96,82.1,90.689
334,cell_13,2024-03-24 06:00:00,3.6674,3.4944,3.8306,1.2983,2.0124,28.58,38.43,0.0986,0.9468,80.29,75.97,90.777
335,cell_13,2024-03-24 12:00:00,3.6981,3.526,3.8557,1.3397,1.9897,30.02,38.02,0.127,0.9427,79.63,78.85,91.154
336,cell_13,2024-03-24 18:00:00,3.6778,3.5041,3.846,1.3227,1.9892,31.21,39.21,0.084,0.9471,85.3,80.04,90.52
337,cell_13,2024-03-25 00:00:00,3.6992,3.5241,3.8545,1.2491,1.8991,29.6,37.75,0.11,0.9519,84.56,82.2,89.97
338,cell_13,2024-03-25 06:00:00,3.694,3.5187,3.8603,1.2831,1.9563,31.48,39.56,0.117,0.9537,82.13,77.87,90.226
339,cell_13,2024-03-25 12:00:00,3.6743,3.496,3.8301,1.2595,1.9095,32.85,40.85,0.1246,0.9493,82.27,81.75,90.352
340,cell_13,2024-03-25 18:00:00,3.68,3.5039,3.8361,1.2668,1.9168,32.3,41.83,0.1317,0.9511,85.89,79.81,90.517
341,cell_13,2024-03-26 00:00:00,3.6906,3.5047,3.852,1.2953,1.9908,30.89,41.77,0.1444,0.9322,84.22,77.29,90.508
342,cell_13,2024-03-26 06:00:00,3.6948,3.5017,3.8497,1.3233,1.9733,33.07,43.8,0.0902,0.9492,83.37,77.75,90.243
343,cell_13,2024-03-26 12:00:00,3.69,3.5154,3.8505,1.2636,1.9136,31.22,39.22,0.1356,0.9521,88.8,77.5,90.192
344,cell_13,2024-03-26 18:00:00,3.688,3.5116,3.8433,1.2683,1.9183,30.74,40.44,0.1543,0.9492,81.26,82.2,89.414
345,cell_13,2024-03-27 00:00:00,3.6783,3.5027,3.8382,1.3355,1.9855,30.78,38.78,0.1107,0.9649,79.65,78.78,89.784
346,cell_13,2024-03-27 06:00:00,3.6857,3.5113,3.8406,1.2572,1.9415,31.06,39.2,0.1082,0.9474,87.13,86.01,90.243
347,cell_13,2024-03-27 12:00:00,3.6845,3.5099,3.845,1.2549,1.9049,31.58,41.78,0.1224,0.9368,83.56,85.18,90.17
348,cell_13,2024-03-27 18:00:00,3.6699,3.4947,3.8249,1.4099,2.0599,29.58,40.27,0.117,0.95,74.78,71.14,89.927
349,cell_13,2024-03-28 00:00:00,3.6888,3.5145,3.8436,1.2737,1.9526,32.63,40.63,0.1156,0.9443,87.58,79.15,90.289
350,cell_13,2024-03-28 06:00:00,3.6815,3.4998,3.8369,1.2087,1.8927,32.87,40.87,0.1487,0.9328,85.27,84.46,90.086
351,cell_13,2024-03-28 12:00:00,3.6988,3.5164,3.8545,1.238,1.888,34.63,45.63,0.1675,0.947,90.7,84.86,90.029
352,cell_13,2024-03-28 18:00:00,3.6969,3.519,3.8518,1.2003,1.8693,28.35,36.35,0.1135,0.9648,92.68,81.47,90.14
353,cell_13,2024-03-29 00:00:00,3.687,3.5122,3.8491,1.3825,2.0799,30.98,38.98,0.1662,0.9463,76.82,77.89,90.081
354,cell_13,2024-03-29 06:00:00,3.6966,3.5225,3.8607,1.2964,1.9464,29.72,38.6,0.1129,0.9608,82.36,81.15,90.359
355,cell_13,2024-03-29 12:00:00,3.691,3.5157,3.8713,1.2479,1.9359,31.9,39.9,0.1351,0.9572,84.21,85.13,89.877
356,cell_13,2024-03-29 18:00:00,3.6846,3.5093,3.8401,1.3281,1.997,32.76,40.76,0.0991,0.9737,77.22,78.7,89.887
357,cell_13,2024-03-30 00:00:00,3.6709,3.4959,3.8362,1.3856,2.0586,30.99,40.18,0.1023,0.9545,79.57,77.34,90.019
358,cell_13,2024-03-30 06:00:00,3.6834,3.5083,3.8384,1.2914,1.983,30.47,38.47,0.1135,0.9508,86.07,82.07,89.966
359,cell_13,2024-03-30 12:00:00,3.6824,3.5066,3.8372,1.3817,2.0317,30.21,39.74,0.1366,0.9509,76.13,74.18,90.517
360,cell_13,2024-03-30 18:00:00,3.6841,3.5094,3.839,1.2832,1.9332,30.65,38.65,0.1242,0.9528,83.42,81.82,90.117
361,cell_13,2024-03-31 00:00:00,3.6823,3.5063,3.8375,1.2412,1.9478,31.51,39.51,0.0871,0.9474,86.37,86.26,89.743
362,cell_13,2024-03-31 06:00:00,3.6953,3.5191,3.8528,1.3905,2.0405,31.5,40.13,0.0933,0.9449,74.08,76.82,89.512
363,cell_13,2024-03-31 12:00:00,3.6978,3.518,3.863,1.2639,1.9139,33.19,41.19,0.0854,0.9546,84.05,85.0,90.431
364,cell_13,2024-03-31 18:00:00,3.6799,3.5002,3.8384,1.2717,1.9217,30.71,38.71,0.1263,0.9437,83.0,82.66,89.847
365,cell_13,2024-04-01 00:00:00,3.6718,3.497,3.8402,1.352,2.002,32.32,40.99,0.1229,0.9313,82.79,77.02,90.059
366,cell_13,2024-04-01 06:00:00,3.6752,3.4864,3.8438,1.3018,1.9633,29.62,38.68,0.1226,0.9369,79.66,79.19,89.954
367,cell_13,2024-04-01 12:00:00,3.6977,3.5231,3.853,1.2945,1.9445,29.06,37.06,0.1223,0.9665,81.39,76.82,90.169
368,cell_13,2024-04-01 18:00:00,3.6942,3.5173,3.8493,1.2873,2.0234,32.47,41.71,0.1048,0.9468,83.29,79.15,89.761
369,cell_13,2024-04-02 00:00:00,3.6735,3.4985,3.8286,1.2667,1.9167,31.59,47.65,0.1234,0.9577,82.15,77.85,89.963
370,cell_13,2024-04-02 06:00:00,3.67,3.4944,3.8251,1.309,1.959,30.19,38.19,0.1487,0.943,79.84,75.32,89.763
371,cell_13,2024-04-02 12:00:00,3.6802,3.5071,3.8348,1.3244,1.9744,29.6,37.6,0.1314,0.9589,85.98,75.31,90.761
372,cell_13,2024-04-02 18:00:00,3.7025,3.5189,3.8577,1.2888,1.9388,30.27,40.52,0.0966,0.954,86.6,79.11,89.701
373,cell_13,2024-04-03 00:00:00,3.6893,3.5049,3.8443,1.3283,2.0014,31.31,39.31,0.1133,0.9699,78.36,73.96,90.095
374,cell_13,2024-04-03 06:00:00,3.6838,3.5108,3.8437,1.3206,1.9706,31.22,39.96,0.1074,0.9632,80.61,81.33,90.781
375,cell_13,2024-04-03 12:00:00,3.6841,3.5079,3.8419,1.3194,1.9859,28.82,38.03,0.1376,0.9574,85.09,81.28,90.213
376,cell_13,2024-04-03 18:00:00,3.666,3.4821,3.8309,1.2858,1.9358,29.08,37.08,0.0988,0.9441,82.63,81.16,89.878
377,cell_13,2024-04-04 00:00:00,3.682,3.5068,3.8409,1.2814,1.9512,31.2,39.75,0.1236,0.9382,83.73,80.16,89.934
378,cell_13,2024-04-04 06:00:00,3.6969,3.521,3.852,1.3185,1.9685,31.87,43.29,0.1131,0.9486,78.99,81.2,89.64
379,cell_13,2024-04-04 12:00:00,3.681,3.4988,3.8436,1.24,1.8971,29.81,37.81,0.1044,0.9502,87.47,81.16,89.969
380,cell_13,2024-04-04 18:00:00,3.6817,3.5009,3.837,1.445,2.1239,28.86,39.42,0.1241,0.9459,71.61,71.3,89.397
381,cell_13,2024-04-05 00:00:00,3.6875,3.5082,3.8525,1.1742,1.8242,31.04,39.04,0.1156,0.9571,91.62,89.56,89.443
382,cell_13,2024-04-05 06:00:00,3.6726,3.486,3.828,1.272,2.005,27.69,36.39,0.1349,0.9508,87.68,81.94,89.201
383,cell_13,2024-04-05 12:00:00,3.6874,3.5004,3.8427,1.3257,1.9757,30.41,39.39,0.1102,0.95,80.71,79.63,89.371
384,cell_13,2024-04-05 18:00:00,3.6759,3.4934,3.8367,1.3365,2.0205,31.89,39.89,0.0963,0.9652,82.93,74.18,89.484
1,cell_14,2024-01-01 00:00:00,3.7074,3.5487,3.8575,1.7836,2.6836,39.85,47.85,0.0973,0.9445,69.44,61.06,99.787
2,cell_14,2024-01-01 06:00:00,3.7016,3.5489,3.855,1.8226,2.7226,42.19,51.88,0.0959,0.9474,67.27,61.15,100.019
3,cell_14,2024-01-01 12:00:00,3.7121,3.5624,3.862,1.7197,2.6387,38.61,48.81,0.1097,0.956,71.67,68.71,100.143
4,cell_14,2024-01-01 18:00:00,3.7044,3.548,3.8613,1.8633,2.8532,39.56,47.56,0.0713,0.9523,66.68,64.49,100.221
5,cell_14,2024-01-02 00:00:00,3.6983,3.5452,3.8483,1.7509,2.6509,37.68,45.68,0.0516,0.95,66.53,62.35,99.854
6,cell_14,2024-01-02 06:00:00,3.7087,3.5286,3.8769,1.8905,2.7905,36.68,44.68,0.0774,0.9475,63.26,61.21,99.985
7,cell_14,2024-01-02 12:00:00,3.6939,3.5328,3.844,1.8563,2.7563,39.55,48.12,0.0275,0.9581,64.04,64.03,99.687
8,cell_14,2024-01-02 18:00:00,3.6955,3.5448,3.8457,1.7495,2.6495,38.41,46.41,0.0673,0.9433,65.26,63.66,99.691
9,cell_14,2024-01-03 00:00:00,3.6916,3.5402,3.844,1.8167,2.8025,43.0,51.0,0.0773,0.9531,66.42,65.19,99.42
10,cell_14,2024-01-03 06:00:00,3.693,3.5418,3.8433,1.7522,2.6522,38.12,46.12,0.0741,0.9471,65.64,64.52,99.523
11,cell_14,2024-01-03 12:00:00,3.6725,3.5223,3.8226,1.7453,2.6919,38.37,46.37,0.0942,0.9553,69.18,64.2,99.902
12,cell_14,2024-01-03 18:00:00,3.6948,3.538,3.8562,1.6751,2.7056,39.12,48.44,0.0836,0.9562,73.38,70.28,99.944
13,cell_14,2024-01-04 00:00:00,3.6988,3.548,3.849,1.8317,2.8197,40.41,50.21,0.093,0.951,62.7,59.44,99.689
14,cell_14,2024-01-04 06:00:00,3.7073,3.5569,3.8582,1.7772,2.6772,40.28,48.68,0.0896,0.9604,65.2,63.95,99.82
15,cell_14,2024-01-04 12:00:00,3.6899,3.5325,3.8402,1.8393,2.7393,36.51,45.28,0.0543,0.9569,67.28,59.71,99.43
16,cell_14,2024-01-04 18:00:00,3.6939,3.542,3.8442,1.8113,2.7113,40.96,48.96,0.096,0.947,67.23,62.21,99.239
17,cell_14,2024-01-05 00:00:00,3.6959,3.5381,3.8467,1.7391,2.6454,38.75,46.75,0.0732,0.9521,69.86,64.72,98.456
18,cell_14,2024-01-05 06:00:00,3.7075,3.5571,3.8648,1.8421,2.7421,34.98,44.33,0.0883,0.9525,62.81,62.61,99.867
19,cell_14,2024-01-05 12:00:00,3.7005,3.5475,3.856,1.826,2.839,39.0,47.0,0.0932,0.9594,66.35,59.55,99.125
20,cell_14,2024-01-05 18:00:00,3.7024,3.5373,3.8529,1.776,2.676,37.47,45.47,0.0681,0.9354,64.55,65.67,99.124
21,cell_14,2024-01-06 00:00:00,3.7082,3.548,3.8686,1.8488,2.7518,40.77,48.77,0.0702,0.9607,64.1,64.11,99.576
22,cell_14,2024-01-06 06:00:00,3.7038,3.5374,3.8542,1.7865,2.7012,39.52,50.89,0.0847,0.9344,63.57,65.86,99.186
23,cell_14,2024-01-06 12:00:00,3.6931,3.5383,3.8546,1.7607,2.6607,40.61,48.61,0.0744,0.9544,66.6,64.88,99.432
24,cell_14,2024-01-06 18:00:00,3.7147,3.5608,3.8803,1.7905,2.7417,40.79,51.66,0.1184,0.9543,69.05,63.82,98.427
25,cell_14,2024-01-07 00:00:00,3.6795,3.5269,3.8408,1.7815,2.7064,38.31,46.31,0.0842,0.948,67.98,66.05,98.987
26,cell_14,2024-01-07 06:00:00,3.7069,3.5534,3.8617,1.7258,2.6258,39.37,50.96,0.0608,0.9558,65.39,62.44,98.603
27,cell_14,2024-01-07 12:00:00,3.7025,3.54,3.8531,1.6682,2.5884,40.71,51.17,0.1257,0.9381,72.9,68.92,98.706
28,cell_14,2024-01-07 18:00:00,3.7101,3.5559,3.8653,1.8823,2.7823,39.33,47.33,0.091,0.942,62.04,60.03,98.412
29,cell_14,2024-01-08 00:00:00,3.6954,3.529,3.8462,1.8566,2.7572,37.76,45.99,0.0833,0.9394,62.33,61.86,98.487
30,cell_14,2024-01-08 06:00:00,3.6935,3.5305,3.8512,1.8739,2.7739,41.17,49.17,0.1144,0.9434,61.42,58.28,98.96
31,cell_14,2024-01-08 12:00:00,3.6871,3.5339,3.8539,1.8451,2.7524,39.04,48.36,0.0902,0.9603,63.7,59.7,98.728
32,cell_14,2024-01-08 18:00:00,3.6874,3.5167,3.8381,1.7793,2.7016,37.82,47.97,0.0824,0.9622,64.96,66.01,98.699
33,cell_14,2024-01-09 00:00:00,3.6955,3.5311,3.8464,1.7912,2.6912,41.87,53.63,0.052,0.949,68.47,59.75,98.083
34,cell_14,2024-01-09 06:00:00,3.6887,3.5331,3.8467,1.7692,2.6849,36.14,46.9,0.0382,0.9518,67.87,66.04,98.091
35,cell_14,2024-01-09 12:00:00,3.6903,3.5317,3.8412,1.8271,2.7271,38.0,46.87,0.1084,0.9691,67.22,62.76,98.296
36,cell_14,2024-01-09 18:00:00,3.6871,3.5191,3.8532,1.8236,2.787,38.14,46.85,0.09,0.9458,61.77,59.97,98.454
37,cell_14,2024-01-10 00:00:00,3.7082,3.55,3.8594,1.7829,2.6829,40.32,48.32,0.08,0.9432,63.29,64.3,98.542
38,cell_14,2024-01-10 06:00:00,3.6908,3.5374,3.8414,1.8219,2.7219,38.47,50.12,0.0812,0.9591,65.82,64.33,98.667
39,cell_14,2024-01-10 12:00:00,3.7017,3.5479,3.8534,1.858,2.758,37.97,45.97,0.0901,0.9447,64.33,58.52,98.467
40,cell_14,2024-01-10 18:00:00,3.6964,3.5424,3.8502,1.7999,2.7127,40.57,48.57,0.0967,0.9403,67.05,63.59,98.412
41,cell_14,2024-01-11 00:00:00,3.7005,3.5456,3.8515,1.7418,2.6418,40.17,48.17,0.0684,0.9587,67.98,67.27,98.029
42,cell_14,2024-01-11 06:00:00,3.694,3.5362,3.8451,1.8228,2.765,38.57,48.72,0.0879,0.9635,61.34,59.52,97.717
43,cell_14,2024-01-11 12:00:00,3.705,3.5505,3.867,1.7388,2.6388,39.35,49.28,0.0945,0.9451,69.04,67.19,98.19
44,cell_14,2024-01-11 18:00:00,3.7032,3.5482,3.8542,1.7596,2.6596,37.31,46.2,0.074,0.9497,69.05,61.03,98.026
45,cell_14,2024-01-12 00:00:00,3.7093,3.5424,3.8602,1.8138,2.7138,38.66,47.28,0.0395,0.9589,66.22,63.14,98.111
46,cell_14,2024-01-12 06:00:00,3.6909,3.5202,3.8417,1.8309,2.8185,38.89,46.89,0.0686,0.9424,66.52,58.31,98.333
47,cell_14,2024-01-12 12:00:00,3.6879,3.5317,3.8391,1.8048,2.7048,37.06,45.6,0.0579,0.9594,64.49,61.81,97.55
48,cell_14,2024-01-12 18:00:00,3.6933,3.5385,3.8442,1.7494,2.7776,36.52,46.99,0.1077,0.9645,64.63,60.93,98.104
49,cell_14,2024-01-13 00:00:00,3.697,3.5401,3.8484,1.9393,2.9412,38.4,46.4,0.0648,0.9377,62.56,60.03,97.239
50,cell_14,2024-01-13 06:00:00,3.7021,3.5437,3.8532,1.7739,2.6739,40.58,48.58,0.0641,0.9366,67.97,65.15,97.885
51,cell_14,2024-01-13 12:00:00,3.6899,3.53,3.8432,1.8227,2.7721,39.87,48.49,0.071,0.9339,64.39,63.26,97.438
52,cell_14,2024-01-13 18:00:00,3.6986,3.5428,3.8658,1.7708,2.6708,38.1,47.63,0.1007,0.9448,63.84,65.71,97.701
53,cell_14,2024-01-14 00:00:00,3.6948,3.534,3.8534,1.753,2.6635,42.89,52.52,0.1016,0.9374,64.69,65.03,97.732
54,cell_14,2024-01-14 06:00:00,3.6932,3.5362,3.8522,1.8026,2.7026,37.39,47.81,0.0679,0.9608,62.73,60.12,97.214
55,cell_14,2024-01-14 12:00:00,3.6956,3.5384,3.8576,1.7779,2.6779,39.82,48.15,0.075,0.9404,63.29,65.56,97.127
56,cell_14,2024-01-14 18:00:00,3.7106,3.5533,3.8641,1.8048,2.8475,38.21,46.21,0.0805,0.9459,66.61,60.34,97.064
57,cell_14,2024-01-15 00:00:00,3.704,3.5372,3.8555,1.7672,2.6672,40.82,49.85,0.1118,0.9536,65.78,65.28,97.405
58,cell_14,2024-01-15 06:00:00,3.7068,3.5414,3.858,1.8067,2.7485,38.83,49.21,0.043,0.9417,63.41,63.15,97.509
59,cell_14,2024-01-15 12:00:00,3.7004,3.5416,3.8594,1.7625,2.6734,38.64,46.64,0.0556,0.9501,65.54,64.2,97.865
60,cell_14,2024-01-15 18:00:00,3.7135,3.55,3.8676,1.8538,2.7538,40.45,48.45,0.1326,0.9565,61.49,60.88,97.242
61,cell_14,2024-01-16 00:00:00,3.7042,3.5352,3.8558,1.8149,2.7806,38.75,46.75,0.1076,0.981,64.24,57.64,96.858
62,cell_14,2024-01-16 06:00:00,3.6814,3.5166,3.8328,1.7937,2.6937,40.11,48.11,0.0542,0.9538,64.61,62.18,97.092
63,cell_14,2024-01-16 12:00:00,3.7019,3.5357,3.8537,1.7992,2.7022,38.84,50.03,0.1467,0.9342,66.88,58.49,96.428
64,cell_14,2024-01-16 18:00:00,3.6995,3.5431,3.8561,1.7812,2.698,35.06,43.06,0.0968,0.9569,63.5,65.63,97.431
65,cell_14,2024-01-17 00:00:00,3.702,3.5449,3.8688,1.806,2.772,42.23,50.23,0.0863,0.9531,66.87,59.47,97.178
66,cell_14,2024-01-17 06:00:00,3.68,3.5216,3.8316,1.8749,2.7749,39.78,51.7,0.1136,0.955,60.7,60.92,96.648
67,cell_14,2024-01-17 12:00:00,3.6801,3.4993,3.8423,1.7714,2.7895,38.54,47.77,0.0665,0.949,68.47,63.99,96.475
68,cell_14,2024-01-17 18:00:00,3.6935,3.5344,3.8575,1.808,2.708,41.05,50.0,0.0743,0.9588,65.15,61.83,96.327
69,cell_14,2024-01-18 00:00:00,3.6776,3.5034,3.8292,1.7616,2.6616,37.55,45.86,0.0855,0.9475,68.72,63.11,96.745
70,cell_14,2024-01-18 06:00:00,3.7016,3.537,3.8534,1.6759,2.6427,37.63,45.63,0.0941,0.9531,71.76,65.05,96.355
71,cell_14,2024-01-18 12:00:00,3.6967,3.5387,3.8489,1.8306,2.7306,36.88,44.88,0.0908,0.952,63.38,61.95,96.809
72,cell_14,2024-01-18 18:00:00,3.7148,3.5569,3.8663,1.8539,2.7675,38.7,50.02,0.0881,0.951,62.25,58.87,96.867
73,cell_14,2024-01-19 00:00:00,3.698,3.5383,3.8499,1.8218,2.7218,38.01,46.01,0.0761,0.9467,61.27,61.78,96.147
74,cell_14,2024-01-19 06:00:00,3.7015,3.5423,3.8646,1.9167,2.8167,38.56,49.3,0.0911,0.9612,59.4,55.39,96.352
75,cell_14,2024-01-19 12:00:00,3.7005,3.5416,3.8522,1.782,2.682,36.8,45.49,0.0894,0.9638,63.67,63.77,96.45
76,cell_14,2024-01-19 18:00:00,3.6947,3.5292,3.8709,1.7552,2.6979,37.97,46.68,0.0838,0.9693,64.62,64.1,95.971
77,cell_14,2024-01-20 00:00:00,3.6949,3.5345,3.847,1.8592,2.7592,39.68,47.68,0.0787,0.9513,59.86,60.38,95.822
78,cell_14,2024-01-20 06:00:00,3.6927,3.5314,3.8449,1.8623,2.7627,41.05,49.9,0.0736,0.9523,59.75,57.89,95.49
79,cell_14,2024-01-20 12:00:00,3.6705,3.5025,3.8224,1.8549,2.7549,39.07,47.07,0.0547,0.9529,64.2,60.42,96.268
80,cell_14,2024-01-20 18:00:00,3.7043,3.5237,3.8566,1.746,2.6849,38.25,46.25,0.1125,0.9421,67.47,62.33,95.364
81,cell_14,2024-01-21 00:00:00,3.7046,3.5426,3.8711,1.7651,2.6651,39.94,48.03,0.099,0.9589,67.29,60.2,95.526
82,cell_14,2024-01-21 06:00:00,3.7024,3.5375,3.8545,1.7179,2.6179,40.77,48.77,0.1041,0.9474,64.8,63.39,95.835
83,cell_14,2024-01-21 12:00:00,3.6939,3.5322,3.8462,1.8987,2.7987,40.68,49.21,0.0608,0.9559,62.97,56.63,95.319
84,cell_14,2024-01-21 18:00:00,3.6917,3.53,3.844,1.754,2.654,39.77,47.77,0.074,0.9385,63.6,59.76,95.342
85,cell_14,2024-01-22 00:00:00,3.6812,3.5187,3.8337,1.7397,2.7053,37.87,45.87,0.0826,0.9557,63.53,59.08,95.009
86,cell_14,2024-01-22 06:00:00,3.6804,3.5186,3.8344,1.7948,2.6948,38.92,47.11,0.0911,0.9629,61.36,61.5,95.276
87,cell_14,2024-01-22 12:00:00,3.6883,3.5231,3.8402,1.8059,2.7288,39.36,47.36,0.0686,0.9436,61.56,62.23,96.141
88,cell_14,2024-01-22 18:00:00,3.695,3.5271,3.8473,1.8333,2.7608,35.32,43.32,0.1187,0.9458,60.96,58.08,95.309
89,cell_14,2024-01-23 00:00:00,3.6974,3.5369,3.8495,1.7935,2.6935,39.04,47.04,0.1016,0.9455,67.18,64.08,95.801
90,cell_14,2024-01-23 06:00:00,3.6876,3.5255,3.8543,1.766,2.7681,41.59,49.59,0.0876,0.9455,66.08,59.61,95.152
91,cell_14,2024-01-23 12:00:00,3.6794,3.5169,3.8411,1.7802,2.7066,38.04,47.32,0.0901,0.9637,64.24,61.52,94.983
92,cell_14,2024-01-23 18:00:00,3.6859,3.5171,3.8384,1.7698,2.6698,36.28,44.83,0.0796,0.9515,63.48,63.27,95.068
93,cell_14,2024-01-24 00:00:00,3.6921,3.5309,3.845,1.8697,2.8052,38.0,46.0,0.0704,0.9407,61.86,59.59,95.52
94,cell_14,2024-01-24 06:00:00,3.6764,3.513,3.834,1.7997,2.6997,37.95,45.95,0.0358,0.9422,62.92,59.3,94.647
95,cell_14,2024-01-24 12:00:00,3.6956,3.5323,3.8565,1.8317,2.7317,40.65,48.65,0.1015,0.9299,65.24,61.87,95.814
96,cell_14,2024-01-24 18:00:00,3.7093,3.5479,3.8769,1.7895,2.7507,42.95,50.95,0.0852,0.9427,62.53,62.37,95.445
97,cell_14,2024-01-25 00:00:00,3.6848,3.5227,3.8398,1.7087,2.6406,39.23,48.91,0.1077,0.9379,64.78,61.88,95.19
98,cell_14,2024-01-25 06:00:00,3.7138,3.5431,3.8663,1.8821,2.8407,37.72,47.33,0.0956,0.9383,59.25,59.02,95.064
99,cell_14,2024-01-25 12:00:00,3.6857,3.5235,3.8381,1.829,2.729,37.18,45.81,0.0834,0.9462,63.98,58.24,95.146
100,cell_14,2024-01-25 18:00:00,3.6912,3.5304,3.8494,1.8194,2.7421,40.55,48.55,0.0858,0.9396,63.43,58.44,95.647
101,cell_14,2024-01-26 00:00:00,3.6971,3.5324,3.8497,1.694,2.675,40.09,50.69,0.0693,0.9488,68.67,63.01,94.829
102,cell_14,2024-01-26 06:00:00,3.6925,3.5307,3.853,1.793,2.693,40.76,50.02,0.0601,0.954,63.72,59.94,95.286
103,cell_14,2024-01-26 12:00:00,3.6765,3.5068,3.8287,1.8771,2.7909,38.21,46.21,0.0642,0.9533,60.57,55.11,95.641
104,cell_14,2024-01-26 18:00:00,3.6945,3.5311,3.8472,1.8648,2.7648,41.45,52.61,0.0648,0.9525,59.44,56.45,94.694
105,cell_14,2024-01-27 00:00:00,3.6928,3.5294,3.8506,1.7891,2.7304,39.26,47.26,0.0801,0.9249,65.43,61.48,94.654
106,cell_14,2024-01-27 06:00:00,3.689,3.5234,3.8418,1.861,2.761,37.93,47.81,0.0997,0.9453,59.98,57.05,94.388
107,cell_14,2024-01-27 12:00:00,3.6924,3.5285,3.8499,1.8785,2.8237,35.92,44.86,0.0977,0.9628,57.57,58.12,94.455
108,cell_14,2024-01-27 18:00:00,3.6968,3.5238,3.8512,1.7923,2.6923,38.23,46.23,0.0536,0.9714,62.26,61.35,94.907
109,cell_14,2024-01-28 00:00:00,3.6837,3.5213,3.8362,1.8659,2.9073,38.21,46.21,0.1012,0.9581,59.02,60.99,95.037
110,cell_14,2024-01-28 06:00:00,3.6974,3.5279,3.8642,1.8637,2.7874,37.39,45.39,0.0868,0.9506,61.35,57.49,94.719
111,cell_14,2024-01-28 12:00:00,3.6848,3.5197,3.8508,1.8419,2.862,39.67,47.67,0.098,0.9417,61.2,58.7,93.939
112,cell_14,2024-01-28 18:00:00,3.7065,3.5419,3.869,1.8468,2.7848,37.96,46.24,0.0943,0.9625,61.04,59.44,94.129
113,cell_14,2024-01-29 00:00:00,3.7022,3.5343,3.8646,1.7563,2.6563,37.57,45.71,0.0505,0.9485,62.97,62.48,94.508
114,cell_14,2024-01-29 06:00:00,3.6815,3.5174,3.8344,1.8392,2.747,37.62,45.62,0.088,0.9475,59.1,58.66,94.34
115,cell_14,2024-01-29 12:00:00,3.7033,3.5383,3.8679,1.7937,2.7188,36.87,44.87,0.1134,0.9615,60.5,61.59,93.997
116,cell_14,2024-01-29 18:00:00,3.6952,3.5233,3.8557,1.7548,2.6548,38.14,46.36,0.0603,0.9192,63.41,62.12,94.092
117,cell_14,2024-01-30 00:00:00,3.697,3.5304,3.8498,1.876,2.8298,38.18,47.52,0.0655,0.9493,61.2,58.43,94.472
118,cell_14,2024-01-30 06:00:00,3.6896,3.5254,3.8425,1.7941,2.7083,38.63,46.63,0.0442,0.9353,60.03,58.57,94.299
119,cell_14,2024-01-30 12:00:00,3.6875,3.5223,3.8405,1.8117,2.7447,39.57,47.57,0.075,0.9555,59.15,60.92,93.925
120,cell_14,2024-01-30 18:00:00,3.6888,3.5246,3.8564,1.807,2.7437,41.3,49.3,0.0546,0.9662,60.32,59.9,94.315
121,cell_14,2024-01-31 00:00:00,3.6811,3.5154,3.8342,1.7222,2.6222,40.52,48.52,0.0668,0.9549,65.36,64.3,93.733
122,cell_14,2024-01-31 06:00:00,3.6719,3.5061,3.825,1.7852,2.6953,36.65,46.91,0.0889,0.9697,61.94,57.68,93.707
123,cell_14,2024-01-31 12:00:00,3.6845,3.5194,3.8376,1.8387,2.7447,40.34,51.4,0.1003,0.9521,60.96,57.57,93.941
124,cell_14,2024-01-31 18:00:00,3.6839,3.5179,3.8371,1.8007,2.7007,40.62,49.04,0.0452,0.9644,61.15,60.49,93.572
125,cell_14,2024-02-01 00:00:00,3.6798,3.5142,3.8432,1.7824,2.7605,40.14,48.14,0.0748,0.9341,64.31,62.55,93.769
126,cell_14,2024-02-01 06:00:00,3.6966,3.5216,3.8497,1.8167,2.8159,38.32,46.32,0.0793,0.9521,60.77,61.16,93.851
127,cell_14,2024-02-01 12:00:00,3.6939,3.5123,3.8514,1.8537,2.7537,41.2,51.64,0.0814,0.9368,59.23,58.66,94.278
128,cell_14,2024-02-01 18:00:00,3.6836,3.5162,3.8371,1.7183,2.6493,37.65,45.65,0.1,0.9538,66.68,63.26,93.023
129,cell_14,2024-02-02 00:00:00,3.6868,3.5092,3.859,1.7948,2.6972,40.6,53.15,0.1,0.9468,65.26,58.69,93.274
130,cell_14,2024-02-02 06:00:00,3.693,3.5054,3.8473,1.801,2.701,40.55,48.72,0.1017,0.948,62.94,57.37,93.876
131,cell_14,2024-02-02 12:00:00,3.6825,3.5154,3.8359,1.8885,2.7885,39.75,47.75,0.0889,0.9479,56.58,56.16,93.16
132,cell_14,2024-02-02 18:00:00,3.6647,3.4933,3.818,1.8603,2.7603,36.3,49.22,0.079,0.9605,62.13,60.04,93.499
133,cell_14,2024-02-03 00:00:00,3.7031,3.5281,3.8582,1.731,2.6542,39.3,47.3,0.0738,0.9519,64.75,61.14,94.076
134,cell_14,2024-02-03 06:00:00,3.6888,3.5221,3.8422,1.867,2.767,40.25,48.25,0.0961,0.9519,61.14,57.15,93.319
135,cell_14,2024-02-03 12:00:00,3.6929,3.517,3.8471,1.7925,2.7273,39.07,47.07,0.0672,0.9502,63.09,62.21,93.462
136,cell_14,2024-02-03 18:00:00,3.6914,3.5243,3.8449,1.7195,2.6195,38.88,46.88,0.0673,0.9572,65.01,59.16,93.151
137,cell_14,2024-02-04 00:00:00,3.6762,3.501,3.8293,1.7328,2.6328,38.44,48.84,0.094,0.9478,64.06,58.76,93.743
138,cell_14,2024-02-04 06:00:00,3.682,3.4984,3.8563,1.8683,2.7683,38.21,46.21,0.099,0.9389,57.74,57.22,92.608
139,cell_14,2024-02-04 12:00:00,3.6887,3.5075,3.8565,1.8227,2.7447,38.86,46.86,0.084,0.9596,60.23,56.96,92.553
140,cell_14,2024-02-04 18:00:00,3.6866,3.5175,3.855,1.7508,2.6508,40.8,48.8,0.0967,0.9456,61.17,61.19,92.372
141,cell_14,2024-02-05 00:00:00,3.6777,3.5033,3.8398,1.8791,2.7791,37.94,45.94,0.0786,0.9528,60.19,55.6,92.665
142,cell_14,2024-02-05 06:00:00,3.6933,3.5264,3.8508,1.8355,2.8196,39.59,50.47,0.081,0.9576,58.45,57.98,93.25
143,cell_14,2024-02-05 12:00:00,3.6949,3.5269,3.8632,1.7872,2.6872,34.97,45.08,0.0913,0.9393,63.66,62.1,92.809
144,cell_14,2024-02-05 18:00:00,3.6853,3.5173,3.8422,1.8149,2.7837,38.21,46.21,0.0683,0.9418,63.16,58.07,92.765
145,cell_14,2024-02-06 00:00:00,3.6992,3.523,3.859,1.7562,2.7161,40.07,48.07,0.0984,0.9357,64.12,61.36,92.782
146,cell_14,2024-02-06 06:00:00,3.6944,3.5261,3.8619,1.9,2.8478,40.51,48.51,0.0792,0.9465,60.44,58.52,92.686
147,cell_14,2024-02-06 12:00:00,3.6935,3.5116,3.8551,1.7407,2.6825,37.33,46.59,0.0805,0.9606,63.17,60.31,93.078
148,cell_14,2024-02-06 18:00:00,3.6843,3.5156,3.8423,1.7356,2.6356,39.42,47.42,0.0858,0.9498,64.19,57.83,92.843
149,cell_14,2024-02-07 00:00:00,3.6866,3.5172,3.8485,1.8097,2.7097,40.17,48.94,0.1006,0.9641,61.17,59.34,92.22
150,cell_14,2024-02-07 06:00:00,3.6977,3.5299,3.8523,1.944,2.9438,37.79,47.05,0.0399,0.9533,58.13,55.29,92.903
151,cell_14,2024-02-07 12:00:00,3.6745,3.5062,3.8333,1.7297,2.6862,36.48,47.6,0.0587,0.9443,64.11,60.15,92.681
152,cell_14,2024-02-07 18:00:00,3.6753,3.494,3.8349,1.8408,2.7696,36.97,44.97,0.1045,0.9432,57.8,58.84,92.747
153,cell_14,2024-02-08 00:00:00,3.6839,3.5089,3.8379,1.8035,2.7035,36.6,44.71,0.0938,0.9658,61.31,59.78,92.008
154,cell_14,2024-02-08 06:00:00,3.6884,3.5194,3.8422,1.82,2.72,40.05,51.19,0.0752,0.9578,58.04,56.23,92.393
155,cell_14,2024-02-08 12:00:00,3.6876,3.511,3.8487,1.8571,2.7571,39.14,47.14,0.0854,0.9482,59.29,54.86,92.351
156,cell_14,2024-02-08 18:00:00,3.6932,3.5232,3.8485,1.7657,2.6657,38.34,46.34,0.0959,0.9514,59.6,60.53,91.993
157,cell_14,2024-02-09 00:00:00,3.6912,3.5225,3.8449,1.7871,2.6871,37.65,50.93,0.1151,0.9456,62.01,58.56,92.523
158,cell_14,2024-02-09 06:00:00,3.6878,3.517,3.8448,1.7655,2.678,40.64,48.64,0.0756,0.9247,61.52,56.87,91.697
159,cell_14,2024-02-09 12:00:00,3.6866,3.5194,3.8401,1.8701,2.8344,38.66,50.13,0.1103,0.9509,59.79,54.43,93.096
160,cell_14,2024-02-09 18:00:00,3.6959,3.5256,3.85,1.8636,2.8747,39.46,47.46,0.0954,0.9376,59.32,53.27,91.852
161,cell_14,2024-02-10 00:00:00,3.7,3.5244,3.854,1.7438,2.7233,37.62,45.62,0.0655,0.9464,65.17,57.49,92.007
162,cell_14,2024-02-10 06:00:00,3.6849,3.5075,3.8408,1.819,2.719,37.21,45.21,0.0718,0.9374,63.33,58.66,91.93
163,cell_14,2024-02-10 12:00:00,3.6922,3.5228,3.8547,1.8524,2.7524,40.5,49.72,0.1082,0.9481,58.23,59.36,92.216
164,cell_14,2024-02-10 18:00:00,3.686,3.5169,3.8398,1.7205,2.6205,39.1,48.54,0.1123,0.94,67.08,63.11,92.367
165,cell_14,2024-02-11 00:00:00,3.6755,3.5048,3.8431,1.8694,2.8288,39.24,47.41,0.083,0.9507,58.16,55.83,91.735
166,cell_14,2024-02-11 06:00:00,3.6712,3.496,3.8252,1.7967,2.741,39.47,48.38,0.106,0.9569,59.33,59.52,91.918
167,cell_14,2024-02-11 12:00:00,3.6994,3.5204,3.8604,1.7773,2.6773,40.46,50.21,0.0911,0.9531,62.57,59.4,91.737
168,cell_14,2024-02-11 18:00:00,3.695,3.5209,3.8493,1.8698,2.7699,40.73,48.73,0.0827,0.9353,57.98,54.11,91.336
169,cell_14,2024-02-12 00:00:00,3.6915,3.5206,3.8573,1.8565,2.7734,37.3,45.44,0.0878,0.9334,58.17,55.67,91.637
170,cell_14,2024-02-12 06:00:00,3.6974,3.5192,3.8538,1.7316,2.6651,38.59,49.91,0.0561,0.9372,64.28,60.18,91.618
171,cell_14,2024-02-12 12:00:00,3.6794,3.5046,3.8336,1.8361,2.8043,37.43,45.43,0.0786,0.9603,61.06,55.53,91.63
172,cell_14,2024-02-12 18:00:00,3.6959,3.517,3.8513,1.834,2.7506,39.25,47.25,0.0735,0.9719,59.46,59.42,91.36
173,cell_14,2024-02-13 00:00:00,3.6908,3.5198,3.8491,1.691,2.591,38.4,48.56,0.104,0.9433,63.54,60.3,91.576
174,cell_14,2024-02-13 06:00:00,3.6833,3.5074,3.8397,1.8281,2.7549,38.51,46.81,0.089,0.9398,61.92,58.36,91.708
175,cell_14,2024-02-13 12:00:00,3.6636,3.4827,3.8214,1.7794,2.6794,38.64,46.64,0.0793,0.9639,62.35,57.32,91.112
176,cell_14,2024-02-13 18:00:00,3.6732,3.5023,3.8274,1.8564,2.7828,38.57,46.57,0.1063,0.9458,60.02,56.16,91.659
177,cell_14,2024-02-14 00:00:00,3.7051,3.535,3.8591,1.7572,2.6572,42.77,52.61,0.0538,0.9492,65.42,60.94,91.942
178,cell_14,2024-02-14 06:00:00,3.7035,3.5312,3.8579,1.8061,2.7721,36.08,44.08,0.0649,0.9516,63.53,59.08,91.091
179,cell_14,2024-02-14 12:00:00,3.6731,3.5019,3.8332,1.7732,2.7434,38.75,49.65,0.1093,0.9432,59.13,57.19,91.52
180,cell_14,2024-02-14 18:00:00,3.6674,3.4965,3.8267,1.7682,2.6682,36.74,44.91,0.0968,0.9422,60.65,59.36,91.61
181,cell_14,2024-02-15 00:00:00,3.7005,3.5295,3.8738,1.6906,2.7008,39.23,49.26,0.0523,0.9492,67.05,62.68,91.622
182,cell_14,2024-02-15 06:00:00,3.6867,3.5047,3.8408,1.8533,2.7697,36.86,46.65,0.0884,0.9459,56.98,53.62,91.656
183,cell_14,2024-02-15 12:00:00,3.6804,3.4985,3.8373,1.858,2.7853,38.89,46.89,0.0587,0.9322,56.46,57.82,91.748
184,cell_14,2024-02-15 18:00:00,3.6743,3.5019,3.8302,1.8036,2.7817,37.89,46.84,0.0755,0.941,59.55,58.31,91.06
185,cell_14,2024-02-16 00:00:00,3.6737,3.5005,3.837,1.8185,2.8259,40.6,48.6,0.0932,0.9486,61.59,57.71,90.72
186,cell_14,2024-02-16 06:00:00,3.6994,3.5267,3.854,1.7633,2.7284,36.75,46.07,0.0833,0.9445,61.32,56.94,90.912
187,cell_14,2024-02-16 12:00:00,3.6897,3.5037,3.8455,1.8537,2.7764,36.95,44.95,0.0826,0.955,57.51,56.2,91.452
188,cell_14,2024-02-16 18:00:00,3.6682,3.4888,3.8231,1.8123,2.7123,37.27,45.27,0.0675,0.9422,58.11,57.5,90.755
189,cell_14,2024-02-17 00:00:00,3.6797,3.5077,3.8416,1.8031,2.7251,39.54,49.13,0.1071,0.9681,60.99,56.71,91.175
190,cell_14,2024-02-17 06:00:00,3.7027,3.5309,3.8793,1.8736,2.8097,39.29,47.29,0.0939,0.9505,57.59,56.61,91.273
191,cell_14,2024-02-17 12:00:00,3.6898,3.5178,3.8475,1.7349,2.662,38.53,46.82,0.0679,0.9507,63.9,57.02,91.203
192,cell_14,2024-02-17 18:00:00,3.673,3.5012,3.8273,1.7029,2.6029,39.94,51.73,0.0864,0.9449,66.22,61.16,91.298
193,cell_14,2024-02-18 00:00:00,3.68,3.5075,3.8345,1.8222,2.7222,35.58,46.38,0.0778,0.9473,56.96,54.3,91.01
194,cell_14,2024-02-18 06:00:00,3.6854,3.5129,3.8504,1.7896,2.7056,38.61,47.41,0.073,0.9311,59.94,57.58,90.989
195,cell_14,2024-02-18 12:00:00,3.6968,3.5257,3.8511,1.7432,2.6432,38.95,46.95,0.0869,0.95,63.32,62.35,91.564
196,cell_14,2024-02-18 18:00:00,3.6864,3.5154,3.8438,1.8086,2.7086,39.24,47.24,0.1174,0.9697,61.85,57.44,91.611
197,cell_14,2024-02-19 00:00:00,3.701,3.5274,3.8552,1.8182,2.7182,39.07,49.18,0.0667,0.959,59.18,60.25,91.453
198,cell_14,2024-02-19 06:00:00,3.6894,3.5003,3.8708,1.844,2.744,39.35,47.35,0.0952,0.9337,59.18,57.88,91.184
199,cell_14,2024-02-19 12:00:00,3.6634,3.4905,3.8179,1.7449,2.6449,39.65,48.48,0.1011,0.9529,60.01,62.14,90.846
200,cell_14,2024-02-19 18:00:00,3.6919,3.5196,3.8464,1.7795,2.6944,41.9,49.9,0.0938,0.9545,58.93,60.64,91.06
201,cell_14,2024-02-20 00:00:00,3.6846,3.4988,3.847,1.815,2.715,40.05,48.05,0.1023,0.9652,62.33,59.29,90.98
202,cell_14,2024-02-20 06:00:00,3.6817,3.5032,3.8361,1.8554,2.7554,36.72,44.72,0.0826,0.9421,59.21,55.03,91.191
203,cell_14,2024-02-20 12:00:00,3.6904,3.5174,3.8449,1.8455,2.8116,40.24,49.06,0.0938,0.9729,58.94,58.11,90.978
204,cell_14,2024-02-20 18:00:00,3.6832,3.5095,3.838,1.7754,2.725,38.75,47.85,0.0865,0.9511,60.78,57.1,90.485
205,cell_14,2024-02-21 00:00:00,3.6875,3.4962,3.8423,1.826,2.7442,38.12,50.43,0.0583,0.9417,62.03,58.44,90.3
206,cell_14,2024-02-21 06:00:00,3.6787,3.5019,3.8341,1.774,2.7468,36.81,44.81,0.0632,0.9337,59.93,57.19,89.284
207,cell_14,2024-02-21 12:00:00,3.68,3.5061,3.8348,1.7794,2.6794,38.54,47.18,0.1051,0.9488,59.52,54.94,90.426
208,cell_14,2024-02-21 18:00:00,3.6961,3.5211,3.8703,1.7844,2.7238,39.28,49.63,0.0748,0.9521,58.09,60.01,90.013
209,cell_14,2024-02-22 00:00:00,3.6866,3.5124,3.8621,1.7679,2.6679,40.1,48.1,0.0775,0.9386,63.17,59.45,90.323
210,cell_14,2024-02-22 06:00:00,3.689,3.5018,3.8645,1.8367,2.8133,37.33,45.52,0.0993,0.9562,61.37,56.91,89.931
211,cell_14,2024-02-22 12:00:00,3.68,3.5047,3.8347,1.8465,2.7602,38.35,47.57,0.0815,0.9553,61.35,58.1,90.519
212,cell_14,2024-02-22 18:00:00,3.6954,3.511,3.8577,1.78,2.68,38.24,46.24,0.0982,0.9501,58.59,60.36,89.872
213,cell_14,2024-02-23 00:00:00,3.6871,3.5121,3.8433,1.8087,2.7789,38.12,46.53,0.0819,0.9414,60.58,58.32,90.011
214,cell_14,2024-02-23 06:00:00,3.6817,3.5068,3.8367,1.7808,2.6808,36.7,44.7,0.0634,0.9502,60.87,58.06,90.037
215,cell_14,2024-02-23 12:00:00,3.697,3.5062,3.8522,1.7531,2.6531,37.39,45.39,0.1043,0.9684,60.75,56.28,89.58
216,cell_14,2024-02-23 18:00:00,3.6819,3.5072,3.8368,1.7455,2.7234,38.53,50.82,0.0675,0.9408,63.93,60.23,90.155
217,cell_14,2024-02-24 00:00:00,3.6872,3.5129,3.8436,1.8874,2.8211,39.92,47.92,0.1092,0.9324,59.69,54.54,90.28
218,cell_14,2024-02-24 06:00:00,3.6732,3.4902,3.8281,1.7628,2.6628,38.63,47.08,0.0955,0.9463,59.14,58.46,90.158
219,cell_14,2024-02-24 12:00:00,3.6798,3.5067,3.8345,1.8318,2.7318,37.19,45.19,0.0736,0.9419,56.5,57.38,90.727
220,cell_14,2024-02-24 18:00:00,3.6917,3.507,3.8507,1.8195,2.7195,38.59,47.47,0.0959,0.9315,57.08,57.46,89.274
221,cell_14,2024-02-25 00:00:00,3.683,3.5056,3.8385,1.7404,2.6404,37.12,49.07,0.0747,0.9541,63.28,56.84,89.024
222,cell_14,2024-02-25 06:00:00,3.6847,3.5077,3.8548,1.8212,2.7212,40.1,48.1,0.0687,0.9368,61.21,54.75,89.184
223,cell_14,2024-02-25 12:00:00,3.6835,3.5007,3.8392,1.8148,2.7148,41.23,51.4,0.0882,0.9358,60.29,54.73,89.567
224,cell_14,2024-02-25 18:00:00,3.6843,3.509,3.8394,1.7988,2.7496,39.12,47.12,0.0996,0.9582,57.06,58.48,89.864
225,cell_14,2024-02-26 00:00:00,3.6789,3.5028,3.8342,1.7782,2.7216,39.99,47.99,0.0895,0.964,60.91,57.2,89.556
226,cell_14,2024-02-26 06:00:00,3.6793,3.4936,3.8394,1.7999,2.6999,37.91,45.91,0.0693,0.9759,59.1,57.17,89.356
227,cell_14,2024-02-26 12:00:00,3.682,3.5069,3.837,1.8236,2.7669,39.32,47.32,0.057,0.9344,60.86,56.42,89.953
228,cell_14,2024-02-26 18:00:00,3.6813,3.5037,3.8498,1.7569,2.7331,38.89,47.12,0.0805,0.9539,62.65,60.18,89.469
229,cell_14,2024-02-27 00:00:00,3.6883,3.5013,3.8524,1.8719,2.7719,40.43,48.43,0.0621,0.936,55.39,54.73,89.092
230,cell_14,2024-02-27 06:00:00,3.689,3.5126,3.8441,1.8344,2.7727,38.04,46.04,0.082,0.9507,57.67,58.63,89.804
231,cell_14,2024-02-27 12:00:00,3.6977,3.5192,3.8529,1.6797,2.5821,38.8,47.87,0.0833,0.9484,62.26,61.5,89.698
232,cell_14,2024-02-27 18:00:00,3.6913,3.4997,3.8586,1.7888,2.6888,37.27,47.62,0.0982,0.9286,60.26,57.1,89.575
233,cell_14,2024-02-28 00:00:00,3.6756,3.4766,3.8348,1.9065,2.8089,39.88,49.18,0.0969,0.9553,54.05,51.12,89.626
234,cell_14,2024-02-28 06:00:00,3.6769,3.4981,3.8323,1.8179,2.7601,37.96,46.32,0.1036,0.95,59.33,55.38,89.034
235,cell_14,2024-02-28 12:00:00,3.693,3.5159,3.8485,1.7638,2.6638,38.44,46.44,0.0836,0.956,60.52,56.62,89.15
236,cell_14,2024-02-28 18:00:00,3.6895,3.5026,3.8452,1.832,2.7337,37.57,46.74,0.076,0.9374,58.38,55.61,88.591
237,cell_14,2024-02-29 00:00:00,3.6934,3.5151,3.8491,1.6941,2.5941,38.62,46.62,0.0928,0.9711,64.94,58.72,88.673
238,cell_14,2024-02-29 06:00:00,3.6829,3.4912,3.8417,1.8134,2.7161,39.98,49.66,0.0925,0.9526,58.56,54.58,88.6
239,cell_14,2024-02-29 12:00:00,3.6808,3.5032,3.8364,1.7749,2.6749,39.44,47.44,0.0916,0.9533,61.86,60.13,88.95
240,cell_14,2024-02-29 18:00:00,3.6862,3.5076,3.842,1.8021,2.7021,40.82,48.82,0.1222,0.9638,61.52,54.95,88.539
241,cell_14,2024-03-01 00:00:00,3.6693,3.4911,3.8359,1.7335,2.7294,37.92,47.15,0.0973,0.9499,58.9,60.49,88.707
242,cell_14,2024-03-01 06:00:00,3.6808,3.5021,3.842,1.7785,2.6785,38.92,46.92,0.1077,0.9411,57.21,58.6,88.531
243,cell_14,2024-03-01 12:00:00,3.7025,3.5121,3.8582,1.6694,2.5996,40.63,48.63,0.0623,0.9609,61.66,59.37,88.582
244,cell_14,2024-03-01 18:00:00,3.6792,3.4966,3.835,1.7691,2.6996,37.5,45.5,0.0645,0.9485,61.28,56.21,88.337
245,cell_14,2024-03-02 00:00:00,3.6826,3.5039,3.8454,1.8061,2.7116,40.71,49.91,0.0685,0.9597,59.61,57.28,88.504
246,cell_14,2024-03-02 06:00:00,3.6803,3.4803,3.8362,1.8557,2.7712,41.2,49.2,0.0843,0.9488,57.63,53.55,88.22
247,cell_14,2024-03-02 12:00:00,3.6979,3.5181,3.8536,1.9232,2.8566,37.26,48.04,0.0811,0.9717,56.21,49.96,88.554
248,cell_14,2024-03-02 18:00:00,3.6709,3.4921,3.8266,1.759,2.659,42.57,52.11,0.0893,0.9494,60.11,57.36,88.477
249,cell_14,2024-03-03 00:00:00,3.6895,3.5108,3.8453,1.8253,2.7253,38.51,47.04,0.1171,0.9436,56.97,55.46,88.508
250,cell_14,2024-03-03 06:00:00,3.679,3.5006,3.8347,1.7832,2.6832,36.39,47.59,0.0822,0.9532,57.78,55.68,88.654
251,cell_14,2024-03-03 12:00:00,3.677,3.4996,3.8325,1.785,2.7106,37.27,45.27,0.0937,0.9451,62.48,54.18,89.029
252,cell_14,2024-03-03 18:00:00,3.6652,3.4852,3.8212,1.8044,2.7318,38.69,46.95,0.0855,0.9412,57.04,55.23,87.988
253,cell_14,2024-03-04 00:00:00,3.6997,3.5206,3.8555,1.7921,2.6921,38.31,46.31,0.1056,0.9633,58.24,58.95,88.375
254,cell_14,2024-03-04 06:00:00,3.6896,3.5101,3.8539,1.8934,2.7934,37.74,45.74,0.0967,0.9371,57.15,55.52,88.212
255,cell_14,2024-03-04 12:00:00,3.6696,3.4841,3.8253,1.7851,2.6851,37.06,45.06,0.083,0.9601,61.04,58.56,88.579
256,cell_14,2024-03-04 18:00:00,3.6705,3.4922,3.8307,1.7428,2.6428,36.81,46.63,0.1032,0.9659,61.24,57.22,88.698
257,cell_14,2024-03-05 00:00:00,3.6757,3.4781,3.8412,1.8092,2.7092,41.4,51.92,0.0962,0.9464,58.55,53.68,88.122
258,cell_14,2024-03-05 06:00:00,3.6873,3.5016,3.8432,1.7463,2.6463,39.46,47.46,0.1013,0.9525,63.46,60.48,88.232
259,cell_14,2024-03-05 12:00:00,3.6813,3.5023,3.8422,1.7816,2.6816,40.43,53.0,0.0849,0.9415,59.32,58.7,88.396
260,cell_14,2024-03-05 18:00:00,3.6731,3.489,3.829,1.853,2.7593,37.52,45.52,0.0973,0.9613,59.38,52.5,88.17
261,cell_14,2024-03-06 00:00:00,3.6811,3.4994,3.8445,1.7876,2.7368,38.33,46.33,0.0795,0.9369,61.91,55.64,87.941
262,cell_14,2024-03-06 06:00:00,3.695,3.5017,3.8574,1.826,2.726,37.4,45.4,0.0637,0.9598,55.46,55.68,88.245
263,cell_14,2024-03-06 12:00:00,3.6879,3.4996,3.8585,1.7895,2.7378,38.18,46.94,0.0748,0.9499,59.91,56.68,87.966
264,cell_14,2024-03-06 18:00:00,3.6644,3.4845,3.832,1.8131,2.7537,40.53,50.42,0.0962,0.9413,61.16,56.38,88.314
265,cell_14,2024-03-07 00:00:00,3.6717,3.4746,3.8303,1.7652,2.6652,38.28,47.87,0.0947,0.9428,59.59,59.63,88.148
266,cell_14,2024-03-07 06:00:00,3.6807,3.4951,3.8643,1.8406,2.7406,38.78,46.78,0.0703,0.9547,56.68,52.52,87.986
267,cell_14,2024-03-07 12:00:00,3.6828,3.496,3.8478,1.7341,2.6341,37.93,48.17,0.1115,0.9379,59.9,60.03,87.665
268,cell_14,2024-03-07 18:00:00,3.6952,3.5002,3.8639,1.76,2.6738,40.09,48.09,0.0641,0.9553,61.61,55.69,88.048
269,cell_14,2024-03-08 00:00:00,3.6815,3.4922,3.8376,1.8041,2.7316,38.09,51.9,0.0873,0.9515,59.34,55.73,87.721
270,cell_14,2024-03-08 06:00:00,3.687,3.5041,3.8431,1.8412,2.7429,40.84,50.99,0.0757,0.9458,56.82,54.62,87.717
271,cell_14,2024-03-08 12:00:00,3.66,3.4799,3.8168,1.8106,2.7106,38.42,46.42,0.0879,0.9546,58.78,56.52,87.938
272,cell_14,2024-03-08 18:00:00,3.678,3.4979,3.834,1.8256,2.7256,42.63,50.63,0.059,0.9418,58.4,54.07,87.976
273,cell_14,2024-03-09 00:00:00,3.6884,3.5075,3.845,1.7391,2.6755,40.8,48.8,0.0507,0.947,59.21,55.12,87.64
274,cell_14,2024-03-09 06:00:00,3.7001,3.5189,3.8564,1.7842,2.7154,38.92,51.16,0.0718,0.9459,55.94,57.93,87.491
275,cell_14,2024-03-09 12:00:00,3.6678,3.4865,3.835,1.8119,2.7392,39.1,47.1,0.0976,0.937,55.05,53.18,87.47
276,cell_14,2024-03-09 18:00:00,3.6793,3.4975,3.8473,1.8028,2.7201,41.06,49.06,0.0877,0.9464,57.85,53.73,87.361
277,cell_14,2024-03-10 00:00:00,3.6636,3.4721,3.8211,1.7459,2.7047,39.49,49.52,0.0569,0.9341,61.24,54.58,87.464
278,cell_14,2024-03-10 06:00:00,3.6796,3.4989,3.8357,1.7578,2.6578,39.9,47.9,0.1034,0.9442,62.42,56.95,87.734
279,cell_14,2024-03-10 12:00:00,3.6916,3.5101,3.8657,1.7934,2.6934,42.17,50.17,0.0884,0.9324,60.48,56.19,87.425
280,cell_14,2024-03-10 18:00:00,3.6904,3.5091,3.8467,1.8373,2.7373,39.31,48.94,0.0991,0.9395,56.25,54.4,87.479
281,cell_14,2024-03-11 00:00:00,3.6804,3.4986,3.8368,1.905,2.805,35.85,43.85,0.0772,0.9405,55.2,49.95,87.28
282,cell_14,2024-03-11 06:00:00,3.6786,3.4972,3.8397,1.7455,2.72,39.26,50.13,0.0481,0.9539,59.81,59.14,87.44
283,cell_14,2024-03-11 12:00:00,3.7071,3.5251,3.8634,1.8025,2.7025,40.76,49.57,0.1138,0.9401,56.47,52.71,87.378
284,cell_14,2024-03-11 18:00:00,3.6784,3.4807,3.8349,1.749,2.649,39.47,47.47,0.0806,0.9372,57.99,59.63,87.071
285,cell_14,2024-03-12 00:00:00,3.6749,3.4861,3.8314,1.7988,2.6988,37.26,45.72,0.1038,0.9459,59.98,54.36,86.93
286,cell_14,2024-03-12 06:00:00,3.6753,3.4866,3.8316,1.7807,2.7136,38.87,50.39,0.0763,0.9687,56.61,56.29,87.28
287,cell_14,2024-03-12 12:00:00,3.6658,3.481,3.8371,1.8204,2.7204,41.23,49.74,0.0859,0.9331,54.87,55.55,86.977
288,cell_14,2024-03-12 18:00:00,3.6844,3.501,3.8541,1.7006,2.6709,36.87,45.95,0.0515,0.9567,59.78,58.26,86.664
289,cell_14,2024-03-13 00:00:00,3.6875,3.4835,3.8517,1.7834,2.754,36.42,45.38,0.0674,0.9533,58.71,57.85,87.355
290,cell_14,2024-03-13 06:00:00,3.6866,3.5039,3.8431,1.8054,2.7054,37.74,45.74,0.1136,0.9707,55.18,56.53,86.951
291,cell_14,2024-03-13 12:00:00,3.6875,3.496,3.8442,1.8102,2.7102,40.72,48.72,0.1015,0.9527,56.44,54.94,86.513
292,cell_14,2024-03-13 18:00:00,3.6747,3.4925,3.8311,1.8164,2.7804,35.93,44.73,0.1077,0.9502,59.45,51.88,87.111
293,cell_14,2024-03-14 00:00:00,3.6791,3.497,3.8355,1.8079,2.7079,39.18,50.12,0.0937,0.9502,57.1,55.76,87.162
294,cell_14,2024-03-14 06:00:00,3.6916,3.5083,3.8482,1.8628,2.8124,39.74,48.97,0.089,0.9494,56.38,54.68,86.705
295,cell_14,2024-03-14 12:00:00,3.6754,3.4924,3.8321,1.8665,2.7665,39.0,47.0,0.1031,0.9568,58.37,54.75,86.777
296,cell_14,2024-03-14 18:00:00,3.6749,3.4925,3.8314,1.7895,2.6895,36.78,45.66,0.1023,0.9444,59.55,55.7,87.031
297,cell_14,2024-03-15 00:00:00,3.69,3.5048,3.8585,1.774,2.674,39.2,49.12,0.09,0.9802,59.72,54.81,86.724
298,cell_14,2024-03-15 06:00:00,3.6719,3.4762,3.8286,1.81,2.7636,37.36,47.79,0.0859,0.9584,60.12,53.73,86.603
299,cell_14,2024-03-15 12:00:00,3.6689,3.4652,3.8254,1.8404,2.7404,39.22,48.49,0.1032,0.9479,54.36,53.08,86.902
300,cell_14,2024-03-15 18:00:00,3.6697,3.4703,3.8263,1.8021,2.7434,37.66,46.22,0.0633,0.9473,60.35,56.05,86.837
301,cell_14,2024-03-16 00:00:00,3.7071,3.5112,3.8715,1.7456,2.6721,39.5,47.5,0.078,0.9496,57.53,57.82,86.702
302,cell_14,2024-03-16 06:00:00,3.6893,3.4875,3.8462,1.848,2.748,38.93,46.93,0.0561,0.9494,53.33,53.66,86.134
303,cell_14,2024-03-16 12:00:00,3.6864,3.4852,3.8478,1.8198,2.7646,37.1,47.14,0.065,0.9562,57.05,55.91,86.809
304,cell_14,2024-03-16 18:00:00,3.6704,3.4867,3.8271,1.8879,2.8155,39.83,47.83,0.0882,0.9528,57.11,52.13,86.515
305,cell_14,2024-03-17 00:00:00,3.6851,3.4996,3.8429,1.7626,2.6626,38.78,46.78,0.0995,0.9645,57.98,56.33,86.781
306,cell_14,2024-03-17 06:00:00,3.6962,3.5117,3.8531,1.8119,2.7384,39.48,48.95,0.1205,0.9403,54.74,56.32,86.179
307,cell_14,2024-03-17 12:00:00,3.684,3.4959,3.8405,1.8216,2.7216,39.29,48.09,0.0818,0.9495,54.5,54.4,86.915
308,cell_14,2024-03-17 18:00:00,3.6685,3.4843,3.8253,1.7888,2.7125,40.5,51.47,0.0759,0.9401,57.3,53.87,86.348
309,cell_14,2024-03-18 00:00:00,3.6854,3.5023,3.8437,1.7526,2.6657,39.86,49.72,0.0825,0.9451,62.26,55.93,86.729
310,cell_14,2024-03-18 06:00:00,3.6787,3.4959,3.8441,1.8141,2.7651,39.61,47.61,0.0888,0.9447,58.49,53.18,86.88
311,cell_14,2024-03-18 12:00:00,3.6814,3.4982,3.8432,1.7785,2.7264,36.15,47.28,0.12,0.9577,58.56,53.97,86.717
312,cell_14,2024-03-18 18:00:00,3.6704,3.4872,3.8427,1.8014,2.7014,38.34,46.99,0.0842,0.9435,56.06,55.5,86.716
313,cell_14,2024-03-19 00:00:00,3.6723,3.4803,3.829,1.8021,2.7021,35.04,44.49,0.0621,0.9639,60.28,52.01,86.626
314,cell_14,2024-03-19 06:00:00,3.674,3.4886,3.852,1.7471,2.6471,36.75,44.75,0.0917,0.9645,56.26,54.9,85.843
315,cell_14,2024-03-19 12:00:00,3.6721,3.4784,3.8382,1.7783,2.7321,40.57,49.64,0.0857,0.9571,55.72,56.34,86.607
316,cell_14,2024-03-19 18:00:00,3.6792,3.4956,3.8359,1.7795,2.6795,38.12,46.12,0.0832,0.9385,57.18,53.76,86.538
317,cell_14,2024-03-20 00:00:00,3.6719,3.4865,3.8389,1.8034,2.7198,40.53,48.53,0.0787,0.9643,56.86,57.11,85.838
318,cell_14,2024-03-20 06:00:00,3.6938,3.5061,3.869,1.8237,2.7694,37.63,49.32,0.1254,0.9457,58.06,53.8,84.924
319,cell_14,2024-03-20 12:00:00,3.6843,3.4999,3.8523,1.8161,2.7188,38.61,46.61,0.0739,0.9466,58.2,54.88,86.254
320,cell_14,2024-03-20 18:00:00,3.6857,3.4992,3.843,1.8436,2.8305,39.04,47.04,0.0533,0.9551,55.01,53.0,85.406
321,cell_14,2024-03-21 00:00:00,3.6778,3.4931,3.8351,1.8078,2.7078,41.13,49.13,0.072,0.9414,58.02,55.82,86.112
322,cell_14,2024-03-21 06:00:00,3.6585,3.4704,3.8232,1.8999,2.8271,40.32,52.01,0.0742,0.9625,55.37,52.5,85.734
323,cell_14,2024-03-21 12:00:00,3.6875,3.4994,3.8445,1.8195,2.7395,38.07,47.1,0.0587,0.958,55.01,55.86,86.096
324,cell_14,2024-03-21 18:00:00,3.6774,3.4892,3.839,1.7333,2.6399,38.08,47.41,0.0802,0.9797,58.34,54.89,85.65
325,cell_14,2024-03-22 00:00:00,3.6831,3.4891,3.8452,1.7806,2.6806,39.1,49.11,0.1163,0.953,56.43,54.61,85.954
326,cell_14,2024-03-22 06:00:00,3.6771,3.48,3.8345,1.9597,2.8597,42.41,51.99,0.0586,0.9487,53.88,49.74,85.186
327,cell_14,2024-03-22 12:00:00,3.6563,3.4705,3.826,1.733,2.633,38.95,47.46,0.0563,0.97,61.64,55.52,85.702
328,cell_14,2024-03-22 18:00:00,3.6742,3.4885,3.8323,1.8239,2.7239,37.61,46.05,0.0989,0.9313,58.61,52.22,85.696
329,cell_14,2024-03-23 00:00:00,3.6706,3.4854,3.8276,1.913,2.813,37.68,48.75,0.08,0.9523,54.39,48.6,85.913
330,cell_14,2024-03-23 06:00:00,3.6804,3.4935,3.8376,1.7387,2.7539,38.57,46.57,0.0764,0.9486,58.19,55.34,85.554
331,cell_14,2024-03-23 12:00:00,3.6833,3.4977,3.8404,1.8794,2.8172,39.33,47.33,0.1056,0.9623,54.82,51.79,85.782
332,cell_14,2024-03-23 18:00:00,3.6999,3.5075,3.8665,1.8793,2.7793,37.49,46.86,0.0729,0.9811,56.72,53.56,85.579
333,cell_14,2024-03-24 00:00:00,3.6834,3.498,3.8429,1.7868,2.6968,40.27,49.0,0.0527,0.9433,58.69,55.83,85.834
334,cell_14,2024-03-24 06:00:00,3.6731,3.4719,3.8373,1.7067,2.6278,37.87,45.87,0.1,0.9616,62.35,56.36,85.815
335,cell_14,2024-03-24 12:00:00,3.6747,3.4818,3.8317,1.8314,2.7365,40.8,53.62,0.0828,0.9639,54.0,54.84,85.961
336,cell_14,2024-03-24 18:00:00,3.683,3.4961,3.8413,1.7966,2.6975,39.24,47.24,0.0817,0.9631,57.11,52.12,85.242
337,cell_14,2024-03-25 00:00:00,3.6868,3.5007,3.844,1.7917,2.6917,38.35,46.51,0.045,0.9524,59.11,53.29,85.566
338,cell_14,2024-03-25 06:00:00,3.666,3.48,3.8271,1.8346,2.7527,34.63,43.26,0.064,0.9572,56.17,52.25,85.617
339,cell_14,2024-03-25 12:00:00,3.6766,3.4804,3.8336,1.8017,2.7148,38.32,46.32,0.08,0.9405,56.22,51.75,86.078
340,cell_14,2024-03-25 18:00:00,3.6776,3.493,3.8378,1.7218,2.6558,38.88,46.88,0.0627,0.9677,59.14,59.25,86.127
341,cell_14,2024-03-26 00:00:00,3.6612,3.4736,3.8188,1.7953,2.7373,38.95,46.95,0.1031,0.9392,54.3,53.52,84.927
342,cell_14,2024-03-26 06:00:00,3.6849,3.4978,3.8677,1.8192,2.7596,39.76,51.0,0.0827,0.9403,58.31,52.27,85.151
343,cell_14,2024-03-26 12:00:00,3.6791,3.4906,3.8376,1.8258,2.7311,38.3,46.3,0.0792,0.9472,56.69,54.17,84.585
344,cell_14,2024-03-26 18:00:00,3.677,3.4813,3.8386,1.865,2.765,39.78,48.62,0.1035,0.9443,57.56,52.75,85.994
345,cell_14,2024-03-27 00:00:00,3.6806,3.4879,3.8417,1.7041,2.6411,37.52,45.52,0.0723,0.9543,58.13,59.47,85.43
346,cell_14,2024-03-27 06:00:00,3.6845,3.4887,3.8418,1.8516,2.7516,40.39,49.86,0.0917,0.9468,53.82,53.52,85.309
347,cell_14,2024-03-27 12:00:00,3.6969,3.4956,3.8586,1.7819,2.6819,40.42,50.61,0.084,0.9413,57.52,56.66,85.039
348,cell_14,2024-03-27 18:00:00,3.6842,3.4969,3.8535,1.8104,2.7104,39.39,47.39,0.1008,0.9388,54.1,54.83,85.085
349,cell_14,2024-03-28 00:00:00,3.6667,3.4801,3.8258,1.8445,2.7445,40.06,49.47,0.0928,0.9619,56.26,54.36,85.425
350,cell_14,2024-03-28 06:00:00,3.7054,3.5173,3.8716,1.763,2.6911,38.46,46.46,0.0965,0.9553,56.68,54.41,84.773
351,cell_14,2024-03-28 12:00:00,3.6659,3.4619,3.8312,1.7818,2.6884,38.65,46.74,0.0738,0.937,55.18,51.97,84.748
352,cell_14,2024-03-28 18:00:00,3.6814,3.494,3.846,1.8292,2.7685,38.56,47.47,0.0728,0.9564,54.88,52.89,85.014
353,cell_14,2024-03-29 00:00:00,3.6756,3.4883,3.8515,1.7714,2.6973,40.87,49.5,0.0822,0.9468,60.19,55.0,85.089
354,cell_14,2024-03-29 06:00:00,3.6767,3.4898,3.8376,1.8175,2.7694,39.22,47.7,0.0964,0.9342,56.91,52.07,85.253
355,cell_14,2024-03-29 12:00:00,3.6814,3.4853,3.8389,1.7471,2.7036,37.77,45.77,0.0916,0.9376,59.16,53.94,85.092
356,cell_14,2024-03-29 18:00:00,3.6818,3.4886,3.8394,1.8615,2.8087,38.83,46.83,0.0996,0.9602,56.11,51.24,84.833
357,cell_14,2024-03-30 00:00:00,3.6913,3.5037,3.8529,1.8386,2.7869,38.21,46.21,0.0672,0.9635,57.29,52.24,84.972
358,cell_14,2024-03-30 06:00:00,3.6711,3.484,3.8286,1.7627,2.7446,39.19,47.19,0.0574,0.957,58.43,55.77,85.139
359,cell_14,2024-03-30 12:00:00,3.6819,3.4917,3.8533,1.8554,2.8595,38.67,47.59,0.0744,0.9427,54.91,51.25,85.285
360,cell_14,2024-03-30 18:00:00,3.6842,3.492,3.8415,1.822,2.7257,36.89,44.89,0.071,0.9551,53.98,51.0,85.386
361,cell_14,2024-03-31 00:00:00,3.701,3.5114,3.8585,1.7531,2.73,37.31,45.31,0.0652,0.9549,59.78,54.3,85.004
362,cell_14,2024-03-31 06:00:00,3.6823,3.4945,3.8399,1.8352,2.7352,38.36,49.97,0.0798,0.925,54.07,51.18,84.874
363,cell_14,2024-03-31 12:00:00,3.6657,3.4778,3.8244,1.8365,2.7365,40.99,51.4,0.0585,0.9558,53.54,53.31,84.817
364,cell_14,2024-03-31 18:00:00,3.6919,3.5055,3.8492,1.7215,2.7045,36.18,44.18,0.0729,0.9519,62.14,55.84,85.436
365,cell_14,2024-04-01 00:00:00,3.6722,3.473,3.83,1.6792,2.5843,39.52,47.52,0.0647,0.9734,61.33,57.82,84.435
366,cell_14,2024-04-01 06:00:00,3.6679,3.4787,3.8257,1.7805,2.6805,41.34,49.34,0.0607,0.9699,57.36,53.21,84.337
367,cell_14,2024-04-01 12:00:00,3.6902,3.5017,3.8479,1.7638,2.6638,40.45,48.57,0.0594,0.9492,58.67,55.11,84.616
368,cell_14,2024-04-01 18:00:00,3.6789,3.4689,3.8364,1.8325,2.7325,38.96,46.96,0.0644,0.9545,54.88,50.15,85.05
369,cell_14,2024-04-02 00:00:00,3.6744,3.4852,3.8352,1.7674,2.6674,38.66,46.66,0.0943,0.9512,59.43,54.91,84.289
370,cell_14,2024-04-02 06:00:00,3.694,3.5058,3.8639,1.7706,2.6974,39.96,48.8,0.0783,0.9453,57.42,51.98,84.744
371,cell_14,2024-04-02 12:00:00,3.6715,3.4826,3.8315,1.8914,2.7914,41.26,49.26,0.0862,0.9364,53.8,52.31,84.43
372,cell_14,2024-04-02 18:00:00,3.6709,3.4812,3.8289,1.8637,2.7637,40.08,48.08,0.0799,0.9433,53.27,53.66,84.095
373,cell_14,2024-04-03 00:00:00,3.6812,3.4842,3.8392,1.7246,2.6246,39.28,47.48,0.0967,0.9455,61.38,55.83,84.185
374,cell_14,2024-04-03 06:00:00,3.6539,3.4647,3.8175,1.8683,2.7683,40.82,49.07,0.094,0.9619,54.1,48.87,84.307
375,cell_14,2024-04-03 12:00:00,3.6772,3.485,3.8354,1.8793,2.7793,39.27,47.7,0.0946,0.9521,50.99,49.77,83.749
376,cell_14,2024-04-03 18:00:00,3.677,3.4873,3.8381,1.794,2.7395,39.14,47.14,0.0803,0.9443,58.52,51.24,84.133
377,cell_14,2024-04-04 00:00:00,3.6674,3.4774,3.8281,1.7814,2.6978,39.95,49.91,0.0833,0.9426,56.1,51.32,83.979
378,cell_14,2024-04-04 06:00:00,3.6759,3.4859,3.8339,1.7065,2.6065,38.04,46.04,0.0604,0.9544,59.6,56.96,84.028
379,cell_14,2024-04-04 12:00:00,3.679,3.4896,3.8489,1.7338,2.6338,43.49,51.49,0.07,0.9469,56.94,56.36,84.24
380,cell_14,2024-04-04 18:00:00,3.6743,3.4822,3.8327,1.7955,2.7401,39.24,47.38,0.0987,0.9395,52.98,53.48,83.154
1,cell_15,2024-01-01 00:00:00,3.689,3.5392,3.8389,0.9941,1.4941,26.97,34.97,0.1685,0.9546,126.62,117.27,100.084
2,cell_15,2024-01-01 06:00:00,3.706,3.5462,3.8559,1.11,1.61,25.38,35.15,0.1562,0.9375,112.98,98.64,100.252
3,cell_15,2024-01-01 12:00:00,3.7058,3.555,3.8651,0.9104,1.4104,24.2,35.6,0.1332,0.9421,132.61,120.91,99.677
4,cell_15,2024-01-01 18:00:00,3.7192,3.5565,3.8729,0.968,1.5078,26.63,34.63,0.1498,0.9476,119.76,112.56,100.318
5,cell_15,2024-01-02 00:00:00,3.707,3.557,3.86,1.08,1.58,23.49,31.49,0.1611,0.9622,107.71,109.49,99.979
6,cell_15,2024-01-02 06:00:00,3.7116,3.5541,3.8616,0.991,1.491,24.41,32.48,0.1581,0.947,119.35,111.8,100.01
7,cell_15,2024-01-02 12:00:00,3.6908,3.5389,3.8407,0.9896,1.5425,23.43,31.57,0.1317,0.9547,117.59,121.19,100.275
8,cell_15,2024-01-02 18:00:00,3.6991,3.5422,3.8494,0.9939,1.4939,24.62,36.82,0.1122,0.9506,119.05,119.8,99.463
9,cell_15,2024-01-03 00:00:00,3.6865,3.5341,3.8364,0.9771,1.4771,27.06,35.93,0.1575,0.9507,129.13,113.75,100.191
10,cell_15,2024-01-03 06:00:00,3.71,3.5515,3.8603,1.0464,1.5713,25.28,33.28,0.1496,0.9515,119.7,113.19,99.443
11,cell_15,2024-01-03 12:00:00,3.6964,3.5306,3.849,0.9587,1.4944,22.41,31.2,0.1614,0.9419,127.69,116.49,99.507
12,cell_15,2024-01-03 18:00:00,3.7042,3.5531,3.8698,1.1344,1.7043,24.42,34.3,0.1496,0.9485,106.5,98.28,99.555
13,cell_15,2024-01-04 00:00:00,3.6773,3.5128,3.8272,0.9293,1.4293,25.4,33.4,0.1468,0.9459,133.91,128.17,100.168
14,cell_15,2024-01-04 06:00:00,3.6751,3.5256,3.8329,1.0846,1.5846,25.44,33.95,0.1464,0.9494,115.97,106.34,100.186
15,cell_15,2024-01-04 12:00:00,3.718,3.5686,3.8692,1.0413,1.5413,24.74,32.79,0.1437,0.9432,119.57,111.89,100.25
16,cell_15,2024-01-04 18:00:00,3.7345,3.5776,3.896,0.9659,1.4659,26.15,34.15,0.198,0.9682,126.08,116.94,99.972
17,cell_15,2024-01-05 00:00:00,3.7033,3.5447,3.8704,1.0129,1.5346,25.88,33.88,0.1453,0.9329,118.17,112.67,99.87
18,cell_15,2024-01-05 06:00:00,3.7157,3.561,3.8656,1.0422,1.5422,24.77,32.77,0.1435,0.9333,113.85,112.68,100.132
19,cell_15,2024-01-05 12:00:00,3.6925,3.5424,3.8426,1.0313,1.5313,25.36,33.36,0.1645,0.9543,115.56,106.64,99.937
20,cell_15,2024-01-05 18:00:00,3.6843,3.5344,3.8343,0.9049,1.4049,24.79,36.53,0.159,0.9582,128.16,132.5,100.042
21,cell_15,2024-01-06 00:00:00,3.7164,3.5663,3.8763,1.0193,1.5193,25.08,33.12,0.1517,0.9661,114.88,115.33,99.958
22,cell_15,2024-01-06 06:00:00,3.6986,3.5468,3.8518,0.9306,1.4616,25.29,33.98,0.1328,0.9474,132.32,119.47,99.963
23,cell_15,2024-01-06 12:00:00,3.6986,3.5499,3.8484,1.0524,1.5524,26.52,35.84,0.1238,0.95,116.2,111.16,100.5
24,cell_15,2024-01-06 18:00:00,3.717,3.5676,3.8829,1.0535,1.5535,25.71,33.71,0.1489,0.955,112.09,102.92,100.251
25,cell_15,2024-01-07 00:00:00,3.6967,3.547,3.8467,0.9315,1.5083,25.0,33.0,0.1461,0.964,129.14,125.75,100.112
26,cell_15,2024-01-07 06:00:00,3.688,3.5376,3.8381,0.9012,1.4012,24.39,35.37,0.14,0.9369,131.27,130.27,99.854
27,cell_15,2024-01-07 12:00:00,3.6861,3.5361,3.8361,0.9848,1.5297,25.99,36.99,0.166,0.9519,118.66,111.36,99.987
28,cell_15,2024-01-07 18:00:00,3.7004,3.5437,3.8629,0.9879,1.5406,25.48,35.29,0.1685,0.9564,116.99,113.32,100.263
29,cell_15,2024-01-08 00:00:00,3.7088,3.5588,3.8587,1.0004,1.5759,24.86,32.86,0.173,0.9467,120.36,115.77,100.024
30,cell_15,2024-01-08 06:00:00,3.6969,3.5432,3.8598,1.0211,1.5211,24.54,33.24,0.1295,0.9543,118.86,113.91,99.849
31,cell_15,2024-01-08 12:00:00,3.6981,3.5467,3.854,0.9923,1.4923,25.1,33.1,0.1708,0.9439,114.3,109.09,99.469
32,cell_15,2024-01-08 18:00:00,3.692,3.539,3.8557,1.0052,1.5052,24.0,32.2,0.1121,0.9622,113.71,112.38,99.859
33,cell_15,2024-01-09 00:00:00,3.6951,3.5455,3.8527,0.9583,1.4583,22.84,30.84,0.1489,0.9324,121.51,118.91,100.174
34,cell_15,2024-01-09 06:00:00,3.7151,3.5641,3.8688,0.9486,1.5335,27.36,36.95,0.1673,0.9474,129.13,121.98,99.591
35,cell_15,2024-01-09 12:00:00,3.699,3.5497,3.8558,1.0302,1.5339,27.4,38.69,0.1294,0.9557,119.52,109.2,100.266
36,cell_15,2024-01-09 18:00:00,3.6921,3.5389,3.8431,1.026,1.5939,25.23,33.23,0.1232,0.9471,115.88,109.36,99.9
37,cell_15,2024-01-10 00:00:00,3.7168,3.5674,3.8667,0.9821,1.4821,25.81,37.32,0.1489,0.9585,128.59,112.9,100.247
38,cell_15,2024-01-10 06:00:00,3.6969,3.5464,3.8536,0.9474,1.52,24.68,33.93,0.183,0.9507,126.49,125.27,99.802
39,cell_15,2024-01-10 12:00:00,3.697,3.5449,3.8474,1.0776,1.6114,25.79,33.79,0.1841,0.953,112.16,100.43,99.166
40,cell_15,2024-01-10 18:00:00,3.697,3.5462,3.8597,1.0855,1.5921,25.19,33.7,0.1735,0.9556,110.61,104.59,99.706
41,cell_15,2024-01-11 00:00:00,3.6831,3.5322,3.8456,1.057,1.6039,25.32,36.39,0.13,0.9495,117.98,103.41,99.625
42,cell_15,2024-01-11 06:00:00,3.6951,3.5369,3.8511,1.0316,1.5316,23.55,34.03,0.1501,0.9334,111.51,104.58,99.566
43,cell_15,2024-01-11 12:00:00,3.7019,3.5518,3.8619,0.9455,1.4687,27.71,38.12,0.1948,0.9675,121.23,123.0,99.967
44,cell_15,2024-01-11 18:00:00,3.695,3.5438,3.8501,1.0641,1.5641,23.37,31.37,0.1681,0.9637,112.83,102.9,99.55
45,cell_15,2024-01-12 00:00:00,3.7088,3.5462,3.8641,1.0289,1.5289,26.29,34.29,0.1191,0.9572,117.71,111.07,99.389
46,cell_15,2024-01-12 06:00:00,3.6893,3.5384,3.8395,0.9488,1.4488,23.83,31.83,0.1661,0.9464,130.27,121.28,99.631
47,cell_15,2024-01-12 12:00:00,3.7028,3.553,3.8553,1.0353,1.5353,22.08,30.32,0.1353,0.9545,115.88,115.71,100.07
48,cell_15,2024-01-12 18:00:00,3.6943,3.5436,3.8489,0.9745,1.4745,26.45,34.45,0.1443,0.9327,118.75,115.83,99.74
49,cell_15,2024-01-13 00:00:00,3.7085,3.5574,3.8625,1.0414,1.6552,25.29,33.29,0.1649,0.9344,113.12,104.1,99.547
50,cell_15,2024-01-13 06:00:00,3.7147,3.5639,3.8676,1.0572,1.5572,23.0,31.0,0.1428,0.9741,116.34,107.05,99.696
51,cell_15,2024-01-13 12:00:00,3.7123,3.5605,3.8643,1.026,1.5777,26.04,35.46,0.1396,0.9376,114.64,106.98,100.145
52,cell_15,2024-01-13 18:00:00,3.7005,3.5504,3.8714,0.9583,1.4583,24.51,32.51,0.1716,0.947,129.67,119.15,99.962
53,cell_15,2024-01-14 00:00:00,3.6995,3.5492,3.8508,1.0309,1.5309,27.78,37.39,0.1651,0.9514,111.95,110.32,99.976
54,cell_15,2024-01-14 06:00:00,3.6988,3.5487,3.8562,1.0281,1.5281,22.94,30.94,0.1567,0.9534,115.79,110.31,99.958
55,cell_15,2024-01-14 12:00:00,3.6881,3.5364,3.8387,0.9649,1.536,24.1,32.1,0.1922,0.95,126.13,120.95,99.32
56,cell_15,2024-01-14 18:00:00,3.7085,3.5493,3.862,0.9829,1.4995,26.28,34.28,0.1543,0.9463,120.06,114.17,99.779
57,cell_15,2024-01-15 00:00:00,3.6788,3.5192,3.8287,1.0952,1.5952,24.41,33.21,0.1565,0.949,111.48,107.06,100.117
58,cell_15,2024-01-15 06:00:00,3.6946,3.5269,3.845,1.0828,1.5828,23.83,31.83,0.1438,0.9614,115.21,107.49,99.158
59,cell_15,2024-01-15 12:00:00,3.7148,3.5629,3.8652,0.9726,1.5319,25.39,33.39,0.1307,0.9564,116.83,114.65,99.231
60,cell_15,2024-01-15 18:00:00,3.6827,3.5282,3.833,0.8989,1.4514,26.7,34.7,0.1217,0.9568,126.61,123.72,99.491
61,cell_15,2024-01-16 00:00:00,3.704,3.5455,3.8556,1.0741,1.5741,24.97,32.97,0.1673,0.9306,112.4,100.35,99.589
62,cell_15,2024-01-16 06:00:00,3.7072,3.5567,3.8573,1.106,1.606,24.73,32.73,0.1412,0.9553,113.21,105.91,99.825
63,cell_15,2024-01-16 12:00:00,3.6933,3.5418,3.8435,1.0787,1.5787,23.91,33.42,0.2018,0.9513,110.5,107.68,99.424
64,cell_15,2024-01-16 18:00:00,3.6893,3.5262,3.8611,0.9823,1.5162,24.37,32.37,0.1324,0.9436,121.7,111.75,99.964
65,cell_15,2024-01-17 00:00:00,3.6837,3.5349,3.8452,1.0335,1.5335,23.38,32.29,0.1349,0.9684,113.47,106.83,100.483
66,cell_15,2024-01-17 06:00:00,3.6946,3.531,3.8656,0.9538,1.4538,26.88,39.46,0.1567,0.9353,123.68,122.45,99.642
67,cell_15,2024-01-17 12:00:00,3.691,3.5395,3.8413,1.0541,1.5541,26.11,34.11,0.1295,0.9497,107.54,103.29,99.39
68,cell_15,2024-01-17 18:00:00,3.6848,3.5297,3.835,0.9709,1.4709,23.12,32.05,0.1202,0.9618,123.46,120.65,99.641
69,cell_15,2024-01-18 00:00:00,3.7096,3.5505,3.8641,0.9682,1.4938,24.19,32.19,0.1636,0.9516,127.76,114.21,99.933
70,cell_15,2024-01-18 06:00:00,3.6908,3.5404,3.8453,0.9957,1.4957,26.17,34.67,0.1063,0.9304,123.67,114.07,99.816
71,cell_15,2024-01-18 12:00:00,3.703,3.5467,3.8534,0.972,1.5068,26.03,34.03,0.1541,0.9644,121.6,112.41,99.084
72,cell_15,2024-01-18 18:00:00,3.6892,3.536,3.8398,1.0367,1.598,24.9,33.72,0.1545,0.933,113.56,105.76,98.727
73,cell_15,2024-01-19 00:00:00,3.7035,3.5389,3.8606,0.9573,1.6438,24.67,32.88,0.1687,0.938,126.19,118.76,98.909
74,cell_15,2024-01-19 06:00:00,3.7012,3.5501,3.8514,1.1294,1.6747,25.04,37.86,0.1597,0.9597,110.4,104.23,99.566
75,cell_15,2024-01-19 12:00:00,3.7082,3.5548,3.8652,1.0275,1.5576,24.37,32.37,0.2058,0.9404,118.03,110.53,98.676
76,cell_15,2024-01-19 18:00:00,3.682,3.529,3.8326,0.9825,1.4825,26.66,34.66,0.1425,0.9474,120.65,111.14,98.793
77,cell_15,2024-01-20 00:00:00,3.6905,3.5379,3.8495,0.9512,1.4959,26.1,35.01,0.1235,0.9403,129.94,119.24,98.932
78,cell_15,2024-01-20 06:00:00,3.7083,3.5519,3.8699,0.9845,1.5627,25.48,35.24,0.2052,0.9507,127.26,111.33,99.546
79,cell_15,2024-01-20 12:00:00,3.6919,3.5389,3.8487,0.9896,1.4896,23.41,31.41,0.1521,0.962,122.72,114.3,99.053
80,cell_15,2024-01-20 18:00:00,3.6941,3.5192,3.8447,0.9864,1.4864,24.12,34.65,0.1326,0.9342,125.08,110.86,98.828
81,cell_15,2024-01-21 00:00:00,3.7032,3.5499,3.8539,0.9752,1.4752,24.1,32.23,0.1184,0.9524,126.75,118.75,98.658
82,cell_15,2024-01-21 06:00:00,3.6956,3.5436,3.846,0.9589,1.4589,24.5,32.77,0.1437,0.9328,125.02,122.33,99.201
83,cell_15,2024-01-21 12:00:00,3.699,3.546,3.8497,1.0453,1.5453,25.31,33.31,0.1344,0.971,111.05,109.12,98.771
84,cell_15,2024-01-21 18:00:00,3.6975,3.5422,3.8478,1.0707,1.5707,27.41,36.58,0.1346,0.9408,113.84,104.51,99.254
85,cell_15,2024-01-22 00:00:00,3.6945,3.5413,3.8451,0.9569,1.4569,25.3,36.34,0.1085,0.9556,119.66,121.8,98.718
86,cell_15,2024-01-22 06:00:00,3.6839,3.5174,3.8346,0.9975,1.5135,22.97,30.97,0.1426,0.9529,116.67,111.08,98.618
87,cell_15,2024-01-22 12:00:00,3.6927,3.5385,3.8435,0.91,1.4242,26.06,34.06,0.1586,0.9514,128.38,121.29,98.36
88,cell_15,2024-01-22 18:00:00,3.7036,3.534,3.8543,0.9727,1.4727,23.02,31.02,0.1299,0.9456,126.31,111.39,98.95
89,cell_15,2024-01-23 00:00:00,3.694,3.5263,3.8489,1.0985,1.5985,25.72,34.65,0.1413,0.9363,106.62,105.92,98.253
90,cell_15,2024-01-23 06:00:00,3.7035,3.5448,3.8539,1.06,1.6209,24.38,32.38,0.1403,0.9647,113.65,102.6,99.172
91,cell_15,2024-01-23 12:00:00,3.6941,3.54,3.8449,1.0309,1.5309,25.9,35.52,0.1518,0.9406,118.67,113.89,98.365
92,cell_15,2024-01-23 18:00:00,3.702,3.5476,3.8565,0.9422,1.4481,25.83,33.83,0.1835,0.9488,120.58,121.78,98.25
93,cell_15,2024-01-24 00:00:00,3.6918,3.5387,3.8424,0.9652,1.5394,25.29,33.29,0.1542,0.9465,124.99,120.87,98.783
94,cell_15,2024-01-24 06:00:00,3.6864,3.5335,3.837,0.9742,1.4788,23.47,31.47,0.1269,0.9598,123.91,115.49,98.855
95,cell_15,2024-01-24 12:00:00,3.7063,3.5526,3.8639,1.0511,1.615,24.1,32.44,0.1475,0.9727,113.06,104.07,98.533
96,cell_15,2024-01-24 18:00:00,3.687,3.5311,3.8376,1.0651,1.5906,25.8,33.85,0.1572,0.9432,115.84,105.65,98.798
97,cell_15,2024-01-25 00:00:00,3.6908,3.5343,3.8499,1.0004,1.5004,25.3,34.15,0.1255,0.9514,118.7,116.0,98.665
98,cell_15,2024-01-25 06:00:00,3.698,3.545,3.8716,1.0454,1.611,27.77,38.62,0.1317,0.9608,109.5,107.38,98.774
99,cell_15,2024-01-25 12:00:00,3.6803,3.5279,3.8337,0.9637,1.4637,25.24,35.19,0.1313,0.9633,125.44,114.38,99.042
100,cell_15,2024-01-25 18:00:00,3.6916,3.5375,3.8424,1.0165,1.5165,26.2,37.71,0.1462,0.9484,115.15,110.99,98.358
101,cell_15,2024-01-26 00:00:00,3.6911,3.5231,3.8418,1.053,1.5872,24.43,32.43,0.1425,0.9488,117.91,101.5,98.616
102,cell_15,2024-01-26 06:00:00,3.694,3.539,3.845,1.0803,1.5803,23.75,31.75,0.1163,0.9628,112.25,106.03,97.984
103,cell_15,2024-01-26 12:00:00,3.6959,3.5241,3.85,0.9426,1.4896,26.75,36.97,0.1384,0.9315,121.44,121.78,98.98
104,cell_15,2024-01-26 18:00:00,3.6927,3.5331,3.8435,1.0732,1.5942,23.95,31.95,0.1493,0.9591,108.71,101.57,98.467
105,cell_15,2024-01-27 00:00:00,3.6959,3.5424,3.8466,1.1212,1.704,22.88,34.12,0.1715,0.942,101.89,97.25,98.586
106,cell_15,2024-01-27 06:00:00,3.7121,3.5583,3.8628,0.9298,1.4871,23.01,31.01,0.1235,0.9515,132.23,124.22,98.472
107,cell_15,2024-01-27 12:00:00,3.7208,3.5622,3.8716,0.9216,1.4216,25.55,33.55,0.1316,0.9506,122.07,119.04,98.366
108,cell_15,2024-01-27 18:00:00,3.703,3.55,3.8536,1.0824,1.5824,24.0,32.0,0.1273,0.9439,108.47,104.77,98.796
109,cell_15,2024-01-28 00:00:00,3.6946,3.5415,3.8453,0.9823,1.4823,22.73,30.76,0.1172,0.9531,117.07,115.28,98.74
110,cell_15,2024-01-28 06:00:00,3.6883,3.5116,3.8401,0.9924,1.4924,27.89,39.2,0.0971,0.9464,118.44,114.31,98.403
111,cell_15,2024-01-28 12:00:00,3.691,3.5387,3.843,1.0629,1.5629,21.72,32.36,0.1589,0.9601,115.14,101.11,99.09
112,cell_15,2024-01-28 18:00:00,3.6956,3.5427,3.8602,0.9593,1.4593,24.38,36.3,0.1523,0.9423,117.73,116.95,98.826
113,cell_15,2024-01-29 00:00:00,3.7097,3.5481,3.8601,1.0172,1.5172,27.43,40.0,0.1582,0.9395,114.08,114.2,99.053
114,cell_15,2024-01-29 06:00:00,3.6865,3.5315,3.8448,0.9357,1.4357,25.09,33.09,0.1552,0.9511,129.92,122.54,98.01
115,cell_15,2024-01-29 12:00:00,3.7009,3.5398,3.8602,1.0476,1.616,28.69,36.69,0.1411,0.9493,110.36,106.3,98.381
116,cell_15,2024-01-29 18:00:00,3.6928,3.5341,3.8434,1.0473,1.5473,26.17,34.5,0.137,0.9651,111.11,103.24,98.861
117,cell_15,2024-01-30 00:00:00,3.7067,3.5339,3.8576,1.013,1.513,23.23,31.88,0.1711,0.9497,113.8,110.88,98.203
118,cell_15,2024-01-30 06:00:00,3.6936,3.5356,3.8578,1.0051,1.5051,26.13,34.13,0.1628,0.95,119.68,112.93,98.446
119,cell_15,2024-01-30 12:00:00,3.6895,3.5352,3.8404,1.0038,1.5721,24.15,33.74,0.1474,0.9379,122.0,115.33,98.262
120,cell_15,2024-01-30 18:00:00,3.6908,3.5376,3.8415,0.9959,1.4959,24.62,32.62,0.1299,0.9519,117.43,116.15,98.691
121,cell_15,2024-01-31 00:00:00,3.7148,3.5396,3.8656,1.0008,1.5008,23.49,31.49,0.1518,0.9386,123.64,110.65,98.469
122,cell_15,2024-01-31 06:00:00,3.6966,3.5417,3.8475,1.0481,1.5621,24.02,33.51,0.1538,0.9481,108.61,108.29,98.268
123,cell_15,2024-01-31 12:00:00,3.7086,3.5552,3.8593,0.9152,1.4415,26.09,35.04,0.1374,0.9408,134.15,123.21,98.647
124,cell_15,2024-01-31 18:00:00,3.7007,3.5465,3.8663,1.0962,1.5962,23.64,31.79,0.1547,0.9551,106.06,99.23,98.323
125,cell_15,2024-02-01 00:00:00,3.7031,3.5439,3.854,1.0139,1.5333,22.1,30.58,0.1615,0.9489,112.43,107.73,98.24
126,cell_15,2024-02-01 06:00:00,3.6931,3.5384,3.8651,1.1171,1.6652,25.62,34.93,0.1587,0.9615,107.28,102.34,98.11
127,cell_15,2024-02-01 12:00:00,3.696,3.5418,3.8559,1.0171,1.5171,24.63,32.63,0.1691,0.94,113.11,112.78,98.308
128,cell_15,2024-02-01 18:00:00,3.6864,3.5319,3.8373,1.005,1.505,26.38,35.04,0.167,0.9504,113.05,113.96,98.218
129,cell_15,2024-02-02 00:00:00,3.6859,3.5296,3.8371,1.0358,1.5358,23.85,31.85,0.1706,0.9512,112.85,105.49,97.506
130,cell_15,2024-02-02 06:00:00,3.6952,3.5418,3.8479,0.942,1.442,26.53,34.81,0.1392,0.9485,121.59,119.49,98.639
131,cell_15,2024-02-02 12:00:00,3.6941,3.5406,3.8456,0.9511,1.5131,26.07,36.39,0.1656,0.9608,124.66,114.4,98.59
132,cell_15,2024-02-02 18:00:00,3.6951,3.5399,3.8461,0.9944,1.5431,25.77,34.35,0.1596,0.9492,123.31,114.52,97.928
133,cell_15,2024-02-03 00:00:00,3.7037,3.5476,3.8549,1.0082,1.5082,22.98,33.82,0.1662,0.9394,110.36,108.65,97.566
134,cell_15,2024-02-03 06:00:00,3.7148,3.5565,3.8659,1.056,1.5962,24.91,32.91,0.1524,0.9539,109.59,103.56,97.739
135,cell_15,2024-02-03 12:00:00,3.6863,3.5307,3.8551,1.0083,1.6142,26.35,34.35,0.1597,0.9678,117.69,108.75,97.749
136,cell_15,2024-02-03 18:00:00,3.7006,3.529,3.853,1.0771,1.5771,24.17,32.17,0.1296,0.9431,109.24,98.95,98.156
137,cell_15,2024-02-04 00:00:00,3.6906,3.523,3.8417,0.8706,1.3706,21.85,29.85,0.1594,0.9492,136.21,127.45,97.944
138,cell_15,2024-02-04 06:00:00,3.6799,3.5192,3.8309,1.0948,1.5948,23.98,31.98,0.1743,0.9519,102.17,102.26,97.885
139,cell_15,2024-02-04 12:00:00,3.7205,3.5586,3.8714,0.9839,1.5027,23.58,32.53,0.183,0.9593,120.16,108.62,98.197
140,cell_15,2024-02-04 18:00:00,3.6959,3.5408,3.8469,1.0386,1.5644,24.09,32.09,0.1475,0.9574,115.02,106.09,97.977
141,cell_15,2024-02-05 00:00:00,3.6933,3.539,3.8457,1.0644,1.5644,22.83,30.83,0.1857,0.9511,111.91,110.67,98.298
142,cell_15,2024-02-05 06:00:00,3.7055,3.5505,3.8643,0.9386,1.4476,26.16,34.85,0.1467,0.9457,119.55,118.5,97.996
143,cell_15,2024-02-05 12:00:00,3.7214,3.5677,3.8879,1.0767,1.619,25.91,33.91,0.1639,0.9452,105.47,103.22,98.521
144,cell_15,2024-02-05 18:00:00,3.7007,3.5474,3.8593,1.0421,1.5421,23.64,31.64,0.1513,0.9547,115.78,108.94,98.686
145,cell_15,2024-02-06 00:00:00,3.7221,3.5446,3.8806,1.0932,1.6007,24.35,32.35,0.1754,0.9428,103.85,100.84,98.085
146,cell_15,2024-02-06 06:00:00,3.6963,3.5401,3.859,1.0083,1.5083,23.69,32.48,0.1541,0.9361,114.32,106.3,97.919
147,cell_15,2024-02-06 12:00:00,3.7068,3.5365,3.8578,1.0043,1.5043,25.73,33.73,0.138,0.9476,116.45,114.74,97.995
148,cell_15,2024-02-06 18:00:00,3.6891,3.5203,3.8399,0.9674,1.5164,23.5,31.69,0.1708,0.9447,121.26,119.5,98.332
149,cell_15,2024-02-07 00:00:00,3.6891,3.5348,3.8477,0.9692,1.4925,23.72,33.22,0.1401,0.9461,116.27,118.4,98.276
150,cell_15,2024-02-07 06:00:00,3.6989,3.5422,3.8502,1.0012,1.5012,25.15,34.09,0.1563,0.9553,116.22,108.29,97.443
151,cell_15,2024-02-07 12:00:00,3.7102,3.5557,3.8611,1.0336,1.5794,23.73,35.19,0.1162,0.9509,113.1,109.01,98.181
152,cell_15,2024-02-07 18:00:00,3.6916,3.527,3.8426,1.042,1.648,27.51,35.84,0.1665,0.9476,110.28,106.77,97.898
153,cell_15,2024-02-08 00:00:00,3.7062,3.5468,3.8687,0.9539,1.4592,23.92,34.77,0.1125,0.9381,123.62,119.45,98.097
154,cell_15,2024-02-08 06:00:00,3.7006,3.529,3.8601,0.9993,1.4993,26.1,35.35,0.14,0.9459,120.41,114.37,98.014
155,cell_15,2024-02-08 12:00:00,3.6939,3.5366,3.8449,1.0157,1.5157,26.32,34.32,0.1227,0.9338,121.35,108.65,97.895
156,cell_15,2024-02-08 18:00:00,3.7033,3.5389,3.8556,0.8967,1.3967,22.89,30.89,0.1276,0.9422,136.62,127.59,97.514
157,cell_15,2024-02-09 00:00:00,3.6882,3.5321,3.8499,1.0474,1.5474,24.61,32.93,0.1493,0.9419,113.85,107.55,97.538
158,cell_15,2024-02-09 06:00:00,3.7071,3.5519,3.8581,0.9913,1.4913,23.69,31.69,0.1366,0.9501,115.42,115.44,97.93
159,cell_15,2024-02-09 12:00:00,3.6946,3.5328,3.8456,1.0049,1.544,26.36,34.36,0.1648,0.9505,120.85,113.62,97.973
160,cell_15,2024-02-09 18:00:00,3.7042,3.5477,3.8649,1.077,1.577,24.88,32.88,0.1451,0.9475,107.37,106.7,97.995
161,cell_15,2024-02-10 00:00:00,3.6992,3.5388,3.8501,0.9544,1.4992,26.34,36.7,0.1534,0.9386,119.51,118.0,98.069
162,cell_15,2024-02-10 06:00:00,3.6975,3.5277,3.8486,0.9606,1.4606,27.45,35.45,0.1337,0.9327,119.98,117.4,97.744
163,cell_15,2024-02-10 12:00:00,3.6625,3.503,3.8216,0.8896,1.3896,27.59,36.47,0.165,0.9635,125.77,119.87,97.571
164,cell_15,2024-02-10 18:00:00,3.6917,3.5292,3.8426,1.0001,1.5001,23.39,31.39,0.1537,0.9415,116.69,112.39,98.287
165,cell_15,2024-02-11 00:00:00,3.6873,3.5225,3.8382,1.0583,1.5583,23.23,32.96,0.1605,0.9471,114.65,110.27,98.158
166,cell_15,2024-02-11 06:00:00,3.7022,3.5466,3.8533,0.8981,1.4373,23.23,34.26,0.1652,0.9452,124.22,121.31,97.78
167,cell_15,2024-02-11 12:00:00,3.6951,3.5407,3.866,0.9518,1.5053,26.7,34.7,0.1673,0.9586,117.69,116.43,98.252
168,cell_15,2024-02-11 18:00:00,3.6798,3.5042,3.8321,1.0116,1.5116,26.13,34.42,0.1583,0.9529,112.13,111.21,97.689
169,cell_15,2024-02-12 00:00:00,3.7027,3.544,3.8642,0.9803,1.5062,26.02,39.2,0.1535,0.9428,116.39,111.61,98.059
170,cell_15,2024-02-12 06:00:00,3.6954,3.5377,3.8464,0.9808,1.5197,25.82,33.82,0.1721,0.9552,121.71,110.51,98.062
171,cell_15,2024-02-12 12:00:00,3.6961,3.5406,3.8596,1.011,1.511,24.39,32.39,0.1533,0.9365,112.14,114.98,97.801
172,cell_15,2024-02-12 18:00:00,3.7018,3.5447,3.8527,1.0952,1.6177,25.13,33.59,0.1417,0.949,106.44,97.46,98.14
173,cell_15,2024-02-13 00:00:00,3.6989,3.5397,3.8639,1.0054,1.506,25.5,33.5,0.1683,0.92,118.1,107.67,97.602
174,cell_15,2024-02-13 06:00:00,3.7171,3.5621,3.8681,1.0154,1.5329,25.17,33.92,0.1709,0.9531,112.82,111.56,97.984
175,cell_15,2024-02-13 12:00:00,3.7061,3.5437,3.8571,1.0274,1.5274,24.03,33.77,0.149,0.9458,110.66,112.62,97.985
176,cell_15,2024-02-13 18:00:00,3.696,3.5381,3.8584,0.906,1.406,27.41,35.41,0.1624,0.9477,133.24,117.16,96.84
177,cell_15,2024-02-14 00:00:00,3.6993,3.5427,3.8513,1.0196,1.5279,23.2,31.2,0.1591,0.9621,111.37,106.7,97.362
178,cell_15,2024-02-14 06:00:00,3.6941,3.5379,3.8453,0.9263,1.4263,24.37,34.42,0.1518,0.9425,131.29,123.99,97.509
179,cell_15,2024-02-14 12:00:00,3.6909,3.5241,3.8423,1.0047,1.5047,27.19,38.66,0.1206,0.9429,121.22,106.35,97.154
180,cell_15,2024-02-14 18:00:00,3.7046,3.5476,3.8602,1.0581,1.5581,26.39,34.39,0.128,0.9351,114.95,99.89,97.197
181,cell_15,2024-02-15 00:00:00,3.7118,3.5303,3.8632,0.9825,1.5326,23.1,33.86,0.1426,0.9505,118.37,107.21,97.088
182,cell_15,2024-02-15 06:00:00,3.6941,3.5321,3.8476,1.0571,1.5591,21.71,33.24,0.1508,0.9493,112.72,109.14,97.144
183,cell_15,2024-02-15 12:00:00,3.701,3.5212,3.8548,0.917,1.417,23.45,32.88,0.1265,0.9573,123.74,124.64,97.018
184,cell_15,2024-02-15 18:00:00,3.6867,3.5296,3.8381,1.0172,1.5852,25.18,33.46,0.1081,0.9496,109.65,108.53,97.174
185,cell_15,2024-02-16 00:00:00,3.7021,3.5449,3.8574,1.018,1.5393,25.09,34.45,0.148,0.9533,114.68,113.39,97.094
186,cell_15,2024-02-16 06:00:00,3.687,3.5307,3.8454,0.8685,1.4146,24.95,34.69,0.1502,0.9552,129.34,122.51,97.492
187,cell_15,2024-02-16 12:00:00,3.6975,3.5398,3.849,1.029,1.529,25.86,33.86,0.1673,0.9536,116.2,102.16,96.933
188,cell_15,2024-02-16 18:00:00,3.6995,3.5413,3.8564,0.854,1.354,25.04,33.04,0.1887,0.9487,135.99,128.95,96.714
189,cell_15,2024-02-17 00:00:00,3.7079,3.5333,3.8654,1.0118,1.565,26.43,34.43,0.1228,0.9554,109.44,111.86,96.48
190,cell_15,2024-02-17 06:00:00,3.6754,3.5186,3.8374,1.0255,1.5473,26.14,34.14,0.1568,0.9565,116.36,103.3,97.3
191,cell_15,2024-02-17 12:00:00,3.7122,3.5558,3.8635,0.9818,1.4818,21.76,30.4,0.1976,0.96,118.92,111.32,97.431
192,cell_15,2024-02-17 18:00:00,3.7071,3.5457,3.8588,1.0115,1.5115,25.13,33.13,0.1236,0.9728,114.23,104.79,96.647
193,cell_15,2024-02-18 00:00:00,3.7011,3.5308,3.858,1.1163,1.6163,24.68,32.74,0.1305,0.94,105.12,101.52,97.181
194,cell_15,2024-02-18 06:00:00,3.6924,3.5348,3.8649,0.9757,1.5214,25.41,33.41,0.1694,0.9552,122.72,110.53,96.976
195,cell_15,2024-02-18 12:00:00,3.7059,3.548,3.8693,0.9445,1.4918,24.64,32.64,0.1538,0.9498,118.59,117.42,96.821
196,cell_15,2024-02-18 18:00:00,3.7136,3.5543,3.8774,1.1051,1.6425,22.58,30.58,0.1555,0.952,100.72,94.37,96.482
197,cell_15,2024-02-19 00:00:00,3.6928,3.5352,3.8709,1.0126,1.5697,25.69,36.81,0.1624,0.9576,111.13,108.34,96.969
198,cell_15,2024-02-19 06:00:00,3.7104,3.5534,3.8618,1.0607,1.5607,26.04,35.34,0.1648,0.9522,107.83,99.87,97.212
199,cell_15,2024-02-19 12:00:00,3.7058,3.5345,3.8779,0.9207,1.4207,22.23,30.23,0.1585,0.9393,129.91,125.48,97.239
200,cell_15,2024-02-19 18:00:00,3.708,3.5504,3.8663,0.8787,1.3787,27.59,35.59,0.1609,0.9448,133.67,127.78,96.973
201,cell_15,2024-02-20 00:00:00,3.7035,3.5416,3.855,0.9583,1.4583,26.41,35.78,0.126,0.9557,116.24,116.11,97.079
202,cell_15,2024-02-20 06:00:00,3.6947,3.5301,3.8465,0.9928,1.4928,23.65,31.65,0.1696,0.9422,120.1,108.57,96.273
203,cell_15,2024-02-20 12:00:00,3.6838,3.5263,3.8353,0.9754,1.4839,23.35,32.38,0.1813,0.939,113.91,107.71,97.0
204,cell_15,2024-02-20 18:00:00,3.6907,3.5333,3.8489,0.9753,1.5277,25.3,33.3,0.1722,0.947,115.85,112.01,97.004
205,cell_15,2024-02-21 00:00:00,3.702,3.5339,3.8536,0.9079,1.4338,25.19,33.62,0.16,0.9355,132.8,117.68,96.721
206,cell_15,2024-02-21 06:00:00,3.6934,3.535,3.8461,1.0125,1.5125,25.93,36.48,0.1877,0.9424,113.06,109.04,96.846
207,cell_15,2024-02-21 12:00:00,3.676,3.5156,3.8468,0.9883,1.5361,25.74,34.54,0.1537,0.9694,115.5,106.86,96.661
208,cell_15,2024-02-21 18:00:00,3.6887,3.5296,3.841,0.8913,1.4066,25.88,37.75,0.1699,0.9445,125.7,124.0,96.354
209,cell_15,2024-02-22 00:00:00,3.6845,3.527,3.8556,0.9858,1.4858,23.33,31.33,0.1839,0.9538,114.29,116.03,97.005
210,cell_15,2024-02-22 06:00:00,3.6987,3.5403,3.8578,0.9946,1.5051,24.79,32.79,0.1427,0.9417,111.98,110.62,97.387
211,cell_15,2024-02-22 12:00:00,3.7035,3.5449,3.8659,1.0542,1.595,25.52,34.31,0.1762,0.9563,113.74,99.47,96.559
212,cell_15,2024-02-22 18:00:00,3.6975,3.5358,3.8491,0.9743,1.5025,24.64,32.64,0.1274,0.9474,122.03,114.29,96.844
213,cell_15,2024-02-23 00:00:00,3.6799,3.5209,3.8317,1.0498,1.5498,25.97,34.24,0.1327,0.9579,108.85,109.51,96.423
214,cell_15,2024-02-23 06:00:00,3.6916,3.5106,3.8433,1.0442,1.5442,26.62,35.33,0.1303,0.9468,114.19,110.68,96.89
215,cell_15,2024-02-23 12:00:00,3.6846,3.52,3.8363,0.96,1.5652,23.76,31.76,0.107,0.9453,118.17,113.3,96.63
216,cell_15,2024-02-23 18:00:00,3.6939,3.533,3.852,1.0348,1.5348,24.95,32.95,0.1357,0.9485,110.46,105.83,96.78
217,cell_15,2024-02-24 00:00:00,3.7034,3.5462,3.8678,1.0582,1.5628,24.21,33.65,0.1516,0.95,114.36,102.31,97.12
218,cell_15,2024-02-24 06:00:00,3.6965,3.5277,3.8727,1.0557,1.5557,24.36,32.36,0.1439,0.9523,107.12,109.15,96.911
219,cell_15,2024-02-24 12:00:00,3.6957,3.5376,3.8473,1.0185,1.5859,22.54,30.54,0.1245,0.9431,118.07,105.02,96.787
220,cell_15,2024-02-24 18:00:00,3.7108,3.5461,3.8625,0.9955,1.5369,25.62,33.62,0.1007,0.941,113.43,111.21,96.544
221,cell_15,2024-02-25 00:00:00,3.6868,3.5294,3.8482,0.9324,1.5207,29.3,37.3,0.135,0.9359,130.02,118.51,97.032
222,cell_15,2024-02-25 06:00:00,3.7061,3.5473,3.8585,1.06,1.56,25.63,35.19,0.133,0.9441,106.26,99.26,96.49
223,cell_15,2024-02-25 12:00:00,3.693,3.5207,3.8444,0.9275,1.4903,28.43,37.77,0.1879,0.9331,123.17,119.54,97.223
224,cell_15,2024-02-25 18:00:00,3.7206,3.5569,3.8801,0.9923,1.4923,26.94,35.41,0.1496,0.9372,117.75,112.02,96.858
225,cell_15,2024-02-26 00:00:00,3.6977,3.539,3.8495,1.0548,1.6342,23.87,33.01,0.1851,0.9476,106.51,101.85,96.516
226,cell_15,2024-02-26 06:00:00,3.6767,3.498,3.8305,0.9505,1.4505,25.64,33.64,0.1357,0.9558,115.89,111.62,96.372
227,cell_15,2024-02-26 12:00:00,3.6911,3.5322,3.8601,1.0,1.5541,26.18,34.18,0.171,0.9466,113.45,109.34,96.461
228,cell_15,2024-02-26 18:00:00,3.6821,3.5112,3.841,0.9215,1.4252,26.1,41.29,0.1549,0.9699,124.75,125.18,96.453
229,cell_15,2024-02-27 00:00:00,3.7165,3.5583,3.8745,0.9822,1.5181,23.92,32.22,0.1338,0.953,112.38,117.64,96.697
230,cell_15,2024-02-27 06:00:00,3.6874,3.528,3.8542,0.9503,1.4804,25.32,35.08,0.1551,0.952,125.01,114.13,96.253
231,cell_15,2024-02-27 12:00:00,3.7078,3.5498,3.8594,0.9609,1.4857,27.51,35.51,0.1459,0.9387,118.21,118.41,96.797
232,cell_15,2024-02-27 18:00:00,3.7034,3.5429,3.8589,1.0288,1.6524,22.67,32.14,0.1439,0.9558,108.11,109.24,95.801
233,cell_15,2024-02-28 00:00:00,3.6833,3.5248,3.8351,1.0333,1.6273,26.55,34.55,0.1168,0.9558,113.59,111.51,96.586
234,cell_15,2024-02-28 06:00:00,3.6794,3.5188,3.8391,0.9716,1.5027,26.77,34.77,0.1894,0.9405,123.49,114.95,96.344
235,cell_15,2024-02-28 12:00:00,3.7049,3.5463,3.8566,1.014,1.5268,22.43,33.95,0.1609,0.9504,113.75,106.25,96.589
236,cell_15,2024-02-28 18:00:00,3.6921,3.5344,3.8436,0.9773,1.554,24.06,35.14,0.1277,0.9653,118.12,118.81,96.922
237,cell_15,2024-02-29 00:00:00,3.6954,3.5375,3.8474,0.9826,1.5629,24.59,32.59,0.1578,0.9526,118.22,110.49,96.832
238,cell_15,2024-02-29 06:00:00,3.6962,3.5268,3.8541,0.9426,1.4509,26.31,34.81,0.143,0.9585,118.45,112.02,96.331
239,cell_15,2024-02-29 12:00:00,3.6658,3.5074,3.8365,0.9743,1.4802,25.01,33.01,0.178,0.9466,116.75,112.84,96.63
240,cell_15,2024-02-29 18:00:00,3.6941,3.5349,3.8458,0.9018,1.4018,24.17,32.17,0.1442,0.9324,127.86,127.95,96.521
241,cell_15,2024-03-01 00:00:00,3.7061,3.5471,3.8579,1.1057,1.6243,25.12,33.31,0.1491,0.9548,109.8,100.92,96.402
242,cell_15,2024-03-01 06:00:00,3.6761,3.5155,3.8307,1.0605,1.5745,25.65,34.15,0.1375,0.9484,107.16,104.18,95.759
243,cell_15,2024-03-01 12:00:00,3.7024,3.5428,3.8543,1.1229,1.675,24.76,34.86,0.1596,0.9524,98.15,95.9,96.165
244,cell_15,2024-03-01 18:00:00,3.6921,3.5325,3.844,1.057,1.6505,27.44,36.64,0.1497,0.9505,106.52,106.27,96.171
245,cell_15,2024-03-02 00:00:00,3.6825,3.5224,3.8346,1.0158,1.5806,25.05,33.05,0.175,0.9421,118.2,104.05,95.944
246,cell_15,2024-03-02 06:00:00,3.6978,3.5357,3.8553,0.8911,1.4468,26.11,34.11,0.1562,0.9506,134.03,117.91,96.251
247,cell_15,2024-03-02 12:00:00,3.6938,3.5029,3.8458,1.0525,1.5525,23.41,31.41,0.1989,0.9437,110.74,108.02,95.952
248,cell_15,2024-03-02 18:00:00,3.7069,3.5439,3.8714,1.068,1.568,25.54,33.54,0.1472,0.9397,107.67,102.13,95.494
249,cell_15,2024-03-03 00:00:00,3.6889,3.5251,3.8449,0.9437,1.4841,24.24,32.24,0.1341,0.9578,124.2,121.08,96.322
250,cell_15,2024-03-03 06:00:00,3.7065,3.5459,3.8587,1.0286,1.5607,24.24,33.16,0.1355,0.9415,116.87,100.94,95.757
251,cell_15,2024-03-03 12:00:00,3.6928,3.5295,3.845,1.0083,1.5463,27.31,35.99,0.1356,0.9485,112.87,110.19,95.414
252,cell_15,2024-03-03 18:00:00,3.6997,3.5419,3.8551,0.9972,1.4972,24.01,32.01,0.1337,0.9411,120.1,106.42,96.898
253,cell_15,2024-03-04 00:00:00,3.6899,3.5289,3.8421,1.0282,1.5282,24.23,33.08,0.1804,0.9645,115.8,102.09,95.616
254,cell_15,2024-03-04 06:00:00,3.6846,3.5249,3.8419,1.0241,1.5241,22.41,33.24,0.1449,0.9549,109.38,103.73,96.133
255,cell_15,2024-03-04 12:00:00,3.7029,3.5372,3.8666,0.951,1.4893,23.67,32.51,0.1561,0.9401,119.3,109.08,95.623
256,cell_15,2024-03-04 18:00:00,3.6933,3.5328,3.8454,1.0492,1.5516,22.45,31.23,0.1245,0.9501,112.0,109.45,95.814
257,cell_15,2024-03-05 00:00:00,3.6903,3.5296,3.8424,0.9277,1.5068,26.77,34.77,0.1501,0.9502,120.54,119.5,95.731
258,cell_15,2024-03-05 06:00:00,3.7034,3.5293,3.8684,1.025,1.525,25.55,33.92,0.1033,0.9511,109.94,110.89,95.642
259,cell_15,2024-03-05 12:00:00,3.7093,3.5345,3.8751,1.0154,1.5154,26.21,37.31,0.1572,0.9438,112.01,103.97,96.201
260,cell_15,2024-03-05 18:00:00,3.6896,3.5312,3.8413,0.9631,1.4631,25.7,33.7,0.1395,0.9433,126.1,117.93,96.622
261,cell_15,2024-03-06 00:00:00,3.7103,3.5396,3.8624,1.063,1.563,23.56,31.56,0.1822,0.9648,110.42,98.47,95.943
262,cell_15,2024-03-06 06:00:00,3.6853,3.5238,3.8376,0.906,1.406,26.23,36.72,0.1667,0.941,126.64,115.44,95.408
263,cell_15,2024-03-06 12:00:00,3.6956,3.5346,3.8501,1.0141,1.5191,24.71,32.71,0.1662,0.9396,112.56,111.74,95.627
264,cell_15,2024-03-06 18:00:00,3.7022,3.5414,3.8543,1.0104,1.5172,25.87,35.14,0.1326,0.9317,115.74,104.31,95.69
265,cell_15,2024-03-07 00:00:00,3.6595,3.4995,3.8119,1.0797,1.5797,20.9,29.41,0.1574,0.9475,110.86,104.58,95.971
266,cell_15,2024-03-07 06:00:00,3.6837,3.5228,3.8359,1.0335,1.5335,23.21,32.33,0.1893,0.9371,108.07,110.09,95.647
267,cell_15,2024-03-07 12:00:00,3.6903,3.5313,3.8421,0.8893,1.4259,23.94,33.71,0.135,0.972,133.22,117.57,96.407
268,cell_15,2024-03-07 18:00:00,3.6963,3.5356,3.8493,0.9772,1.4772,25.46,36.1,0.1334,0.9364,114.57,116.81,95.736
269,cell_15,2024-03-08 00:00:00,3.694,3.534,3.8469,1.0813,1.5813,22.64,32.85,0.1512,0.9423,109.5,101.75,96.007
270,cell_15,2024-03-08 06:00:00,3.6689,3.5058,3.821,0.9923,1.4923,28.41,39.42,0.1551,0.9717,118.51,111.29,95.714
271,cell_15,2024-03-08 12:00:00,3.6897,3.5279,3.8586,0.9445,1.4445,26.89,34.89,0.1637,0.9608,123.98,119.69,95.753
272,cell_15,2024-03-08 18:00:00,3.6778,3.5031,3.83,0.9975,1.5868,26.95,34.95,0.161,0.9317,112.4,111.3,95.658
273,cell_15,2024-03-09 00:00:00,3.6874,3.5268,3.8399,1.0839,1.6284,27.16,35.16,0.1548,0.9501,111.24,105.64,95.764
274,cell_15,2024-03-09 06:00:00,3.6899,3.5176,3.8421,0.9576,1.5806,25.82,39.67,0.1361,0.9524,117.83,118.84,95.616
275,cell_15,2024-03-09 12:00:00,3.6957,3.5238,3.8575,0.9476,1.4527,23.31,31.31,0.19,0.9401,125.9,112.2,95.777
276,cell_15,2024-03-09 18:00:00,3.6888,3.5278,3.841,0.9886,1.4886,25.69,33.69,0.1806,0.9561,112.32,113.02,95.599
277,cell_15,2024-03-10 00:00:00,3.6949,3.536,3.8481,0.9675,1.4675,24.26,37.69,0.1598,0.9357,118.15,112.28,96.446
278,cell_15,2024-03-10 06:00:00,3.6883,3.5247,3.8403,1.0369,1.5598,24.65,33.16,0.1755,0.9329,105.68,101.17,95.883
279,cell_15,2024-03-10 12:00:00,3.6971,3.5269,3.8491,0.9824,1.4824,26.28,34.28,0.1498,0.9595,112.51,109.03,95.939
280,cell_15,2024-03-10 18:00:00,3.6804,3.5197,3.8325,1.0176,1.5176,24.16,32.16,0.1264,0.9557,112.26,102.15,95.715
281,cell_15,2024-03-11 00:00:00,3.6916,3.5289,3.8441,1.0815,1.6477,24.08,32.49,0.1687,0.9683,108.74,100.32,94.928
282,cell_15,2024-03-11 06:00:00,3.6809,3.514,3.8388,0.9526,1.4545,26.44,36.08,0.1255,0.9489,121.65,107.71,94.966
283,cell_15,2024-03-11 12:00:00,3.6887,3.5262,3.8411,1.0518,1.5649,23.77,33.26,0.1922,0.9655,109.47,99.7,95.249
284,cell_15,2024-03-11 18:00:00,3.6948,3.5327,3.8472,1.0453,1.5563,24.54,34.48,0.1283,0.9443,104.01,109.29,95.239
285,cell_15,2024-03-12 00:00:00,3.684,3.5225,3.8363,0.9379,1.4586,24.87,32.87,0.1792,0.9614,126.13,121.35,95.418
286,cell_15,2024-03-12 06:00:00,3.6916,3.53,3.8455,1.0688,1.5688,25.87,33.87,0.1885,0.9686,105.2,102.8,95.357
287,cell_15,2024-03-12 12:00:00,3.689,3.5269,3.8461,0.9385,1.4385,26.1,34.21,0.124,0.9408,122.3,121.48,95.16
288,cell_15,2024-03-12 18:00:00,3.7145,3.5548,3.8682,0.9272,1.5193,24.0,34.41,0.122,0.932,128.37,117.7,96.096
289,cell_15,2024-03-13 00:00:00,3.6965,3.5239,3.8488,0.958,1.458,22.49,30.49,0.1613,0.9521,114.17,113.33,95.406
290,cell_15,2024-03-13 06:00:00,3.6976,3.5355,3.8531,0.9598,1.4804,26.92,34.92,0.1821,0.9519,116.8,112.36,95.169
291,cell_15,2024-03-13 12:00:00,3.6838,3.5218,3.8362,0.9827,1.5225,21.62,31.46,0.1654,0.9483,121.52,105.03,95.188
292,cell_15,2024-03-13 18:00:00,3.668,3.4872,3.8202,0.9446,1.4446,25.61,33.61,0.1347,0.9596,116.45,113.36,95.518
293,cell_15,2024-03-14 00:00:00,3.6866,3.5202,3.8389,1.0284,1.5284,24.93,32.93,0.1823,0.9387,109.62,105.85,95.234
294,cell_15,2024-03-14 06:00:00,3.6769,3.5143,3.8291,0.9935,1.4935,25.39,35.09,0.1962,0.9487,120.06,109.84,95.587
295,cell_15,2024-03-14 12:00:00,3.6949,3.5331,3.8551,1.0092,1.5092,25.46,35.1,0.1324,0.9422,108.99,107.71,95.275
296,cell_15,2024-03-14 18:00:00,3.6953,3.5332,3.8477,1.0339,1.5339,24.64,32.64,0.1591,0.9662,112.51,103.36,95.186
297,cell_15,2024-03-15 00:00:00,3.694,3.5309,3.8466,1.0762,1.5762,24.87,34.81,0.1641,0.9577,107.68,102.68,94.78
298,cell_15,2024-03-15 06:00:00,3.6923,3.5311,3.8508,0.9783,1.4783,25.5,36.38,0.1459,0.9428,114.16,116.59,95.523
299,cell_15,2024-03-15 12:00:00,3.6832,3.5204,3.8357,0.9693,1.5153,25.4,34.85,0.1336,0.9504,113.3,115.13,94.885
300,cell_15,2024-03-15 18:00:00,3.6856,3.5242,3.8397,1.04,1.6137,20.83,28.83,0.1302,0.9482,112.98,102.66,95.436
301,cell_15,2024-03-16 00:00:00,3.6964,3.525,3.8499,1.0627,1.5627,24.9,33.97,0.116,0.9367,104.4,99.65,95.032
302,cell_15,2024-03-16 06:00:00,3.7128,3.5515,3.8651,1.004,1.504,26.2,34.2,0.1688,0.9658,117.28,112.79,95.469
303,cell_15,2024-03-16 12:00:00,3.6956,3.526,3.8657,1.0035,1.5065,23.92,34.21,0.1412,0.9456,118.97,105.36,95.596
304,cell_15,2024-03-16 18:00:00,3.6959,3.5333,3.8484,0.9895,1.5652,25.69,36.87,0.1847,0.9808,109.97,105.02,94.985
305,cell_15,2024-03-17 00:00:00,3.7112,3.5447,3.8827,0.9692,1.4692,26.53,34.53,0.1624,0.9503,114.99,108.94,94.959
306,cell_15,2024-03-17 06:00:00,3.6934,3.5331,3.8509,0.9803,1.4803,25.14,34.84,0.1498,0.9624,120.04,111.94,95.877
307,cell_15,2024-03-17 12:00:00,3.6834,3.5217,3.8384,0.996,1.496,25.19,35.36,0.1805,0.9502,115.64,103.48,95.349
308,cell_15,2024-03-17 18:00:00,3.6967,3.5352,3.8489,1.0331,1.546,22.97,30.97,0.1499,0.953,111.02,101.94,95.428
309,cell_15,2024-03-18 00:00:00,3.7085,3.543,3.8645,1.0419,1.5419,24.86,32.86,0.1401,0.9458,108.84,101.07,94.805
310,cell_15,2024-03-18 06:00:00,3.7011,3.5384,3.8537,0.9542,1.4982,25.75,34.18,0.1661,0.932,124.81,114.08,94.906
311,cell_15,2024-03-18 12:00:00,3.6949,3.5185,3.8472,1.0032,1.5394,24.34,32.34,0.1402,0.9667,117.13,110.88,95.275
312,cell_15,2024-03-18 18:00:00,3.6734,3.5111,3.8258,0.9641,1.5389,24.42,35.78,0.1545,0.9439,118.99,118.15,95.097
313,cell_15,2024-03-19 00:00:00,3.6769,3.5142,3.8382,0.9872,1.542,25.78,35.12,0.1583,0.9646,113.38,106.14,94.91
314,cell_15,2024-03-19 06:00:00,3.6963,3.5345,3.8578,1.0065,1.5065,25.53,33.53,0.1522,0.9709,108.21,110.17,95.295
315,cell_15,2024-03-19 12:00:00,3.6885,3.5222,3.8412,1.048,1.548,25.7,35.73,0.1586,0.9434,110.36,100.07,94.699
316,cell_15,2024-03-19 18:00:00,3.692,3.5193,3.8443,0.993,1.55,22.65,30.65,0.1586,0.9415,111.2,110.54,95.302
317,cell_15,2024-03-20 00:00:00,3.7021,3.5395,3.8547,1.0222,1.5222,25.63,36.04,0.1545,0.9442,107.63,103.16,94.941
318,cell_15,2024-03-20 06:00:00,3.6806,3.5191,3.8362,0.9466,1.4466,22.6,31.17,0.1402,0.9309,116.19,114.49,95.424
319,cell_15,2024-03-20 12:00:00,3.6866,3.5247,3.8404,0.9432,1.4467,24.6,33.2,0.13,0.9534,125.78,114.84,95.242
320,cell_15,2024-03-20 18:00:00,3.7048,3.5428,3.8572,0.9871,1.4871,27.91,35.91,0.1359,0.9629,116.63,115.24,95.195
321,cell_15,2024-03-21 00:00:00,3.6806,3.5192,3.8378,1.1668,1.6816,25.85,33.85,0.1371,0.9405,101.13,90.88,95.439
322,cell_15,2024-03-21 06:00:00,3.7039,3.537,3.8751,0.9607,1.4607,25.49,34.69,0.1638,0.9547,112.72,116.39,94.837
323,cell_15,2024-03-21 12:00:00,3.6953,3.5199,3.848,1.0077,1.5077,23.74,31.74,0.1851,0.9477,112.27,109.51,94.51
324,cell_15,2024-03-21 18:00:00,3.6915,3.5294,3.8542,1.0204,1.543,27.31,35.31,0.1505,0.9478,113.31,106.85,95.165
325,cell_15,2024-03-22 00:00:00,3.6944,3.5327,3.8643,1.0016,1.5016,25.47,35.65,0.1752,0.9498,118.94,110.87,95.312
326,cell_15,2024-03-22 06:00:00,3.6965,3.5344,3.8642,0.9701,1.5758,21.52,30.6,0.1365,0.9533,118.91,110.18,95.188
327,cell_15,2024-03-22 12:00:00,3.6977,3.5088,3.8573,1.0278,1.5278,23.98,31.98,0.1477,0.9436,105.82,105.8,94.105
328,cell_15,2024-03-22 18:00:00,3.6721,3.5096,3.8312,0.9545,1.4545,25.41,33.64,0.1472,0.9501,121.93,109.22,94.985
329,cell_15,2024-03-23 00:00:00,3.7045,3.5357,3.8615,1.019,1.519,24.66,32.76,0.1624,0.944,109.72,108.96,94.524
330,cell_15,2024-03-23 06:00:00,3.6951,3.5327,3.8644,0.9709,1.4892,26.62,34.62,0.1382,0.9513,114.48,109.71,95.073
331,cell_15,2024-03-23 12:00:00,3.7036,3.5404,3.8562,1.0498,1.5498,23.31,31.75,0.1654,0.9408,112.06,108.13,94.728
332,cell_15,2024-03-23 18:00:00,3.6965,3.5225,3.8492,0.9106,1.4368,25.26,33.26,0.1575,0.9591,125.54,117.75,94.703
333,cell_15,2024-03-24 00:00:00,3.7139,3.5506,3.8665,0.9945,1.4945,24.06,33.87,0.1538,0.9465,114.17,113.46,94.686
334,cell_15,2024-03-24 06:00:00,3.6848,3.5214,3.8619,0.9441,1.4441,25.24,34.08,0.1391,0.9375,124.38,111.37,94.624
335,cell_15,2024-03-24 12:00:00,3.7077,3.5399,3.8758,1.0413,1.6052,24.18,32.18,0.1173,0.9478,113.49,101.0,94.326
336,cell_15,2024-03-24 18:00:00,3.6833,3.5198,3.836,1.042,1.587,25.09,33.09,0.1415,0.9492,110.45,106.79,94.595
337,cell_15,2024-03-25 00:00:00,3.6976,3.529,3.8502,0.8687,1.4158,27.26,36.14,0.1654,0.9451,135.4,129.34,94.749
338,cell_15,2024-03-25 06:00:00,3.7034,3.5413,3.8558,0.9379,1.4823,22.63,30.63,0.1151,0.9339,120.81,115.53,95.158
339,cell_15,2024-03-25 12:00:00,3.6925,3.5296,3.8458,1.0466,1.5516,28.09,36.09,0.1189,0.9487,113.16,98.59,94.863
340,cell_15,2024-03-25 18:00:00,3.6725,3.5025,3.8277,0.9933,1.5239,30.22,38.22,0.1446,0.9516,116.82,106.88,94.623
341,cell_15,2024-03-26 00:00:00,3.6932,3.5297,3.8459,1.0305,1.5305,24.25,32.25,0.1334,0.9542,114.68,108.01,94.601
342,cell_15,2024-03-26 06:00:00,3.686,3.5205,3.8391,0.9991,1.4991,27.1,37.08,0.2145,0.9601,116.78,106.81,93.814
343,cell_15,2024-03-26 12:00:00,3.7009,3.5374,3.8658,1.008,1.5648,26.35,34.35,0.155,0.955,110.98,109.44,94.592
344,cell_15,2024-03-26 18:00:00,3.6831,3.5196,3.8419,1.0494,1.6509,26.15,34.15,0.1421,0.9533,112.37,101.48,94.632
345,cell_15,2024-03-27 00:00:00,3.6862,3.5222,3.839,0.9404,1.4568,23.86,31.86,0.1729,0.9557,121.01,108.82,94.409
346,cell_15,2024-03-27 06:00:00,3.6849,3.521,3.8474,0.9779,1.4779,23.58,31.58,0.1489,0.9443,119.3,112.14,94.434
347,cell_15,2024-03-27 12:00:00,3.6876,3.5222,3.8505,0.9482,1.466,24.28,32.28,0.1484,0.9593,121.26,110.43,93.848
348,cell_15,2024-03-27 18:00:00,3.6921,3.5185,3.8673,1.0136,1.5845,24.36,32.36,0.1867,0.9492,116.23,105.78,94.175
349,cell_15,2024-03-28 00:00:00,3.6971,3.5328,3.85,0.9346,1.4346,23.16,31.66,0.1085,0.9481,123.49,119.96,94.262
350,cell_15,2024-03-28 06:00:00,3.6965,3.5324,3.8493,1.0462,1.5462,23.82,31.82,0.1308,0.9375,110.64,99.83,94.375
351,cell_15,2024-03-28 12:00:00,3.6777,3.4983,3.8309,0.9733,1.5213,26.51,34.51,0.1608,0.9544,121.24,108.0,93.68
352,cell_15,2024-03-28 18:00:00,3.6831,3.5162,3.8451,1.0256,1.5256,27.32,35.32,0.131,0.9534,114.69,101.28,94.535
353,cell_15,2024-03-29 00:00:00,3.686,3.513,3.8387,0.963,1.463,23.64,36.21,0.1308,0.9574,119.17,106.49,94.565
354,cell_15,2024-03-29 06:00:00,3.6886,3.5254,3.8413,1.0404,1.5404,28.66,36.95,0.1667,0.9361,111.98,102.83,94.715
355,cell_15,2024-03-29 12:00:00,3.683,3.5112,3.8362,1.0594,1.5594,22.85,34.0,0.1366,0.9572,104.38,97.36,94.463
356,cell_15,2024-03-29 18:00:00,3.6848,3.5219,3.8506,1.0381,1.5799,23.22,31.22,0.1575,0.9482,110.16,101.95,94.84
357,cell_15,2024-03-30 00:00:00,3.7057,3.5435,3.8581,0.9559,1.4559,22.17,30.41,0.1451,0.941,125.17,117.62,95.127
358,cell_15,2024-03-30 06:00:00,3.6943,3.5233,3.8473,1.073,1.6614,22.29,31.31,0.1571,0.9454,101.86,95.24,94.17
359,cell_15,2024-03-30 12:00:00,3.6803,3.5121,3.8384,1.0346,1.6343,26.71,34.71,0.1482,0.9418,113.62,105.28,94.218
360,cell_15,2024-03-30 18:00:00,3.696,3.5324,3.8487,0.9682,1.4682,24.28,32.52,0.1669,0.9533,120.22,110.19,94.693
361,cell_15,2024-03-31 00:00:00,3.688,3.525,3.8406,1.0139,1.5139,24.93,33.4,0.1692,0.9456,109.79,105.32,94.768
362,cell_15,2024-03-31 06:00:00,3.7093,3.5284,3.8811,1.0768,1.6121,24.45,32.45,0.1361,0.9492,109.28,99.39,93.875
363,cell_15,2024-03-31 12:00:00,3.6858,3.5147,3.844,0.9552,1.5316,22.98,30.98,0.1178,0.9453,118.14,111.23,94.746
364,cell_15,2024-03-31 18:00:00,3.686,3.5209,3.8512,0.9538,1.4622,22.32,32.39,0.1473,0.9487,117.88,107.35,93.957
365,cell_15,2024-04-01 00:00:00,3.6883,3.5095,3.8485,0.9936,1.4936,21.57,29.57,0.1384,0.9386,113.53,112.43,94.167
366,cell_15,2024-04-01 06:00:00,3.6806,3.503,3.8334,0.93,1.43,24.44,35.93,0.1358,0.9299,118.15,112.02,94.44
367,cell_15,2024-04-01 12:00:00,3.6966,3.5333,3.8493,1.0054,1.511,25.47,34.64,0.1154,0.9766,114.55,109.42,94.671
368,cell_15,2024-04-01 18:00:00,3.6914,3.5262,3.8444,1.0365,1.5365,23.4,31.4,0.1419,0.9504,108.99,106.07,93.941
369,cell_15,2024-04-02 00:00:00,3.6951,3.5265,3.8479,1.0085,1.5695,21.4,31.22,0.1508,0.9795,117.82,103.48,94.462
370,cell_15,2024-04-02 06:00:00,3.6916,3.5271,3.8445,0.9637,1.4637,26.18,35.87,0.1382,0.9492,120.53,107.44,94.207
371,cell_15,2024-04-02 12:00:00,3.6925,3.5001,3.8456,1.0454,1.5684,26.38,35.05,0.149,0.9497,107.01,106.73,93.8
372,cell_15,2024-04-02 18:00:00,3.7073,3.5424,3.8681,0.9915,1.5296,22.66,30.66,0.163,0.9471,118.27,102.75,94.056
373,cell_15,2024-04-03 00:00:00,3.6963,3.5154,3.8494,0.9605,1.461,22.96,30.96,0.1784,0.9556,122.27,110.68,93.879
374,cell_15,2024-04-03 06:00:00,3.6737,3.5098,3.8404,1.0129,1.5129,25.93,33.93,0.1807,0.951,112.7,101.48,94.445
375,cell_15,2024-04-03 12:00:00,3.6938,3.5284,3.8545,1.0602,1.5602,21.85,30.02,0.137,0.9365,111.06,100.08,93.813
376,cell_15,2024-04-03 18:00:00,3.7028,3.538,3.8625,0.971,1.471,22.69,31.7,0.135,0.9394,116.52,106.88,94.093
377,cell_15,2024-04-04 00:00:00,3.6678,3.5015,3.8232,1.08,1.6188,26.95,35.13,0.1224,0.9378,101.47,103.54,93.958
378,cell_15,2024-04-04 06:00:00,3.6795,3.5146,3.8366,1.0039,1.5039,23.97,32.83,0.1663,0.951,112.72,104.73,94.062
379,cell_15,2024-04-04 12:00:00,3.697,3.5319,3.85,1.0064,1.5064,24.82,32.82,0.1537,0.9515,111.9,109.77,93.961
380,cell_15,2024-04-04 18:00:00,3.7003,3.5345,3.8534,1.0057,1.5057,22.99,32.31,0.1784,0.951,111.94,104.8,93.698
381,cell_15,2024-04-05 00:00:00,3.6928,3.528,3.8458,0.9723,1.5697,26.48,38.86,0.1536,0.9427,112.34,110.65,94.076
382,cell_15,2024-04-05 06:00:00,3.6954,3.5304,3.8484,0.9366,1.4795,24.64,33.01,0.1389,0.9378,116.87,116.54,94.0
383,cell_15,2024-04-05 12:00:00,3.7044,3.5259,3.8621,1.0978,1.5978,26.28,34.28,0.149,0.9613,101.45,99.18,93.806
384,cell_15,2024-04-05 18:00:00,3.687,3.5213,3.8396,0.941,1.4693,23.96,31.99,0.1457,0.9519,123.89,118.99,94.729
385,cell_15,2024-04-06 00:00:00,3.681,3.515,3.8407,1.0621,1.5621,23.03,32.7,0.1356,0.9556,102.92,98.54,93.606
386,cell_15,2024-04-06 06:00:00,3.6887,3.4979,3.8484,1.0865,1.5865,24.57,32.57,0.1517,0.9594,99.6,98.62,94.113
387,cell_15,2024-04-06 12:00:00,3.693,3.5283,3.8485,0.9643,1.4643,23.47,33.11,0.1325,0.9294,114.42,115.22,94.139
388,cell_15,2024-04-06 18:00:00,3.694,3.5259,3.847,1.0309,1.5569,23.96,33.84,0.1778,0.9505,108.14,101.85,93.875
389,cell_15,2024-04-07 00:00:00,3.6988,3.5339,3.8518,1.0345,1.5345,23.46,35.08,0.1156,0.961,104.23,100.46,94.036
390,cell_15,2024-04-07 06:00:00,3.7078,3.5427,3.8608,1.0346,1.5346,22.83,31.8,0.1741,0.9375,108.15,101.26,94.095
391,cell_15,2024-04-07 12:00:00,3.6928,3.5276,3.8458,0.9685,1.4826,25.9,34.17,0.1399,0.9385,117.41,108.58,93.939
392,cell_15,2024-04-07 18:00:00,3.6782,3.5127,3.8313,0.9806,1.5276,25.45,34.2,0.0919,0.9383,118.5,105.11,93.794
393,cell_15,2024-04-08 00:00:00,3.6832,3.5154,3.8362,1.0402,1.6558,23.23,31.28,0.114,0.9345,108.2,99.5,93.937
394,cell_15,2024-04-08 06:00:00,3.692,3.5265,3.8642,0.918,1.418,27.41,35.84,0.1487,0.9556,125.42,110.97,93.78
395,cell_15,2024-04-08 12:00:00,3.7058,3.5411,3.8773,0.8999,1.3999,23.62,34.43,0.1416,0.9517,127.76,115.78,94.142
396,cell_15,2024-04-08 18:00:00,3.6975,3.5325,3.8658,1.0052,1.5105,26.0,34.0,0.1582,0.9373,112.66,111.16,93.993
397,cell_15,2024-04-09 00:00:00,3.6817,3.5086,3.8349,0.9935,1.5288,20.8,28.8,0.1415,0.9314,113.91,108.83,93.754
398,cell_15,2024-04-09 06:00:00,3.6838,3.5175,3.837,1.0079,1.5627,24.29,32.62,0.1616,0.9411,109.0,103.88,93.508
399,cell_15,2024-04-09 12:00:00,3.6875,3.5216,3.8426,0.9639,1.4639,21.95,30.39,0.1502,0.9604,112.45,114.25,93.636
400,cell_15,2024-04-09 18:00:00,3.6911,3.525,3.8443,1.0392,1.6605,23.43,33.47,0.163,0.9379,108.35,103.69,93.554
401,cell_15,2024-04-10 00:00:00,3.6873,3.5181,3.841,1.0424,1.5424,25.35,33.35,0.1673,0.9321,105.01,98.73,93.365
402,cell_15,2024-04-10 06:00:00,3.6806,3.5129,3.8385,1.0082,1.5527,25.18,33.18,0.1601,0.9479,109.15,106.4,92.912
403,cell_15,2024-04-10 12:00:00,3.6823,3.5138,3.8427,0.9339,1.4714,23.59,31.59,0.144,0.9371,122.78,119.02,93.227
404,cell_15,2024-04-10 18:00:00,3.6889,3.4963,3.8423,1.0521,1.5521,24.8,32.8,0.1784,0.9661,107.96,96.35,93.065
405,cell_15,2024-04-11 00:00:00,3.6919,3.5169,3.8582,0.9122,1.4256,25.19,33.19,0.1487,0.9505,118.27,122.47,93.183
406,cell_15,2024-04-11 06:00:00,3.681,3.5155,3.8437,0.9369,1.4369,23.78,31.78,0.1355,0.9452,115.71,113.24,93.814
407,cell_15,2024-04-11 12:00:00,3.693,3.5259,3.8464,1.038,1.538,25.75,33.75,0.1415,0.9454,111.55,102.21,93.168
408,cell_15,2024-04-11 18:00:00,3.7081,3.5253,3.8704,0.9437,1.4437,24.94,34.63,0.1577,0.943,117.35,107.07,93.323
409,cell_15,2024-04-12 00:00:00,3.6919,3.5242,3.8453,0.9632,1.4703,23.92,32.36,0.1699,0.944,112.42,107.57,93.198
410,cell_15,2024-04-12 06:00:00,3.6929,3.5022,3.8465,1.0067,1.5689,27.48,39.72,0.1633,0.9731,112.66,104.46,93.454
411,cell_15,2024-04-12 12:00:00,3.676,3.5089,3.8294,1.0461,1.5461,24.14,32.14,0.1634,0.9585,111.85,106.51,93.149
412,cell_15,2024-04-12 18:00:00,3.697,3.5298,3.8505,1.029,1.5472,23.13,35.07,0.1426,0.9467,109.7,105.73,93.101
413,cell_15,2024-04-13 00:00:00,3.6838,3.5022,3.8373,1.0661,1.6124,26.22,34.22,0.1717,0.9511,105.82,104.11,93.06
414,cell_15,2024-04-13 06:00:00,3.7003,3.5305,3.8811,0.9775,1.4775,25.67,33.67,0.1501,0.9414,118.66,111.16,93.043
415,cell_15,2024-04-13 12:00:00,3.7086,3.5305,3.868,0.9567,1.4567,21.69,29.69,0.1391,0.9589,114.02,115.76,93.717
416,cell_15,2024-04-13 18:00:00,3.6833,3.5168,3.838,0.9359,1.4359,21.77,29.77,0.1118,0.9151,120.47,108.14,93.381
417,cell_15,2024-04-14 00:00:00,3.6832,3.5159,3.8547,1.0056,1.5056,25.45,35.28,0.1621,0.9428,108.2,109.57,93.082
418,cell_15,2024-04-14 06:00:00,3.6956,3.5294,3.8488,1.0137,1.5137,23.68,32.23,0.1383,0.9378,112.73,108.64,93.518
419,cell_15,2024-04-14 12:00:00,3.6777,3.5117,3.8309,1.1224,1.692,25.19,33.19,0.1283,0.9573,100.76,96.02,93.611
420,cell_15,2024-04-14 18:00:00,3.6903,3.5225,3.8439,1.0307,1.6004,24.14,34.42,0.1244,0.9482,111.99,104.92,92.881
421,cell_15,2024-04-15 00:00:00,3.6866,3.5191,3.8401,0.9143,1.4767,25.53,33.78,0.1679,0.9306,123.06,119.28,93.007
422,cell_15,2024-04-15 06:00:00,3.6888,3.5208,3.8426,1.0575,1.5761,25.87,33.87,0.1534,0.9469,106.7,95.62,93.097
423,cell_15,2024-04-15 12:00:00,3.6691,3.5013,3.8227,0.9578,1.4839,21.92,32.51,0.1603,0.9478,116.19,107.61,92.864
424,cell_15,2024-04-15 18:00:00,3.6945,3.5269,3.848,0.9344,1.4344,23.23,31.23,0.1456,0.9626,114.06,118.63,92.946
425,cell_15,2024-04-16 00:00:00,3.714,3.5413,3.8675,1.0517,1.5517,27.13,35.13,0.1508,0.9506,105.74,98.63,92.947
426,cell_15,2024-04-16 06:00:00,3.6854,3.5165,3.8389,1.042,1.542,25.4,33.4,0.1491,0.9473,102.26,97.55,93.051
427,cell_15,2024-04-16 12:00:00,3.6766,3.4984,3.8296,1.0545,1.565,25.78,34.46,0.1268,0.9483,108.2,103.6,94.013
428,cell_15,2024-04-16 18:00:00,3.6972,3.5108,3.8508,0.9688,1.4923,28.22,36.22,0.1663,0.9248,111.93,107.84,92.824
429,cell_15,2024-04-17 00:00:00,3.6803,3.5106,3.834,1.1112,1.6112,26.52,34.52,0.1328,0.9395,95.19,98.32,92.653
430,cell_15,2024-04-17 06:00:00,3.6904,3.5195,3.8437,1.0458,1.5914,24.92,32.92,0.1392,0.9279,109.96,102.64,93.388
431,cell_15,2024-04-17 12:00:00,3.6826,3.5097,3.8361,0.9525,1.5139,23.05,33.04,0.1574,0.9678,115.35,117.26,93.15
432,cell_15,2024-04-17 18:00:00,3.6752,3.4885,3.8287,1.1109,1.6109,26.8,34.8,0.1707,0.9428,101.98,97.61,93.003
433,cell_15,2024-04-18 00:00:00,3.6931,3.5265,3.8486,1.0289,1.6444,26.84,37.08,0.1376,0.9541,110.92,105.07,93.355
434,cell_15,2024-04-18 06:00:00,3.6822,3.514,3.8358,0.9992,1.5264,25.2,34.24,0.1652,0.9374,111.36,105.73,92.728
435,cell_15,2024-04-18 12:00:00,3.6738,3.5068,3.8272,0.9721,1.5496,27.78,35.78,0.1566,0.9437,109.3,104.27,93.189
436,cell_15,2024-04-18 18:00:00,3.6925,3.5251,3.854,0.8393,1.3393,25.42,33.42,0.1456,0.9443,137.02,120.16,93.038
437,cell_15,2024-04-19 00:00:00,3.7184,3.5511,3.8779,1.0382,1.6108,25.1,33.48,0.1483,0.9528,106.25,104.91,93.105
438,cell_15,2024-04-19 06:00:00,3.6998,3.5326,3.8766,0.969,1.5021,26.8,35.19,0.1481,0.946,112.47,112.55,93.11
439,cell_15,2024-04-19 12:00:00,3.6903,3.5207,3.8611,0.9882,1.4882,25.74,33.97,0.1546,0.941,116.68,104.92,93.81
440,cell_15,2024-04-19 18:00:00,3.7197,3.5471,3.8733,0.9951,1.4951,26.14,34.56,0.173,0.9269,115.33,107.06,92.944
441,cell_15,2024-04-20 00:00:00,3.6717,3.5038,3.8253,0.9569,1.4574,21.77,29.77,0.1558,0.9698,120.07,108.61,92.842
442,cell_15,2024-04-20 06:00:00,3.6956,3.5255,3.8493,1.0259,1.5648,25.54,33.54,0.1445,0.9423,112.02,106.19,93.256
443,cell_15,2024-04-20 12:00:00,3.7084,3.5242,3.8745,0.9579,1.4618,24.25,32.25,0.141,0.9436,113.32,114.89,93.401
444,cell_15,2024-04-20 18:00:00,3.6789,3.507,3.8325,0.9199,1.4243,24.15,32.15,0.1528,0.9417,124.27,114.16,92.689
445,cell_15,2024-04-21 00:00:00,3.6928,3.5259,3.8597,1.0033,1.5033,24.64,34.13,0.1405,0.9615,108.64,108.03,93.212
446,cell_15,2024-04-21 06:00:00,3.6828,3.5147,3.8393,0.971,1.471,23.95,31.95,0.1144,0.9408,112.4,107.3,92.745
447,cell_15,2024-04-21 12:00:00,3.6856,3.5174,3.8393,0.9021,1.4109,26.08,34.08,0.1729,0.9426,120.33,117.41,92.688
448,cell_15,2024-04-21 18:00:00,3.6936,3.5121,3.8471,0.9386,1.4386,23.18,31.18,0.1475,0.9495,115.59,115.85,93.028
449,cell_15,2024-04-22 00:00:00,3.6717,3.5039,3.8354,1.0084,1.5559,22.28,30.83,0.1464,0.9596,111.42,100.84,92.896
450,cell_15,2024-04-22 06:00:00,3.679,3.5108,3.8423,1.007,1.549,24.77,32.77,0.177,0.9473,111.77,99.63,92.708
451,cell_15,2024-04-22 12:00:00,3.689,3.52,3.8537,1.0696,1.653,26.99,34.99,0.1397,0.948,106.25,100.02,92.413
452,cell_15,2024-04-22 18:00:00,3.6712,3.5025,3.825,1.0587,1.5587,24.2,34.41,0.1585,0.9463,101.69,102.65,92.512
453,cell_15,2024-04-23 00:00:00,3.6856,3.5177,3.8392,1.022,1.522,24.59,33.06,0.1499,0.9428,108.73,104.97,92.854
454,cell_15,2024-04-23 06:00:00,3.6733,3.5043,3.8397,0.9647,1.4647,24.56,34.87,0.1569,0.966,116.0,105.51,92.374
455,cell_15,2024-04-23 12:00:00,3.6744,3.4974,3.828,0.9727,1.4727,28.77,36.77,0.1381,0.9394,112.82,108.68,92.69
456,cell_15,2024-04-23 18:00:00,3.6974,3.5277,3.857,1.0219,1.5219,26.41,35.39,0.1681,0.9515,105.16,101.74,92.115
457,cell_15,2024-04-24 00:00:00,3.6899,3.5214,3.8436,1.0497,1.5536,24.09,32.09,0.1855,0.9419,101.4,105.27,92.602
458,cell_15,2024-04-24 06:00:00,3.6872,3.5119,3.8407,1.0272,1.5272,24.68,32.68,0.1313,0.9535,106.11,105.17,92.888
459,cell_15,2024-04-24 12:00:00,3.6831,3.504,3.8373,0.9765,1.4765,23.81,31.88,0.1652,0.9469,112.89,107.23,91.668
460,cell_15,2024-04-24 18:00:00,3.6906,3.5198,3.8606,1.0104,1.5226,27.79,35.79,0.1524,0.9499,105.25,102.31,91.663
461,cell_15,2024-04-25 00:00:00,3.6815,3.4966,3.845,0.9871,1.4871,22.69,32.42,0.1574,0.9484,114.61,103.15,90.862
1,cell_16,2024-01-01 00:00:00,3.6977,3.5479,3.854,1.2613,1.9113,33.73,41.73,0.1159,0.951,98.41,86.32,100.101
2,cell_16,2024-01-01 06:00:00,3.7217,3.5709,3.8719,1.3262,1.9762,31.82,40.3,0.1385,0.9506,91.39,85.61,99.675
3,cell_16,2024-01-01 12:00:00,3.7016,3.551,3.8518,1.2436,1.9595,31.7,39.7,0.1359,0.9431,99.4,95.01,99.74
4,cell_16,2024-01-01 18:00:00,3.7042,3.5489,3.8543,1.3134,2.1065,31.75,40.72,0.1179,0.9503,86.63,84.43,99.739
5,cell_16,2024-01-02 00:00:00,3.6976,3.5282,3.8476,1.3144,1.9644,32.96,40.96,0.1155,0.9585,90.24,86.74,99.98
6,cell_16,2024-01-02 06:00:00,3.7138,3.5606,3.8637,1.3239,1.9951,26.35,35.02,0.1064,0.9477,93.38,83.32,100.327
7,cell_16,2024-01-02 12:00:00,3.7038,3.5533,3.8539,1.3605,2.0577,32.04,40.04,0.1134,0.9402,87.2,87.53,99.791
8,cell_16,2024-01-02 18:00:00,3.7017,3.5464,3.8678,1.2753,1.9253,29.78,40.56,0.1179,0.9454,91.07,92.59,99.907
9,cell_16,2024-01-03 00:00:00,3.7028,3.5537,3.8526,1.268,1.918,29.23,37.23,0.1266,0.9566,97.58,92.76,100.36
10,cell_16,2024-01-03 06:00:00,3.6953,3.5368,3.8579,1.3014,1.9514,30.79,39.14,0.1223,0.9351,92.85,84.0,99.589
11,cell_16,2024-01-03 12:00:00,3.6913,3.5424,3.841,1.3408,1.9916,30.87,41.05,0.1039,0.9561,90.13,85.45,100.456
12,cell_16,2024-01-03 18:00:00,3.7004,3.548,3.8503,1.2895,1.9395,28.37,36.8,0.1103,0.9439,91.73,85.9,100.187
13,cell_16,2024-01-04 00:00:00,3.7152,3.5647,3.8653,1.2197,1.8824,29.22,38.82,0.1178,0.9603,94.23,97.38,99.79
14,cell_16,2024-01-04 06:00:00,3.697,3.5467,3.847,1.2868,1.9771,28.88,36.88,0.1301,0.9521,96.55,92.5,99.898
15,cell_16,2024-01-04 12:00:00,3.7113,3.5471,3.8611,1.308,1.9826,29.74,38.84,0.1101,0.9554,89.44,89.72,100.5
16,cell_16,2024-01-04 18:00:00,3.6959,3.5455,3.8459,1.2611,1.9111,31.76,39.76,0.0907,0.9585,96.29,91.76,99.85
17,cell_16,2024-01-05 00:00:00,3.6814,3.5273,3.8326,1.1825,1.8325,30.43,40.14,0.0977,0.9602,99.48,93.89,100.086
18,cell_16,2024-01-05 06:00:00,3.6953,3.5462,3.8615,1.3156,1.9885,31.43,40.4,0.1264,0.9578,89.07,83.06,100.36
19,cell_16,2024-01-05 12:00:00,3.6834,3.5242,3.8335,1.2346,1.8846,29.81,38.86,0.1293,0.9399,96.43,95.37,99.735
20,cell_16,2024-01-05 18:00:00,3.7066,3.5552,3.8569,1.3484,1.9984,33.05,42.45,0.1083,0.9568,90.54,81.74,99.423
21,cell_16,2024-01-06 00:00:00,3.6818,3.532,3.8401,1.4152,2.0655,30.32,40.37,0.1002,0.9359,82.58,78.65,100.085
22,cell_16,2024-01-06 06:00:00,3.6995,3.5472,3.8518,1.2553,1.9455,32.34,40.34,0.0919,0.9375,90.87,87.69,99.095
23,cell_16,2024-01-06 12:00:00,3.6916,3.5249,3.8535,1.3176,2.0195,31.09,39.09,0.0929,0.9485,90.41,84.64,99.416
24,cell_16,2024-01-06 18:00:00,3.6931,3.5296,3.853,1.315,1.9754,29.83,37.83,0.1123,0.9618,91.28,84.71,99.55
25,cell_16,2024-01-07 00:00:00,3.7071,3.5545,3.8633,1.2233,1.8749,34.25,42.25,0.0885,0.9483,98.6,89.86,98.959
26,cell_16,2024-01-07 06:00:00,3.6968,3.5434,3.851,1.1788,1.8672,32.85,40.85,0.1232,0.9414,99.91,91.65,98.635
27,cell_16,2024-01-07 12:00:00,3.6979,3.545,3.8583,1.2322,1.8822,30.68,39.08,0.1302,0.9556,95.14,94.08,98.813
28,cell_16,2024-01-07 18:00:00,3.6977,3.5379,3.8572,1.2848,1.9348,32.38,43.55,0.0927,0.9447,89.35,92.04,99.106
29,cell_16,2024-01-08 00:00:00,3.6943,3.539,3.8544,1.4219,2.1449,30.98,40.43,0.0993,0.9539,81.75,76.33,98.839
30,cell_16,2024-01-08 06:00:00,3.6905,3.5379,3.8503,1.3286,2.0519,30.59,40.04,0.1181,0.9507,87.13,85.59,98.958
31,cell_16,2024-01-08 12:00:00,3.6821,3.5189,3.8325,1.2558,1.9058,29.95,38.06,0.1038,0.9398,91.26,89.43,99.141
32,cell_16,2024-01-08 18:00:00,3.7025,3.547,3.8529,1.2553,1.9053,30.98,38.98,0.1238,0.9608,99.03,89.5,99.087
33,cell_16,2024-01-09 00:00:00,3.7005,3.5462,3.8516,1.2658,1.9621,31.47,39.47,0.1397,0.9329,90.23,90.91,98.292
34,cell_16,2024-01-09 06:00:00,3.7098,3.5571,3.8604,1.206,1.8751,31.32,39.32,0.1159,0.9405,99.13,96.0,98.916
35,cell_16,2024-01-09 12:00:00,3.7026,3.5298,3.8531,1.2557,1.9057,31.87,41.0,0.0859,0.9558,93.71,85.76,99.026
36,cell_16,2024-01-09 18:00:00,3.6938,3.5409,3.8603,1.323,1.973,30.97,39.17,0.1233,0.9781,90.08,88.68,98.837
37,cell_16,2024-01-10 00:00:00,3.6969,3.5445,3.8474,1.2887,1.9387,29.05,37.47,0.1132,0.9318,92.99,83.11,99.019
38,cell_16,2024-01-10 06:00:00,3.7044,3.5492,3.8548,1.2796,1.9296,31.6,40.61,0.1306,0.9482,93.12,87.71,99.093
39,cell_16,2024-01-10 12:00:00,3.7095,3.5569,3.8734,1.3417,2.0598,29.9,37.9,0.1665,0.9259,87.0,80.49,98.959
40,cell_16,2024-01-10 18:00:00,3.6942,3.5286,3.846,1.2437,1.8937,28.49,36.49,0.1008,0.948,93.84,92.18,98.833
41,cell_16,2024-01-11 00:00:00,3.7095,3.5447,3.87,1.3214,1.9778,30.61,38.61,0.1053,0.9429,86.89,84.6,98.937
42,cell_16,2024-01-11 06:00:00,3.6965,3.5419,3.8474,1.243,1.9139,30.16,39.08,0.1257,0.9498,93.95,86.62,98.164
43,cell_16,2024-01-11 12:00:00,3.6923,3.5405,3.8486,1.3415,1.9915,29.68,37.68,0.1373,0.9636,87.58,82.93,99.285
44,cell_16,2024-01-11 18:00:00,3.6925,3.5359,3.8493,1.3032,1.9532,28.98,37.38,0.1608,0.9581,95.9,84.63,99.259
45,cell_16,2024-01-12 00:00:00,3.696,3.5321,3.8474,1.3082,1.9582,31.36,39.36,0.1116,0.946,87.33,87.88,99.237
46,cell_16,2024-01-12 06:00:00,3.6982,3.5455,3.8488,1.2933,1.9433,29.95,39.13,0.1026,0.9566,92.48,88.73,98.9
47,cell_16,2024-01-12 12:00:00,3.7101,3.5576,3.8645,1.3272,1.9772,29.53,37.53,0.1041,0.9503,93.92,85.5,99.026
48,cell_16,2024-01-12 18:00:00,3.7172,3.5645,3.8738,1.2573,1.9073,31.52,41.09,0.1112,0.9392,98.42,92.3,98.897
49,cell_16,2024-01-13 00:00:00,3.696,3.5428,3.8466,1.3506,2.07,30.62,38.62,0.1151,0.949,89.43,79.15,98.734
50,cell_16,2024-01-13 06:00:00,3.6848,3.5324,3.8595,1.2872,2.0331,31.46,39.46,0.1234,0.9543,91.39,89.16,99.048
51,cell_16,2024-01-13 12:00:00,3.6913,3.5365,3.8585,1.3247,2.024,30.69,40.04,0.1206,0.9867,90.89,85.79,98.106
52,cell_16,2024-01-13 18:00:00,3.6952,3.5421,3.8472,1.333,2.0586,31.45,39.45,0.0944,0.9628,92.8,84.13,98.769
53,cell_16,2024-01-14 00:00:00,3.7004,3.5299,3.8597,1.2617,1.9117,28.72,36.72,0.0894,0.9569,93.97,92.06,98.387
54,cell_16,2024-01-14 06:00:00,3.6795,3.5252,3.8304,1.3247,1.9747,33.09,42.5,0.1178,0.9318,87.64,80.79,98.292
55,cell_16,2024-01-14 12:00:00,3.7085,3.555,3.8592,1.2628,1.9128,28.32,36.32,0.1047,0.9516,89.14,91.46,98.599
56,cell_16,2024-01-14 18:00:00,3.6884,3.5321,3.8488,1.2205,1.8762,32.19,40.19,0.1081,0.9641,96.67,89.98,98.262
57,cell_16,2024-01-15 00:00:00,3.7005,3.5438,3.8513,1.3097,1.9597,30.74,42.88,0.1376,0.9553,86.37,81.31,98.261
58,cell_16,2024-01-15 06:00:00,3.6955,3.54,3.8503,1.4082,2.0582,34.18,42.35,0.1331,0.9613,81.82,75.2,97.791
59,cell_16,2024-01-15 12:00:00,3.6906,3.5359,3.8415,1.2672,1.9172,31.0,39.0,0.1127,0.955,94.08,85.92,98.145
60,cell_16,2024-01-15 18:00:00,3.7108,3.5564,3.8617,1.3256,1.9984,31.94,39.94,0.1403,0.9601,86.96,85.26,98.243
61,cell_16,2024-01-16 00:00:00,3.693,3.5374,3.8453,1.3409,2.0499,27.82,35.82,0.1417,0.9327,85.57,84.62,98.331
62,cell_16,2024-01-16 06:00:00,3.6885,3.532,3.8496,1.242,1.9455,32.79,41.14,0.1473,0.9664,96.18,86.89,98.677
63,cell_16,2024-01-16 12:00:00,3.7023,3.5446,3.8559,1.2691,1.9575,31.63,43.97,0.1512,0.958,88.68,86.05,97.962
64,cell_16,2024-01-16 18:00:00,3.7063,3.5503,3.8578,1.3625,2.0536,28.26,36.26,0.1159,0.9617,90.31,78.83,98.323
65,cell_16,2024-01-17 00:00:00,3.695,3.5398,3.846,1.3328,1.9828,29.93,37.93,0.1422,0.9513,92.45,86.75,97.945
66,cell_16,2024-01-17 06:00:00,3.6988,3.5182,3.8498,1.3035,1.9535,30.47,39.42,0.1139,0.9553,94.57,88.83,97.936
67,cell_16,2024-01-17 12:00:00,3.7066,3.5471,3.8576,1.2212,1.8712,32.58,42.06,0.1443,0.9573,91.55,88.64,98.003
68,cell_16,2024-01-17 18:00:00,3.6951,3.5329,3.8466,1.2711,1.9211,30.53,38.74,0.1153,0.9482,88.03,91.7,98.131
69,cell_16,2024-01-18 00:00:00,3.6946,3.5336,3.8456,1.326,1.976,29.01,37.01,0.1204,0.942,85.2,80.58,98.034
70,cell_16,2024-01-18 06:00:00,3.7038,3.547,3.8552,1.1428,1.821,30.26,39.37,0.0999,0.9389,106.41,97.43,97.279
71,cell_16,2024-01-18 12:00:00,3.6949,3.5388,3.8461,1.3406,2.0114,31.76,39.76,0.0997,0.9487,90.57,84.87,97.573
72,cell_16,2024-01-18 18:00:00,3.6881,3.5311,3.8445,1.3566,2.0332,30.78,38.78,0.1281,0.9413,81.84,80.83,97.209
73,cell_16,2024-01-19 00:00:00,3.6963,3.5403,3.8532,1.39,2.0856,31.93,39.93,0.1394,0.9427,80.63,76.62,97.573
74,cell_16,2024-01-19 06:00:00,3.6865,3.5301,3.8412,1.3637,2.0137,27.29,35.29,0.0993,0.9647,84.05,83.72,97.432
75,cell_16,2024-01-19 12:00:00,3.6946,3.5158,3.8559,1.3201,1.9701,33.68,41.68,0.1465,0.9662,86.09,86.16,96.837
76,cell_16,2024-01-19 18:00:00,3.7057,3.541,3.8571,1.3389,1.9889,30.9,41.0,0.1443,0.9465,82.9,81.39,97.356
77,cell_16,2024-01-20 00:00:00,3.6843,3.5276,3.8355,1.2822,1.9322,31.43,39.43,0.128,0.963,87.59,82.48,97.677
78,cell_16,2024-01-20 06:00:00,3.6956,3.5384,3.8513,1.2724,1.9224,32.25,42.32,0.139,0.9481,93.46,91.09,97.359
79,cell_16,2024-01-20 12:00:00,3.7022,3.5398,3.8535,1.3219,1.9719,32.85,40.85,0.1095,0.9462,89.29,80.35,97.466
80,cell_16,2024-01-20 18:00:00,3.6953,3.5384,3.8467,1.2588,1.9434,32.68,41.96,0.0916,0.9537,91.35,85.86,97.254
81,cell_16,2024-01-21 00:00:00,3.7099,3.5532,3.8656,1.2786,1.9959,29.77,39.31,0.1095,0.9425,89.0,86.18,97.315
82,cell_16,2024-01-21 06:00:00,3.6971,3.5278,3.8556,1.4095,2.0595,28.45,36.54,0.1438,0.9466,82.95,78.55,97.682
83,cell_16,2024-01-21 12:00:00,3.6997,3.5428,3.8511,1.263,1.913,31.71,40.26,0.1453,0.9634,93.64,87.95,97.207
84,cell_16,2024-01-21 18:00:00,3.7094,3.5401,3.8609,1.3118,2.0039,32.76,40.76,0.0963,0.9533,86.99,81.72,96.991
85,cell_16,2024-01-22 00:00:00,3.6999,3.5411,3.8517,1.2188,1.8688,31.72,42.12,0.096,0.9538,91.52,89.2,96.499
86,cell_16,2024-01-22 06:00:00,3.6952,3.5352,3.8468,1.2589,1.9368,27.84,41.23,0.1022,0.9477,96.25,91.77,96.925
87,cell_16,2024-01-22 12:00:00,3.6908,3.5327,3.8425,1.2593,1.9093,34.05,42.05,0.0812,0.9468,88.65,91.14,96.75
88,cell_16,2024-01-22 18:00:00,3.6935,3.535,3.8451,1.2938,1.9742,30.19,38.33,0.1078,0.9511,92.67,81.48,96.633
89,cell_16,2024-01-23 00:00:00,3.6986,3.5405,3.8502,1.256,1.9257,32.27,40.27,0.1296,0.9578,93.02,90.42,96.757
90,cell_16,2024-01-23 06:00:00,3.6875,3.5266,3.8391,1.2856,1.9356,28.12,37.01,0.0599,0.9534,90.06,86.28,96.782
91,cell_16,2024-01-23 12:00:00,3.7083,3.5502,3.8691,1.2744,1.9244,33.08,41.08,0.1185,0.9561,88.88,82.3,96.762
92,cell_16,2024-01-23 18:00:00,3.7193,3.563,3.8705,1.2899,1.9399,32.48,40.48,0.1483,0.932,92.52,88.78,97.494
93,cell_16,2024-01-24 00:00:00,3.695,3.5294,3.8467,1.2165,1.8665,30.34,41.79,0.1382,0.94,95.19,87.23,96.584
94,cell_16,2024-01-24 06:00:00,3.6788,3.5181,3.845,1.2216,1.873,32.92,43.85,0.128,0.9439,91.74,88.31,97.252
95,cell_16,2024-01-24 12:00:00,3.7037,3.5468,3.862,1.3385,1.9885,31.26,39.26,0.1222,0.9543,89.98,79.12,97.24
96,cell_16,2024-01-24 18:00:00,3.697,3.5285,3.8484,1.2708,1.9208,32.24,44.18,0.1427,0.9536,93.55,89.7,97.264
97,cell_16,2024-01-25 00:00:00,3.7023,3.5325,3.8609,1.3094,2.0284,30.81,38.81,0.1301,0.9565,91.36,86.34,97.065
98,cell_16,2024-01-25 06:00:00,3.6959,3.5395,3.8472,1.319,2.0311,29.92,39.6,0.1145,0.9465,86.25,87.21,97.459
99,cell_16,2024-01-25 12:00:00,3.7052,3.5479,3.8669,1.3032,1.9552,33.71,41.71,0.1387,0.9511,87.8,84.99,97.079
100,cell_16,2024-01-25 18:00:00,3.6884,3.5309,3.8399,1.2322,1.9003,31.7,40.23,0.0927,0.9677,92.86,89.11,97.016
101,cell_16,2024-01-26 00:00:00,3.7004,3.5439,3.8516,1.1968,1.8468,28.91,37.23,0.1359,0.9503,94.38,93.3,97.429
102,cell_16,2024-01-26 06:00:00,3.6981,3.5278,3.8498,1.2785,1.9285,31.22,41.16,0.131,0.9314,94.1,81.64,96.568
103,cell_16,2024-01-26 12:00:00,3.6983,3.5373,3.8502,1.3011,1.9511,32.04,40.04,0.124,0.9548,87.49,86.7,96.143
104,cell_16,2024-01-26 18:00:00,3.703,3.545,3.8547,1.3691,2.0191,32.66,44.44,0.1219,0.9618,83.18,83.36,96.77
105,cell_16,2024-01-27 00:00:00,3.7045,3.532,3.8561,1.3977,2.098,34.21,44.48,0.1536,0.9614,82.9,75.29,96.799
106,cell_16,2024-01-27 06:00:00,3.6836,3.525,3.8353,1.3166,1.9666,31.93,39.93,0.1417,0.9467,92.02,87.21,96.562
107,cell_16,2024-01-27 12:00:00,3.7025,3.5355,3.8544,1.2949,1.9449,29.9,38.06,0.1475,0.9474,88.08,84.03,96.344
108,cell_16,2024-01-27 18:00:00,3.6967,3.538,3.8484,1.2949,2.045,30.67,38.99,0.1298,0.9576,93.3,82.62,96.531
109,cell_16,2024-01-28 00:00:00,3.6931,3.5347,3.8448,1.2965,2.0387,32.96,40.96,0.143,0.9514,93.34,80.87,96.658
110,cell_16,2024-01-28 06:00:00,3.6971,3.5374,3.849,1.2646,1.9513,29.95,37.95,0.129,0.9555,89.6,91.06,96.143
111,cell_16,2024-01-28 12:00:00,3.6961,3.5356,3.8537,1.3667,2.0167,31.31,40.99,0.1171,0.9443,84.89,81.28,95.782
112,cell_16,2024-01-28 18:00:00,3.6955,3.5335,3.8543,1.2782,2.002,30.28,39.53,0.1358,0.9536,91.75,86.99,96.353
113,cell_16,2024-01-29 00:00:00,3.6775,3.515,3.8291,1.316,2.038,30.53,38.53,0.1147,0.9446,86.29,80.66,96.705
114,cell_16,2024-01-29 06:00:00,3.6954,3.5167,3.8528,1.3152,1.9652,30.66,38.87,0.1436,0.9479,91.86,85.82,95.954
115,cell_16,2024-01-29 12:00:00,3.6919,3.5317,3.8439,1.182,1.832,31.34,39.34,0.0958,0.9392,98.31,93.37,95.911
116,cell_16,2024-01-29 18:00:00,3.698,3.5389,3.8596,1.2475,1.8975,30.79,42.27,0.1151,0.9419,94.67,86.71,96.356
117,cell_16,2024-01-30 00:00:00,3.6938,3.5344,3.8575,1.3163,1.9844,28.58,38.17,0.1065,0.9357,89.4,84.44,96.225
118,cell_16,2024-01-30 06:00:00,3.7154,3.5465,3.8674,1.3611,2.0824,32.84,40.84,0.1668,0.9343,82.37,77.42,96.087
119,cell_16,2024-01-30 12:00:00,3.693,3.5202,3.8447,1.3088,1.9588,32.67,41.06,0.107,0.9406,89.44,83.51,96.644
120,cell_16,2024-01-30 18:00:00,3.6789,3.5191,3.8308,1.3332,2.0738,31.31,40.98,0.119,0.9542,89.64,79.2,96.094
121,cell_16,2024-01-31 00:00:00,3.693,3.5329,3.845,1.2444,1.8944,32.88,40.88,0.0788,0.9524,94.97,84.35,95.964
122,cell_16,2024-01-31 06:00:00,3.6897,3.5265,3.8483,1.3013,1.9947,32.11,40.12,0.1544,0.9583,88.25,88.57,96.108
123,cell_16,2024-01-31 12:00:00,3.6957,3.5351,3.8515,1.2412,1.8912,32.2,41.63,0.1039,0.9454,92.97,85.96,95.748
124,cell_16,2024-01-31 18:00:00,3.6896,3.5298,3.8431,1.3387,2.0515,31.49,39.49,0.1502,0.9349,87.33,77.59,96.063
125,cell_16,2024-02-01 00:00:00,3.7004,3.539,3.8524,1.3021,1.9709,32.14,41.26,0.0992,0.9535,87.34,81.57,96.011
126,cell_16,2024-02-01 06:00:00,3.6936,3.5274,3.847,1.3868,2.0368,29.46,42.47,0.1006,0.9498,81.52,77.65,95.812
127,cell_16,2024-02-01 12:00:00,3.697,3.536,3.8492,1.2989,1.983,30.51,38.51,0.1367,0.9486,87.88,79.61,95.609
128,cell_16,2024-02-01 18:00:00,3.709,3.5493,3.8751,1.2211,1.8711,28.82,38.65,0.0892,0.9391,99.2,90.98,96.151
129,cell_16,2024-02-02 00:00:00,3.6947,3.5141,3.8527,1.3164,1.9664,29.22,37.22,0.1287,0.9463,89.25,83.32,95.993
130,cell_16,2024-02-02 06:00:00,3.6806,3.5094,3.8353,1.277,1.927,32.88,40.88,0.1049,0.9567,86.85,84.21,95.943
131,cell_16,2024-02-02 12:00:00,3.6888,3.5232,3.8413,1.3476,2.0342,31.63,39.63,0.1633,0.9379,82.05,84.3,95.739
132,cell_16,2024-02-02 18:00:00,3.6796,3.5185,3.8318,1.2636,1.9725,30.26,39.32,0.1562,0.9316,87.45,83.88,95.56
133,cell_16,2024-02-03 00:00:00,3.6868,3.5184,3.8392,1.3625,2.0352,29.56,38.69,0.1455,0.9514,86.99,76.18,95.141
134,cell_16,2024-02-03 06:00:00,3.6587,3.4984,3.8299,1.2305,1.8915,28.93,36.93,0.1668,0.9419,90.18,85.12,95.878
135,cell_16,2024-02-03 12:00:00,3.7018,3.5409,3.854,1.3706,2.0206,29.18,37.18,0.1077,0.9574,83.31,81.98,95.621
136,cell_16,2024-02-03 18:00:00,3.6788,3.5183,3.8311,1.2314,2.0016,30.07,38.07,0.1358,0.9466,94.69,87.19,95.788
137,cell_16,2024-02-04 00:00:00,3.7019,3.5356,3.8547,1.2606,1.9106,26.74,34.74,0.1013,0.9395,94.68,90.93,96.461
138,cell_16,2024-02-04 06:00:00,3.6877,3.528,3.8397,1.334,1.984,32.35,42.04,0.1377,0.9514,84.91,78.5,96.097
139,cell_16,2024-02-04 12:00:00,3.6911,3.5057,3.8449,1.4071,2.0852,31.47,39.47,0.127,0.9496,79.55,77.99,95.856
140,cell_16,2024-02-04 18:00:00,3.7098,3.549,3.8806,1.3042,1.957,31.63,41.84,0.0955,0.9496,84.53,81.78,95.671
141,cell_16,2024-02-05 00:00:00,3.6908,3.5145,3.8442,1.2298,1.9836,31.95,39.95,0.119,0.9392,89.68,93.06,95.936
142,cell_16,2024-02-05 06:00:00,3.6842,3.5169,3.8412,1.1831,1.8331,30.95,40.03,0.1221,0.962,93.95,92.25,95.973
143,cell_16,2024-02-05 12:00:00,3.6884,3.5241,3.8406,1.3476,1.9976,31.32,39.32,0.1215,0.944,86.69,78.92,95.585
144,cell_16,2024-02-05 18:00:00,3.681,3.5177,3.8332,1.3824,2.1173,30.93,41.63,0.156,0.9643,79.43,74.97,95.623
145,cell_16,2024-02-06 00:00:00,3.7018,3.54,3.8587,1.3546,2.0197,33.18,42.06,0.0988,0.9328,85.91,80.32,95.56
146,cell_16,2024-02-06 06:00:00,3.6984,3.5366,3.8648,1.3084,1.9584,29.64,37.64,0.1066,0.9586,90.5,79.99,95.263
147,cell_16,2024-02-06 12:00:00,3.6899,3.5239,3.8552,1.2618,2.0247,32.24,40.24,0.0607,0.955,90.78,82.23,95.284
148,cell_16,2024-02-06 18:00:00,3.7004,3.5383,3.8528,1.3256,1.9756,29.38,37.38,0.1335,0.947,89.94,78.82,95.152
149,cell_16,2024-02-07 00:00:00,3.7,3.5346,3.852,1.3175,1.9675,29.25,37.25,0.1364,0.9333,87.14,83.28,96.012
150,cell_16,2024-02-07 06:00:00,3.6891,3.5214,3.8626,1.3989,2.0966,28.78,36.78,0.1377,0.9505,80.88,75.01,94.563
151,cell_16,2024-02-07 12:00:00,3.6943,3.5307,3.847,1.3258,2.0239,28.1,36.1,0.1193,0.9314,82.68,80.66,94.574
152,cell_16,2024-02-07 18:00:00,3.689,3.5248,3.8419,1.3443,2.0402,31.38,39.38,0.1053,0.9454,85.29,80.15,94.283
153,cell_16,2024-02-08 00:00:00,3.686,3.5211,3.8385,1.294,2.0113,29.45,39.48,0.0961,0.9578,90.48,79.79,95.082
154,cell_16,2024-02-08 06:00:00,3.6664,3.4987,3.8191,1.2506,1.9006,31.48,39.48,0.1313,0.948,88.07,86.76,94.612
155,cell_16,2024-02-08 12:00:00,3.6898,3.5276,3.8422,1.2979,1.9897,33.45,41.45,0.1035,0.9479,88.94,83.1,95.124
156,cell_16,2024-02-08 18:00:00,3.6922,3.5294,3.8447,1.1789,1.833,30.31,38.31,0.0865,0.9637,95.76,92.29,94.882
157,cell_16,2024-02-09 00:00:00,3.6786,3.5137,3.831,1.2989,1.9558,31.55,40.72,0.1408,0.9512,92.06,85.19,95.072
158,cell_16,2024-02-09 06:00:00,3.7,3.5325,3.8527,1.3155,1.9655,32.55,40.73,0.1127,0.9671,82.48,83.65,94.435
159,cell_16,2024-02-09 12:00:00,3.6897,3.5253,3.8515,1.2719,1.9219,31.43,39.55,0.1234,0.9466,88.39,86.64,94.708
160,cell_16,2024-02-09 18:00:00,3.6966,3.5342,3.8491,1.3177,1.9677,31.19,39.28,0.0522,0.9601,85.78,78.54,95.023
161,cell_16,2024-02-10 00:00:00,3.6952,3.5249,3.8491,1.3536,2.0105,28.48,36.48,0.1192,0.9484,83.99,83.46,95.054
162,cell_16,2024-02-10 06:00:00,3.6913,3.5288,3.8446,1.3063,1.9563,31.18,39.18,0.1153,0.9534,85.56,85.63,95.016
163,cell_16,2024-02-10 12:00:00,3.6862,3.5232,3.8388,1.295,1.981,31.92,39.92,0.1572,0.9417,85.92,86.76,94.779
164,cell_16,2024-02-10 18:00:00,3.6842,3.5201,3.837,1.2802,1.9792,33.72,41.77,0.1151,0.9524,87.14,81.11,94.352
165,cell_16,2024-02-11 00:00:00,3.6746,3.511,3.8274,1.287,1.9605,30.45,39.1,0.0594,0.9531,85.16,84.5,94.535
166,cell_16,2024-02-11 06:00:00,3.7054,3.5403,3.8656,1.3987,2.0782,32.83,40.97,0.1152,0.9512,77.64,80.08,93.967
167,cell_16,2024-02-11 12:00:00,3.6944,3.53,3.8473,1.2602,1.9585,30.07,38.07,0.1201,0.9326,93.27,89.14,94.247
168,cell_16,2024-02-11 18:00:00,3.6822,3.5101,3.8471,1.2682,1.93,32.4,42.26,0.1463,0.9602,89.73,84.05,94.783
169,cell_16,2024-02-12 00:00:00,3.6974,3.534,3.8538,1.3472,2.1065,29.75,37.75,0.119,0.953,86.67,83.05,94.637
170,cell_16,2024-02-12 06:00:00,3.6791,3.5061,3.8479,1.2614,1.9115,31.19,39.19,0.1111,0.9543,88.01,84.62,93.994
171,cell_16,2024-02-12 12:00:00,3.6972,3.5329,3.8501,1.3439,2.0427,30.02,38.02,0.117,0.9651,87.82,76.48,94.301
172,cell_16,2024-02-12 18:00:00,3.6947,3.529,3.8478,1.2532,1.9032,31.01,39.01,0.1789,0.9492,92.55,89.51,93.724
173,cell_16,2024-02-13 00:00:00,3.6841,3.5078,3.8558,1.2995,1.9495,31.01,39.01,0.1305,0.9567,90.73,80.73,93.909
174,cell_16,2024-02-13 06:00:00,3.6756,3.5117,3.8399,1.3464,2.0518,31.14,41.09,0.114,0.9576,86.44,78.18,94.439
175,cell_16,2024-02-13 12:00:00,3.6849,3.5151,3.8382,1.2386,1.8886,29.81,39.79,0.1411,0.9472,92.49,89.63,93.449
176,cell_16,2024-02-13 18:00:00,3.6912,3.5178,3.8489,1.3366,1.9866,30.93,38.93,0.0961,0.95,84.82,81.89,93.611
177,cell_16,2024-02-14 00:00:00,3.6751,3.5102,3.8352,1.345,2.0122,31.51,39.51,0.1042,0.942,86.38,78.56,94.04
178,cell_16,2024-02-14 06:00:00,3.684,3.5193,3.8369,1.2867,1.9389,30.51,40.65,0.1085,0.9255,86.17,86.02,94.136
179,cell_16,2024-02-14 12:00:00,3.7036,3.5384,3.8567,1.3641,2.0141,29.7,37.7,0.0827,0.9424,79.04,74.52,93.904
180,cell_16,2024-02-14 18:00:00,3.6905,3.5253,3.8433,1.2913,1.9413,29.88,37.88,0.1407,0.9362,86.44,84.0,94.342
181,cell_16,2024-02-15 00:00:00,3.7171,3.5519,3.872,1.2948,1.9558,32.49,41.65,0.1033,0.9349,89.43,80.7,93.926
182,cell_16,2024-02-15 06:00:00,3.695,3.5297,3.848,1.3358,1.9858,31.01,41.26,0.1226,0.9429,81.05,80.61,93.913
183,cell_16,2024-02-15 12:00:00,3.6886,3.5232,3.8489,1.3617,2.0139,33.09,41.93,0.1079,0.9736,85.94,77.16,93.849
184,cell_16,2024-02-15 18:00:00,3.6814,3.5158,3.8345,1.1587,1.8087,30.64,38.64,0.1269,0.9383,97.46,94.38,93.755
185,cell_16,2024-02-16 00:00:00,3.6794,3.5119,3.8341,1.1959,1.8459,30.78,38.78,0.1604,0.9551,97.21,90.94,94.056
186,cell_16,2024-02-16 06:00:00,3.6916,3.5142,3.8642,1.2356,1.8856,31.8,40.84,0.1124,0.9312,90.97,88.34,93.59
187,cell_16,2024-02-16 12:00:00,3.6862,3.5141,3.8451,1.3312,1.9812,31.83,39.83,0.1097,0.9529,87.84,82.47,94.22
188,cell_16,2024-02-16 18:00:00,3.6877,3.523,3.8551,1.311,2.0508,33.01,41.01,0.0931,0.9567,90.42,83.98,94.122
189,cell_16,2024-02-17 00:00:00,3.6928,3.5277,3.8457,1.2058,1.8558,27.75,35.75,0.1138,0.9388,96.56,93.52,94.126
190,cell_16,2024-02-17 06:00:00,3.6847,3.4988,3.8395,1.397,2.047,31.71,40.16,0.0794,0.9434,84.25,76.67,94.517
191,cell_16,2024-02-17 12:00:00,3.6993,3.5333,3.8523,1.3285,1.9785,29.4,37.4,0.1509,0.9406,87.61,82.8,93.958
192,cell_16,2024-02-17 18:00:00,3.6933,3.528,3.8464,1.2871,1.9371,30.81,39.14,0.106,0.9549,87.08,80.71,93.869
193,cell_16,2024-02-18 00:00:00,3.6848,3.507,3.8429,1.3251,1.9751,29.33,39.15,0.0997,0.9528,83.86,84.77,93.972
194,cell_16,2024-02-18 06:00:00,3.6927,3.5269,3.8458,1.2844,1.9614,31.32,39.32,0.1159,0.9579,88.12,86.24,93.709
195,cell_16,2024-02-18 12:00:00,3.6676,3.4905,3.829,1.3546,2.0046,29.4,41.63,0.1337,0.9484,80.65,75.59,93.806
196,cell_16,2024-02-18 18:00:00,3.6941,3.528,3.8522,1.3675,2.1068,28.14,36.14,0.1145,0.9346,81.64,80.49,93.583
197,cell_16,2024-02-19 00:00:00,3.6949,3.5264,3.8478,1.3784,2.0284,29.26,38.77,0.1437,0.9388,79.03,78.63,94.24
198,cell_16,2024-02-19 06:00:00,3.6696,3.5034,3.8325,1.3243,2.0667,32.71,40.71,0.1102,0.9363,83.05,79.68,93.53
199,cell_16,2024-02-19 12:00:00,3.6717,3.4957,3.8459,1.3056,1.9556,32.0,41.17,0.103,0.9413,87.78,78.37,93.587
200,cell_16,2024-02-19 18:00:00,3.6874,3.5218,3.8494,1.3517,2.0017,32.9,40.9,0.1186,0.9441,79.7,80.11,93.766
201,cell_16,2024-02-20 00:00:00,3.683,3.5142,3.8365,1.385,2.035,28.05,37.37,0.1164,0.9452,83.95,76.72,92.983
202,cell_16,2024-02-20 06:00:00,3.689,3.5125,3.8662,1.287,1.9745,33.66,46.64,0.1397,0.9484,82.91,85.4,93.118
203,cell_16,2024-02-20 12:00:00,3.6902,3.5187,3.8436,1.3729,2.0229,34.57,42.57,0.1374,0.9312,79.46,76.56,93.207
204,cell_16,2024-02-20 18:00:00,3.7054,3.5391,3.8587,1.2726,1.9226,29.43,37.43,0.1098,0.958,92.19,83.93,93.481
205,cell_16,2024-02-21 00:00:00,3.6855,3.5175,3.8391,1.2608,1.9108,31.56,39.56,0.0862,0.9527,91.61,83.31,92.808
206,cell_16,2024-02-21 06:00:00,3.6956,3.5283,3.8491,1.3186,2.0958,30.06,38.65,0.1326,0.9461,81.29,76.91,93.086
207,cell_16,2024-02-21 12:00:00,3.6852,3.5185,3.8385,1.2632,1.9816,32.16,40.34,0.0936,0.9444,91.96,83.89,93.332
208,cell_16,2024-02-21 18:00:00,3.6939,3.5272,3.8472,1.2052,1.8552,33.47,41.47,0.1176,0.9447,96.22,92.59,93.392
209,cell_16,2024-02-22 00:00:00,3.6865,3.521,3.8396,1.2905,1.9405,29.53,39.67,0.1306,0.9462,87.07,78.66,93.82
210,cell_16,2024-02-22 06:00:00,3.677,3.4981,3.8302,1.421,2.071,29.02,37.02,0.1591,0.9543,81.85,76.85,93.48
211,cell_16,2024-02-22 12:00:00,3.6841,3.5126,3.8373,1.2072,1.8572,30.61,40.37,0.167,0.9483,92.84,87.62,93.537
212,cell_16,2024-02-22 18:00:00,3.6926,3.524,3.8509,1.3435,2.0442,36.45,44.45,0.1288,0.9527,79.77,75.9,92.581
213,cell_16,2024-02-23 00:00:00,3.678,3.5039,3.846,1.2875,1.9375,32.26,40.26,0.0773,0.9507,84.43,84.05,93.142
214,cell_16,2024-02-23 06:00:00,3.6905,3.5092,3.8439,1.265,1.9746,31.75,39.99,0.0959,0.9439,86.96,82.86,93.23
215,cell_16,2024-02-23 12:00:00,3.6921,3.5238,3.8501,1.258,1.9671,32.54,40.88,0.1165,0.9338,86.99,88.33,92.675
216,cell_16,2024-02-23 18:00:00,3.6927,3.5251,3.8462,1.305,1.955,32.75,44.48,0.1123,0.9636,87.54,81.36,92.971
217,cell_16,2024-02-24 00:00:00,3.6968,3.5293,3.8618,1.2861,1.9361,31.5,40.36,0.1224,0.9561,84.31,81.69,93.004
218,cell_16,2024-02-24 06:00:00,3.7098,3.5387,3.8783,1.3304,2.0186,30.92,39.48,0.1228,0.9628,85.98,83.59,93.021
219,cell_16,2024-02-24 12:00:00,3.6769,3.4889,3.8303,1.4107,2.0607,30.13,38.36,0.0944,0.9449,79.65,73.57,93.143
220,cell_16,2024-02-24 18:00:00,3.6853,3.5055,3.8389,1.3117,1.9617,31.33,39.33,0.1328,0.9533,85.71,84.64,92.8
221,cell_16,2024-02-25 00:00:00,3.6882,3.5197,3.8419,1.2696,1.9946,32.72,40.72,0.1003,0.9438,89.37,85.55,92.599
222,cell_16,2024-02-25 06:00:00,3.6843,3.5102,3.8378,1.3196,1.9696,32.63,40.63,0.1234,0.9565,86.96,80.69,92.943
223,cell_16,2024-02-25 12:00:00,3.7008,3.5205,3.8544,1.268,1.918,30.18,38.44,0.1588,0.9657,86.83,82.32,92.822
224,cell_16,2024-02-25 18:00:00,3.7017,3.5339,3.8552,1.2771,1.9271,30.83,38.83,0.0987,0.9651,88.89,79.16,92.902
225,cell_16,2024-02-26 00:00:00,3.7106,3.5411,3.8645,1.266,1.916,29.21,37.21,0.1232,0.9503,83.42,86.89,92.202
226,cell_16,2024-02-26 06:00:00,3.6876,3.5102,3.8412,1.3477,1.9977,32.61,40.61,0.1114,0.9573,84.83,79.6,92.763
227,cell_16,2024-02-26 12:00:00,3.6777,3.51,3.8313,1.3438,2.0975,31.78,39.78,0.0984,0.9552,85.13,79.01,92.889
228,cell_16,2024-02-26 18:00:00,3.6867,3.5179,3.843,1.2914,1.9495,30.59,39.17,0.1226,0.9514,90.26,83.21,92.762
229,cell_16,2024-02-27 00:00:00,3.6788,3.5026,3.8476,1.2271,1.8771,30.37,38.37,0.1035,0.9543,87.47,89.34,92.395
230,cell_16,2024-02-27 06:00:00,3.6968,3.5246,3.8506,1.2556,1.9239,29.55,38.59,0.1368,0.9423,85.05,82.11,92.395
231,cell_16,2024-02-27 12:00:00,3.6957,3.5261,3.8496,1.2979,2.0042,31.12,39.12,0.1336,0.9346,88.81,81.12,92.172
232,cell_16,2024-02-27 18:00:00,3.6967,3.5146,3.8503,1.3587,2.0087,33.24,45.63,0.1558,0.9543,80.5,80.37,92.693
233,cell_16,2024-02-28 00:00:00,3.7093,3.5319,3.8632,1.1488,1.8802,29.83,37.83,0.1365,0.939,97.49,95.35,92.346
234,cell_16,2024-02-28 06:00:00,3.6875,3.4945,3.8417,1.3123,1.9623,28.94,37.71,0.1339,0.9415,87.59,81.36,91.624
235,cell_16,2024-02-28 12:00:00,3.6818,3.5123,3.8357,1.3339,2.0408,31.18,39.18,0.0781,0.9456,84.4,79.52,92.194
236,cell_16,2024-02-28 18:00:00,3.6877,3.5181,3.8459,1.3351,1.9851,32.77,40.77,0.1392,0.965,80.88,77.76,92.148
237,cell_16,2024-02-29 00:00:00,3.6787,3.5094,3.8389,1.3359,1.9859,32.44,41.27,0.1363,0.9493,79.78,76.62,92.28
238,cell_16,2024-02-29 06:00:00,3.6813,3.4988,3.8352,1.3531,2.0426,32.83,40.83,0.1045,0.9412,80.47,78.84,92.183
239,cell_16,2024-02-29 12:00:00,3.6884,3.5115,3.847,1.2889,1.9773,30.23,39.68,0.1575,0.9377,87.28,83.39,92.203
240,cell_16,2024-02-29 18:00:00,3.6933,3.5241,3.8472,1.3377,2.0633,32.33,42.36,0.1395,0.9482,86.52,78.52,92.295
241,cell_16,2024-03-01 00:00:00,3.6796,3.5096,3.8481,1.2077,1.931,31.56,43.67,0.1246,0.9478,87.43,90.92,91.999
242,cell_16,2024-03-01 06:00:00,3.6752,3.5058,3.8291,1.2778,1.9313,30.61,40.04,0.1358,0.9383,86.06,79.33,92.252
243,cell_16,2024-03-01 12:00:00,3.6957,3.5094,3.8495,1.3174,1.9674,31.04,39.12,0.1299,0.9513,86.76,80.14,92.435
244,cell_16,2024-03-01 18:00:00,3.6794,3.5097,3.8423,1.2754,1.9254,32.23,40.23,0.1241,0.9336,89.92,83.85,92.129
245,cell_16,2024-03-02 00:00:00,3.6901,3.5192,3.8439,1.2494,1.8994,31.86,39.86,0.1161,0.9392,91.95,88.27,92.434
246,cell_16,2024-03-02 06:00:00,3.7003,3.5319,3.854,1.2679,1.9179,31.82,39.82,0.1458,0.9636,90.1,81.21,92.633
247,cell_16,2024-03-02 12:00:00,3.696,3.5256,3.85,1.3332,1.9954,32.01,40.44,0.0905,0.9383,80.15,76.51,91.953
248,cell_16,2024-03-02 18:00:00,3.694,3.5241,3.8531,1.2946,1.972,30.39,40.72,0.1242,0.9486,84.05,80.92,92.05
249,cell_16,2024-03-03 00:00:00,3.6997,3.5298,3.8534,1.2981,1.9768,29.01,37.75,0.1507,0.9538,86.33,83.03,92.572
250,cell_16,2024-03-03 06:00:00,3.6904,3.5205,3.8517,1.3194,1.9694,29.96,37.96,0.1225,0.9682,80.64,77.96,92.034
251,cell_16,2024-03-03 12:00:00,3.6765,3.5057,3.8329,1.3136,2.0321,32.33,40.33,0.1364,0.9652,82.87,79.67,91.714
252,cell_16,2024-03-03 18:00:00,3.7127,3.531,3.8667,1.3735,2.1038,28.86,36.86,0.1201,0.9565,78.15,73.46,92.108
253,cell_16,2024-03-04 00:00:00,3.6918,3.508,3.8542,1.3591,2.0091,31.02,39.45,0.0994,0.9392,79.23,80.32,91.596
254,cell_16,2024-03-04 06:00:00,3.6916,3.5148,3.8644,1.3215,1.9715,31.22,40.34,0.1388,0.9404,85.32,76.22,91.267
255,cell_16,2024-03-04 12:00:00,3.6891,3.5181,3.8433,1.2863,1.9703,32.09,41.98,0.1503,0.9452,87.03,79.07,91.596
256,cell_16,2024-03-04 18:00:00,3.6699,3.4982,3.8242,1.368,2.0907,29.09,38.98,0.1086,0.9743,76.13,75.48,91.303
257,cell_16,2024-03-05 00:00:00,3.678,3.5059,3.8324,1.3847,2.0646,27.62,35.62,0.1314,0.9549,82.43,72.19,91.154
258,cell_16,2024-03-05 06:00:00,3.7042,3.5152,3.8583,1.2237,1.8737,30.14,38.14,0.126,0.9494,90.36,89.73,91.907
259,cell_16,2024-03-05 12:00:00,3.6671,3.4839,3.8323,1.2966,1.9466,31.84,41.55,0.1124,0.9518,85.47,81.27,90.945
260,cell_16,2024-03-05 18:00:00,3.6869,3.5035,3.8409,1.2914,1.9414,33.08,43.16,0.1437,0.9636,86.58,82.64,92.066
261,cell_16,2024-03-06 00:00:00,3.6904,3.5199,3.8445,1.2527,1.9027,30.0,38.0,0.1151,0.9439,84.19,80.93,91.817
262,cell_16,2024-03-06 06:00:00,3.6846,3.5148,3.8511,1.276,1.926,29.74,40.94,0.0988,0.9507,89.98,80.9,92.095
263,cell_16,2024-03-06 12:00:00,3.7083,3.5282,3.8622,1.2819,1.9319,31.37,41.66,0.1125,0.9477,87.75,79.21,92.046
264,cell_16,2024-03-06 18:00:00,3.6724,3.5021,3.8265,1.3542,2.0398,34.13,43.48,0.1167,0.9427,79.45,73.93,91.884
265,cell_16,2024-03-07 00:00:00,3.6798,3.5076,3.8341,1.2313,1.8813,31.69,40.39,0.1062,0.9474,85.4,84.01,91.418
266,cell_16,2024-03-07 06:00:00,3.6902,3.5126,3.8446,1.3131,1.9849,31.8,39.8,0.1087,0.9535,87.61,78.97,91.361
267,cell_16,2024-03-07 12:00:00,3.6913,3.5203,3.8455,1.2621,1.9121,33.94,41.94,0.0963,0.9529,90.87,84.25,91.581
268,cell_16,2024-03-07 18:00:00,3.6887,3.5033,3.8613,1.3624,2.0629,32.4,40.4,0.1136,0.9639,82.7,76.39,91.845
269,cell_16,2024-03-08 00:00:00,3.6909,3.5211,3.8518,1.3061,1.9976,31.25,42.48,0.1234,0.9437,84.93,84.54,92.115
270,cell_16,2024-03-08 06:00:00,3.6805,3.5053,3.8408,1.3478,2.0556,29.32,39.97,0.1014,0.9523,81.99,77.07,91.245
271,cell_16,2024-03-08 12:00:00,3.6843,3.5084,3.8445,1.3056,1.9556,31.11,39.11,0.0977,0.938,84.31,79.72,91.79
272,cell_16,2024-03-08 18:00:00,3.6761,3.502,3.8367,1.2197,1.8697,32.08,42.03,0.0991,0.9492,92.87,83.06,91.104
273,cell_16,2024-03-09 00:00:00,3.6906,3.5184,3.8451,1.2743,1.9556,29.44,37.44,0.1168,0.9345,87.85,82.49,91.104
274,cell_16,2024-03-09 06:00:00,3.6699,3.4981,3.8242,1.3868,2.1015,32.4,40.4,0.1092,0.9547,75.59,77.51,91.287
275,cell_16,2024-03-09 12:00:00,3.6718,3.4938,3.8302,1.3297,1.9797,30.83,42.69,0.0863,0.9681,80.11,81.24,90.319
276,cell_16,2024-03-09 18:00:00,3.6954,3.5169,3.8499,1.4012,2.0512,30.68,38.68,0.094,0.9603,79.77,71.33,91.1
277,cell_16,2024-03-10 00:00:00,3.6801,3.4972,3.8479,1.3776,2.0276,29.6,37.6,0.1176,0.946,82.86,71.33,90.721
278,cell_16,2024-03-10 06:00:00,3.7111,3.5393,3.8654,1.27,1.9876,31.53,40.02,0.1117,0.9597,88.51,86.09,91.312
279,cell_16,2024-03-10 12:00:00,3.6821,3.5093,3.8365,1.2349,1.9234,32.02,40.02,0.1176,0.9351,88.58,83.44,91.186
280,cell_16,2024-03-10 18:00:00,3.6828,3.5118,3.8481,1.3564,2.0218,29.39,38.09,0.1509,0.9543,83.22,78.4,91.6
281,cell_16,2024-03-11 00:00:00,3.7005,3.5191,3.8646,1.3527,2.0027,31.77,43.49,0.1246,0.9754,83.03,80.8,91.54
282,cell_16,2024-03-11 06:00:00,3.6961,3.5234,3.8507,1.3022,2.0376,32.34,42.28,0.082,0.9542,85.55,75.6,90.911
283,cell_16,2024-03-11 12:00:00,3.6848,3.5068,3.8423,1.2277,1.8777,32.26,41.37,0.1066,0.9473,93.1,81.74,91.175
284,cell_16,2024-03-11 18:00:00,3.6864,3.5052,3.8437,1.2735,1.9244,31.34,39.34,0.1263,0.9466,87.3,84.5,91.576
285,cell_16,2024-03-12 00:00:00,3.6969,3.515,3.873,1.3088,1.9828,30.52,38.52,0.1058,0.9527,83.8,80.99,91.236
286,cell_16,2024-03-12 06:00:00,3.689,3.5172,3.8433,1.3391,2.0106,30.6,39.76,0.0995,0.9494,83.82,77.3,91.309
287,cell_16,2024-03-12 12:00:00,3.6837,3.5121,3.8401,1.2505,1.9005,28.91,36.91,0.1375,0.9451,91.07,87.32,91.374
288,cell_16,2024-03-12 18:00:00,3.6851,3.5135,3.8395,1.3518,2.0433,30.06,39.66,0.1109,0.9483,82.08,78.31,91.327
289,cell_16,2024-03-13 00:00:00,3.7061,3.5335,3.8759,1.3402,2.0201,30.56,39.01,0.1019,0.9332,77.51,73.52,90.937
290,cell_16,2024-03-13 06:00:00,3.6837,3.4906,3.8381,1.3409,2.0002,29.79,37.79,0.1021,0.9572,78.13,74.29,91.202
291,cell_16,2024-03-13 12:00:00,3.6836,3.5078,3.838,1.3269,1.9984,31.22,41.46,0.153,0.9606,85.17,81.48,91.152
292,cell_16,2024-03-13 18:00:00,3.6867,3.5151,3.8484,1.1917,1.8417,33.24,41.24,0.0965,0.9568,92.07,91.64,91.39
293,cell_16,2024-03-14 00:00:00,3.687,3.5143,3.8415,1.3159,2.0588,33.51,41.51,0.1153,0.9463,86.96,76.65,90.915
294,cell_16,2024-03-14 06:00:00,3.6795,3.492,3.8357,1.2809,1.9988,30.12,40.6,0.1164,0.9534,83.08,78.87,91.265
295,cell_16,2024-03-14 12:00:00,3.7021,3.5161,3.8634,1.3292,1.9792,33.64,41.65,0.1331,0.9539,83.65,74.11,90.765
296,cell_16,2024-03-14 18:00:00,3.6829,3.5105,3.8374,1.2205,1.8705,32.7,40.7,0.1031,0.9468,88.77,81.58,91.029
297,cell_16,2024-03-15 00:00:00,3.6918,3.5119,3.8462,1.1992,1.9071,29.95,37.95,0.1025,0.9613,86.84,84.3,91.158
298,cell_16,2024-03-15 06:00:00,3.7031,3.5308,3.8767,1.3298,2.0135,31.75,39.75,0.1355,0.9582,81.11,81.47,91.098
299,cell_16,2024-03-15 12:00:00,3.6832,3.5106,3.8399,1.2555,1.9125,30.97,44.2,0.1689,0.9599,84.3,79.44,90.985
300,cell_16,2024-03-15 18:00:00,3.6904,3.5176,3.845,1.1936,1.8436,27.91,35.91,0.108,0.9531,91.76,82.93,90.884
301,cell_16,2024-03-16 00:00:00,3.6745,3.5022,3.8304,1.2471,1.8971,29.08,37.8,0.1066,0.9348,90.89,87.48,91.107
302,cell_16,2024-03-16 06:00:00,3.6789,3.5064,3.8334,1.2918,1.947,32.06,40.48,0.169,0.9276,88.72,77.02,91.024
303,cell_16,2024-03-16 12:00:00,3.6879,3.5025,3.8441,1.3563,2.0914,28.67,38.28,0.1121,0.9449,80.83,73.76,90.902
304,cell_16,2024-03-16 18:00:00,3.6828,3.5104,3.8412,1.3019,2.0119,33.7,41.7,0.1129,0.9414,87.55,79.97,91.072
305,cell_16,2024-03-17 00:00:00,3.6933,3.5078,3.8481,1.2711,1.9542,32.5,42.98,0.1236,0.9492,88.53,79.14,90.419
306,cell_16,2024-03-17 06:00:00,3.6815,3.509,3.836,1.2871,1.9761,32.02,40.02,0.1281,0.9383,82.26,79.88,90.995
307,cell_16,2024-03-17 12:00:00,3.6831,3.509,3.8558,1.3378,1.9878,28.66,36.66,0.1249,0.9384,77.21,76.32,90.355
308,cell_16,2024-03-17 18:00:00,3.6799,3.5064,3.8346,1.3275,1.9948,32.57,40.74,0.1392,0.9294,84.84,78.41,90.602
309,cell_16,2024-03-18 00:00:00,3.6978,3.5252,3.8523,1.3358,2.0027,32.44,41.14,0.0921,0.936,82.32,73.7,90.965
310,cell_16,2024-03-18 06:00:00,3.6845,3.5073,3.8391,1.3873,2.0373,32.35,42.54,0.1154,0.9453,80.76,77.1,90.85
311,cell_16,2024-03-18 12:00:00,3.6793,3.5052,3.8458,1.3024,2.0657,32.41,40.41,0.1417,0.9439,84.46,77.89,90.357
312,cell_16,2024-03-18 18:00:00,3.6769,3.5027,3.848,1.3353,2.0104,33.62,43.46,0.0741,0.9602,78.93,81.11,90.298
313,cell_16,2024-03-19 00:00:00,3.6754,3.4998,3.8301,1.1928,1.873,29.91,39.88,0.0937,0.9466,90.87,89.99,90.76
314,cell_16,2024-03-19 06:00:00,3.6919,3.5165,3.8469,1.309,1.959,30.7,40.17,0.1341,0.9338,81.15,74.28,89.857
315,cell_16,2024-03-19 12:00:00,3.6843,3.4961,3.8393,1.2325,1.8977,29.68,37.68,0.1217,0.9469,89.32,86.21,89.989
316,cell_16,2024-03-19 18:00:00,3.7149,3.5391,3.8715,1.2685,1.928,32.17,40.17,0.1071,0.9545,81.56,78.53,90.221
317,cell_16,2024-03-20 00:00:00,3.6807,3.5072,3.8354,1.2771,2.0252,30.64,39.64,0.1263,0.9261,84.74,76.67,90.658
318,cell_16,2024-03-20 06:00:00,3.6697,3.4948,3.8302,1.2998,1.9999,29.0,37.46,0.1288,0.962,81.01,75.19,90.044
319,cell_16,2024-03-20 12:00:00,3.6826,3.507,3.847,1.2709,1.9327,31.11,39.11,0.1022,0.954,86.5,83.55,89.746
320,cell_16,2024-03-20 18:00:00,3.709,3.5359,3.8636,1.2809,1.9309,27.99,37.82,0.1185,0.9638,84.76,79.55,90.794
321,cell_16,2024-03-21 00:00:00,3.6896,3.5162,3.8443,1.3325,1.9825,31.11,39.11,0.0965,0.9546,83.27,76.16,90.646
322,cell_16,2024-03-21 06:00:00,3.6851,3.5035,3.848,1.3044,1.9544,31.18,39.18,0.1431,0.9455,85.7,81.62,90.498
323,cell_16,2024-03-21 12:00:00,3.6804,3.5063,3.8529,1.2966,1.9466,30.33,40.48,0.0888,0.9492,85.89,83.58,90.379
324,cell_16,2024-03-21 18:00:00,3.6834,3.5109,3.8484,1.2998,1.9773,32.51,40.85,0.1174,0.945,87.59,83.18,91.017
325,cell_16,2024-03-22 00:00:00,3.6978,3.524,3.8525,1.2885,1.9441,28.28,36.28,0.1359,0.9581,80.89,83.95,90.485
326,cell_16,2024-03-22 06:00:00,3.6773,3.5034,3.8366,1.3495,2.0335,31.14,39.14,0.16,0.942,77.04,73.07,90.414
327,cell_16,2024-03-22 12:00:00,3.6859,3.4927,3.8407,1.2954,2.0542,31.29,39.29,0.1162,0.9532,81.44,78.73,90.336
328,cell_16,2024-03-22 18:00:00,3.6873,3.5105,3.842,1.413,2.063,30.93,38.93,0.175,0.9613,76.52,71.06,90.52
329,cell_16,2024-03-23 00:00:00,3.6854,3.5108,3.8453,1.3228,1.9728,32.85,44.15,0.0973,0.9521,81.8,78.68,90.17
330,cell_16,2024-03-23 06:00:00,3.683,3.5098,3.8425,1.3373,1.9951,30.03,38.03,0.1318,0.9506,84.63,81.15,90.723
331,cell_16,2024-03-23 12:00:00,3.6717,3.4986,3.8263,1.2842,1.9342,30.86,43.89,0.106,0.954,88.97,84.54,90.78
332,cell_16,2024-03-23 18:00:00,3.6869,3.5066,3.852,1.3277,1.9777,31.16,43.85,0.1528,0.943,79.85,78.43,89.793
333,cell_16,2024-03-24 00:00:00,3.6814,3.5019,3.8367,1.351,2.001,30.41,38.41,0.1182,0.9282,82.98,77.62,89.396
334,cell_16,2024-03-24 06:00:00,3.6966,3.5167,3.8519,1.3105,1.9605,28.64,37.02,0.0994,0.94,79.96,80.93,89.523
335,cell_16,2024-03-24 12:00:00,3.6818,3.5044,3.8393,1.2806,1.9306,33.27,41.65,0.1448,0.9421,80.77,78.75,89.013
336,cell_16,2024-03-24 18:00:00,3.683,3.5056,3.8417,1.3547,2.0047,29.82,39.97,0.1112,0.9533,80.37,75.34,89.034
337,cell_16,2024-03-25 00:00:00,3.6861,3.5058,3.8412,1.398,2.048,29.85,38.13,0.094,0.9409,76.01,75.99,89.642
338,cell_16,2024-03-25 06:00:00,3.6893,3.5135,3.8633,1.2256,1.8756,27.63,36.41,0.1136,0.9422,90.44,82.47,89.685
339,cell_16,2024-03-25 12:00:00,3.6653,3.4832,3.8276,1.2763,1.9948,31.09,41.46,0.1402,0.9575,86.97,78.35,88.887
340,cell_16,2024-03-25 18:00:00,3.6867,3.5092,3.8422,1.2977,2.0015,31.26,39.26,0.117,0.9538,82.9,80.95,89.025
341,cell_16,2024-03-26 00:00:00,3.6667,3.4896,3.8224,1.282,1.953,32.88,40.88,0.1121,0.962,86.53,82.37,89.131
342,cell_16,2024-03-26 06:00:00,3.6804,3.4976,3.8357,1.2969,1.9821,30.44,38.91,0.1199,0.9489,81.2,80.74,89.402
343,cell_16,2024-03-26 12:00:00,3.6902,3.4943,3.8602,1.2498,1.8998,31.38,39.38,0.0719,0.9346,81.9,81.06,89.169
344,cell_16,2024-03-26 18:00:00,3.7041,3.5265,3.8692,1.3465,2.0287,32.5,40.5,0.1772,0.9713,79.65,74.61,88.949
345,cell_16,2024-03-27 00:00:00,3.6739,3.4833,3.8356,1.3013,1.9513,33.07,41.17,0.1189,0.956,86.08,75.0,89.204
346,cell_16,2024-03-27 06:00:00,3.6755,3.4891,3.8557,1.3125,1.9933,31.56,39.56,0.1393,0.9441,82.52,76.03,89.199
347,cell_16,2024-03-27 12:00:00,3.6675,3.4914,3.8287,1.2858,2.0285,30.47,38.47,0.1499,0.9586,85.5,77.18,89.571
348,cell_16,2024-03-27 18:00:00,3.6766,3.4996,3.832,1.2655,1.9668,32.81,40.81,0.0984,0.9519,88.07,77.7,89.204
349,cell_16,2024-03-28 00:00:00,3.7075,3.5318,3.87,1.267,1.9629,32.84,40.84,0.0943,0.9622,87.34,82.86,89.722
350,cell_16,2024-03-28 06:00:00,3.6671,3.4888,3.8281,1.3805,2.0305,28.4,36.4,0.1518,0.9523,77.87,74.46,88.671
351,cell_16,2024-03-28 12:00:00,3.653,3.4766,3.8222,1.2508,1.9021,31.52,39.52,0.1036,0.9458,88.47,77.8,89.421
352,cell_16,2024-03-28 18:00:00,3.6937,3.5185,3.8562,1.2802,1.9462,32.47,40.47,0.1121,0.9527,82.88,77.23,89.914
353,cell_16,2024-03-29 00:00:00,3.6923,3.5151,3.8491,1.2095,1.914,32.08,41.1,0.1047,0.9597,89.15,82.76,89.126
354,cell_16,2024-03-29 06:00:00,3.6841,3.5063,3.8492,1.3242,1.9742,30.6,38.6,0.0599,0.9421,83.84,76.2,89.083
355,cell_16,2024-03-29 12:00:00,3.6847,3.4928,3.8403,1.3442,1.9942,30.28,39.39,0.1154,0.9505,78.78,78.23,88.968
356,cell_16,2024-03-29 18:00:00,3.691,3.511,3.8514,1.2124,1.9463,33.07,42.83,0.1184,0.9379,90.66,79.38,88.73
357,cell_16,2024-03-30 00:00:00,3.6923,3.516,3.8533,1.2638,1.9196,31.37,39.37,0.1413,0.9548,86.92,78.37,89.485
358,cell_16,2024-03-30 06:00:00,3.6732,3.4955,3.8287,1.2603,1.9103,30.73,40.92,0.1108,0.9505,83.25,83.71,88.93
359,cell_16,2024-03-30 12:00:00,3.6717,3.4768,3.8282,1.2822,1.9322,30.79,43.43,0.1076,0.9563,84.95,78.43,89.439
360,cell_16,2024-03-30 18:00:00,3.6739,3.4872,3.8292,1.3276,1.9776,31.0,40.15,0.1306,0.96,80.23,74.44,89.285
361,cell_16,2024-03-31 00:00:00,3.6763,3.4998,3.8317,1.2987,1.9487,30.77,38.77,0.1378,0.9433,81.34,79.13,89.364
362,cell_16,2024-03-31 06:00:00,3.6906,3.4924,3.8554,1.3,1.9662,32.73,43.1,0.0965,0.9519,83.66,81.73,88.884
363,cell_16,2024-03-31 12:00:00,3.6945,3.5028,3.8498,1.2287,1.9395,31.66,39.66,0.0801,0.9523,84.18,86.61,89.27
364,cell_16,2024-03-31 18:00:00,3.68,3.5024,3.8355,1.2979,2.0178,31.56,44.24,0.1644,0.9435,83.55,78.34,88.95
365,cell_16,2024-04-01 00:00:00,3.6863,3.5014,3.8418,1.3477,2.0711,30.7,38.9,0.151,0.94,76.51,72.15,89.006
366,cell_16,2024-04-01 06:00:00,3.6814,3.5018,3.8395,1.3053,1.9553,31.87,40.44,0.1063,0.9653,80.99,74.16,88.194
367,cell_16,2024-04-01 12:00:00,3.6753,3.4981,3.8341,1.1997,1.8497,29.65,37.65,0.1131,0.9458,91.45,83.01,89.106
368,cell_16,2024-04-01 18:00:00,3.6756,3.4997,3.8308,1.3635,2.0135,31.27,41.1,0.1189,0.9458,80.17,77.78,89.618
369,cell_16,2024-04-02 00:00:00,3.6835,3.4977,3.8392,1.3675,2.1679,28.56,36.81,0.1024,0.9475,76.78,76.15,88.566
370,cell_16,2024-04-02 06:00:00,3.6911,3.5076,3.8466,1.3284,2.0024,30.63,38.63,0.1078,0.9551,79.99,80.2,88.995
371,cell_16,2024-04-02 12:00:00,3.687,3.4814,3.8439,1.3466,1.9966,30.22,38.22,0.1172,0.9452,76.98,75.09,88.64
372,cell_16,2024-04-02 18:00:00,3.6806,3.5001,3.8459,1.324,1.974,30.96,38.96,0.0911,0.9422,79.43,76.76,88.4
373,cell_16,2024-04-03 00:00:00,3.6967,3.5179,3.8524,1.3329,2.0475,30.38,38.38,0.1664,0.9515,82.9,74.23,88.5
374,cell_16,2024-04-03 06:00:00,3.6994,3.5222,3.8548,1.2713,1.9213,31.78,39.78,0.0858,0.9571,87.03,80.04,89.148
375,cell_16,2024-04-03 12:00:00,3.6681,3.4901,3.8368,1.3396,2.0065,29.98,38.38,0.0775,0.9546,76.35,77.35,88.798
376,cell_16,2024-04-03 18:00:00,3.6711,3.4928,3.8346,1.1881,1.8383,32.3,43.48,0.1377,0.9438,86.72,80.96,88.673
377,cell_16,2024-04-04 00:00:00,3.6672,3.4868,3.8233,1.292,1.942,33.33,42.12,0.1116,0.9391,77.8,80.65,87.831
378,cell_16,2024-04-04 06:00:00,3.6917,3.5102,3.8475,1.3457,2.0953,29.38,37.38,0.1281,0.9403,78.22,75.83,88.468
379,cell_16,2024-04-04 12:00:00,3.6801,3.4873,3.84,1.3732,2.0546,31.93,40.58,0.1196,0.9533,79.99,72.13,88.627
380,cell_16,2024-04-04 18:00:00,3.6832,3.5007,3.8478,1.3208,2.0262,30.6,38.6,0.1119,0.9553,80.94,74.87,88.393
381,cell_16,2024-04-05 00:00:00,3.688,3.5079,3.8472,1.36,2.01,32.4,43.81,0.1176,0.9452,75.56,77.54,87.96
382,cell_16,2024-04-05 06:00:00,3.6826,3.5006,3.8424,1.2973,2.0029,29.37,37.37,0.1277,0.9445,80.96,76.09,88.461
383,cell_16,2024-04-05 12:00:00,3.6769,3.499,3.8368,1.332,2.0552,32.81,41.84,0.1423,0.9379,76.8,76.53,88.861
384,cell_16,2024-04-05 18:00:00,3.6714,3.492,3.8277,1.3357,2.0026,30.44,38.44,0.1045,0.9493,78.37,74.21,88.255
385,cell_16,2024-04-06 00:00:00,3.6806,3.4853,3.8363,1.1819,1.8319,30.67,39.83,0.129,0.9569,88.84,85.95,88.613
386,cell_16,2024-04-06 06:00:00,3.6904,3.511,3.8462,1.3391,1.9891,30.67,43.33,0.1103,0.9432,77.23,74.51,88.236
387,cell_16,2024-04-06 12:00:00,3.6655,3.4672,3.8337,1.3059,1.9598,29.32,37.32,0.1123,0.9605,78.74,76.94,88.249
388,cell_16,2024-04-06 18:00:00,3.6777,3.4941,3.8421,1.311,1.961,32.18,40.7,0.102,0.9395,78.58,73.44,88.364
389,cell_16,2024-04-07 00:00:00,3.663,3.4809,3.8189,1.3448,1.9948,30.1,38.68,0.1137,0.9421,75.9,71.33,88.194
390,cell_16,2024-04-07 06:00:00,3.6915,3.5119,3.8474,1.2733,1.9498,31.74,39.74,0.095,0.9484,80.08,81.87,88.166
391,cell_16,2024-04-07 12:00:00,3.6658,3.4866,3.8217,1.3013,1.9641,30.61,38.61,0.0968,0.9515,85.33,80.21,88.308
392,cell_16,2024-04-07 18:00:00,3.6668,3.4883,3.8225,1.3035,1.9535,30.68,40.59,0.1014,0.9475,82.81,81.38,88.592
393,cell_16,2024-04-08 00:00:00,3.6908,3.5117,3.8561,1.3193,1.9693,32.5,40.5,0.0744,0.9526,81.47,77.24,88.328
394,cell_16,2024-04-08 06:00:00,3.6756,3.4956,3.8316,1.1925,1.8425,28.75,36.75,0.1006,0.9522,87.62,82.38,88.01
395,cell_16,2024-04-08 12:00:00,3.6639,3.4615,3.8229,1.3335,1.9835,27.56,35.56,0.1095,0.9619,76.62,78.27,88.08
396,cell_16,2024-04-08 18:00:00,3.6876,3.501,3.8675,1.3355,1.9855,29.94,37.94,0.1267,0.9507,79.13,78.81,88.175
397,cell_16,2024-04-09 00:00:00,3.6822,3.5007,3.8395,1.2348,1.8848,30.85,40.07,0.0916,0.9467,83.88,78.94,87.404
398,cell_16,2024-04-09 06:00:00,3.7012,3.5181,3.8573,1.263,1.9302,30.63,39.77,0.1187,0.954,81.37,78.64,87.901
399,cell_16,2024-04-09 12:00:00,3.6697,3.4896,3.8345,1.3567,2.0067,29.86,37.86,0.1269,0.9322,79.81,73.95,87.952
400,cell_16,2024-04-09 18:00:00,3.6714,3.484,3.8384,1.251,1.901,33.51,41.51,0.114,0.9362,81.72,79.2,87.528
401,cell_16,2024-04-10 00:00:00,3.6745,3.4943,3.8305,1.3745,2.0436,32.88,42.92,0.1231,0.959,78.47,73.59,87.946
402,cell_16,2024-04-10 06:00:00,3.6916,3.5035,3.8601,1.2534,1.9034,27.0,38.37,0.1236,0.9446,80.97,83.3,87.859
403,cell_16,2024-04-10 12:00:00,3.6619,3.4815,3.818,1.3486,1.9986,29.99,41.36,0.112,0.942,78.14,77.49,87.828
404,cell_16,2024-04-10 18:00:00,3.6771,3.4951,3.8496,1.2518,1.9018,31.58,42.79,0.1059,0.9544,85.08,76.09,87.196
405,cell_16,2024-04-11 00:00:00,3.6835,3.4918,3.8525,1.3414,2.0361,31.49,39.89,0.1226,0.9487,79.67,75.98,87.417
406,cell_16,2024-04-11 06:00:00,3.6927,3.4938,3.8503,1.3114,1.9614,29.79,39.86,0.0975,0.9595,83.79,72.99,87.377
407,cell_16,2024-04-11 12:00:00,3.6728,3.4923,3.8289,1.3121,1.9621,32.99,41.72,0.0742,0.9458,79.91,74.88,87.795
408,cell_16,2024-04-11 18:00:00,3.6843,3.504,3.8514,1.2484,1.9419,29.63,37.63,0.1045,0.9627,83.41,79.36,87.848
409,cell_16,2024-04-12 00:00:00,3.6746,3.4933,3.835,1.2996,1.9496,30.96,38.96,0.1077,0.9465,82.75,80.04,87.483
1,cell_17,2024-01-01 00:00:00,3.7088,3.5588,3.8587,1.7599,2.6767,41.96,50.17,0.0717,0.9561,66.89,64.23,100.039
2,cell_17,2024-01-01 06:00:00,3.6887,3.5373,3.839,1.7731,2.6731,37.95,51.05,0.0796,0.9517,66.58,64.99,99.431
3,cell_17,2024-01-01 12:00:00,3.6946,3.5437,3.8477,1.8815,2.7966,36.5,44.5,0.0474,0.9364,61.13,59.24,99.637
4,cell_17,2024-01-01 18:00:00,3.7139,3.553,3.8702,1.7358,2.6358,39.75,48.59,0.1098,0.9585,69.36,68.51,99.641
5,cell_17,2024-01-02 00:00:00,3.7052,3.5555,3.8597,1.7463,2.6463,38.38,50.39,0.1005,0.9604,68.42,63.29,100.143
6,cell_17,2024-01-02 06:00:00,3.7011,3.5506,3.8513,1.7456,2.6456,37.39,45.39,0.0593,0.9711,71.27,61.99,99.782
7,cell_17,2024-01-02 12:00:00,3.7077,3.5573,3.8695,1.8081,2.7081,39.87,50.83,0.0596,0.9438,63.32,65.89,99.877
8,cell_17,2024-01-02 18:00:00,3.6764,3.526,3.8265,1.7855,2.692,39.64,47.64,0.1173,0.9628,68.45,63.49,99.849
9,cell_17,2024-01-03 00:00:00,3.7061,3.5512,3.8563,1.7696,2.7019,37.91,45.91,0.1009,0.9628,64.42,66.25,99.599
10,cell_17,2024-01-03 06:00:00,3.7257,3.5746,3.8756,1.8435,2.8604,36.44,45.08,0.1211,0.9607,65.07,63.15,100.304
11,cell_17,2024-01-03 12:00:00,3.7003,3.5479,3.8505,1.8408,2.7408,40.32,48.74,0.069,0.9516,64.03,63.59,99.709
12,cell_17,2024-01-03 18:00:00,3.7029,3.5532,3.8591,1.8721,2.7751,37.92,47.17,0.1205,0.9408,62.35,60.01,100.098
13,cell_17,2024-01-04 00:00:00,3.6959,3.5376,3.8553,1.8026,2.7026,39.34,48.87,0.0657,0.9471,69.43,65.86,99.465
14,cell_17,2024-01-04 06:00:00,3.6895,3.5279,3.8398,1.8384,2.7384,38.75,46.75,0.0879,0.9388,65.0,60.08,99.343
15,cell_17,2024-01-04 12:00:00,3.6949,3.5448,3.845,1.7425,2.6425,39.71,51.24,0.0501,0.9349,71.68,66.24,99.944
16,cell_17,2024-01-04 18:00:00,3.7079,3.5561,3.8778,1.8358,2.7358,39.31,50.11,0.0747,0.9575,65.26,61.85,99.292
17,cell_17,2024-01-05 00:00:00,3.7047,3.5451,3.8569,1.8382,2.7382,40.93,49.85,0.0887,0.9416,67.87,58.8,99.375
18,cell_17,2024-01-05 06:00:00,3.6909,3.5269,3.841,1.7602,2.6602,39.95,48.69,0.0767,0.9302,71.06,66.72,99.727
19,cell_17,2024-01-05 12:00:00,3.6925,3.5369,3.8429,1.83,2.73,36.01,46.4,0.0976,0.9512,62.27,59.16,99.242
20,cell_17,2024-01-05 18:00:00,3.6928,3.5411,3.8453,1.812,2.712,38.43,46.55,0.0687,0.9581,64.28,64.25,99.303
21,cell_17,2024-01-06 00:00:00,3.7003,3.548,3.8507,1.8229,2.7229,39.19,47.19,0.085,0.9563,67.89,61.63,99.085
22,cell_17,2024-01-06 06:00:00,3.6969,3.5393,3.8596,1.8472,2.7472,38.37,46.37,0.0784,0.9401,63.32,62.45,99.226
23,cell_17,2024-01-06 12:00:00,3.6982,3.5464,3.8486,1.8086,2.7425,40.76,48.76,0.0781,0.944,65.76,61.83,99.265
24,cell_17,2024-01-06 18:00:00,3.6879,3.5355,3.8383,1.8578,2.7578,39.67,47.98,0.1011,0.9541,62.19,61.85,99.066
25,cell_17,2024-01-07 00:00:00,3.7147,3.5602,3.8652,1.7441,2.6541,36.14,44.14,0.071,0.9591,70.4,65.66,99.006
26,cell_17,2024-01-07 06:00:00,3.7005,3.5308,3.8514,1.7567,2.6567,38.44,46.44,0.0813,0.9544,66.12,63.16,98.364
27,cell_17,2024-01-07 12:00:00,3.6931,3.5289,3.8442,1.7918,2.6922,39.03,49.36,0.0753,0.9587,66.82,65.27,98.908
28,cell_17,2024-01-07 18:00:00,3.6897,3.5321,3.8538,1.7613,2.6783,37.79,45.98,0.1169,0.9483,67.0,66.71,98.456
29,cell_17,2024-01-08 00:00:00,3.6945,3.5418,3.848,1.8128,2.7237,40.01,48.01,0.084,0.954,66.41,65.12,98.905
30,cell_17,2024-01-08 06:00:00,3.709,3.5544,3.8607,1.783,2.683,39.82,47.82,0.0841,0.9522,67.09,64.8,98.182
31,cell_17,2024-01-08 12:00:00,3.7123,3.5578,3.8707,1.785,2.685,39.57,47.57,0.079,0.939,63.96,60.56,98.168
32,cell_17,2024-01-08 18:00:00,3.691,3.519,3.855,1.7835,2.703,40.09,48.48,0.0931,0.9324,64.4,65.88,98.257
33,cell_17,2024-01-09 00:00:00,3.6929,3.5384,3.8438,1.8118,2.733,41.0,49.0,0.076,0.9414,63.86,62.28,98.194
34,cell_17,2024-01-09 06:00:00,3.6809,3.5184,3.8317,1.7996,2.6996,40.24,48.24,0.0751,0.9426,67.56,60.48,98.426
35,cell_17,2024-01-09 12:00:00,3.6818,3.5253,3.8346,1.8183,2.7183,40.21,48.66,0.0752,0.9633,64.53,62.46,98.636
36,cell_17,2024-01-09 18:00:00,3.6994,3.5462,3.8501,1.7805,2.7052,38.97,46.97,0.0855,0.9488,67.38,63.91,98.721
37,cell_17,2024-01-10 00:00:00,3.6941,3.5395,3.845,1.7076,2.6283,38.13,46.13,0.1058,0.9416,68.07,65.06,98.169
38,cell_17,2024-01-10 06:00:00,3.6936,3.5389,3.8445,1.8369,2.7369,42.07,50.17,0.0778,0.9481,60.91,58.4,98.129
39,cell_17,2024-01-10 12:00:00,3.6921,3.5327,3.8431,1.7609,2.6609,39.62,47.62,0.0579,0.952,67.07,64.56,98.024
40,cell_17,2024-01-10 18:00:00,3.6994,3.5431,3.8544,1.814,2.714,37.55,45.55,0.0544,0.9456,63.58,59.13,97.477
41,cell_17,2024-01-11 00:00:00,3.6983,3.5348,3.8637,1.7998,2.6998,38.88,46.88,0.1422,0.9442,67.52,60.51,97.994
42,cell_17,2024-01-11 06:00:00,3.707,3.5513,3.8584,1.9105,2.812,38.48,46.93,0.0676,0.946,63.42,60.09,97.722
43,cell_17,2024-01-11 12:00:00,3.7225,3.5667,3.8737,1.6659,2.6283,40.24,48.52,0.1221,0.9521,71.42,68.0,97.661
44,cell_17,2024-01-11 18:00:00,3.6847,3.5271,3.8362,1.767,2.667,38.53,47.52,0.0793,0.9482,63.21,60.25,96.949
45,cell_17,2024-01-12 00:00:00,3.6845,3.5263,3.8355,1.8187,2.7187,36.69,48.91,0.0649,0.9453,65.55,61.78,97.873
46,cell_17,2024-01-12 06:00:00,3.7134,3.5536,3.8643,1.7197,2.6197,39.88,49.09,0.0824,0.9423,68.11,63.44,98.144
47,cell_17,2024-01-12 12:00:00,3.6952,3.5257,3.8523,1.7977,2.7296,38.2,46.2,0.0966,0.9533,67.81,63.08,97.209
48,cell_17,2024-01-12 18:00:00,3.7045,3.5487,3.8603,1.716,2.6512,35.54,46.12,0.0795,0.9461,68.4,63.84,97.649
49,cell_17,2024-01-13 00:00:00,3.6852,3.5265,3.8505,1.7994,2.6994,40.36,48.36,0.072,0.9556,63.54,59.86,97.582
50,cell_17,2024-01-13 06:00:00,3.6853,3.5245,3.8395,1.8017,2.7503,37.03,45.03,0.0528,0.9657,65.44,60.51,97.274
51,cell_17,2024-01-13 12:00:00,3.705,3.5489,3.8616,1.8354,2.7707,37.52,45.52,0.0715,0.9388,64.09,63.01,97.562
52,cell_17,2024-01-13 18:00:00,3.684,3.5283,3.8352,1.8134,2.7134,39.12,48.33,0.0921,0.9475,63.76,58.5,97.701
53,cell_17,2024-01-14 00:00:00,3.7097,3.552,3.8647,1.7514,2.6822,39.21,47.21,0.0531,0.934,67.7,64.62,96.92
54,cell_17,2024-01-14 06:00:00,3.704,3.5466,3.8629,1.8027,2.7027,38.19,48.02,0.0753,0.9476,64.59,64.16,97.031
55,cell_17,2024-01-14 12:00:00,3.6883,3.5303,3.8411,1.8157,2.8045,39.55,48.8,0.0893,0.9689,63.66,59.21,96.787
56,cell_17,2024-01-14 18:00:00,3.7112,3.554,3.8627,1.7543,2.6543,40.26,48.26,0.1079,0.9559,69.53,60.86,97.109
57,cell_17,2024-01-15 00:00:00,3.6999,3.5408,3.8518,1.8484,2.8048,37.62,45.62,0.0618,0.9433,62.75,62.15,96.334
58,cell_17,2024-01-15 06:00:00,3.6936,3.5301,3.8615,1.8279,2.7279,39.11,47.69,0.1248,0.9546,63.7,59.95,97.079
59,cell_17,2024-01-15 12:00:00,3.6968,3.5339,3.8482,1.7183,2.6183,39.2,49.77,0.0932,0.9387,70.02,62.5,97.218
60,cell_17,2024-01-15 18:00:00,3.6752,3.5081,3.8396,1.8008,2.7175,40.79,51.0,0.0606,0.9387,65.76,59.79,96.32
61,cell_17,2024-01-16 00:00:00,3.6811,3.5219,3.837,1.7481,2.6481,39.32,50.45,0.087,0.9565,63.71,62.92,96.312
62,cell_17,2024-01-16 06:00:00,3.7032,3.5455,3.8547,1.7005,2.6005,36.23,44.66,0.0695,0.9469,68.47,64.42,96.93
63,cell_17,2024-01-16 12:00:00,3.6969,3.5382,3.8541,1.771,2.6762,42.46,52.38,0.0527,0.9478,64.23,62.31,96.489
64,cell_17,2024-01-16 18:00:00,3.7085,3.5413,3.8647,1.7808,2.7158,39.16,49.54,0.0808,0.9495,65.56,60.68,95.916
65,cell_17,2024-01-17 00:00:00,3.6984,3.5294,3.8503,1.906,2.8171,39.37,51.5,0.0813,0.9474,59.86,57.79,96.307
66,cell_17,2024-01-17 06:00:00,3.6818,3.5089,3.8445,1.7724,2.7184,38.83,47.77,0.0896,0.963,65.79,64.27,95.857
67,cell_17,2024-01-17 12:00:00,3.6841,3.5218,3.8381,1.8015,2.7015,39.4,47.4,0.065,0.9354,64.07,62.99,96.306
68,cell_17,2024-01-17 18:00:00,3.6864,3.5273,3.8382,1.8148,2.776,39.62,50.07,0.0664,0.942,63.62,61.14,96.365
69,cell_17,2024-01-18 00:00:00,3.689,3.5304,3.8562,1.7813,2.7156,40.14,48.14,0.1028,0.9523,68.02,61.29,96.557
70,cell_17,2024-01-18 06:00:00,3.6961,3.5371,3.854,1.813,2.713,38.75,49.06,0.0992,0.9383,66.41,62.82,96.382
71,cell_17,2024-01-18 12:00:00,3.7072,3.5493,3.8627,1.7635,2.6885,35.4,46.23,0.0591,0.9424,69.1,61.65,96.852
72,cell_17,2024-01-18 18:00:00,3.7009,3.5316,3.8631,1.7443,2.6443,38.32,48.51,0.0506,0.9586,67.3,65.53,96.407
73,cell_17,2024-01-19 00:00:00,3.7058,3.5406,3.8584,1.77,2.67,38.66,46.66,0.0616,0.9416,66.09,59.46,95.458
74,cell_17,2024-01-19 06:00:00,3.6984,3.5156,3.859,1.7351,2.6569,37.95,46.55,0.1064,0.9582,64.49,61.69,96.215
75,cell_17,2024-01-19 12:00:00,3.6899,3.5301,3.8499,1.829,2.7432,37.35,47.69,0.0262,0.9366,60.3,60.51,96.063
76,cell_17,2024-01-19 18:00:00,3.6801,3.5195,3.8321,1.7952,2.7215,38.26,47.47,0.0723,0.9705,62.48,62.22,95.979
77,cell_17,2024-01-20 00:00:00,3.7008,3.5381,3.8527,1.7741,2.6741,40.26,48.5,0.1025,0.9568,64.15,64.65,96.347
78,cell_17,2024-01-20 06:00:00,3.6935,3.5282,3.8453,1.8276,2.7276,39.45,48.04,0.0879,0.957,60.57,59.58,96.28
79,cell_17,2024-01-20 12:00:00,3.7016,3.541,3.8677,1.7686,2.6686,36.94,51.27,0.081,0.9461,64.57,61.15,95.771
80,cell_17,2024-01-20 18:00:00,3.6881,3.5284,3.8401,1.6487,2.5487,36.34,44.34,0.1024,0.9501,69.36,63.43,96.112
81,cell_17,2024-01-21 00:00:00,3.7111,3.5446,3.8664,1.7715,2.688,36.32,44.32,0.0795,0.977,66.08,63.26,96.487
82,cell_17,2024-01-21 06:00:00,3.7105,3.5347,3.8762,1.8362,2.7362,39.34,47.34,0.0731,0.9391,65.13,61.42,96.054
83,cell_17,2024-01-21 12:00:00,3.6847,3.5239,3.8369,1.8483,2.7726,36.71,49.13,0.099,0.9444,64.59,55.95,95.644
84,cell_17,2024-01-21 18:00:00,3.6975,3.5359,3.8501,1.7368,2.6704,38.84,48.44,0.1223,0.9467,67.39,64.05,96.15
85,cell_17,2024-01-22 00:00:00,3.6782,3.5171,3.8424,1.7687,2.7054,39.94,47.94,0.0385,0.9517,67.74,60.53,95.937
86,cell_17,2024-01-22 06:00:00,3.6847,3.5229,3.8371,1.8345,2.7691,39.56,52.18,0.0683,0.9569,60.6,60.77,95.288
87,cell_17,2024-01-22 12:00:00,3.6837,3.5111,3.8377,1.7235,2.6235,38.44,46.44,0.0779,0.955,66.46,60.0,94.99
88,cell_17,2024-01-22 18:00:00,3.687,3.5027,3.8393,1.7825,2.6825,41.29,49.29,0.0727,0.9392,66.73,60.95,95.379
89,cell_17,2024-01-23 00:00:00,3.6899,3.524,3.8424,1.8136,2.7136,38.04,46.04,0.0852,0.9577,65.67,62.12,95.104
90,cell_17,2024-01-23 06:00:00,3.6853,3.5238,3.8376,1.868,2.768,39.16,47.46,0.0836,0.9576,64.31,61.16,95.382
91,cell_17,2024-01-23 12:00:00,3.6949,3.5337,3.8471,1.7748,2.6748,38.38,47.47,0.0596,0.9507,66.6,62.79,95.545
92,cell_17,2024-01-23 18:00:00,3.6771,3.5145,3.8297,1.7275,2.6292,38.66,47.1,0.0954,0.9437,63.11,59.93,94.96
93,cell_17,2024-01-24 00:00:00,3.7019,3.529,3.869,1.7587,2.6749,40.19,50.73,0.0816,0.9529,66.42,61.61,94.619
94,cell_17,2024-01-24 06:00:00,3.6814,3.5181,3.8385,1.9175,2.8279,39.93,47.93,0.109,0.9472,56.99,56.45,94.677
95,cell_17,2024-01-24 12:00:00,3.6909,3.5257,3.8434,1.8134,2.7144,36.23,44.23,0.1054,0.9495,64.79,59.62,94.957
96,cell_17,2024-01-24 18:00:00,3.6883,3.5062,3.8408,1.8588,2.7725,37.41,46.16,0.0797,0.9502,59.27,58.08,95.0
97,cell_17,2024-01-25 00:00:00,3.7024,3.5328,3.855,1.7972,2.6972,40.2,52.02,0.0946,0.9413,64.75,57.07,94.746
98,cell_17,2024-01-25 06:00:00,3.689,3.5255,3.8416,1.7581,2.6793,36.99,46.06,0.0381,0.9504,67.02,62.71,94.844
99,cell_17,2024-01-25 12:00:00,3.7068,3.5438,3.8594,1.7444,2.6597,37.43,45.43,0.0414,0.9607,62.85,62.61,94.793
100,cell_17,2024-01-25 18:00:00,3.696,3.5253,3.8485,1.7746,2.6746,39.47,49.22,0.1058,0.9568,61.15,61.3,94.94
101,cell_17,2024-01-26 00:00:00,3.6826,3.5135,3.8423,1.8339,2.8212,40.41,48.41,0.0812,0.9481,63.54,60.14,94.617
102,cell_17,2024-01-26 06:00:00,3.69,3.5187,3.8426,1.7324,2.7038,40.22,48.88,0.1094,0.9476,66.11,62.71,94.766
103,cell_17,2024-01-26 12:00:00,3.6914,3.5279,3.8462,1.834,2.7641,36.54,44.54,0.1059,0.9676,60.95,58.34,94.581
104,cell_17,2024-01-26 18:00:00,3.6994,3.5361,3.852,1.7399,2.6922,38.55,46.55,0.0533,0.9413,64.55,60.95,94.677
105,cell_17,2024-01-27 00:00:00,3.6933,3.5234,3.8552,1.7826,2.6939,38.38,46.38,0.0971,0.9565,60.94,59.7,94.387
106,cell_17,2024-01-27 06:00:00,3.6898,3.5266,3.8425,1.7948,2.6948,38.05,49.25,0.0683,0.9622,64.94,60.27,94.7
107,cell_17,2024-01-27 12:00:00,3.6848,3.521,3.8409,1.828,2.7802,36.59,45.33,0.0779,0.939,64.85,58.46,94.993
108,cell_17,2024-01-27 18:00:00,3.6957,3.5198,3.8487,1.783,2.6938,41.01,49.44,0.0585,0.9483,61.16,59.7,93.967
109,cell_17,2024-01-28 00:00:00,3.6874,3.5224,3.8534,1.8239,2.7561,38.78,46.98,0.1039,0.9611,62.16,59.6,93.982
110,cell_17,2024-01-28 06:00:00,3.6832,3.5066,3.8364,1.782,2.7558,37.49,45.49,0.0938,0.9427,64.69,60.22,93.589
111,cell_17,2024-01-28 12:00:00,3.6807,3.5153,3.8337,1.817,2.717,39.49,47.71,0.072,0.9515,60.92,58.55,93.959
112,cell_17,2024-01-28 18:00:00,3.6999,3.5316,3.8533,1.7965,2.7166,38.7,46.7,0.0684,0.9361,64.93,61.37,93.072
113,cell_17,2024-01-29 00:00:00,3.676,3.5008,3.829,1.8074,2.7074,40.21,48.84,0.0995,0.946,61.08,58.24,93.885
114,cell_17,2024-01-29 06:00:00,3.696,3.5313,3.8498,1.8067,2.7067,38.22,46.22,0.0682,0.964,65.51,57.94,94.12
115,cell_17,2024-01-29 12:00:00,3.6905,3.5243,3.8437,1.7925,2.6925,38.3,47.8,0.0718,0.9376,60.15,58.48,93.53
116,cell_17,2024-01-29 18:00:00,3.685,3.519,3.8382,1.8559,2.8117,39.0,47.0,0.0693,0.9337,57.85,58.26,93.617
117,cell_17,2024-01-30 00:00:00,3.6838,3.5155,3.8368,1.8273,2.7482,39.99,47.99,0.0691,0.9496,61.65,55.6,93.975
118,cell_17,2024-01-30 06:00:00,3.6903,3.5205,3.8436,1.8062,2.7068,37.49,45.49,0.0976,0.9553,59.12,58.13,93.442
119,cell_17,2024-01-30 12:00:00,3.6854,3.5168,3.8385,1.7704,2.6704,36.86,44.86,0.0885,0.9451,65.46,57.52,93.829
120,cell_17,2024-01-30 18:00:00,3.6844,3.5181,3.8551,1.9185,2.8185,39.73,49.84,0.0727,0.9469,59.79,57.22,93.464
121,cell_17,2024-01-31 00:00:00,3.7007,3.5306,3.8552,1.8746,2.7746,39.39,47.39,0.0629,0.9574,57.14,56.29,93.861
122,cell_17,2024-01-31 06:00:00,3.6889,3.5229,3.8421,1.7478,2.6606,39.04,47.04,0.0836,0.9623,61.63,58.9,93.616
123,cell_17,2024-01-31 12:00:00,3.6893,3.5061,3.8429,1.828,2.728,39.09,47.09,0.0786,0.9552,60.68,57.87,92.833
124,cell_17,2024-01-31 18:00:00,3.6819,3.5062,3.8353,1.8602,2.7602,39.01,47.01,0.0996,0.9595,63.02,56.36,93.289
125,cell_17,2024-02-01 00:00:00,3.7003,3.5291,3.8535,1.8227,2.7227,40.99,51.44,0.0695,0.9497,63.62,61.16,93.576
126,cell_17,2024-02-01 06:00:00,3.7033,3.5385,3.8563,1.7976,2.7415,39.28,48.3,0.0926,0.9438,61.92,60.72,94.077
127,cell_17,2024-02-01 12:00:00,3.6922,3.5257,3.8456,1.7673,2.6673,38.68,46.68,0.0789,0.9351,62.22,60.09,93.372
128,cell_17,2024-02-01 18:00:00,3.7041,3.5372,3.8661,1.8216,2.7216,37.41,45.41,0.0898,0.9362,62.82,61.22,93.23
129,cell_17,2024-02-02 00:00:00,3.6849,3.516,3.857,1.7527,2.6762,38.39,46.65,0.1165,0.9488,62.79,62.32,93.538
130,cell_17,2024-02-02 06:00:00,3.698,3.5195,3.8603,1.7791,2.7201,39.8,51.04,0.0787,0.963,63.67,57.38,92.52
131,cell_17,2024-02-02 12:00:00,3.6869,3.5215,3.84,1.7719,2.6719,40.08,48.19,0.1275,0.9406,60.63,60.14,93.828
132,cell_17,2024-02-02 18:00:00,3.6856,3.5197,3.8389,1.8237,2.7391,36.78,44.78,0.0797,0.9807,63.61,58.53,93.63
133,cell_17,2024-02-03 00:00:00,3.7031,3.5226,3.8619,1.8662,2.8111,40.3,49.1,0.0632,0.9483,57.77,59.15,92.77
134,cell_17,2024-02-03 06:00:00,3.6861,3.5189,3.8435,1.774,2.674,38.79,48.15,0.1153,0.94,62.14,60.21,93.139
135,cell_17,2024-02-03 12:00:00,3.68,3.5125,3.8484,1.7789,2.72,42.5,52.12,0.1203,0.9445,64.09,60.78,93.012
136,cell_17,2024-02-03 18:00:00,3.6712,3.4927,3.8247,1.8627,2.7627,40.8,50.38,0.0653,0.9493,58.15,54.83,92.882
137,cell_17,2024-02-04 00:00:00,3.6897,3.5174,3.8447,1.7714,2.6714,38.69,51.07,0.0682,0.9637,66.2,59.31,93.086
138,cell_17,2024-02-04 06:00:00,3.6791,3.5091,3.8326,1.657,2.5749,37.21,45.21,0.1004,0.9512,66.22,61.76,92.895
139,cell_17,2024-02-04 12:00:00,3.7092,3.5355,3.8627,1.8908,2.7908,37.41,45.41,0.0954,0.9376,59.38,55.76,92.973
140,cell_17,2024-02-04 18:00:00,3.707,3.5398,3.8605,1.8484,2.7484,38.16,46.22,0.0678,0.9676,62.61,59.65,93.088
141,cell_17,2024-02-05 00:00:00,3.6592,3.4909,3.8128,1.8383,2.7383,41.65,49.65,0.0661,0.9439,63.45,59.7,92.809
142,cell_17,2024-02-05 06:00:00,3.7051,3.5353,3.8717,1.8168,2.7168,38.49,46.49,0.0897,0.9419,63.55,55.89,92.47
143,cell_17,2024-02-05 12:00:00,3.6804,3.5108,3.8429,1.7941,2.6941,39.27,47.27,0.0813,0.9547,64.19,58.03,92.157
144,cell_17,2024-02-05 18:00:00,3.7007,3.531,3.8546,1.7047,2.6047,38.73,46.73,0.0955,0.96,66.32,64.54,92.123
145,cell_17,2024-02-06 00:00:00,3.6983,3.5278,3.8524,1.7872,2.6872,38.65,46.65,0.0955,0.9597,59.17,56.25,91.793
146,cell_17,2024-02-06 06:00:00,3.702,3.5331,3.8561,1.7861,2.7686,38.32,46.32,0.1023,0.9325,60.49,56.86,92.412
147,cell_17,2024-02-06 12:00:00,3.7057,3.5352,3.8598,1.7914,2.7305,41.14,49.14,0.0431,0.9663,62.57,55.9,91.791
148,cell_17,2024-02-06 18:00:00,3.6756,3.5042,3.8299,1.8268,2.7679,40.24,48.24,0.1213,0.9395,60.99,57.2,91.448
149,cell_17,2024-02-07 00:00:00,3.6771,3.5003,3.8518,1.8734,2.7929,36.8,44.8,0.0944,0.9563,59.52,58.71,91.685
150,cell_17,2024-02-07 06:00:00,3.6953,3.5214,3.862,1.7942,2.6942,36.46,45.11,0.0753,0.9546,58.89,60.5,91.483
151,cell_17,2024-02-07 12:00:00,3.6889,3.5037,3.843,1.7877,2.7435,40.16,48.16,0.0819,0.956,60.18,56.88,91.856
152,cell_17,2024-02-07 18:00:00,3.6949,3.5251,3.862,1.8732,2.7886,40.56,48.56,0.097,0.9478,59.74,57.86,92.097
153,cell_17,2024-02-08 00:00:00,3.6848,3.5153,3.841,1.7583,2.6809,37.56,46.33,0.0887,0.9616,62.73,56.81,92.199
154,cell_17,2024-02-08 06:00:00,3.6965,3.5165,3.8578,1.7964,2.7333,38.3,46.87,0.089,0.9503,62.12,58.85,91.755
155,cell_17,2024-02-08 12:00:00,3.6747,3.504,3.8288,1.7994,2.7214,40.6,48.6,0.0822,0.964,59.65,60.41,91.748
156,cell_17,2024-02-08 18:00:00,3.7065,3.5346,3.8671,1.7583,2.6733,39.91,51.89,0.1174,0.9388,62.49,58.26,91.253
157,cell_17,2024-02-09 00:00:00,3.7115,3.5396,3.8881,1.7809,2.6809,38.96,46.96,0.0908,0.9679,58.57,57.71,91.23
158,cell_17,2024-02-09 06:00:00,3.6701,3.4849,3.8358,1.7815,2.6815,39.81,49.2,0.1068,0.9327,59.2,59.86,92.069
159,cell_17,2024-02-09 12:00:00,3.7032,3.5325,3.8647,1.8367,2.7367,38.58,48.46,0.1277,0.9672,58.75,59.17,91.721
160,cell_17,2024-02-09 18:00:00,3.6706,3.5007,3.8246,1.7834,2.6834,38.35,48.48,0.1033,0.945,58.89,59.07,92.006
161,cell_17,2024-02-10 00:00:00,3.6925,3.518,3.8555,1.7848,2.6848,40.56,49.27,0.09,0.9543,60.66,60.88,91.103
162,cell_17,2024-02-10 06:00:00,3.6779,3.507,3.8367,1.8216,2.7453,37.97,45.97,0.0472,0.9456,59.26,57.88,91.646
163,cell_17,2024-02-10 12:00:00,3.6913,3.5192,3.8457,1.7736,2.7263,38.26,50.22,0.0758,0.941,61.66,57.62,91.148
164,cell_17,2024-02-10 18:00:00,3.674,3.5016,3.8285,1.7525,2.6525,41.51,49.51,0.1264,0.9458,59.79,61.35,91.018
165,cell_17,2024-02-11 00:00:00,3.6912,3.5132,3.8455,1.9306,2.8306,37.68,45.68,0.0906,0.9582,56.53,55.76,91.4
166,cell_17,2024-02-11 06:00:00,3.6861,3.5091,3.8454,1.7953,2.6953,41.47,49.47,0.0573,0.9541,59.43,59.29,91.962
167,cell_17,2024-02-11 12:00:00,3.6841,3.512,3.8385,1.8093,2.7174,39.23,47.23,0.0797,0.9628,60.08,55.25,91.173
168,cell_17,2024-02-11 18:00:00,3.6913,3.5207,3.8459,1.7846,2.6846,38.97,46.97,0.0604,0.9557,59.87,55.56,91.79
169,cell_17,2024-02-12 00:00:00,3.6698,3.4964,3.8397,1.7229,2.6229,39.75,47.75,0.0748,0.954,64.6,57.54,91.262
170,cell_17,2024-02-12 06:00:00,3.6935,3.5224,3.8531,1.7722,2.6722,40.23,48.23,0.0759,0.9671,60.11,57.36,91.556
171,cell_17,2024-02-12 12:00:00,3.6839,3.5068,3.8382,1.7423,2.671,41.01,49.28,0.0723,0.9551,59.97,58.11,91.325
172,cell_17,2024-02-12 18:00:00,3.6718,3.5006,3.8287,1.8253,2.7253,38.63,46.63,0.0855,0.9405,63.06,57.86,91.516
173,cell_17,2024-02-13 00:00:00,3.6933,3.5207,3.8526,1.8189,2.7346,39.64,47.64,0.0431,0.938,61.19,56.61,90.978
174,cell_17,2024-02-13 06:00:00,3.6806,3.508,3.835,1.8271,2.7704,38.3,46.89,0.0972,0.9688,61.55,54.07,91.2
175,cell_17,2024-02-13 12:00:00,3.6858,3.5071,3.8434,1.7489,2.6489,38.15,46.15,0.1127,0.9494,59.58,61.54,90.914
176,cell_17,2024-02-13 18:00:00,3.6907,3.5109,3.8451,1.6981,2.5981,39.15,47.15,0.0472,0.9509,65.79,62.13,91.64
177,cell_17,2024-02-14 00:00:00,3.686,3.5093,3.8405,1.6845,2.5845,40.07,49.01,0.1053,0.9444,65.13,60.98,91.147
178,cell_17,2024-02-14 06:00:00,3.6857,3.5124,3.8595,1.818,2.7961,37.58,45.58,0.0971,0.9346,62.37,56.19,90.686
179,cell_17,2024-02-14 12:00:00,3.6929,3.5028,3.8503,1.7782,2.7451,36.57,44.57,0.0913,0.97,62.85,56.13,91.339
180,cell_17,2024-02-14 18:00:00,3.6843,3.5121,3.8386,1.7341,2.6793,37.43,45.43,0.085,0.9379,61.36,60.13,91.364
181,cell_17,2024-02-15 00:00:00,3.6959,3.5221,3.8507,1.8255,2.7452,38.25,48.81,0.0885,0.9404,57.46,59.42,90.476
182,cell_17,2024-02-15 06:00:00,3.6976,3.5148,3.8533,1.8415,2.7852,40.9,48.9,0.1013,0.9471,57.52,56.31,90.753
183,cell_17,2024-02-15 12:00:00,3.6795,3.5021,3.8385,1.795,2.7243,37.7,47.02,0.0884,0.9456,60.95,54.36,90.203
184,cell_17,2024-02-15 18:00:00,3.6792,3.4835,3.8475,1.7688,2.7484,39.71,47.71,0.1378,0.9444,60.61,58.63,89.845
185,cell_17,2024-02-16 00:00:00,3.6918,3.5023,3.8466,1.7868,2.6889,40.67,48.73,0.0713,0.9572,63.47,54.67,90.372
186,cell_17,2024-02-16 06:00:00,3.7008,3.5244,3.8561,1.8565,2.7565,37.81,46.37,0.1169,0.9615,59.24,57.28,89.401
187,cell_17,2024-02-16 12:00:00,3.6965,3.5223,3.8513,1.8508,2.7508,41.01,49.01,0.0814,0.9498,56.34,55.74,90.342
188,cell_17,2024-02-16 18:00:00,3.6765,3.5022,3.8313,1.7866,2.7138,39.83,47.83,0.0761,0.9533,63.39,58.78,90.302
189,cell_17,2024-02-17 00:00:00,3.6825,3.5083,3.8538,1.8047,2.7047,37.51,45.51,0.1042,0.9411,61.59,59.29,90.298
190,cell_17,2024-02-17 06:00:00,3.6772,3.5025,3.835,2.0253,2.9849,38.37,46.37,0.0779,0.9562,50.95,52.33,90.254
191,cell_17,2024-02-17 12:00:00,3.7,3.5156,3.8587,1.9037,2.8037,37.78,45.78,0.1188,0.9477,59.14,54.26,90.188
192,cell_17,2024-02-17 18:00:00,3.6889,3.5132,3.844,1.8003,2.7453,38.58,49.8,0.0691,0.9466,60.8,56.29,89.805
193,cell_17,2024-02-18 00:00:00,3.6748,3.4948,3.8334,1.8695,2.7695,39.56,48.4,0.1094,0.96,56.94,57.26,89.897
194,cell_17,2024-02-18 06:00:00,3.6811,3.4991,3.8359,1.8172,2.734,37.98,46.06,0.096,0.936,56.98,53.8,90.3
195,cell_17,2024-02-18 12:00:00,3.676,3.4868,3.8325,1.8722,2.7722,39.51,50.37,0.0807,0.9607,59.64,54.44,90.302
196,cell_17,2024-02-18 18:00:00,3.6819,3.5066,3.8445,1.7624,2.6624,39.23,47.23,0.0644,0.9498,59.9,58.59,90.575
197,cell_17,2024-02-19 00:00:00,3.6903,3.5146,3.8454,1.8351,2.7351,37.37,48.08,0.0643,0.9456,58.52,57.93,89.746
198,cell_17,2024-02-19 06:00:00,3.6782,3.5021,3.8444,1.8493,2.7493,39.52,47.52,0.067,0.968,60.77,53.27,89.566
199,cell_17,2024-02-19 12:00:00,3.6856,3.4941,3.8546,1.7972,2.7357,40.57,49.17,0.1062,0.9584,61.52,58.15,89.795
200,cell_17,2024-02-19 18:00:00,3.6869,3.51,3.8537,1.777,2.677,38.6,47.99,0.0849,0.9334,60.59,58.26,89.228
201,cell_17,2024-02-20 00:00:00,3.6658,3.4721,3.8215,1.8096,2.7143,40.07,49.07,0.0998,0.9601,58.91,59.4,89.941
202,cell_17,2024-02-20 06:00:00,3.6681,3.4932,3.823,1.7306,2.6306,37.43,45.43,0.0871,0.9563,63.45,61.63,90.06
203,cell_17,2024-02-20 12:00:00,3.6806,3.5063,3.8355,1.7787,2.7069,41.27,50.98,0.062,0.9376,61.52,57.77,90.284
204,cell_17,2024-02-20 18:00:00,3.676,3.4967,3.8365,1.7708,2.6708,39.87,47.87,0.0911,0.9497,59.41,55.43,89.971
205,cell_17,2024-02-21 00:00:00,3.6884,3.5099,3.8463,1.8411,2.7971,40.02,48.02,0.0963,0.9585,60.13,57.43,89.549
206,cell_17,2024-02-21 06:00:00,3.681,3.505,3.8362,1.8241,2.8263,37.97,45.97,0.049,0.9321,56.71,54.52,89.621
207,cell_17,2024-02-21 12:00:00,3.6918,3.5093,3.8469,1.8307,2.7307,40.03,49.08,0.0721,0.9582,57.15,57.4,89.773
208,cell_17,2024-02-21 18:00:00,3.6894,3.5135,3.8447,1.8573,2.837,39.59,47.59,0.0677,0.9465,55.84,55.37,89.617
209,cell_17,2024-02-22 00:00:00,3.6928,3.4984,3.8481,1.7425,2.6425,40.08,48.08,0.0589,0.9486,62.28,55.75,89.476
210,cell_17,2024-02-22 06:00:00,3.6784,3.5013,3.8339,1.8793,2.7793,40.92,48.92,0.0869,0.9618,54.28,51.24,89.134
211,cell_17,2024-02-22 12:00:00,3.6822,3.5033,3.8374,1.8442,2.7865,38.24,46.24,0.0895,0.9428,60.97,53.22,89.607
212,cell_17,2024-02-22 18:00:00,3.7042,3.5224,3.8665,1.7297,2.6297,40.92,51.08,0.1103,0.9394,62.81,57.53,89.428
213,cell_17,2024-02-23 00:00:00,3.6736,3.4874,3.8386,1.8373,2.7673,40.11,54.6,0.1001,0.9575,60.72,54.14,89.387
214,cell_17,2024-02-23 06:00:00,3.69,3.5121,3.8455,1.8268,2.7544,37.21,45.76,0.0779,0.9514,56.16,53.82,88.855
215,cell_17,2024-02-23 12:00:00,3.6944,3.5129,3.8496,1.819,2.719,41.45,52.8,0.0779,0.9459,57.33,58.28,89.503
216,cell_17,2024-02-23 18:00:00,3.6885,3.5115,3.8511,1.752,2.652,38.19,46.31,0.1195,0.9368,62.64,58.24,89.196
217,cell_17,2024-02-24 00:00:00,3.6924,3.5124,3.849,1.7979,2.6979,39.29,47.56,0.0941,0.9463,61.43,54.14,88.983
218,cell_17,2024-02-24 06:00:00,3.6833,3.5054,3.8451,1.8318,2.7679,39.36,47.36,0.107,0.9444,56.86,52.99,88.845
219,cell_17,2024-02-24 12:00:00,3.687,3.5021,3.8429,1.8007,2.7007,37.56,45.56,0.0558,0.9478,60.03,56.32,88.119
220,cell_17,2024-02-24 18:00:00,3.6861,3.4963,3.8415,1.7327,2.6883,40.29,48.29,0.0523,0.9343,63.96,59.81,89.275
221,cell_17,2024-02-25 00:00:00,3.6693,3.4915,3.8248,1.7807,2.738,38.34,46.34,0.0757,0.9432,58.71,58.19,88.895
222,cell_17,2024-02-25 06:00:00,3.6804,3.5005,3.8362,1.8166,2.7166,37.08,48.69,0.1035,0.9542,57.51,56.37,88.388
223,cell_17,2024-02-25 12:00:00,3.6688,3.4859,3.8241,1.7897,2.6897,37.76,46.93,0.1158,0.9493,59.34,57.69,89.315
224,cell_17,2024-02-25 18:00:00,3.6894,3.5077,3.845,1.8929,2.7929,36.27,44.27,0.0687,0.9481,57.69,55.0,88.7
225,cell_17,2024-02-26 00:00:00,3.6851,3.5066,3.8408,1.8365,2.7365,36.99,46.34,0.0946,0.9405,57.05,52.55,88.582
226,cell_17,2024-02-26 06:00:00,3.6921,3.5131,3.8479,1.8346,2.7346,40.48,50.54,0.0923,0.9409,55.55,55.81,88.401
227,cell_17,2024-02-26 12:00:00,3.6714,3.4926,3.8271,1.8081,2.7081,36.7,44.7,0.0607,0.9472,59.09,53.94,88.505
228,cell_17,2024-02-26 18:00:00,3.6833,3.5027,3.8392,1.7772,2.7735,39.51,49.65,0.067,0.9497,56.91,54.77,88.212
229,cell_17,2024-02-27 00:00:00,3.6842,3.5056,3.8454,1.884,2.8413,38.12,47.99,0.0818,0.9416,56.73,55.13,88.56
230,cell_17,2024-02-27 06:00:00,3.7031,3.5238,3.8588,1.7808,2.6808,40.62,49.43,0.0585,0.9519,58.54,59.73,88.656
231,cell_17,2024-02-27 12:00:00,3.6814,3.4934,3.8369,1.803,2.703,38.96,50.19,0.1347,0.9518,60.26,55.12,88.86
232,cell_17,2024-02-27 18:00:00,3.6767,3.4971,3.8326,1.7953,2.6953,37.19,47.27,0.0628,0.9397,57.06,56.07,88.148
233,cell_17,2024-02-28 00:00:00,3.683,3.5041,3.8388,1.7304,2.6304,39.87,47.87,0.0749,0.9622,62.86,59.51,88.453
234,cell_17,2024-02-28 06:00:00,3.6986,3.5137,3.8656,1.8217,2.7571,38.42,46.78,0.0913,0.9418,60.48,57.69,88.035
235,cell_17,2024-02-28 12:00:00,3.6916,3.501,3.8473,1.8483,2.7513,40.0,50.91,0.0888,0.941,58.97,55.54,88.677
236,cell_17,2024-02-28 18:00:00,3.6894,3.5081,3.8493,1.7709,2.6709,39.48,47.48,0.0963,0.9437,58.84,58.28,88.608
237,cell_17,2024-02-29 00:00:00,3.6792,3.4984,3.8354,1.7848,2.6848,37.41,45.41,0.0637,0.9365,59.21,54.74,87.688
238,cell_17,2024-02-29 06:00:00,3.6799,3.5001,3.8485,1.7586,2.6586,38.8,47.47,0.0569,0.9326,62.14,56.32,88.083
239,cell_17,2024-02-29 12:00:00,3.6978,3.5193,3.8535,1.8894,2.7894,38.14,46.14,0.086,0.9607,57.88,55.69,88.585
240,cell_17,2024-02-29 18:00:00,3.6784,3.4965,3.8342,1.8213,2.8029,38.6,51.67,0.0659,0.9591,55.65,52.66,88.387
241,cell_17,2024-03-01 00:00:00,3.6771,3.4973,3.8331,1.8655,2.7655,38.78,49.63,0.0694,0.9413,54.16,54.13,88.061
242,cell_17,2024-03-01 06:00:00,3.6657,3.4854,3.8365,1.7791,2.684,36.6,49.09,0.068,0.9565,57.24,54.41,88.294
243,cell_17,2024-03-01 12:00:00,3.667,3.488,3.8277,1.8275,2.7275,39.44,50.01,0.0679,0.9436,57.81,52.5,88.405
244,cell_17,2024-03-01 18:00:00,3.6944,3.5071,3.8501,1.7215,2.6215,38.49,47.04,0.055,0.9399,59.85,56.52,88.695
245,cell_17,2024-03-02 00:00:00,3.6618,3.4819,3.8195,1.7698,2.7112,37.08,45.08,0.0626,0.9475,60.89,56.51,88.035
246,cell_17,2024-03-02 06:00:00,3.699,3.5204,3.8547,1.9014,2.8014,37.25,46.06,0.0767,0.9474,58.12,53.73,88.574
247,cell_17,2024-03-02 12:00:00,3.6794,3.4959,3.8502,1.8203,2.7203,36.38,44.38,0.1067,0.9599,55.24,53.16,88.001
248,cell_17,2024-03-02 18:00:00,3.6855,3.4922,3.8493,1.7835,2.6835,41.91,49.91,0.1246,0.9263,60.57,56.25,87.88
249,cell_17,2024-03-03 00:00:00,3.6926,3.5126,3.8486,1.7079,2.6766,38.94,49.39,0.1025,0.9472,58.97,61.66,88.005
250,cell_17,2024-03-03 06:00:00,3.6761,3.4964,3.8339,1.809,2.709,39.54,47.54,0.0888,0.9726,55.98,55.74,88.108
251,cell_17,2024-03-03 12:00:00,3.6884,3.5091,3.8443,1.7789,2.6789,41.15,49.15,0.1044,0.9276,59.16,53.97,88.286
252,cell_17,2024-03-03 18:00:00,3.6718,3.4915,3.8278,1.8424,2.7424,43.08,51.08,0.0809,0.9443,60.2,53.01,88.031
253,cell_17,2024-03-04 00:00:00,3.6755,3.4952,3.8372,1.7273,2.6273,37.92,46.29,0.0891,0.9469,59.83,55.2,87.907
254,cell_17,2024-03-04 06:00:00,3.6852,3.5033,3.8505,1.8445,2.7992,38.21,46.21,0.0984,0.9515,56.82,54.41,87.234
255,cell_17,2024-03-04 12:00:00,3.6857,3.4994,3.8418,1.7773,2.6773,37.48,47.05,0.0948,0.9574,62.02,58.47,87.669
256,cell_17,2024-03-04 18:00:00,3.6849,3.5036,3.8411,1.7482,2.6693,38.76,47.99,0.1031,0.9514,60.84,58.72,87.503
257,cell_17,2024-03-05 00:00:00,3.6961,3.5084,3.8593,1.8092,2.7092,36.28,44.28,0.0976,0.9658,57.3,52.54,87.58
258,cell_17,2024-03-05 06:00:00,3.6804,3.4991,3.8367,1.8909,2.8452,40.95,52.09,0.0693,0.9463,54.55,54.27,87.463
259,cell_17,2024-03-05 12:00:00,3.6977,3.5074,3.8622,1.8361,2.7802,39.74,47.74,0.0969,0.9605,56.11,54.55,87.763
260,cell_17,2024-03-05 18:00:00,3.6821,3.5013,3.8383,1.8155,2.7432,38.68,46.68,0.069,0.9485,55.54,57.1,87.68
261,cell_17,2024-03-06 00:00:00,3.6874,3.4983,3.8468,1.7731,2.7148,36.8,48.37,0.0986,0.9578,56.92,55.69,87.569
262,cell_17,2024-03-06 06:00:00,3.6883,3.5064,3.8446,1.8709,2.7837,41.15,49.15,0.0758,0.9436,57.29,52.67,87.299
263,cell_17,2024-03-06 12:00:00,3.6754,3.4928,3.8319,1.8174,2.7231,38.33,48.63,0.0582,0.9411,57.74,57.35,86.961
264,cell_17,2024-03-06 18:00:00,3.6827,3.5002,3.8536,1.7013,2.6013,41.6,51.07,0.056,0.9369,59.11,57.36,87.033
265,cell_17,2024-03-07 00:00:00,3.6662,3.4841,3.8226,1.8381,2.7381,38.54,47.48,0.1272,0.9474,56.34,52.33,87.15
266,cell_17,2024-03-07 06:00:00,3.6815,3.495,3.8516,1.812,2.7541,39.1,47.1,0.063,0.9429,56.07,57.45,86.972
267,cell_17,2024-03-07 12:00:00,3.6817,3.5001,3.8598,1.7938,2.7341,37.12,45.12,0.1029,0.9534,57.96,57.87,87.347
268,cell_17,2024-03-07 18:00:00,3.6862,3.5042,3.8426,1.862,2.8064,40.81,52.18,0.0975,0.9568,56.89,51.2,87.197
269,cell_17,2024-03-08 00:00:00,3.6791,3.4964,3.8357,1.7629,2.6629,36.49,44.49,0.1024,0.9603,56.93,54.52,86.908
270,cell_17,2024-03-08 06:00:00,3.6991,3.5086,3.8553,1.7734,2.7573,40.16,48.31,0.0638,0.9582,60.49,58.35,87.486
271,cell_17,2024-03-08 12:00:00,3.6638,3.4806,3.8202,1.7909,2.6909,41.07,50.11,0.0756,0.9609,55.74,53.87,87.211
272,cell_17,2024-03-08 18:00:00,3.6689,3.4867,3.8364,1.8203,2.7433,36.5,44.5,0.0645,0.9568,54.61,53.49,87.109
273,cell_17,2024-03-09 00:00:00,3.6715,3.4842,3.8389,1.7692,2.8081,40.39,48.39,0.1037,0.9387,61.34,55.42,87.405
274,cell_17,2024-03-09 06:00:00,3.6799,3.497,3.8364,1.7499,2.6499,41.16,49.16,0.1136,0.9528,60.82,55.62,86.842
275,cell_17,2024-03-09 12:00:00,3.6725,3.4719,3.8291,1.7895,2.7254,39.65,47.65,0.083,0.9428,55.84,53.79,86.891
276,cell_17,2024-03-09 18:00:00,3.6687,3.4695,3.8253,1.7744,2.6744,39.88,47.88,0.1268,0.9486,56.24,53.99,86.971
277,cell_17,2024-03-10 00:00:00,3.6758,3.4939,3.8344,1.882,2.782,39.58,48.13,0.0892,0.9495,57.45,52.08,87.236
278,cell_17,2024-03-10 06:00:00,3.6654,3.4814,3.822,1.6966,2.6264,39.1,49.76,0.0798,0.9251,58.84,58.34,86.742
279,cell_17,2024-03-10 12:00:00,3.685,3.504,3.8412,1.8435,2.7435,37.46,45.46,0.0859,0.9396,58.4,51.44,87.581
280,cell_17,2024-03-10 18:00:00,3.6826,3.4985,3.8394,1.697,2.5989,38.92,47.29,0.0936,0.945,61.82,55.21,86.352
281,cell_17,2024-03-11 00:00:00,3.6673,3.475,3.824,1.7952,2.7065,38.55,46.55,0.0544,0.9221,59.91,55.33,86.669
282,cell_17,2024-03-11 06:00:00,3.6886,3.505,3.8453,1.745,2.653,41.82,52.77,0.0892,0.9631,59.25,54.63,86.563
283,cell_17,2024-03-11 12:00:00,3.6666,3.4832,3.8233,1.7215,2.6215,38.9,46.9,0.0807,0.9512,60.87,55.33,86.639
284,cell_17,2024-03-11 18:00:00,3.6748,3.4867,3.8314,1.8651,2.8772,38.95,46.97,0.0787,0.9512,53.8,50.61,86.767
285,cell_17,2024-03-12 00:00:00,3.6821,3.4832,3.8388,1.8354,2.7354,39.28,47.28,0.0813,0.9602,58.78,55.43,86.576
286,cell_17,2024-03-12 06:00:00,3.6806,3.4837,3.8379,1.802,2.702,39.68,51.63,0.1035,0.9571,56.88,53.56,86.617
287,cell_17,2024-03-12 12:00:00,3.664,3.48,3.8208,1.8054,2.7054,37.84,50.0,0.084,0.9572,55.86,54.59,86.398
288,cell_17,2024-03-12 18:00:00,3.6844,3.5009,3.8443,1.7607,2.6607,40.43,48.43,0.0612,0.9603,56.26,56.22,86.613
289,cell_17,2024-03-13 00:00:00,3.6785,3.4935,3.8355,1.7759,2.6759,38.88,46.88,0.0854,0.953,57.83,53.75,85.982
290,cell_17,2024-03-13 06:00:00,3.6966,3.4953,3.8683,1.7644,2.7136,40.1,49.78,0.079,0.9533,55.01,56.82,85.122
291,cell_17,2024-03-13 12:00:00,3.6848,3.4957,3.8447,1.7726,2.6726,37.65,47.37,0.084,0.9545,58.82,57.97,85.882
292,cell_17,2024-03-13 18:00:00,3.6949,3.4836,3.8515,1.7883,2.6933,38.8,46.8,0.0823,0.9368,59.62,54.94,86.776
293,cell_17,2024-03-14 00:00:00,3.6691,3.4773,3.8263,1.8654,2.7797,41.23,49.23,0.0909,0.9289,52.99,55.07,85.706
294,cell_17,2024-03-14 06:00:00,3.6635,3.4624,3.8209,1.8286,2.7286,41.99,52.99,0.056,0.9294,56.38,52.08,86.206
295,cell_17,2024-03-14 12:00:00,3.6919,3.5063,3.849,1.8145,2.7145,40.01,48.01,0.0567,0.957,56.49,55.37,85.758
296,cell_17,2024-03-14 18:00:00,3.6826,3.4978,3.8396,1.7493,2.6493,37.32,45.32,0.082,0.9447,56.91,56.23,86.082
297,cell_17,2024-03-15 00:00:00,3.6977,3.4896,3.8546,1.8213,2.7856,36.24,44.48,0.0786,0.9473,56.9,54.25,86.274
298,cell_17,2024-03-15 06:00:00,3.69,3.5045,3.8471,1.6744,2.5744,40.0,48.0,0.0647,0.9516,62.47,60.93,85.805
299,cell_17,2024-03-15 12:00:00,3.6902,3.5034,3.847,1.7643,2.6643,41.97,49.97,0.043,0.9642,59.91,58.45,86.326
300,cell_17,2024-03-15 18:00:00,3.684,3.4987,3.8408,1.7372,2.6512,38.42,46.42,0.0888,0.9566,57.38,53.65,86.267
301,cell_17,2024-03-16 00:00:00,3.6705,3.4856,3.8275,1.7803,2.7088,38.72,46.72,0.0748,0.952,59.32,53.57,86.038
302,cell_17,2024-03-16 06:00:00,3.6688,3.4802,3.8313,1.7845,2.6845,39.42,47.42,0.0905,0.9541,58.72,53.7,85.921
303,cell_17,2024-03-16 12:00:00,3.6585,3.4732,3.8247,1.7772,2.7105,42.78,50.78,0.0892,0.9724,55.96,54.92,85.876
304,cell_17,2024-03-16 18:00:00,3.6733,3.4876,3.8305,1.7979,2.7188,39.29,47.29,0.0981,0.9401,55.47,54.86,85.698
305,cell_17,2024-03-17 00:00:00,3.6783,3.4923,3.8355,1.8064,2.7064,39.32,47.32,0.0625,0.9639,55.86,56.02,85.605
306,cell_17,2024-03-17 06:00:00,3.6782,3.4893,3.8429,1.8658,2.7658,38.45,46.45,0.0843,0.9502,56.68,55.32,86.118
307,cell_17,2024-03-17 12:00:00,3.6792,3.4943,3.8577,1.7584,2.6942,39.17,48.36,0.1256,0.9492,57.71,55.54,86.046
308,cell_17,2024-03-17 18:00:00,3.6578,3.473,3.82,1.7572,2.6707,40.71,50.65,0.0888,0.9563,60.28,54.75,86.067
309,cell_17,2024-03-18 00:00:00,3.6813,3.497,3.8382,1.7934,2.6985,38.04,47.34,0.1137,0.9316,58.69,56.33,86.245
310,cell_17,2024-03-18 06:00:00,3.6942,3.509,3.8534,1.814,2.714,40.45,48.74,0.0979,0.9393,58.16,55.17,85.935
311,cell_17,2024-03-18 12:00:00,3.6709,3.4857,3.8294,1.8007,2.8101,40.51,50.12,0.0661,0.9539,54.81,52.21,85.905
312,cell_17,2024-03-18 18:00:00,3.6629,3.4751,3.8205,1.8902,2.7902,37.83,45.83,0.132,0.9546,53.56,51.97,84.856
313,cell_17,2024-03-19 00:00:00,3.663,3.4776,3.8201,1.8412,2.7412,40.21,48.21,0.1117,0.9557,54.11,55.01,85.846
314,cell_17,2024-03-19 06:00:00,3.6716,3.4794,3.8388,1.8675,2.8118,42.1,50.1,0.0582,0.9571,52.5,49.72,85.297
315,cell_17,2024-03-19 12:00:00,3.6739,3.4808,3.8313,1.8214,2.722,37.18,45.18,0.0808,0.9701,54.91,53.51,85.095
316,cell_17,2024-03-19 18:00:00,3.6798,3.493,3.8467,1.803,2.7087,38.79,49.51,0.1196,0.9436,57.56,51.17,85.273
317,cell_17,2024-03-20 00:00:00,3.6863,3.5008,3.8488,1.6722,2.5722,39.4,51.43,0.0968,0.9539,62.94,57.13,85.776
318,cell_17,2024-03-20 06:00:00,3.668,3.4691,3.8395,1.8011,2.7011,39.59,52.84,0.0471,0.9575,59.0,51.33,85.103
319,cell_17,2024-03-20 12:00:00,3.6728,3.4823,3.8372,1.7823,2.6977,37.59,47.43,0.07,0.9537,58.71,57.27,85.331
320,cell_17,2024-03-20 18:00:00,3.661,3.4686,3.8185,1.7836,2.6836,37.13,45.85,0.0682,0.9489,54.81,54.91,84.991
321,cell_17,2024-03-21 00:00:00,3.6838,3.485,3.8411,1.8479,2.8393,37.9,45.9,0.1136,0.9422,56.62,55.44,85.422
322,cell_17,2024-03-21 06:00:00,3.6746,3.4785,3.8323,1.732,2.632,39.16,47.16,0.0943,0.9479,56.89,58.67,85.678
323,cell_17,2024-03-21 12:00:00,3.6756,3.4805,3.8496,1.8527,2.7527,38.31,46.31,0.0778,0.963,57.13,52.0,85.388
324,cell_17,2024-03-21 18:00:00,3.6907,3.5037,3.8482,1.8298,2.7362,40.31,48.31,0.0684,0.9719,53.29,53.18,85.193
325,cell_17,2024-03-22 00:00:00,3.6787,3.4917,3.8361,1.8092,2.7092,40.82,51.53,0.0974,0.9326,56.78,54.88,85.179
326,cell_17,2024-03-22 06:00:00,3.6939,3.5057,3.8594,1.8386,2.7386,37.72,48.62,0.0815,0.9502,57.05,50.97,84.711
327,cell_17,2024-03-22 12:00:00,3.6846,3.4833,3.8584,1.7081,2.6091,39.51,47.51,0.0876,0.9322,58.76,53.99,84.806
