cycle_id,cell_id,soh_predicted,soh_ground_truth
1,cell_00,99.98692129045413,99.647
2,cell_00,100.02417556757374,100.235
3,cell_00,100.04766148007188,99.943
4,cell_00,99.97765578677951,100.351
5,cell_00,99.94927589251758,100.225
6,cell_00,100.0122320514123,100.5
7,cell_00,100.04810972062741,100.219
8,cell_00,99.88158317182979,99.528
9,cell_00,99.90400228222566,99.98
10,cell_00,99.94547212170598,99.648
11,cell_00,99.88048597605012,99.845
12,cell_00,99.92432409963529,100.453
13,cell_00,99.97409121538226,100.191
14,cell_00,99.97928644383254,99.79
15,cell_00,100.08964759899537,99.696
16,cell_00,99.98749577017834,100.01
17,cell_00,100.01895295578295,99.635
18,cell_00,99.9745606819458,99.799
19,cell_00,99.95839404424079,100.094
20,cell_00,99.9585803603192,100.347
21,cell_00,99.93632740376998,100.183
22,cell_00,99.98170610599097,99.313
23,cell_00,99.99594585459668,100.091
24,cell_00,99.93941134457249,100.022
25,cell_00,100.00758519765533,100.124
26,cell_00,100.00938860866225,100.485
27,cell_00,100.00576064219128,99.381
28,cell_00,100.1106744295305,99.823
29,cell_00,100.03234688963448,100.177
30,cell_00,99.73946551958161,99.299
31,cell_00,99.84773596626786,100.216
32,cell_00,99.85866463430071,99.884
33,cell_00,99.98050572337185,100.027
34,cell_00,99.90630492736436,99.602
35,cell_00,99.85319948223766,99.765
36,cell_00,99.75884954620439,99.841
37,cell_00,99.59135282989942,99.59
38,cell_00,99.70846501341353,99.591
39,cell_00,99.44834007690872,99.602
40,cell_00,99.70969998505934,99.229
41,cell_00,99.40622326959705,99.444
42,cell_00,99.77063329567797,99.442
43,cell_00,99.70011946098178,99.603
44,cell_00,99.69566298011941,99.788
45,cell_00,99.75860343369244,99.171
46,cell_00,99.71441651167495,99.451
47,cell_00,99.77538185347473,99.932
48,cell_00,99.75311780385165,99.265
49,cell_00,99.75987749237045,99.241
50,cell_00,99.5433985568089,99.549
51,cell_00,99.6110718863886,99.741
52,cell_00,99.56255195413397,99.491
53,cell_00,99.45266030560573,99.887
54,cell_00,99.34334249305321,99.745
55,cell_00,99.51109199400408,99.741
56,cell_00,99.24955973667996,99.654
57,cell_00,99.34151211929988,99.937
58,cell_00,99.21332548034115,99.177
59,cell_00,99.26934329100524,98.451
60,cell_00,99.24474204602782,99.533
61,cell_00,99.30685947855905,98.915
62,cell_00,99.17214242981494,99.084
63,cell_00,99.3161703774318,99.445
64,cell_00,99.56623981689725,98.571
65,cell_00,99.25055996001306,98.644
66,cell_00,99.30325816451669,98.539
67,cell_00,99.30587894814165,98.781
68,cell_00,99.5448453204137,98.949
69,cell_00,99.16744379076478,98.975
70,cell_00,99.15440433786088,98.9
71,cell_00,99.02746429452762,98.393
72,cell_00,99.06310103688774,98.124
73,cell_00,99.10849469417342,98.834
74,cell_00,99.10761361507933,98.676
75,cell_00,99.02334182158138,98.871
76,cell_00,98.85480965421408,98.944
77,cell_00,99.164838742674,98.775
78,cell_00,99.06333830733067,98.856
79,cell_00,98.99472223814318,98.696
80,cell_00,98.81548685703207,98.722
81,cell_00,98.8552688846552,98.352
82,cell_00,98.89819806305832,98.509
83,cell_00,98.9722547773347,98.622
84,cell_00,98.79267515441724,98.809
85,cell_00,98.87926003934851,98.445
86,cell_00,98.84666307294337,98.72
87,cell_00,98.96262474250385,98.483
88,cell_00,99.00636860701778,98.528
89,cell_00,98.82787251076907,98.812
90,cell_00,99.006517325933,97.965
91,cell_00,98.80283230008017,98.174
92,cell_00,98.99718199911061,98.119
93,cell_00,98.9673023027689,97.863
94,cell_00,98.79082296611985,98.36
95,cell_00,98.78968238313794,98.788
96,cell_00,98.76930725417745,98.478
97,cell_00,98.67702996420776,98.623
98,cell_00,98.71889595431735,98.89
99,cell_00,98.70056342814327,98.961
100,cell_00,98.63593013541535,98.542
101,cell_00,98.45269887657896,98.902
102,cell_00,98.6734225239413,98.523
103,cell_00,98.56673855054353,98.244
104,cell_00,98.8966818835686,98.317
105,cell_00,98.72650030484856,98.051
106,cell_00,98.64528068534086,98.229
107,cell_00,98.74315062144414,98.388
108,cell_00,98.761161066533,98.737
109,cell_00,98.59337254817736,99.012
110,cell_00,98.71048010578373,98.081
111,cell_00,98.48125166162754,98.613
112,cell_00,98.80465273398636,98.183
113,cell_00,98.60957807754306,98.638
114,cell_00,98.66536610080689,98.456
115,cell_00,98.64944235599806,97.946
116,cell_00,98.544730553091,98.774
117,cell_00,98.50475934283267,98.314
118,cell_00,98.48172817536708,98.335
119,cell_00,98.41550792695489,98.175
120,cell_00,98.68389513325458,98.299
121,cell_00,98.53183158959949,98.624
122,cell_00,98.43341500762484,98.439
123,cell_00,98.57820616562458,98.594
124,cell_00,98.52685078102576,98.604
125,cell_00,98.85674097775379,98.892
126,cell_00,98.45349430215205,98.393
127,cell_00,98.36518919881979,98.052
128,cell_00,98.32950297498945,98.816
129,cell_00,98.14085452358609,98.396
130,cell_00,98.0637673083582,98.83
131,cell_00,97.94837063534217,98.61
132,cell_00,98.06052581858782,98.456
133,cell_00,98.1091150429825,98.6
134,cell_00,97.86281526037853,99.081
135,cell_00,98.1107106611348,99.119
136,cell_00,97.99192187743085,98.516
137,cell_00,97.86586496825394,98.543
138,cell_00,97.94717358306839,98.818
139,cell_00,97.9704180072112,97.503
140,cell_00,98.0215166828464,97.857
141,cell_00,98.11217781415537,97.749
142,cell_00,97.94119281599843,97.851
143,cell_00,98.05408569782055,97.507
144,cell_00,98.04428455896185,97.28
145,cell_00,98.0812507190079,97.135
146,cell_00,97.90995207655361,97.422
147,cell_00,98.02090501143303,97.62
148,cell_00,98.06096070661769,97.669
149,cell_00,97.93049089618005,98.338
150,cell_00,97.98864098167424,98.089
151,cell_00,97.89684950861675,97.468
152,cell_00,97.95965854826281,97.861
153,cell_00,97.9160237559359,97.635
154,cell_00,97.91507119226544,97.672
155,cell_00,97.78402618693049,97.813
156,cell_00,97.81077148538793,97.943
157,cell_00,97.70720191596385,97.655
158,cell_00,97.83604835726645,98.076
159,cell_00,97.86986412101425,97.415
160,cell_00,97.97318364706304,97.759
161,cell_00,97.83419520316231,98.536
162,cell_00,97.83732068412482,97.349
163,cell_00,97.88636375905021,97.712
164,cell_00,97.89635255779199,97.309
165,cell_00,97.9846233564896,97.456
166,cell_00,97.85978509925317,97.265
167,cell_00,97.95688384061333,97.231
168,cell_00,97.72078450737193,97.048
169,cell_00,97.71803168697339,97.411
170,cell_00,97.37699151902852,97.027
171,cell_00,97.24052645583308,97.482
172,cell_00,97.69777466100035,97.608
173,cell_00,97.64233281855364,97.392
174,cell_00,97.80406350447522,97.196
175,cell_00,97.64439160219514,97.418
176,cell_00,97.39394018118101,97.009
177,cell_00,97.26787897320418,97.382
178,cell_00,97.4123202238374,96.552
179,cell_00,97.2745509581636,97.001
180,cell_00,97.24557686499423,96.504
181,cell_00,97.09778811694063,96.653
182,cell_00,97.22155357683977,97.511
183,cell_00,97.08329635714286,97.37
184,cell_00,97.06459786396508,96.886
185,cell_00,96.94165506551361,96.636
186,cell_00,97.29804656574497,96.197
187,cell_00,97.15155452482709,96.924
188,cell_00,97.02068343714153,97.813
189,cell_00,96.73153382899572,97.217
190,cell_00,97.05693562322163,96.76
191,cell_00,96.62658074525233,97.067
192,cell_00,97.01722526233904,96.459
193,cell_00,96.94458556444918,96.673
194,cell_00,96.83356496949567,96.792
195,cell_00,96.90382830992898,96.737
196,cell_00,96.93444918499206,97.0
197,cell_00,97.00540214126204,96.866
198,cell_00,96.70964426930281,96.963
199,cell_00,96.90560465456164,96.556
200,cell_00,96.79621439428766,97.032
201,cell_00,96.92032022738242,97.251
202,cell_00,96.78282602953537,96.471
203,cell_00,96.72451187123585,96.496
204,cell_00,96.77721491109295,97.163
205,cell_00,96.69107596565792,96.705
206,cell_00,96.76311234029373,97.184
207,cell_00,96.69638774496423,96.63
208,cell_00,96.58879164564385,97.199
209,cell_00,96.77581907486659,96.802
210,cell_00,96.7476206169104,96.84
211,cell_00,96.69047789477412,97.232
212,cell_00,96.66230165770097,96.654
213,cell_00,96.75186221576597,96.48
214,cell_00,96.67880110042155,96.628
215,cell_00,96.71459806042817,96.898
216,cell_00,96.66289328747978,96.293
217,cell_00,96.80007339577276,96.954
218,cell_00,96.5353942055806,96.601
219,cell_00,96.41059337937433,97.107
220,cell_00,96.32239356995002,96.044
221,cell_00,96.44241648800202,96.526
222,cell_00,96.48788786648649,96.256
223,cell_00,96.35824149207856,96.515
224,cell_00,96.45634009086871,96.837
225,cell_00,96.37414096404035,96.709
226,cell_00,96.39844306563883,96.456
227,cell_00,96.37118621528134,96.484
228,cell_00,96.49482606943529,96.593
229,cell_00,96.33433196619187,96.229
230,cell_00,96.26670876253142,96.744
231,cell_00,96.39051380745175,96.731
232,cell_00,96.32354834858864,96.647
233,cell_00,96.31625366727447,96.699
234,cell_00,96.50272454176267,96.621
235,cell_00,96.41942727799926,97.143
236,cell_00,96.4320348735277,96.506
237,cell_00,96.34024118820008,96.44
238,cell_00,96.38588689637247,96.306
239,cell_00,96.57466934269365,96.222
240,cell_00,96.37216497156692,96.159
241,cell_00,96.38024374834247,96.265
242,cell_00,96.30433860127602,96.511
243,cell_00,96.29538849482093,96.632
244,cell_00,96.24144716842879,96.547
245,cell_00,96.1528729352273,96.302
246,cell_00,96.19918763220815,96.802
247,cell_00,96.11015675257076,96.754
248,cell_00,96.23574829007197,95.944
249,cell_00,96.31635167559467,95.796
250,cell_00,96.27678275899777,96.156
251,cell_00,96.34168202454767,96.048
252,cell_00,95.98617067194076,95.341
253,cell_00,95.99760973551567,95.755
254,cell_00,96.20432711107348,95.854
255,cell_00,95.99939601607076,95.505
256,cell_00,95.98292830197146,95.832
257,cell_00,95.98622474231472,95.339
258,cell_00,95.95015133526651,96.176
259,cell_00,96.12277777183265,96.15
260,cell_00,96.01903517939294,95.7
261,cell_00,96.02260874251385,95.884
262,cell_00,96.07107652033024,95.052
263,cell_00,95.8535431525067,95.428
264,cell_00,96.0215545729556,95.687
265,cell_00,96.01875630168179,95.454
266,cell_00,96.1334855417217,95.99
267,cell_00,95.98400071366345,96.374
268,cell_00,95.96721898420721,95.422
269,cell_00,96.03146131823314,95.524
270,cell_00,96.02141971501446,95.846
271,cell_00,96.04362411969267,96.259
272,cell_00,95.95685897288634,95.409
273,cell_00,95.79027732389495,95.625
274,cell_00,95.94653700615102,95.875
275,cell_00,95.9391724540769,94.833
276,cell_00,95.87126179413907,94.945
277,cell_00,95.72785168541641,95.202
278,cell_00,95.78920003870752,95.046
279,cell_00,95.8128362727201,95.446
280,cell_00,95.78821216101488,95.275
281,cell_00,95.78672018348098,94.67
282,cell_00,95.79650027073163,95.357
283,cell_00,95.7689404364587,95.029
284,cell_00,95.6901309060052,95.585
285,cell_00,95.53503817661633,95.014
286,cell_00,95.56890153365961,95.012
287,cell_00,95.43839767706847,95.365
288,cell_00,95.18643202549075,95.431
289,cell_00,95.18942418159368,95.337
290,cell_00,95.35417491615593,94.697
291,cell_00,95.06492815743965,95.364
292,cell_00,95.33539968155338,94.859
293,cell_00,95.13302017019603,95.24
294,cell_00,95.3169118025632,94.742
295,cell_00,95.17234595185633,95.303
296,cell_00,95.27297249640738,94.928
297,cell_00,95.06018986842204,94.785
298,cell_00,95.1242100282256,95.384
299,cell_00,95.09329566083787,95.242
300,cell_00,95.1387805095187,94.836
301,cell_00,95.1645033730935,95.455
302,cell_00,95.1576260666522,94.888
303,cell_00,95.10029588629935,95.03
304,cell_00,95.1593712011858,95.101
305,cell_00,95.10772219000266,94.834
306,cell_00,95.03949623595796,95.161
307,cell_00,95.13404425513274,94.86
308,cell_00,94.90144419252114,94.897
309,cell_00,95.06901431056399,95.383
310,cell_00,95.11369952151219,94.662
311,cell_00,95.03814606601198,94.251
312,cell_00,95.13430672487466,95.058
313,cell_00,95.11655789446694,95.339
314,cell_00,95.14868423122385,94.451
315,cell_00,95.03081835099593,93.991
316,cell_00,94.8536137780161,94.479
317,cell_00,94.75706434015655,94.486
1,cell_01,99.9220489060733,100.035
2,cell_01,99.96891643406933,99.078
3,cell_01,99.94911907003166,100.054
4,cell_01,99.96339679766238,100.193
5,cell_01,99.92885587351202,100.134
6,cell_01,99.87889137292673,99.969
7,cell_01,99.96493693310826,100.493
8,cell_01,99.86622730470201,100.093
9,cell_01,99.87043494981252,100.131
10,cell_01,99.89446142598648,100.313
11,cell_01,99.8055049747417,100.109
12,cell_01,99.90063556153217,99.731
13,cell_01,99.91015933032573,99.268
14,cell_01,99.81345082328184,99.857
15,cell_01,99.84218985572224,100.228
16,cell_01,99.83836638096405,99.894
17,cell_01,99.74080484292483,100.24
18,cell_01,99.81152992095336,100.045
19,cell_01,99.83080354458207,100.386
20,cell_01,99.65444966057278,99.911
21,cell_01,99.87523521484106,100.14
22,cell_01,99.71324388591101,100.152
23,cell_01,99.70676958704111,100.45
24,cell_01,99.76958639639025,99.488
25,cell_01,99.707770376985,99.862
26,cell_01,99.74063964993177,100.255
27,cell_01,99.67411249033145,100.464
28,cell_01,99.59957252963727,100.072
29,cell_01,99.64994596410205,99.912
30,cell_01,99.52905750354218,100.227
31,cell_01,99.6345452515484,100.261
32,cell_01,99.8443717606797,99.892
33,cell_01,99.55850833269677,99.437
34,cell_01,99.70014056989935,99.692
35,cell_01,99.5143310599638,99.905
36,cell_01,99.69453829751241,99.56
37,cell_01,99.70675765439903,99.351
38,cell_01,99.5180458932181,99.321
39,cell_01,99.62230258132779,99.139
40,cell_01,99.38030910962541,98.937
41,cell_01,99.58030205285156,99.028
42,cell_01,99.37070641872724,98.654
43,cell_01,99.27146248283469,99.09
44,cell_01,99.42067599075692,98.359
45,cell_01,99.28864679566543,98.572
46,cell_01,99.26132427196568,98.731
47,cell_01,99.27123703615185,99.299
48,cell_01,99.19550759303353,98.574
49,cell_01,99.33117141214495,98.35
50,cell_01,99.19132865976346,98.109
51,cell_01,99.15817703867732,98.692
52,cell_01,99.14108717328037,97.35
53,cell_01,98.94531938045562,97.893
54,cell_01,99.14282311368439,98.976
55,cell_01,98.84297688492065,98.334
56,cell_01,98.6630316269841,97.825
57,cell_01,98.60112767405737,98.144
58,cell_01,98.43666706919669,98.177
59,cell_01,98.4339931111111,98.41
60,cell_01,98.33040924603175,98.708
61,cell_01,98.26742998280423,98.273
62,cell_01,98.40328219312174,97.995
63,cell_01,98.32668641269838,98.393
64,cell_01,98.32969116005287,97.947
65,cell_01,98.13849560858584,97.847
66,cell_01,98.16531744985569,97.629
67,cell_01,98.13605271969692,97.687
68,cell_01,98.27804015079367,97.888
69,cell_01,98.18314413239536,97.803
70,cell_01,98.23077202645497,98.25
71,cell_01,98.07590918362193,97.797
72,cell_01,98.05119028449326,97.213
73,cell_01,97.95124499444998,97.843
74,cell_01,97.94518178400244,98.015
75,cell_01,97.87674811565235,97.666
76,cell_01,97.80512065966391,98.303
77,cell_01,97.83176224841824,97.663
78,cell_01,97.78958339921189,98.112
79,cell_01,97.7383778577158,97.842
80,cell_01,97.68081767589761,97.835
81,cell_01,97.6353240829725,97.113
82,cell_01,97.45179801429127,97.332
83,cell_01,97.34733230155899,97.12
84,cell_01,97.42826778306876,97.4
85,cell_01,97.34040654722997,97.278
86,cell_01,97.36191437034205,97.066
87,cell_01,97.26324166305912,97.647
88,cell_01,97.13788286111108,97.477
89,cell_01,97.15884458065949,97.215
90,cell_01,97.28791991534393,97.393
91,cell_01,97.19270300887021,97.324
92,cell_01,97.26165369829242,97.089
93,cell_01,97.04408448400673,97.37
94,cell_01,97.27578390437276,97.163
95,cell_01,97.03429945887443,96.864
96,cell_01,97.3097119721939,96.661
97,cell_01,96.96599238612309,97.04
98,cell_01,97.10656165425262,97.318
99,cell_01,97.29037870370367,96.939
100,cell_01,97.07024105291008,97.904
101,cell_01,97.10189391760042,97.413
102,cell_01,96.97628951851854,97.539
103,cell_01,97.07608730555553,97.386
104,cell_01,96.99766011363637,97.703
105,cell_01,96.84183762169319,96.911
106,cell_01,97.09495631216932,96.379
107,cell_01,96.95126893109676,97.014
108,cell_01,96.99351874855704,97.315
109,cell_01,96.94335355014432,97.193
110,cell_01,96.8507569919433,97.23
111,cell_01,97.09059065861001,97.544
112,cell_01,96.95728436640208,97.262
113,cell_01,96.98679277765757,97.387
114,cell_01,96.95402963624346,96.165
115,cell_01,97.08550275396826,96.119
116,cell_01,96.63433631746028,96.932
117,cell_01,96.6919389557387,96.478
118,cell_01,96.59287959523809,96.26
119,cell_01,96.3443148911865,95.843
120,cell_01,96.3978810119731,95.835
121,cell_01,96.34436941401981,95.817
122,cell_01,96.25784404966328,95.64
123,cell_01,96.47278310476814,95.575
124,cell_01,96.2838062623698,95.967
125,cell_01,96.26293130687827,95.742
126,cell_01,96.3233716805351,95.966
127,cell_01,96.37401463383839,95.603
128,cell_01,95.93756591931216,95.595
129,cell_01,96.28666526190472,95.292
130,cell_01,96.33319717063497,95.479
131,cell_01,96.4453941931217,95.617
132,cell_01,96.28829469841273,95.724
133,cell_01,96.266756470659,95.481
134,cell_01,95.94080761507942,95.833
135,cell_01,96.00981474999992,95.511
136,cell_01,95.7487463888888,95.747
137,cell_01,95.81113727380949,95.362
138,cell_01,95.76113815211635,94.965
139,cell_01,95.8129180449735,95.589
140,cell_01,95.66250851587296,95.727
141,cell_01,95.76941781746028,95.401
142,cell_01,95.69684958465605,95.355
143,cell_01,95.56198952380952,95.123
144,cell_01,95.52649018133718,94.986
145,cell_01,95.43174062301588,95.394
146,cell_01,95.31141252380954,95.356
147,cell_01,95.33857553968255,95.06
148,cell_01,95.31078183080804,95.561
149,cell_01,95.1423160079365,94.963
150,cell_01,95.42456775000004,94.797
151,cell_01,95.10960332804233,95.463
152,cell_01,95.26564950396835,95.233
153,cell_01,95.52117172751326,94.762
154,cell_01,95.41471390608467,94.956
155,cell_01,95.27525219708997,94.916
156,cell_01,95.09473135714292,94.046
157,cell_01,95.13811267857139,94.598
158,cell_01,95.23174628439145,94.854
159,cell_01,95.0496789417989,94.762
160,cell_01,95.10881004377104,94.944
161,cell_01,95.03716950529102,95.208
162,cell_01,94.88790585846561,94.773
163,cell_01,94.89006690880792,94.552
164,cell_01,97.03577520105821,94.967
165,cell_01,94.5661033267196,94.371
166,cell_01,94.70239313291415,94.422
167,cell_01,94.55961698817306,94.381
168,cell_01,94.46258775801431,95.141
169,cell_01,94.52389293915341,93.796
170,cell_01,94.25248074346408,94.352
171,cell_01,94.44442266843042,94.468
172,cell_01,94.08194603968253,94.187
173,cell_01,94.2675091579261,94.691
174,cell_01,94.15310867195768,94.665
175,cell_01,94.2353883871653,94.407
176,cell_01,94.04855909259255,94.34
177,cell_01,94.19675492394181,93.968
178,cell_01,94.00994711243384,93.971
179,cell_01,94.07256006481482,93.978
180,cell_01,94.01641685317463,93.946
181,cell_01,94.07250763474026,94.078
182,cell_01,93.87144009126992,94.228
183,cell_01,94.02371391534395,93.633
184,cell_01,94.02344566193527,93.687
185,cell_01,94.0371199126984,93.477
186,cell_01,93.9381042986597,94.262
187,cell_01,93.7990752063493,94.077
188,cell_01,93.99836130820107,94.154
189,cell_01,93.82742255699851,93.573
190,cell_01,93.82585391915028,94.421
191,cell_01,93.6446003531746,93.703
192,cell_01,93.71319627362915,93.936
193,cell_01,93.88941336177251,94.142
194,cell_01,93.63565213756614,93.589
195,cell_01,93.58650957936509,93.722
196,cell_01,93.5662774986773,93.939
197,cell_01,93.57193952248682,94.743
198,cell_01,93.49971970238086,93.976
199,cell_01,93.45329501455028,94.367
200,cell_01,93.44520290873012,94.247
201,cell_01,93.39966825132277,93.996
202,cell_01,93.33808678306877,93.589
203,cell_01,93.15354654100527,94.203
204,cell_01,93.30290204629634,93.436
205,cell_01,93.12987283465608,94.366
206,cell_01,93.19909316931216,93.945
207,cell_01,93.21807333994708,93.09
208,cell_01,93.16151026851853,93.783
209,cell_01,93.1873813055556,94.082
210,cell_01,93.12399066931216,93.814
211,cell_01,93.03981359391535,93.288
212,cell_01,93.06213891931216,92.819
213,cell_01,93.06062149867722,92.682
214,cell_01,93.10363628439158,93.052
215,cell_01,93.00634904365079,93.083
216,cell_01,92.7923567651515,92.969
217,cell_01,92.73154205616603,93.442
218,cell_01,92.68882890750908,92.819
219,cell_01,92.58686906613755,93.168
220,cell_01,92.59252299603163,93.094
221,cell_01,92.62129867857139,92.607
222,cell_01,92.55952841544554,92.494
223,cell_01,92.66395418518513,92.893
224,cell_01,92.63600889814803,93.251
225,cell_01,92.53716495105819,92.629
226,cell_01,92.7281153478836,91.937
227,cell_01,92.40603852380946,91.522
228,cell_01,92.4987409331501,92.675
229,cell_01,92.50638592592587,92.426
230,cell_01,92.54967967063484,92.798
231,cell_01,92.39629299135119,92.191
232,cell_01,92.29873665537237,92.56
233,cell_01,92.40297223412695,92.507
234,cell_01,92.38112187230357,92.119
235,cell_01,92.24089299074068,92.125
236,cell_01,92.34884485317454,92.261
237,cell_01,92.28025224267398,92.416
238,cell_01,92.09839454232794,92.249
239,cell_01,92.03501355158734,92.545
240,cell_01,92.2827961190476,92.115
241,cell_01,92.06398474999997,91.855
242,cell_01,92.0630888406686,92.846
243,cell_01,91.92046201623374,92.072
244,cell_01,92.24043656481477,92.083
245,cell_01,92.04312334992785,92.233
246,cell_01,91.88000208802309,92.273
247,cell_01,91.92125825661387,92.137
248,cell_01,92.11892418987492,92.248
249,cell_01,92.06410205820102,92.241
250,cell_01,91.93070989754686,92.306
251,cell_01,91.91485193518513,91.064
252,cell_01,91.9517219126984,92.335
253,cell_01,91.92995808008659,91.727
254,cell_01,91.88303040079369,91.945
255,cell_01,91.85795441269839,91.358
256,cell_01,91.89391793253965,91.63
257,cell_01,91.99506899278495,91.57
258,cell_01,91.95343304894182,92.212
259,cell_01,91.80373609920632,91.595
260,cell_01,91.85453719576715,91.999
261,cell_01,91.7428115092592,91.576
262,cell_01,91.6547977777777,91.635
263,cell_01,91.5687781124338,91.698
264,cell_01,91.61108019444441,92.156
265,cell_01,91.8102480595237,91.072
266,cell_01,91.53856311111107,91.244
267,cell_01,91.54160174867717,91.054
268,cell_01,91.5490692579364,91.312
269,cell_01,91.53397358730152,91.395
270,cell_01,91.4059289920634,91.154
271,cell_01,91.43106573881671,91.418
272,cell_01,91.40042736507927,90.638
273,cell_01,91.34882452380944,90.937
274,cell_01,91.16958924603176,91.603
275,cell_01,91.3873799587542,91.364
276,cell_01,91.15105015873011,91.299
277,cell_01,91.14371498088013,90.942
278,cell_01,91.55645291245789,90.782
279,cell_01,91.05101373159246,90.901
280,cell_01,91.1037548643132,91.229
281,cell_01,91.0183533158971,91.32
282,cell_01,91.15679890728873,91.33
283,cell_01,91.04061436472944,91.017
284,cell_01,91.15837708862426,90.606
285,cell_01,91.24277525349815,90.835
286,cell_01,91.00511128036091,90.731
287,cell_01,91.3091770613415,90.767
288,cell_01,91.16693453774933,91.439
289,cell_01,90.59158419383397,90.299
290,cell_01,91.14553884301347,90.757
291,cell_01,90.69376690470885,91.191
292,cell_01,90.87696315706752,90.388
293,cell_01,90.38984531987457,90.635
294,cell_01,90.59316928103141,90.669
295,cell_01,90.59642273619905,90.594
296,cell_01,90.67859888756618,90.182
297,cell_01,90.41894462169313,90.764
298,cell_01,90.3279633187831,90.785
299,cell_01,90.69620510187262,90.738
300,cell_01,90.50521174680871,90.324
301,cell_01,90.33972325172971,90.611
302,cell_01,90.6200660338278,90.073
303,cell_01,90.29747170899473,90.243
304,cell_01,90.56462207338959,90.988
305,cell_01,90.67179532888407,90.371
306,cell_01,90.66932785339414,89.986
307,cell_01,90.71622775770525,90.397
308,cell_01,90.20151198297067,89.903
309,cell_01,90.65622302508145,89.949
310,cell_01,90.6193191016113,89.996
311,cell_01,90.28145514417996,90.067
312,cell_01,90.18729875324674,90.402
313,cell_01,90.14382904008954,90.294
314,cell_01,90.08764015343921,90.277
315,cell_01,90.11403882539676,89.791
316,cell_01,89.88698520502642,89.958
317,cell_01,89.92062953373011,90.202
318,cell_01,90.02177020370368,89.932
319,cell_01,89.69399967857147,90.037
320,cell_01,89.58463654232807,90.253
321,cell_01,89.69694929671734,90.016
322,cell_01,89.96657625264548,90.188
323,cell_01,90.32512560317467,90.598
324,cell_01,89.78084293650798,90.069
325,cell_01,90.01654343055559,90.474
326,cell_01,90.10754957989694,89.953
327,cell_01,90.1547862650312,89.345
328,cell_01,90.18860548496873,89.454
329,cell_01,89.98011969047158,89.535
330,cell_01,90.28502589402899,89.529
331,cell_01,90.17655677915259,89.758
332,cell_01,89.87847432624321,89.97
333,cell_01,89.92694340073272,90.162
334,cell_01,89.72504946589835,89.878
335,cell_01,89.70029184767533,89.651
336,cell_01,89.93613323674656,89.16
337,cell_01,89.99952881813269,89.806
338,cell_01,89.69154382533935,89.793
339,cell_01,89.70729888267797,89.84
340,cell_01,89.682905826964,90.417
341,cell_01,89.62389356456997,90.157
342,cell_01,89.77710547796279,90.021
343,cell_01,89.74747907657631,89.496
344,cell_01,89.61689730854641,89.631
345,cell_01,89.78096697563437,89.757
346,cell_01,89.50631595380119,89.552
347,cell_01,89.71985819216086,89.578
348,cell_01,89.48233934704203,89.535
349,cell_01,89.72781523733515,89.102
350,cell_01,89.67018205056068,89.787
351,cell_01,89.43013883363987,89.459
352,cell_01,89.3763611606845,88.91
353,cell_01,89.17871650709685,89.413
354,cell_01,89.31812436896503,89.513
355,cell_01,89.18582420914815,89.72
356,cell_01,89.07103649756306,89.327
357,cell_01,88.89331942388168,89.677
358,cell_01,89.30617272440882,89.484
359,cell_01,89.29318626117748,89.034
360,cell_01,89.34822163080138,88.644
361,cell_01,89.18618417470508,89.405
362,cell_01,89.23959022620905,89.427
363,cell_01,89.21787619539633,89.165
364,cell_01,89.3427762318152,89.132
365,cell_01,89.381133703889,88.99
366,cell_01,89.24713576938763,88.878
367,cell_01,89.3102935935331,88.4
368,cell_01,89.25528317639836,89.192
369,cell_01,89.23776474084907,88.834
370,cell_01,89.26874734350102,88.557
371,cell_01,89.18349801030666,88.472
372,cell_01,89.41848132551256,88.75
373,cell_01,89.39932494455319,88.172
374,cell_01,89.14382352182538,88.883
375,cell_01,89.49218898262389,88.387
376,cell_01,89.17844242868507,88.784
377,cell_01,89.51388013671848,88.516
378,cell_01,89.43872401736533,88.519
379,cell_01,89.3779614792427,88.371
380,cell_01,89.60089615470046,88.549
381,cell_01,89.32924781526867,89.165
382,cell_01,89.12491524140842,88.574
383,cell_01,89.33145482923533,88.265
384,cell_01,88.99903553240748,88.151
385,cell_01,88.82173318867241,88.412
386,cell_01,87.82268859986766,88.498
387,cell_01,87.54014068386238,87.91
388,cell_01,87.60212329629634,88.135
389,cell_01,87.57786325375591,87.612
390,cell_01,87.5440163349613,88.495
391,cell_01,87.6384853283476,88.778
392,cell_01,87.501538825702,88.183
393,cell_01,87.54304361059354,87.521
394,cell_01,87.47227109289783,88.341
395,cell_01,87.46666519973546,87.887
396,cell_01,87.54276767094024,87.96
397,cell_01,87.54014503337406,88.041
398,cell_01,87.45659888654866,87.93
399,cell_01,87.66283053835986,87.707
400,cell_01,87.62600117540832,87.659
401,cell_01,87.5160289775132,87.891
402,cell_01,87.506722769702,87.731
403,cell_01,87.57607253689778,87.521
404,cell_01,87.49611372089949,87.553
405,cell_01,87.51921696164024,87.755
406,cell_01,87.53650701767685,87.599
407,cell_01,87.52423785582016,87.151
408,cell_01,87.6058670917509,87.872
409,cell_01,87.60556291468258,86.753
410,cell_01,87.56822307139196,87.441
411,cell_01,87.53834944047627,87.389
412,cell_01,87.52401115806879,87.619
413,cell_01,87.38191386640219,87.743
414,cell_01,87.26125038095242,87.913
415,cell_01,87.45857418783068,87.361
416,cell_01,87.39998820370371,87.751
417,cell_01,87.40243543650794,87.634
418,cell_01,87.3363931640212,87.061
419,cell_01,87.26302287962967,88.145
420,cell_01,87.10409325915754,87.143
421,cell_01,86.96279016137579,87.701
422,cell_01,87.03385951190478,87.692
423,cell_01,86.9320965965609,87.657
424,cell_01,87.02052357661788,86.94
425,cell_01,86.99113704695773,87.337
426,cell_01,87.03035927777778,86.62
427,cell_01,86.97477378373021,87.069
428,cell_01,87.01044503968254,86.919
429,cell_01,86.86248626190482,86.885
430,cell_01,87.03499953174602,87.217
431,cell_01,87.02497176455036,87.412
432,cell_01,87.06432756349211,86.943
433,cell_01,87.08956850793658,87.28
434,cell_01,87.03546298412705,87.061
435,cell_01,87.06537645238102,86.778
436,cell_01,87.06878275132277,86.969
437,cell_01,87.1360932275133,86.956
438,cell_01,86.7251073002646,86.837
439,cell_01,86.80246396693126,87.175
440,cell_01,87.10996141798948,87.117
441,cell_01,86.79805641137568,86.569
442,cell_01,87.1579361825397,86.551
443,cell_01,87.22162985449738,87.174
444,cell_01,87.02530736507946,86.802
445,cell_01,87.18873509259262,87.137
446,cell_01,87.12075922222232,87.194
447,cell_01,87.17389257275138,86.175
448,cell_01,86.87654526190482,86.133
449,cell_01,87.174595436508,87.059
450,cell_01,87.13089737698417,86.556
451,cell_01,87.18711892857151,86.325
452,cell_01,87.37126582936504,86.02
453,cell_01,87.36277938888885,86.148
454,cell_01,87.31140502910054,85.943
455,cell_01,87.42682559259262,86.566
1,cell_02,99.89895826761689,100.043
2,cell_02,99.99439200967127,100.309
3,cell_02,99.86248756341026,100.091
4,cell_02,99.88771211241033,99.769
5,cell_02,99.95022734989388,99.97
6,cell_02,99.99274815713785,100.149
7,cell_02,99.92564331266432,100.264
8,cell_02,99.75616368459268,99.631
9,cell_02,99.48721524341458,99.176
10,cell_02,99.60185140841253,99.155
11,cell_02,99.80713552618755,99.389
12,cell_02,99.51456092421708,98.785
13,cell_02,99.50568043230545,100.025
14,cell_02,99.51887607652313,99.666
15,cell_02,99.27397709005194,99.005
16,cell_02,99.22551127130843,98.862
17,cell_02,99.33185974391513,99.504
18,cell_02,99.37351888408179,98.861
19,cell_02,99.26990769314551,98.89
20,cell_02,99.09676884693495,98.966
21,cell_02,99.06903534342437,99.23
22,cell_02,99.02712237117883,99.174
23,cell_02,99.17645415798488,99.345
24,cell_02,99.0501173327575,99.301
25,cell_02,99.01082023317382,98.988
26,cell_02,98.65207848427688,99.294
27,cell_02,98.68119617391861,98.786
28,cell_02,98.70229222134218,98.441
29,cell_02,98.71503513574038,98.786
30,cell_02,98.7277271555003,98.746
31,cell_02,98.77063083112635,98.226
32,cell_02,98.4117338814242,98.128
33,cell_02,98.46158542857145,98.277
34,cell_02,98.46685245502648,98.602
35,cell_02,98.45925464021163,98.93
36,cell_02,98.36901106135532,97.898
37,cell_02,98.3865781687551,98.029
38,cell_02,98.32840521479439,98.178
39,cell_02,98.2250921263521,98.645
40,cell_02,97.82037285873366,98.354
41,cell_02,97.89562545153257,97.587
42,cell_02,97.73220870220158,98.02
43,cell_02,97.96672853699222,98.092
44,cell_02,97.57740803422996,97.411
45,cell_02,97.625991013423,97.172
46,cell_02,97.4057980254466,97.498
47,cell_02,97.42693925117551,97.251
48,cell_02,97.54347314697667,97.248
49,cell_02,97.51171654233048,97.167
50,cell_02,97.60595275715896,97.598
51,cell_02,97.43187981412848,97.396
52,cell_02,97.51811655387742,97.321
53,cell_02,97.29130393419577,97.411
54,cell_02,97.12990715423683,97.148
55,cell_02,96.82693402520623,96.859
56,cell_02,96.77317723668484,97.323
57,cell_02,97.1928390942595,97.15
58,cell_02,97.15727349839992,97.791
59,cell_02,96.76826741465923,97.104
60,cell_02,96.99336854768721,97.22
61,cell_02,96.83303702965192,97.098
62,cell_02,96.87607995238255,96.981
63,cell_02,96.6458968596537,96.933
64,cell_02,96.70169079435217,97.099
65,cell_02,96.7916407861528,97.167
66,cell_02,96.29460631013424,97.357
67,cell_02,96.35371191125537,96.463
68,cell_02,96.36874241125543,96.231
69,cell_02,96.29528682792208,96.272
70,cell_02,96.20580605952378,95.973
71,cell_02,96.33787897222227,96.868
72,cell_02,96.2075198676046,96.208
73,cell_02,95.90921633550249,96.66
74,cell_02,95.84631833622397,96.317
75,cell_02,95.83734026858953,96.156
76,cell_02,95.79326010250197,96.03
77,cell_02,95.80947690216533,95.829
78,cell_02,95.58833198785376,95.775
79,cell_02,95.62958757915257,96.584
80,cell_02,95.44062436568062,95.739
81,cell_02,95.33558875754139,96.042
82,cell_02,95.51559735947517,96.12
83,cell_02,95.36022489324331,95.581
84,cell_02,95.44048619047621,95.832
85,cell_02,95.37203482804233,95.718
86,cell_02,95.17146025829726,95.358
87,cell_02,94.69997165476192,95.649
88,cell_02,94.99810591402117,95.881
89,cell_02,95.2402038664021,95.555
90,cell_02,95.16143054761896,95.607
91,cell_02,94.99209529100521,95.653
92,cell_02,95.1569994417989,96.338
93,cell_02,94.82895791931215,95.154
94,cell_02,95.06239450264545,95.855
95,cell_02,95.06154380555556,95.629
96,cell_02,94.98740082539676,94.586
97,cell_02,94.74877645863396,94.695
98,cell_02,95.03175294179887,94.979
99,cell_02,94.27553514814814,94.996
100,cell_02,94.82715203571429,94.834
101,cell_02,94.67959276707555,95.106
102,cell_02,94.64659548809523,95.159
103,cell_02,94.17169103439149,95.023
104,cell_02,94.11674132804237,94.615
105,cell_02,94.40446319841267,94.927
106,cell_02,94.27675663516119,94.928
107,cell_02,94.29529941269837,94.534
108,cell_02,94.60809018386242,93.874
109,cell_02,94.22288328439156,93.738
110,cell_02,93.75597466995528,94.366
111,cell_02,93.75242009391533,94.434
112,cell_02,93.75709287560308,93.99
113,cell_02,93.54900425950616,94.659
114,cell_02,93.72489289153438,94.39
115,cell_02,93.68342181417478,94.75
116,cell_02,93.69652698117625,93.671
117,cell_02,93.58813225754345,93.191
118,cell_02,93.5732226878307,93.648
119,cell_02,93.66357696560847,93.712
120,cell_02,93.58354558994708,93.346
121,cell_02,93.42403282363922,93.008
122,cell_02,93.34101059856633,93.471
123,cell_02,93.490869440171,93.14
124,cell_02,93.33807948677246,93.777
125,cell_02,93.52527955423281,93.319
126,cell_02,93.01025551210982,93.958
127,cell_02,93.18286901455025,92.419
128,cell_02,93.03938824735457,93.097
129,cell_02,93.00573635581999,93.485
130,cell_02,92.85961245767201,92.782
131,cell_02,93.15554363756617,93.002
132,cell_02,92.97883539682535,92.928
133,cell_02,92.74418595502647,92.844
134,cell_02,92.83948701130345,93.123
135,cell_02,92.6835748039923,92.661
136,cell_02,92.90023198148143,93.016
137,cell_02,92.80400743422318,93.204
138,cell_02,92.60993764850888,92.985
139,cell_02,92.36626908597876,92.749
140,cell_02,92.54686377116404,93.358
141,cell_02,92.63370930353932,93.268
142,cell_02,92.6334148421396,92.737
143,cell_02,92.68648932867156,92.661
144,cell_02,92.35555157891208,92.764
145,cell_02,92.40754822932173,92.381
146,cell_02,92.42448046924402,92.3
147,cell_02,92.46273461022781,92.454
148,cell_02,92.28030121807835,92.119
149,cell_02,92.19065715346719,91.801
150,cell_02,91.86754303983086,92.354
151,cell_02,92.25684851709417,91.912
152,cell_02,92.16114188754823,92.134
153,cell_02,92.14858113807516,91.613
154,cell_02,91.93198817236025,91.614
155,cell_02,92.04754064105813,92.088
156,cell_02,91.71184527559176,91.57
157,cell_02,91.83833294946551,91.767
158,cell_02,91.78280405746865,90.823
159,cell_02,91.8335355285379,91.355
160,cell_02,91.89478922105509,91.471
161,cell_02,91.70907519440583,92.045
162,cell_02,91.67852356063229,90.809
163,cell_02,91.5889308330961,91.361
164,cell_02,91.63600063861685,91.476
165,cell_02,91.37465236164095,90.943
166,cell_02,91.63314889445306,91.047
167,cell_02,91.12772197454512,91.202
168,cell_02,91.19846480425596,90.715
169,cell_02,91.04268727540747,91.023
170,cell_02,91.38525853592597,91.542
171,cell_02,91.40786096636225,91.316
172,cell_02,90.90328392769266,90.987
173,cell_02,90.8177151592961,91.068
174,cell_02,90.98373123188755,91.209
175,cell_02,90.96062821435825,91.266
176,cell_02,90.76837662659929,90.868
177,cell_02,90.95979493790695,91.495
178,cell_02,91.00730357382416,91.429
179,cell_02,91.1476971806906,91.238
180,cell_02,90.78192786046134,90.782
181,cell_02,90.79052825017423,90.728
182,cell_02,90.77146138943736,90.937
183,cell_02,90.68192559785459,91.053
184,cell_02,90.12283538442844,90.504
185,cell_02,90.64157141628557,91.183
186,cell_02,90.45130093193646,91.421
187,cell_02,90.18094934364827,91.207
188,cell_02,90.5751192283942,90.832
189,cell_02,90.38687856102413,89.851
190,cell_02,90.31589122300743,90.179
191,cell_02,90.36062071310997,90.043
192,cell_02,90.40291674614119,90.222
193,cell_02,90.44030390125172,90.27
194,cell_02,90.33438416526286,90.417
195,cell_02,90.55814385370702,89.75
196,cell_02,90.43842495426887,90.156
197,cell_02,90.22973246125459,89.98
198,cell_02,89.8465029484721,90.06
199,cell_02,90.1224066861758,90.349
200,cell_02,90.15620885454018,90.381
201,cell_02,90.40428131750943,90.509
202,cell_02,89.95908974340308,90.037
203,cell_02,90.1999823238489,89.876
204,cell_02,89.7522964901729,89.833
205,cell_02,89.77856255231335,88.966
206,cell_02,89.70260244748393,89.888
207,cell_02,89.30550336500248,89.39
208,cell_02,89.57415701790984,89.638
209,cell_02,89.50570130473915,89.69
210,cell_02,89.15442019118936,89.113
211,cell_02,89.34992061643653,89.209
212,cell_02,89.25552364418644,89.95
213,cell_02,89.37264998574216,89.573
214,cell_02,89.44419730373588,89.312
215,cell_02,89.39967426870719,89.448
216,cell_02,89.44261153539063,89.812
217,cell_02,89.26663464381714,89.766
218,cell_02,89.04399145868943,88.391
219,cell_02,89.1237587061519,89.321
220,cell_02,89.16016436789009,89.121
221,cell_02,88.70722358033878,88.785
222,cell_02,89.18835685588412,88.474
223,cell_02,88.55329924130595,89.147
224,cell_02,88.92095122434817,88.974
225,cell_02,88.3895385373914,88.394
226,cell_02,88.7508286144827,88.761
227,cell_02,88.59873053563152,89.769
228,cell_02,89.02495101668704,88.564
229,cell_02,88.82410769485142,88.336
230,cell_02,88.63077738861239,88.256
231,cell_02,88.95971544006919,89.004
232,cell_02,88.47511937049727,88.726
233,cell_02,88.70328023483924,88.894
234,cell_02,88.19503928739005,88.547
235,cell_02,88.3853149718191,88.583
236,cell_02,88.3764174617142,87.952
237,cell_02,88.08197061109253,88.22
238,cell_02,88.00320473290417,88.258
239,cell_02,87.99834720903118,88.586
240,cell_02,87.9493116021386,88.267
241,cell_02,88.04129751812721,87.984
242,cell_02,88.07989415102024,88.142
243,cell_02,87.98747382623058,87.62
244,cell_02,87.79012189065456,87.427
245,cell_02,87.9899656238146,88.372
246,cell_02,87.9406304730849,88.011
247,cell_02,87.88330066773173,88.045
248,cell_02,87.97113123710278,88.372
249,cell_02,87.73548468518523,88.542
250,cell_02,87.88839173370611,88.145
251,cell_02,87.79062367274925,88.563
252,cell_02,87.95026298387671,88.136
253,cell_02,87.33063271957668,88.076
254,cell_02,87.64680739285717,88.057
255,cell_02,87.44887859693084,87.081
256,cell_02,87.98773132804232,87.542
257,cell_02,87.56264813774574,86.521
258,cell_02,87.71117048677246,87.079
259,cell_02,87.81833796499795,87.169
260,cell_02,87.24851319584504,86.925
261,cell_02,87.26408070299145,87.027
262,cell_02,87.52447198412695,87.714
263,cell_02,87.31592632936508,87.493
264,cell_02,87.4975693174603,86.956
265,cell_02,87.12119020013706,87.021
266,cell_02,86.84968520737415,86.779
267,cell_02,87.2602892812936,87.374
268,cell_02,87.40610059259267,87.087
269,cell_02,86.84549945105822,86.572
270,cell_02,87.06183832550951,87.192
271,cell_02,86.99090777280739,87.294
272,cell_02,86.74593799206349,87.451
273,cell_02,87.06206177714338,87.14
274,cell_02,87.02726642600378,86.641
275,cell_02,86.7901218128804,87.349
276,cell_02,86.80255471585747,86.755
277,cell_02,86.75492531084664,86.881
278,cell_02,86.81944397089947,86.503
279,cell_02,86.611933734127,86.872
280,cell_02,86.84465404894178,86.229
281,cell_02,86.6457893095238,86.527
282,cell_02,86.29481862169315,86.222
283,cell_02,86.32929808333336,86.403
284,cell_02,86.95275430952383,86.622
285,cell_02,86.56987465343911,86.063
286,cell_02,86.01657868915349,86.463
287,cell_02,86.63777290873017,86.702
288,cell_02,86.33325498015876,86.239
289,cell_02,86.25798324074081,86.545
290,cell_02,86.14167012433859,86.181
291,cell_02,86.33186415873027,86.057
292,cell_02,86.45409919179893,86.247
293,cell_02,86.24400914550266,86.574
294,cell_02,86.16704858068778,85.831
295,cell_02,86.00849676455024,85.734
296,cell_02,86.12282954761906,85.717
297,cell_02,85.92498430291006,86.32
298,cell_02,85.89112534126981,86.361
299,cell_02,85.54586591402109,85.53
300,cell_02,86.02749374074074,85.051
301,cell_02,85.96801859656078,85.489
302,cell_02,86.14119098677254,85.856
303,cell_02,85.95796480952376,85.518
304,cell_02,85.89126645634923,85.592
305,cell_02,86.08072607804235,85.381
306,cell_02,85.6405540529101,85.842
307,cell_02,85.60145166798942,85.641
308,cell_02,85.44595276739932,85.714
309,cell_02,85.48350286925113,85.586
310,cell_02,85.27498441554746,85.695
311,cell_02,85.3867647872405,85.619
312,cell_02,85.3890579126984,85.203
313,cell_02,85.39103661225343,85.594
314,cell_02,85.04789908465607,85.437
315,cell_02,85.40323723593069,85.546
316,cell_02,85.42131527731988,85.325
317,cell_02,85.40147511111105,84.91
318,cell_02,85.08999009555825,84.956
319,cell_02,84.98438060251323,85.069
320,cell_02,85.20689305291008,85.257
321,cell_02,84.95346341798935,85.116
322,cell_02,85.23336905940351,84.815
323,cell_02,84.8127446097884,84.814
324,cell_02,85.08547340864529,84.195
325,cell_02,85.07175627236647,83.889
326,cell_02,84.91109499867729,84.785
327,cell_02,84.56860450132275,85.521
328,cell_02,84.93878996684631,85.263
329,cell_02,84.51159494576723,84.431
330,cell_02,84.94717380411252,84.769
331,cell_02,84.81147546801344,84.281
332,cell_02,84.90952001455021,84.327
333,cell_02,84.87184291919192,84.361
334,cell_02,84.76536873544977,84.653
335,cell_02,84.50296178037136,84.666
336,cell_02,84.02839158341715,84.796
337,cell_02,84.60159829978356,84.919
338,cell_02,84.35577912301584,84.619
339,cell_02,84.61558186772481,84.731
340,cell_02,84.41569398763315,84.263
341,cell_02,84.16800683302814,84.188
342,cell_02,84.44346414078815,84.141
343,cell_02,84.0775857045855,84.786
344,cell_02,84.30450559788362,84.489
345,cell_02,84.29129116329965,84.03
346,cell_02,84.31284534936661,84.15
347,cell_02,84.56369858790285,83.794
348,cell_02,84.25188844312171,84.667
349,cell_02,84.15203232509155,83.995
350,cell_02,83.69016290343913,84.374
351,cell_02,84.28786362626258,84.496
352,cell_02,84.06490899867735,83.883
353,cell_02,84.2993869563492,84.192
354,cell_02,84.43788985714284,84.335
355,cell_02,83.5898424282662,84.204
356,cell_02,84.0189578095238,84.277
357,cell_02,84.05884891005299,83.599
358,cell_02,84.15032500132281,84.164
359,cell_02,84.13474275324677,83.852
360,cell_02,84.04330269047622,84.103
361,cell_02,83.83256788528139,84.274
362,cell_02,83.3309208730159,84.199
363,cell_02,83.51483470767194,84.017
364,cell_02,83.0821565555556,84.105
365,cell_02,83.57403340512262,84.119
366,cell_02,82.9284904475709,84.361
367,cell_02,83.54928437830691,83.902
368,cell_02,83.70227164021162,83.961
369,cell_02,83.23318911904758,84.192
370,cell_02,83.99564026984126,83.765
371,cell_02,82.97210245947561,83.512
372,cell_02,83.04448524867725,83.715
373,cell_02,83.62901910978836,83.505
374,cell_02,83.6085116785714,83.205
375,cell_02,83.33404297089943,83.717
376,cell_02,83.53445563227523,83.997
377,cell_02,82.832891037037,83.078
378,cell_02,83.86884108201058,83.874
379,cell_02,83.13719082010579,82.806
380,cell_02,83.0804487896825,83.393
381,cell_02,82.79555479761898,83.454
382,cell_02,82.79077984920633,82.803
383,cell_02,82.79901554894177,82.928
384,cell_02,82.58859111243383,83.13
385,cell_02,82.69735945634918,82.386
386,cell_02,82.6165563174603,82.923
387,cell_02,82.57940513095244,82.921
388,cell_02,82.44595772751319,83.257
389,cell_02,82.43594884920643,82.327
390,cell_02,82.41098815079364,82.515
391,cell_02,82.36509391666668,82.351
392,cell_02,82.0008557777779,82.27
393,cell_02,82.20830725,82.918
394,cell_02,82.28636820899469,82.588
395,cell_02,82.22836712698412,82.413
396,cell_02,82.12210839153438,82.425
397,cell_02,82.19032793518514,82.407
398,cell_02,82.19213487301585,82.433
399,cell_02,82.05344285185186,82.196
400,cell_02,81.94312812301587,82.498
401,cell_02,82.24449535582008,82.468
402,cell_02,82.16184789550258,82.348
403,cell_02,82.13237180820099,82.622
1,cell_03,100.01098489280368,100.317
2,cell_03,100.04048247301921,100.132
3,cell_03,99.91169220248136,100.153
4,cell_03,99.9474029848699,99.961
5,cell_03,99.96204938081183,99.899
6,cell_03,100.03092252176417,100.237
7,cell_03,100.05056452121806,99.831
8,cell_03,99.94816485676334,100.25
9,cell_03,100.03898062401346,100.371
10,cell_03,100.01208170950764,99.748
11,cell_03,99.91053214417153,99.792
12,cell_03,99.9006471238624,99.836
13,cell_03,99.84401740375444,99.56
14,cell_03,99.89282355625863,99.859
15,cell_03,100.02635394643961,100.39
16,cell_03,99.93793328427954,99.686
17,cell_03,100.01328405022396,100.398
18,cell_03,100.02736366273564,99.87
19,cell_03,100.00823276751365,100.5
20,cell_03,99.9391259959067,99.795
21,cell_03,99.9617268699656,99.957
22,cell_03,99.97048101149639,99.727
23,cell_03,99.98583689554111,99.794
24,cell_03,99.88493955483752,100.401
25,cell_03,100.01315638108701,100.142
26,cell_03,99.93093378954231,100.309
27,cell_03,99.91832021508368,99.418
28,cell_03,100.11079081758248,100.009
29,cell_03,99.90222442063903,99.521
30,cell_03,99.83145455374128,99.411
31,cell_03,99.7894605881039,99.884
32,cell_03,99.89281691128637,99.881
33,cell_03,99.88681953195947,99.829
34,cell_03,99.8238565740663,100.028
35,cell_03,99.96904575768022,100.075
36,cell_03,99.8867178681365,100.233
37,cell_03,99.90887650863226,99.435
38,cell_03,99.74803814879938,100.243
39,cell_03,99.81064314750155,100.357
40,cell_03,99.69111987660611,99.683
41,cell_03,99.69716616584856,99.292
42,cell_03,99.70782184957466,99.377
43,cell_03,99.647157268208,99.654
44,cell_03,99.59259047983281,100.397
45,cell_03,99.54486143259159,99.798
46,cell_03,99.57160064637964,99.607
47,cell_03,99.53314650209494,99.587
48,cell_03,99.67755012373793,99.396
49,cell_03,99.63728601937159,100.055
50,cell_03,99.56494833746063,99.765
51,cell_03,99.6702349060562,100.075
52,cell_03,99.38400227802863,99.634
53,cell_03,99.5165278255013,99.694
54,cell_03,99.51813297536194,99.179
55,cell_03,99.54919355520323,98.924
56,cell_03,99.57823781128751,98.989
57,cell_03,99.43898286817705,98.84
58,cell_03,99.34785025694505,99.524
59,cell_03,99.29967643690102,99.136
60,cell_03,99.24907921825744,99.537
61,cell_03,99.11405241679824,99.292
62,cell_03,99.14247419540357,99.163
63,cell_03,99.40810653772537,98.9
64,cell_03,99.20281136441989,99.342
65,cell_03,99.24853704651387,99.136
66,cell_03,99.00005609477222,99.472
67,cell_03,98.99721367653643,98.987
68,cell_03,99.21914944981368,99.185
69,cell_03,99.13106263468717,99.493
70,cell_03,99.13026950600221,99.082
71,cell_03,98.89426658267838,99.236
72,cell_03,98.91657817179785,99.172
73,cell_03,98.98089125491212,99.57
74,cell_03,98.80179277781373,99.112
75,cell_03,99.08658377659658,99.21
76,cell_03,98.92182321605281,98.99
77,cell_03,98.99290426285518,98.768
78,cell_03,99.10924567015516,98.535
79,cell_03,99.01758876274648,99.277
80,cell_03,99.15925918287267,98.595
81,cell_03,98.67938709523911,99.121
82,cell_03,98.80457739081211,99.022
83,cell_03,98.89841412578345,99.172
84,cell_03,99.01526697142569,98.743
85,cell_03,98.80567470159595,98.66
86,cell_03,98.75089219925322,99.011
87,cell_03,98.91055238436991,98.809
88,cell_03,98.89792105000744,98.528
89,cell_03,98.73768933427044,99.381
90,cell_03,98.62767256543056,98.562
91,cell_03,98.72055408006823,98.501
92,cell_03,98.82696355588554,98.726
93,cell_03,98.70811964606516,99.175
94,cell_03,98.71613092405198,98.149
95,cell_03,98.5962524361903,99.15
96,cell_03,98.72745911978659,98.526
97,cell_03,98.6406916358277,98.878
98,cell_03,98.76400736200284,98.596
99,cell_03,98.71691143191761,99.397
100,cell_03,98.4866927374629,98.836
101,cell_03,98.5198378634033,98.587
102,cell_03,98.43081309229984,98.709
103,cell_03,98.54547690835831,98.826
104,cell_03,98.49175933353602,98.852
105,cell_03,98.59878291285261,98.931
106,cell_03,98.57566434395137,98.799
107,cell_03,98.56838711423887,98.386
108,cell_03,98.58022370907774,98.697
109,cell_03,98.35782969396459,98.981
110,cell_03,98.49841289146407,98.598
111,cell_03,98.50143144228322,99.001
112,cell_03,98.51762840943765,98.809
113,cell_03,98.49428375178252,98.734
114,cell_03,98.50647414620144,99.157
115,cell_03,98.56199676888714,98.278
116,cell_03,98.33867287101685,98.596
117,cell_03,98.49773639904333,99.169
118,cell_03,98.38584260946207,99.348
119,cell_03,98.46532819288781,99.338
120,cell_03,98.42299291151991,98.667
121,cell_03,98.47657726529015,98.789
122,cell_03,98.31184028177921,98.897
123,cell_03,98.43877172699383,99.034
124,cell_03,98.39269160431384,98.746
125,cell_03,98.45272989403583,98.93
126,cell_03,98.42179369147696,98.79
127,cell_03,98.29741654477318,98.808
128,cell_03,98.2313941182561,97.881
129,cell_03,98.30224035025067,98.058
130,cell_03,98.29390145635853,98.0
131,cell_03,98.14297030603402,97.8
132,cell_03,98.1828145683131,97.661
133,cell_03,98.14494811346981,98.03
134,cell_03,98.11132786763015,98.078
135,cell_03,98.4258645763001,97.859
136,cell_03,97.85933624867718,97.994
137,cell_03,98.14310746491877,97.884
138,cell_03,98.06676427637099,97.75
139,cell_03,97.93752676322755,97.553
140,cell_03,97.95351858597887,98.09
141,cell_03,98.15634664767241,97.797
142,cell_03,98.28471874914594,97.672
143,cell_03,97.97187890984809,97.746
144,cell_03,98.06681257137285,97.582
145,cell_03,97.95452191895149,97.643
146,cell_03,98.18021054316978,97.633
147,cell_03,98.24308572594542,97.716
148,cell_03,97.9953709742991,97.999
149,cell_03,97.97484759849061,97.924
150,cell_03,97.76193972705401,98.266
151,cell_03,97.70312599975672,98.165
152,cell_03,97.73636485465626,98.389
153,cell_03,97.80196594202485,97.757
154,cell_03,98.01100122311679,97.753
155,cell_03,97.97538249777116,97.443
156,cell_03,97.97392727636739,97.838
157,cell_03,98.00616756517745,97.393
158,cell_03,97.92531501413367,97.149
159,cell_03,97.63033011477454,98.048
160,cell_03,97.16659126478383,97.215
161,cell_03,97.72253883240093,97.721
162,cell_03,97.7550882511318,97.326
163,cell_03,97.88283440620225,97.928
164,cell_03,97.82295028876254,97.969
165,cell_03,97.95623268336766,97.748
166,cell_03,97.63325559575188,97.964
167,cell_03,97.65180007132808,97.592
168,cell_03,97.54855405537232,98.26
169,cell_03,97.98012001177061,97.814
170,cell_03,97.55725656495066,97.32
171,cell_03,97.54103646592048,97.611
172,cell_03,97.98543669065016,97.544
173,cell_03,97.73293960162682,97.176
174,cell_03,97.92330279754948,96.754
175,cell_03,97.66922464835272,97.367
176,cell_03,97.31482951099024,96.835
177,cell_03,97.35410480158438,96.493
178,cell_03,97.37664381992091,97.148
179,cell_03,97.3529638964565,96.913
180,cell_03,97.3368607696563,96.882
181,cell_03,97.02336259510369,96.209
182,cell_03,97.21367078390908,96.885
183,cell_03,97.27794165048849,97.088
184,cell_03,97.08686225767657,96.95
185,cell_03,97.21834644497419,97.256
186,cell_03,96.88937791278532,97.558
187,cell_03,96.84062109447689,97.295
188,cell_03,96.92607562723632,97.448
189,cell_03,96.93455585961316,97.473
190,cell_03,96.84494016882908,96.835
191,cell_03,96.97531480718514,97.272
192,cell_03,96.8142963280827,97.439
193,cell_03,96.9464091972878,97.009
194,cell_03,96.97279984189618,96.903
195,cell_03,96.78629244019406,97.299
196,cell_03,96.8383995084235,96.696
197,cell_03,96.91678488095715,96.814
198,cell_03,96.97200301536294,96.94
199,cell_03,96.93690146628147,96.984
200,cell_03,96.89589958467863,96.915
201,cell_03,96.86324624685133,97.159
202,cell_03,96.8357244883714,96.573
203,cell_03,96.72922754065782,96.557
204,cell_03,96.87079687341003,97.006
205,cell_03,96.73748664062116,96.61
206,cell_03,96.86905016908105,96.613
207,cell_03,96.89857382734075,96.237
208,cell_03,96.8295299763243,96.866
209,cell_03,96.73073289892885,97.242
210,cell_03,96.84982155695529,96.47
211,cell_03,96.62461678965077,96.797
212,cell_03,96.80696004069094,96.473
213,cell_03,96.7643127242097,95.961
214,cell_03,96.66556437530971,96.223
215,cell_03,96.8360995960413,96.204
216,cell_03,96.7946555998494,96.396
217,cell_03,96.82722008886728,96.617
218,cell_03,96.12769393038504,97.046
219,cell_03,96.88915821610345,96.062
220,cell_03,96.64069921043772,96.346
221,cell_03,96.53200127917026,96.222
222,cell_03,96.51993947129618,96.111
223,cell_03,96.71285045085352,96.52
224,cell_03,96.55773119492405,96.491
225,cell_03,96.54714477157405,95.947
226,cell_03,96.3582300433027,96.496
227,cell_03,96.39958496527342,96.129
228,cell_03,96.49375001330479,96.495
229,cell_03,96.46436163303707,96.872
230,cell_03,96.40590460135135,96.42
231,cell_03,96.48987324227254,96.335
232,cell_03,96.53801458781044,96.123
233,cell_03,96.52228500697181,96.238
234,cell_03,96.47148640058033,96.387
235,cell_03,96.4474280085922,96.358
236,cell_03,96.59334153192084,96.189
237,cell_03,96.42303583491001,96.284
238,cell_03,96.35870618646052,95.823
239,cell_03,96.40439749917401,95.998
240,cell_03,96.46620488531114,96.412
241,cell_03,96.40431055495462,96.453
242,cell_03,96.45047441292714,96.228
243,cell_03,96.38388521991142,96.644
244,cell_03,96.42984928973506,96.353
245,cell_03,96.18427484585621,96.13
246,cell_03,96.34725687931845,95.834
247,cell_03,96.15517657213529,96.632
248,cell_03,96.09616258973098,96.431
249,cell_03,96.03432792501002,96.614
250,cell_03,96.00528896363507,96.724
251,cell_03,96.08588331108142,95.688
252,cell_03,96.27483435867143,95.689
253,cell_03,95.83967178316159,95.215
254,cell_03,96.00871217693448,96.35
255,cell_03,95.82426436127137,96.271
256,cell_03,95.77187425240581,96.103
257,cell_03,95.70468540856248,95.706
258,cell_03,95.993334123181,96.047
259,cell_03,95.84571384787732,96.129
260,cell_03,95.6648411087721,96.309
261,cell_03,95.83711969562299,96.06
262,cell_03,95.59164598237693,96.177
263,cell_03,95.7105936680071,95.941
264,cell_03,96.06780942235957,96.332
265,cell_03,95.78271749481074,96.167
266,cell_03,95.6349636708766,95.622
267,cell_03,95.8315784804786,96.395
268,cell_03,95.74141601504192,96.345
269,cell_03,95.8079512975688,96.117
270,cell_03,95.56196152906932,96.062
271,cell_03,95.78530943711729,96.475
272,cell_03,95.80999817421923,95.488
273,cell_03,95.36324517087836,96.35
274,cell_03,95.45144336662979,95.835
275,cell_03,95.41712494803164,96.306
276,cell_03,95.50661671254751,96.014
277,cell_03,95.41135434629393,95.605
278,cell_03,95.2815727500194,95.829
279,cell_03,95.34973061549331,96.284
280,cell_03,95.28851983533107,95.915
281,cell_03,95.09075707314632,95.791
282,cell_03,95.1709812755803,95.789
283,cell_03,95.36850313635071,96.17
284,cell_03,95.27541208210181,95.903
285,cell_03,95.29473170201412,94.61
286,cell_03,95.20472164922897,96.092
287,cell_03,95.3529639403674,95.313
288,cell_03,95.20066516411993,95.426
289,cell_03,95.20037494853021,95.121
290,cell_03,95.17547782260098,95.251
291,cell_03,95.08747182455501,95.31
292,cell_03,95.04690811447931,94.835
293,cell_03,95.30568881523403,94.908
294,cell_03,95.19143409259183,95.505
295,cell_03,95.15368084595957,94.684
296,cell_03,95.16148551767672,95.282
297,cell_03,95.21012458853141,95.038
298,cell_03,95.22697435990233,94.861
299,cell_03,95.16310438273297,95.741
300,cell_03,95.15155447125554,94.863
301,cell_03,95.06389299766325,94.81
302,cell_03,95.20505890679557,95.093
303,cell_03,95.0795793878869,94.919
304,cell_03,95.10155818270788,95.151
305,cell_03,95.10248878220305,95.04
306,cell_03,95.04776769634687,95.064
307,cell_03,95.08394806249326,94.956
308,cell_03,95.26179768994761,94.783
309,cell_03,95.1300678734466,95.186
310,cell_03,94.93684977064065,94.96
311,cell_03,94.81936734980756,94.557
312,cell_03,94.80811260881367,95.15
313,cell_03,94.99353044037439,94.669
314,cell_03,94.81113270346316,95.033
315,cell_03,94.95197279629627,95.074
316,cell_03,94.8335444197932,95.092
317,cell_03,94.69800300615361,94.913
318,cell_03,94.70847153953656,94.705
319,cell_03,94.60884193219421,94.686
320,cell_03,94.73467174220616,94.632
321,cell_03,94.66813974757574,94.056
322,cell_03,94.78373967968005,94.921
323,cell_03,94.67732260292256,94.779
324,cell_03,94.84669958576836,94.953
325,cell_03,94.80438863999844,94.67
326,cell_03,94.55715887441598,94.741
327,cell_03,94.65408960248156,94.129
328,cell_03,94.70415863593033,94.191
329,cell_03,94.72163033886481,93.799
330,cell_03,94.79337783304733,94.502
331,cell_03,94.736901827439,94.31
332,cell_03,94.75738238683593,94.271
333,cell_03,94.83450097914759,94.62
334,cell_03,94.74545200078211,94.392
335,cell_03,94.53943228703706,94.089
336,cell_03,94.55404994648866,95.283
337,cell_03,94.71894683238638,94.508
338,cell_03,94.72028204143834,94.194
339,cell_03,94.66838673684639,94.318
340,cell_03,94.37698486019941,94.467
341,cell_03,94.55405559435364,94.467
342,cell_03,94.48492762747054,94.91
343,cell_03,94.48015648869993,94.495
344,cell_03,94.54126993986665,95.076
345,cell_03,94.47529299048813,94.39
346,cell_03,94.38525579035306,94.647
347,cell_03,94.45345760061086,94.826
348,cell_03,94.5054450412569,94.878
349,cell_03,94.37086849750578,94.913
350,cell_03,94.35807858131082,94.438
351,cell_03,94.36394314451815,94.518
352,cell_03,94.22798914279863,93.775
353,cell_03,94.35027337531069,94.46
354,cell_03,94.40020117082908,94.711
355,cell_03,94.26628953316879,94.653
356,cell_03,94.33511809591587,94.358
357,cell_03,94.37734518747482,94.755
358,cell_03,94.51194674566844,94.13
359,cell_03,94.17270560902683,94.03
360,cell_03,94.08315994027076,93.883
361,cell_03,94.17701508055423,93.687
362,cell_03,94.39514502612684,94.21
363,cell_03,93.97210832986757,94.11
364,cell_03,94.19510157100318,94.206
365,cell_03,94.40747806630006,93.899
366,cell_03,94.08400171098845,93.519
367,cell_03,94.12666916516623,92.883
368,cell_03,93.93415011095071,93.642
369,cell_03,94.37482877762532,93.558
370,cell_03,94.00226826365869,93.095
371,cell_03,94.22032428248224,93.394
372,cell_03,93.9581160671606,93.348
1,cell_04,99.93848842682958,100.33
2,cell_04,99.96864520705181,100.114
3,cell_04,99.92129345811485,100.194
4,cell_04,99.96687659629534,99.643
5,cell_04,99.93401496259193,99.459
6,cell_04,99.9024315233537,99.987
7,cell_04,99.8285815907302,100.414
8,cell_04,99.84547345851384,100.119
9,cell_04,99.95605217626569,100.5
10,cell_04,99.99800284412146,100.396
11,cell_04,99.90059918377901,100.006
12,cell_04,99.7679674036463,100.355
13,cell_04,99.82745776159261,100.457
14,cell_04,99.93730423972619,99.976
15,cell_04,100.06698493966292,99.909
16,cell_04,99.93040644280184,100.015
17,cell_04,99.82534628592191,99.249
18,cell_04,99.92913331298071,100.057
19,cell_04,99.87302224635242,100.189
20,cell_04,99.9298045412107,100.016
21,cell_04,99.97614281725083,100.076
22,cell_04,99.89255727802447,99.96
23,cell_04,99.74650419396804,99.374
24,cell_04,99.85604637454273,100.184
25,cell_04,99.82532116219244,99.575
26,cell_04,99.5669566911625,99.5
27,cell_04,99.78637653451284,100.093
28,cell_04,99.58124717967576,99.979
29,cell_04,99.65998882613776,99.767
30,cell_04,99.6388433630741,99.373
31,cell_04,99.64998183962378,98.796
32,cell_04,99.29257854556842,99.118
33,cell_04,99.2038615318666,99.531
34,cell_04,99.2029379955775,98.939
35,cell_04,99.27718520176458,98.843
36,cell_04,99.34143351921891,99.166
37,cell_04,99.18099010168143,99.173
38,cell_04,99.23479269504223,99.337
39,cell_04,98.95208457334357,98.729
40,cell_04,99.02960953635461,98.377
41,cell_04,98.98733285148926,99.419
42,cell_04,98.94644561260581,98.817
43,cell_04,99.0418433666985,98.959
44,cell_04,99.02200517156952,98.487
45,cell_04,99.13372023730759,99.449
46,cell_04,98.81301238299349,99.247
47,cell_04,98.78909925686429,99.235
48,cell_04,98.71524889167551,99.233
49,cell_04,98.82132355095254,98.524
50,cell_04,98.7282569370167,98.847
51,cell_04,98.77082305174196,99.007
52,cell_04,98.61895997944161,98.918
53,cell_04,98.72778313523389,99.061
54,cell_04,98.63384057522757,99.216
55,cell_04,98.68146645679218,99.444
56,cell_04,98.66994828019543,98.698
57,cell_04,98.59574426709399,99.14
58,cell_04,98.65995702077115,99.268
59,cell_04,98.61380221002638,98.777
60,cell_04,98.5405311674579,98.635
61,cell_04,98.6182096044974,98.833
62,cell_04,98.64742623881669,98.696
63,cell_04,98.53621689814815,98.895
64,cell_04,98.58275297751334,98.244
65,cell_04,98.55729414285713,98.122
66,cell_04,98.57439033604845,97.863
67,cell_04,98.53544179978358,98.289
68,cell_04,98.51855443121687,98.245
69,cell_04,98.40397401877958,97.917
70,cell_04,98.34698339047273,98.39
71,cell_04,98.35105061988943,98.254
72,cell_04,98.18811868941458,97.676
73,cell_04,98.37031069047617,97.655
74,cell_04,98.19398737977045,97.644
75,cell_04,98.0529708174603,97.37
76,cell_04,97.93580655820104,98.475
77,cell_04,97.88874410185187,97.739
78,cell_04,97.60273084671343,97.616
79,cell_04,97.52804299618431,97.536
80,cell_04,97.52167396840655,97.757
81,cell_04,97.50874313167147,97.665
82,cell_04,97.37941372275804,98.305
83,cell_04,97.42339115475481,97.499
84,cell_04,97.31795209391537,97.412
85,cell_04,97.41144568706899,98.039
86,cell_04,97.3370484335964,97.604
87,cell_04,97.3568424526956,97.569
88,cell_04,97.33797954733038,97.428
89,cell_04,97.08746100048107,97.301
90,cell_04,97.11682901430045,97.246
91,cell_04,97.13142246937682,96.838
92,cell_04,97.23650734875771,96.76
93,cell_04,97.16459075903009,96.845
94,cell_04,97.18009700022517,96.73
95,cell_04,97.17748684853814,97.136
96,cell_04,97.23197007743742,96.507
97,cell_04,97.31181456586211,96.912
98,cell_04,97.2754001969949,96.995
99,cell_04,97.16335866438186,97.035
100,cell_04,97.12729427284746,97.166
101,cell_04,96.98647246261426,96.949
102,cell_04,96.81292118055556,96.846
103,cell_04,96.65433488180855,97.42
104,cell_04,96.5789797040704,96.95
105,cell_04,96.42647337078662,97.472
106,cell_04,96.55352059702128,96.949
107,cell_04,96.6654300593943,97.042
108,cell_04,96.53155711155104,96.797
109,cell_04,96.39709780545867,96.908
110,cell_04,96.32845093021787,96.713
111,cell_04,96.66573797420631,96.868
112,cell_04,96.3489829471696,97.298
113,cell_04,96.59407155423281,97.154
114,cell_04,96.37161722237789,97.156
115,cell_04,95.99032970004991,96.436
116,cell_04,96.26047072652118,96.485
117,cell_04,96.36073525529099,96.904
118,cell_04,96.11727911821312,97.07
119,cell_04,96.25447546928055,96.683
120,cell_04,96.2530706430128,96.63
121,cell_04,96.15279524012479,96.937
122,cell_04,96.1463035870219,96.724
123,cell_04,96.14959805677111,96.836
124,cell_04,95.94123014713631,96.386
125,cell_04,95.79696960834539,96.363
126,cell_04,96.10501797458474,96.803
127,cell_04,95.98545007559089,96.44
128,cell_04,95.97584322418243,96.335
129,cell_04,95.66624404921458,96.245
130,cell_04,95.85564839954874,96.365
131,cell_04,95.86581392044529,96.781
132,cell_04,95.93189155953645,95.449
133,cell_04,95.99767368990615,96.09
134,cell_04,95.7227760103191,95.689
135,cell_04,95.6122685567795,95.839
136,cell_04,95.98885691402114,95.848
137,cell_04,95.75836083159894,95.826
138,cell_04,95.69229111106019,95.274
139,cell_04,95.66328757489532,95.227
140,cell_04,95.66487311131542,95.175
141,cell_04,95.75104939012532,95.742
142,cell_04,95.60237164035227,95.353
143,cell_04,95.71911892934715,95.308
144,cell_04,95.61929821777834,95.153
145,cell_04,95.53314121456499,95.224
146,cell_04,95.66640254952252,95.154
147,cell_04,95.23125933805125,95.576
148,cell_04,95.42204096957666,95.12
149,cell_04,95.32168918612818,94.645
150,cell_04,94.84030876651158,95.149
151,cell_04,94.9957715126211,95.047
152,cell_04,94.67173910978833,94.956
153,cell_04,94.8590703293651,95.405
154,cell_04,94.74350572883596,94.311
155,cell_04,94.72631854629626,95.604
156,cell_04,94.74614173280418,95.448
157,cell_04,94.82289368783064,94.943
158,cell_04,94.71804585846557,94.996
159,cell_04,94.87492599084246,95.059
160,cell_04,94.77930260714282,95.067
161,cell_04,94.83937229772077,94.718
162,cell_04,94.84172616280017,94.423
163,cell_04,94.67926499735452,95.542
164,cell_04,94.35134112566142,95.195
165,cell_04,94.42399329052425,94.955
166,cell_04,94.35919814614176,94.961
167,cell_04,94.57503414550263,95.094
168,cell_04,94.43856407142859,95.13
169,cell_04,94.41718951094276,94.282
170,cell_04,94.24907739390797,94.803
171,cell_04,94.205372397275,94.771
172,cell_04,94.16491437495914,94.86
173,cell_04,94.17262781687498,95.139
174,cell_04,94.31903162266441,94.371
175,cell_04,94.3420913332637,94.503
176,cell_04,94.40287658535148,94.703
177,cell_04,94.34347754929549,94.954
178,cell_04,94.20407654668684,95.158
179,cell_04,94.15517798214051,95.397
180,cell_04,94.15257602764692,94.822
181,cell_04,94.07720060281385,95.157
182,cell_04,94.28592799841971,94.338
183,cell_04,94.15963387061713,94.287
184,cell_04,94.33682717592589,94.117
185,cell_04,94.2994439342709,94.005
186,cell_04,94.21121477898659,93.805
187,cell_04,94.30987038686587,93.785
188,cell_04,94.12709119769113,94.229
189,cell_04,94.15959429619723,94.108
190,cell_04,94.30238350396822,94.0
191,cell_04,94.30042734920629,94.324
192,cell_04,94.13729240079354,94.065
193,cell_04,94.05635168915339,93.851
194,cell_04,94.25228873280425,94.045
195,cell_04,94.1191646468253,94.371
196,cell_04,93.93396058465603,93.636
197,cell_04,94.05339865079358,94.006
198,cell_04,93.94681818253962,93.927
199,cell_04,94.00973952777775,93.715
200,cell_04,94.04809072222216,93.855
201,cell_04,93.89487752380953,93.472
202,cell_04,93.97976222222218,93.976
203,cell_04,93.83815514550255,93.534
204,cell_04,93.76259336904755,94.265
205,cell_04,93.81772303968252,93.676
206,cell_04,93.92730113888894,93.532
207,cell_04,93.81635553571424,94.052
208,cell_04,93.8570209920634,93.394
209,cell_04,93.67189438359782,93.479
210,cell_04,93.72727557539683,93.155
211,cell_04,93.63001046303258,94.096
212,cell_04,93.42047096825398,94.265
213,cell_04,93.31841995774163,93.202
214,cell_04,93.21689194708992,93.459
215,cell_04,93.28307253398019,93.725
216,cell_04,93.1902654960318,93.299
217,cell_04,93.0965803646679,93.445
218,cell_04,92.96414344312166,93.419
219,cell_04,93.1202295449736,93.576
220,cell_04,92.99317039814807,93.166
221,cell_04,92.87314542599549,93.512
222,cell_04,92.9856290473279,93.119
223,cell_04,92.89802414785692,93.33
224,cell_04,93.01745840747705,92.933
225,cell_04,92.9406689722222,93.333
226,cell_04,92.87531315211633,93.282
227,cell_04,92.88940878932172,93.569
228,cell_04,92.8623466054593,93.221
229,cell_04,92.77922848809516,93.275
230,cell_04,92.76910361529156,93.232
231,cell_04,92.58010570634924,92.1
232,cell_04,92.66736693650789,92.139
233,cell_04,92.65222460939925,92.643
234,cell_04,92.43532361194227,92.822
235,cell_04,92.49321190883971,92.432
236,cell_04,92.44368623089079,92.243
237,cell_04,92.60510875215384,92.43
238,cell_04,92.30994815852851,92.404
239,cell_04,92.4620987062077,92.736
240,cell_04,92.17110394259124,92.719
241,cell_04,92.3881478805421,92.336
242,cell_04,92.19475778759589,92.378
243,cell_04,92.46880248200132,92.476
244,cell_04,92.41075284311245,92.521
245,cell_04,91.98160359387641,92.889
246,cell_04,92.03753196488694,92.385
247,cell_04,91.6914115489418,92.744
248,cell_04,91.7492847700535,92.045
249,cell_04,91.70002002295965,92.202
250,cell_04,91.75070388896899,91.753
251,cell_04,91.76645914081506,92.439
252,cell_04,91.65187749160873,92.588
253,cell_04,91.70807999937733,91.627
254,cell_04,91.4424024728094,92.45
255,cell_04,91.71897915907212,92.575
256,cell_04,91.69501472657618,92.557
257,cell_04,91.5463579999834,92.035
258,cell_04,91.62761172761925,92.563
259,cell_04,91.55595620203137,92.334
260,cell_04,91.73989464740751,92.508
261,cell_04,91.62301231091367,92.293
262,cell_04,91.54267867902627,92.445
263,cell_04,91.54378719581405,92.664
264,cell_04,91.76556568612965,92.27
265,cell_04,91.57414156882825,92.416
266,cell_04,91.48674378956048,92.706
267,cell_04,91.60365330686048,92.291
268,cell_04,91.20826410705348,91.383
269,cell_04,91.39554813037248,91.923
270,cell_04,91.31781464248145,92.151
271,cell_04,91.37981247275019,92.107
272,cell_04,91.20644059022912,91.935
273,cell_04,91.2510746638875,91.017
274,cell_04,91.27303568518946,91.53
275,cell_04,91.24266234926748,91.545
276,cell_04,91.29839730034438,91.734
277,cell_04,91.29296858048775,92.227
278,cell_04,91.27154067184556,91.396
279,cell_04,91.23322620894392,92.393
280,cell_04,91.12261968300585,91.606
281,cell_04,91.36778719143457,91.49
282,cell_04,91.22849676614217,91.974
283,cell_04,91.30231863244265,91.998
284,cell_04,91.28418690515689,91.915
285,cell_04,91.26071369230718,91.49
286,cell_04,91.30350130950202,91.871
287,cell_04,91.28137050847026,91.41
288,cell_04,91.24752609759307,91.481
289,cell_04,91.12930666532199,91.469
290,cell_04,91.09536793871416,91.251
291,cell_04,90.97689053870506,91.813
292,cell_04,90.90590918020608,91.083
293,cell_04,91.04994374744813,91.191
294,cell_04,90.81018188307348,90.693
295,cell_04,90.94847639715664,91.268
296,cell_04,90.92703756645473,90.721
297,cell_04,91.00670311657096,91.264
298,cell_04,90.89867357826041,91.241
299,cell_04,91.04827657652041,90.787
300,cell_04,90.83707245920392,90.93
301,cell_04,90.83290652526608,90.779
302,cell_04,90.93303775155351,91.085
303,cell_04,90.83827618056529,90.863
304,cell_04,90.77500207709022,90.796
305,cell_04,90.72713880299648,90.935
306,cell_04,90.75661742697369,90.446
307,cell_04,90.80069293650969,90.898
308,cell_04,90.72595495050989,90.794
309,cell_04,90.6293427877469,90.641
310,cell_04,90.70806585673684,90.885
311,cell_04,90.57666400004577,90.486
312,cell_04,90.71461160404075,90.462
313,cell_04,90.44892502225552,90.264
314,cell_04,90.33109544039984,90.478
315,cell_04,90.66866300403932,91.189
316,cell_04,90.23942340193771,90.682
317,cell_04,90.19909082675701,90.424
318,cell_04,90.35558313529759,90.298
319,cell_04,90.5230293600548,90.12
320,cell_04,90.38915045495018,90.35
321,cell_04,90.05753556001697,90.827
322,cell_04,90.31227062914105,90.471
323,cell_04,90.35247627893436,90.062
324,cell_04,90.17942055545039,90.095
325,cell_04,90.3073343853936,90.522
326,cell_04,90.33934482804946,90.302
327,cell_04,90.0549243987289,90.139
328,cell_04,90.29327157509198,90.234
329,cell_04,90.46802501734683,90.989
330,cell_04,90.22319512662949,90.693
331,cell_04,90.51435589710995,90.767
332,cell_04,90.20395875361206,89.801
333,cell_04,90.08163153179076,90.201
334,cell_04,89.9340164333326,90.053
335,cell_04,89.84971768626153,90.41
336,cell_04,89.56288332158681,90.564
337,cell_04,89.55330761078903,90.344
338,cell_04,89.51745379936251,89.985
339,cell_04,89.47869010091921,90.048
340,cell_04,89.30263545319553,90.433
341,cell_04,89.44793946417951,90.462
342,cell_04,89.2812703927889,90.289
343,cell_04,89.28488680584765,90.285
344,cell_04,89.41597314003027,90.077
345,cell_04,89.39717470799296,90.143
346,cell_04,89.29545707463461,90.277
347,cell_04,89.30896284776793,90.251
348,cell_04,89.41936728506481,90.069
349,cell_04,89.3789007904603,89.853
350,cell_04,89.24031865343936,89.841
351,cell_04,89.30330878688896,89.634
352,cell_04,89.29434934761801,89.526
353,cell_04,89.38419405425122,89.792
354,cell_04,89.22181742289258,89.415
355,cell_04,89.30180594353872,89.873
356,cell_04,89.28544153729682,89.614
357,cell_04,89.15969265926174,89.875
358,cell_04,89.26025574733248,89.82
359,cell_04,89.32404679544273,89.882
360,cell_04,89.16392794377495,89.129
361,cell_04,89.15400535598636,89.395
362,cell_04,89.24092910663624,89.369
363,cell_04,89.11912891395907,88.682
364,cell_04,89.1584935941087,89.658
365,cell_04,89.22454295154606,89.827
366,cell_04,88.95454246353786,89.431
367,cell_04,88.94396193521592,89.389
368,cell_04,88.899673904605,89.324
369,cell_04,88.96775559562353,89.05
370,cell_04,88.73704940829104,89.114
371,cell_04,88.62495177734644,89.436
372,cell_04,88.63286506676316,88.855
373,cell_04,88.89057565119347,88.829
374,cell_04,88.82255722847111,89.028
375,cell_04,88.68814925517808,89.344
376,cell_04,88.88613849630588,88.887
377,cell_04,88.36800200697446,89.08
378,cell_04,88.9902571655719,89.115
379,cell_04,88.42826293200315,88.844
380,cell_04,88.66724474715406,88.415
381,cell_04,88.42808088528135,88.839
382,cell_04,88.70253573211643,89.225
383,cell_04,88.68713660083436,89.293
384,cell_04,88.5139525289001,89.295
385,cell_04,88.3321715240809,89.33
386,cell_04,88.27500450264547,88.959
387,cell_04,88.07607381084662,88.895
388,cell_04,88.24488987704892,89.26
389,cell_04,88.15669408597884,89.084
390,cell_04,88.2327500439561,89.419
391,cell_04,88.22234335985313,89.262
392,cell_04,88.17454632570202,89.532
393,cell_04,88.21363604107006,89.007
394,cell_04,88.05481242857141,89.467
395,cell_04,88.01777539301277,89.227
396,cell_04,87.89654738816743,88.633
397,cell_04,87.82022166798943,88.767
398,cell_04,87.7250756449368,88.263
399,cell_04,87.80447106216931,88.543
400,cell_04,87.58426791850582,88.614
401,cell_04,87.70735913359785,88.126
402,cell_04,87.60467757531188,88.451
403,cell_04,87.65035298544969,88.359
404,cell_04,87.6978151373256,88.392
405,cell_04,87.44506674260512,88.518
406,cell_04,87.5157518814687,88.43
407,cell_04,87.64082485028861,88.195
408,cell_04,87.56577793207286,88.487
409,cell_04,87.4955228838637,88.57
410,cell_04,87.4966713378221,88.071
411,cell_04,87.56798069973546,88.236
412,cell_04,87.55701059187103,87.706
413,cell_04,87.46927323630567,88.412
414,cell_04,87.44230733239664,88.604
415,cell_04,87.5212963597884,88.16
416,cell_04,87.39848094917369,88.277
417,cell_04,87.4359745704666,88.171
418,cell_04,87.44080317545918,88.122
419,cell_04,87.41948037301589,88.306
420,cell_04,87.17644441402118,88.001
421,cell_04,87.04005759571,88.166
422,cell_04,87.14127345105821,87.965
423,cell_04,86.95194932096175,88.413
424,cell_04,86.88232179629627,88.309
425,cell_04,87.01249005649429,88.107
426,cell_04,86.76611839379589,88.248
427,cell_04,86.55851934701857,88.171
428,cell_04,86.56821471248199,88.58
429,cell_04,86.55074624206351,88.104
430,cell_04,86.78875906743706,88.427
431,cell_04,86.45475905952394,88.025
432,cell_04,86.7066082019969,88.278
433,cell_04,86.51921223412702,88.345
434,cell_04,86.52215445899479,88.359
1,cell_05,99.9008397115336,100.187
2,cell_05,100.01512297030536,99.616
3,cell_05,99.96125469989838,100.04
4,cell_05,99.96956119393487,99.636
5,cell_05,99.79529443077243,100.413
6,cell_05,100.01737537162431,100.062
7,cell_05,99.88926778382793,99.808
8,cell_05,99.7710181064949,99.182
9,cell_05,99.8545685908411,99.67
10,cell_05,99.73923512990716,99.96
11,cell_05,99.64306516457064,99.264
12,cell_05,99.59430662053141,99.364
13,cell_05,99.63274856466187,99.27
14,cell_05,99.82098929393277,99.742
15,cell_05,99.24963478205245,98.703
16,cell_05,99.24078166667141,99.661
17,cell_05,99.38721470142802,99.162
18,cell_05,99.29684597410738,99.254
19,cell_05,99.06974522234474,99.173
20,cell_05,99.09096619026671,99.348
21,cell_05,99.24073910570952,98.763
22,cell_05,99.08217383294313,99.299
23,cell_05,99.02527032814969,99.312
24,cell_05,98.79444334258972,98.687
25,cell_05,98.93200150492109,98.963
26,cell_05,98.88986534294736,98.656
27,cell_05,98.73867093082207,98.778
28,cell_05,98.56464196762755,99.22
29,cell_05,98.62436781209041,98.558
30,cell_05,98.59894959968328,98.75
31,cell_05,98.60205896031755,98.609
32,cell_05,98.63322142857147,98.414
33,cell_05,98.33192017182536,98.582
34,cell_05,98.23345290211637,98.547
35,cell_05,98.2095284554987,98.124
36,cell_05,98.29547994216152,98.29
37,cell_05,98.21257939213749,98.158
38,cell_05,98.35264918964877,98.389
39,cell_05,98.07936911365418,98.876
40,cell_05,97.66607852430307,97.96
41,cell_05,97.4779408412143,97.356
42,cell_05,97.88257432279266,97.704
43,cell_05,97.63026726480001,97.856
44,cell_05,97.88764729152543,98.009
45,cell_05,97.51226276912448,97.515
46,cell_05,97.50966225048569,97.339
47,cell_05,97.30628055203104,97.693
48,cell_05,97.55664593038692,97.881
49,cell_05,97.23336735811418,97.78
50,cell_05,97.5832203858961,97.445
51,cell_05,97.28008116132483,98.236
52,cell_05,97.48504202849098,97.68
53,cell_05,97.45871118313133,97.768
54,cell_05,97.16029820558055,97.511
55,cell_05,97.01652417841332,98.042
56,cell_05,96.96166692540865,97.52
57,cell_05,96.86272033529015,97.01
58,cell_05,96.98359566398315,96.57
59,cell_05,97.11165228912593,97.244
60,cell_05,96.82047188164368,97.042
61,cell_05,96.8976343554854,97.12
62,cell_05,96.85006129262571,96.826
63,cell_05,96.4127717446034,96.793
64,cell_05,96.75252930011484,96.76
65,cell_05,96.91652573407804,97.499
66,cell_05,96.38528093321223,96.652
67,cell_05,96.1475430473139,96.459
68,cell_05,96.3357486840104,96.703
69,cell_05,96.30819233348133,95.996
70,cell_05,96.38284800255302,96.534
71,cell_05,96.59628950505052,95.749
72,cell_05,96.45617888203465,95.988
73,cell_05,96.08203926909513,95.538
74,cell_05,95.82988045671004,95.862
75,cell_05,96.06820575180377,95.695
76,cell_05,95.76300408064427,95.967
77,cell_05,95.8367990388408,95.585
78,cell_05,95.86261075444926,95.404
79,cell_05,95.92497310104709,95.721
80,cell_05,95.77349308068793,95.055
81,cell_05,95.88605908249164,94.952
82,cell_05,95.66890509508394,95.329
83,cell_05,95.40297044862544,95.1
84,cell_05,95.0614187334055,95.326
85,cell_05,94.92502834523799,94.781
86,cell_05,95.20561606746028,95.422
87,cell_05,95.47877090007209,95.238
88,cell_05,94.90767667460315,95.027
89,cell_05,95.50272467003366,95.099
90,cell_05,95.09848331746028,95.14
91,cell_05,95.50301670959595,94.779
92,cell_05,94.82503899999999,94.781
93,cell_05,94.7356001349206,94.995
94,cell_05,94.99629470370373,94.542
95,cell_05,95.03610508201066,94.228
96,cell_05,95.00497769047611,94.758
97,cell_05,94.5816394215969,94.92
98,cell_05,94.9542688055556,94.99
99,cell_05,94.62082764417983,94.829
100,cell_05,95.16901361111108,94.829
101,cell_05,94.62127679365081,94.697
102,cell_05,94.14390992724866,94.424
103,cell_05,94.42319185714283,93.765
104,cell_05,94.26654319444447,94.748
105,cell_05,94.55079613624339,94.132
106,cell_05,93.87361841137563,93.904
107,cell_05,94.15670227777785,93.913
108,cell_05,94.16939556746036,94.584
109,cell_05,94.21569960966808,93.971
110,cell_05,94.01477503439146,93.526
111,cell_05,94.10950557936515,93.634
112,cell_05,93.92046309391533,93.838
113,cell_05,93.7506917923281,94.001
114,cell_05,93.74765921560858,93.922
115,cell_05,93.96424409126976,93.56
116,cell_05,93.54506307551715,93.934
117,cell_05,93.47469236680921,93.655
118,cell_05,93.5132799722223,93.989
119,cell_05,93.71983206746029,93.692
120,cell_05,93.25005085714288,93.447
121,cell_05,93.69538239430007,93.882
122,cell_05,93.36404202777781,93.688
123,cell_05,93.43587160683757,93.119
124,cell_05,93.15232986111117,93.481
125,cell_05,93.40941572619055,93.45
126,cell_05,93.42705754064458,93.622
127,cell_05,92.96211663469875,93.317
128,cell_05,93.08699773809526,93.04
129,cell_05,93.01760928174612,92.597
130,cell_05,93.07109498821545,93.16
131,cell_05,93.07745575000004,93.206
132,cell_05,93.15073182478638,92.882
133,cell_05,93.00583762818663,91.673
134,cell_05,93.01515443182744,92.78
135,cell_05,92.9704590079365,92.303
136,cell_05,92.55498519739056,92.782
137,cell_05,93.24099570502635,93.086
138,cell_05,92.67599455830278,92.5
139,cell_05,92.69060966269834,92.708
140,cell_05,92.96461374999994,92.586
141,cell_05,92.7619577262506,92.734
142,cell_05,92.87013061970892,92.607
143,cell_05,92.58891763624342,92.421
144,cell_05,92.35590644647945,92.305
145,cell_05,92.27185364139072,92.881
146,cell_05,92.07752008715222,92.535
147,cell_05,91.90743695757351,92.653
148,cell_05,91.84957614777812,92.329
149,cell_05,91.98990279619784,92.502
150,cell_05,91.95915657972587,91.94
151,cell_05,91.8752853477851,92.234
152,cell_05,92.00682385846561,92.361
153,cell_05,91.86623049206348,92.597
154,cell_05,91.95296212256596,93.011
155,cell_05,91.8382416146386,92.331
156,cell_05,91.58683583247063,92.011
157,cell_05,91.76483125533022,91.85
158,cell_05,91.51954201719572,91.938
159,cell_05,91.65460180820102,91.977
160,cell_05,91.68327387010899,91.339
161,cell_05,91.4556892770562,91.403
162,cell_05,91.72041054293858,91.821
163,cell_05,91.60723377447096,91.628
164,cell_05,91.18093822134601,91.528
165,cell_05,91.32503613405585,90.517
166,cell_05,91.38942960819065,91.319
167,cell_05,91.3615383708743,91.157
168,cell_05,91.23098595125087,90.816
169,cell_05,90.99413866232946,90.159
170,cell_05,91.24712175554055,90.673
171,cell_05,91.18023840055697,90.95
172,cell_05,90.7561123545379,90.812
173,cell_05,91.24461995877552,90.878
174,cell_05,90.94143820654753,90.943
175,cell_05,90.52350625198646,90.784
176,cell_05,90.68785362930103,90.933
177,cell_05,90.69446816010694,90.485
178,cell_05,90.89037237788658,90.371
179,cell_05,90.87051973079876,90.86
180,cell_05,90.64569454968809,90.922
181,cell_05,90.76104559075677,90.873
182,cell_05,90.7687899842878,90.756
183,cell_05,90.44347448664897,90.62
184,cell_05,90.64076726929429,90.151
185,cell_05,90.56955273927053,90.202
186,cell_05,90.69880440786856,90.22
187,cell_05,89.9455429644732,90.87
188,cell_05,90.33681435360144,89.812
189,cell_05,90.60928068621202,91.056
190,cell_05,90.38124226234638,89.711
191,cell_05,89.91496251342859,90.204
192,cell_05,89.93378792983975,89.73
193,cell_05,90.10651452338305,90.18
194,cell_05,90.69580424460794,90.383
195,cell_05,90.08692323513264,90.098
196,cell_05,89.84472310990456,90.38
197,cell_05,90.04612799334026,89.961
198,cell_05,90.37076425482984,89.473
199,cell_05,90.26040343393824,90.276
200,cell_05,90.21867958451533,90.097
201,cell_05,89.81995788967656,89.944
202,cell_05,90.1397699368812,89.965
203,cell_05,89.90794850082959,90.21
204,cell_05,90.01288242018732,89.262
205,cell_05,89.65545206314329,89.619
206,cell_05,89.32015023303246,89.863
207,cell_05,89.39726728395777,90.125
208,cell_05,89.59288212832675,89.928
209,cell_05,89.29399101776912,89.555
210,cell_05,89.2545141622732,89.267
211,cell_05,89.56754176718462,89.07
212,cell_05,89.1706182454158,89.05
213,cell_05,89.44372160452377,89.451
214,cell_05,89.13451507376801,89.098
215,cell_05,89.3062715499776,89.3
216,cell_05,89.2739020556367,88.901
217,cell_05,89.46313737517198,89.601
218,cell_05,89.21994448444838,89.093
219,cell_05,89.10675726744341,89.516
220,cell_05,88.78163106697805,88.979
221,cell_05,89.0768362481776,88.963
222,cell_05,89.01528302980334,89.588
223,cell_05,88.99642710774403,89.002
224,cell_05,88.5096227100529,88.056
225,cell_05,88.67570810148945,88.215
226,cell_05,88.82792174652307,88.784
227,cell_05,88.85729193145352,88.755
228,cell_05,88.81619660835392,88.298
229,cell_05,88.67373801228979,88.337
230,cell_05,88.79635914909252,88.728
231,cell_05,88.42625294611528,88.921
232,cell_05,88.41759018999521,88.412
233,cell_05,88.43374962835775,88.599
234,cell_05,88.26695296227747,88.241
235,cell_05,88.40653885652989,88.625
236,cell_05,88.25401409303467,87.632
237,cell_05,88.19531485247336,87.692
238,cell_05,88.03424200348348,87.741
239,cell_05,87.9730283594124,88.085
240,cell_05,88.09725728001631,87.518
241,cell_05,88.12438999003557,87.664
242,cell_05,87.79447178499277,87.607
243,cell_05,88.16810522301837,87.571
244,cell_05,87.91531786727668,87.603
245,cell_05,88.07740560993024,87.88
246,cell_05,88.04544542408891,87.28
247,cell_05,88.3216069673753,87.526
248,cell_05,87.88992348570444,87.206
249,cell_05,87.98199048677166,87.639
250,cell_05,88.2295392957468,87.512
251,cell_05,87.6768352619048,87.891
252,cell_05,88.20484568230128,87.569
253,cell_05,87.55169569480519,87.438
254,cell_05,87.36131254115789,87.497
255,cell_05,87.62692132287152,87.827
256,cell_05,87.17406209788363,86.839
257,cell_05,87.15623034796144,87.122
258,cell_05,87.54490915608467,87.321
259,cell_05,87.23576990413945,86.763
260,cell_05,87.08733644973542,87.101
261,cell_05,87.4059896772487,86.937
262,cell_05,87.25310649739663,87.031
263,cell_05,87.62316990343916,86.989
264,cell_05,86.94494319135987,86.923
265,cell_05,87.03833178383869,86.567
266,cell_05,87.04710783870213,87.007
267,cell_05,87.06454774867294,86.425
268,cell_05,86.71975788095236,86.753
269,cell_05,87.19585359715938,87.101
270,cell_05,87.21103567989411,87.311
271,cell_05,87.28304941269835,87.659
272,cell_05,87.01526960743035,86.826
273,cell_05,86.92630967938541,86.695
274,cell_05,86.82485051483786,87.111
275,cell_05,86.99504587462621,87.515
276,cell_05,86.8039783068783,87.414
277,cell_05,86.76632020238097,86.644
278,cell_05,86.60707711507939,86.912
279,cell_05,86.61962407275136,86.538
280,cell_05,86.65507242989419,86.558
281,cell_05,86.34247057142859,86.46
282,cell_05,86.2785111587301,86.148
283,cell_05,86.21561447069593,86.457
284,cell_05,86.54053154873834,86.561
285,cell_05,86.2676894667277,86.003
286,cell_05,86.63945530351131,86.682
287,cell_05,86.64818902777779,86.58
288,cell_05,86.08840764285713,86.06
289,cell_05,86.2631126547619,86.56
290,cell_05,86.63461634523813,86.505
291,cell_05,86.01132689814816,86.174
292,cell_05,85.87163731746038,86.391
293,cell_05,85.90614492724866,85.915
294,cell_05,86.2578688730159,86.018
295,cell_05,86.01253716798942,85.127
296,cell_05,86.28817309126981,86.07
297,cell_05,85.98263719709,86.041
298,cell_05,86.11890308862431,86.137
299,cell_05,86.05488908994705,85.449
300,cell_05,85.89014745899466,86.018
301,cell_05,85.64339863492069,86.035
302,cell_05,85.65887963492064,85.535
303,cell_05,85.66128902777781,86.047
304,cell_05,85.49279371693125,85.869
305,cell_05,86.05482886375661,84.927
306,cell_05,86.20832124999997,85.612
307,cell_05,86.09985608068783,85.16
308,cell_05,85.06483369709004,84.887
309,cell_05,85.11312085052909,85.5
310,cell_05,85.38735323148144,85.37
311,cell_05,85.4569145674604,85.811
312,cell_05,85.2337727420635,85.306
313,cell_05,85.43378715211642,85.485
314,cell_05,85.74778512301589,85.404
315,cell_05,85.16895480026459,85.558
316,cell_05,85.26926497222225,84.986
317,cell_05,84.77675808068784,85.311
318,cell_05,84.92408402262608,85.209
319,cell_05,84.81179175396828,85.448
320,cell_05,85.18969890468411,84.856
321,cell_05,85.15556176719572,84.596
322,cell_05,85.0196028739778,84.678
323,cell_05,84.88720116726793,85.231
324,cell_05,84.52966414172863,84.229
325,cell_05,85.01629061314615,84.95
326,cell_05,84.98185937433865,85.109
327,cell_05,85.03091822751315,84.911
328,cell_05,85.22480266534384,85.328
329,cell_05,85.00566290211641,85.018
330,cell_05,84.68322137837777,84.852
331,cell_05,84.63079236698483,84.597
332,cell_05,84.31771285846558,84.858
333,cell_05,84.98501673140365,84.941
334,cell_05,84.55404525471803,84.738
335,cell_05,84.80208382987385,83.877
336,cell_05,84.83386253968253,83.676
337,cell_05,84.66286103068776,84.092
338,cell_05,84.60243478580814,83.593
339,cell_05,84.27663300529099,83.895
340,cell_05,84.832383726431,83.213
341,cell_05,84.41782739378307,84.193
342,cell_05,84.5447136415344,84.289
343,cell_05,84.24803571957673,83.966
344,cell_05,84.61527426912112,84.492
345,cell_05,84.54160890804606,84.235
346,cell_05,84.42022325277544,83.974
347,cell_05,84.5890531984127,83.796
348,cell_05,84.0398224710891,83.725
349,cell_05,84.51681105046804,83.999
350,cell_05,83.85933757209003,83.788
351,cell_05,84.37486672582985,83.995
352,cell_05,84.19325190508145,84.017
353,cell_05,84.0413362526455,83.757
354,cell_05,84.19860310154665,84.106
355,cell_05,83.81365350925927,83.709
356,cell_05,83.72098475974535,83.784
357,cell_05,83.47844832022605,83.484
358,cell_05,84.46656253571436,83.696
359,cell_05,83.79340668915347,84.425
360,cell_05,83.77654213614167,82.839
361,cell_05,83.8781911823871,83.24
362,cell_05,83.53160951058194,82.973
363,cell_05,84.1083312011785,82.391
364,cell_05,83.11643753042328,83.223
1,cell_06,100.15912816098101,99.974
2,cell_06,100.06858022696458,99.485
3,cell_06,99.96206918529006,100.232
4,cell_06,99.93419574024679,100.373
5,cell_06,100.02362456650735,100.375
6,cell_06,99.91158612629495,100.21
7,cell_06,100.12265039256297,100.106
8,cell_06,99.87249791111587,99.701
9,cell_06,99.95045784238599,100.096
10,cell_06,99.8995610964952,99.811
11,cell_06,99.78858983542278,100.158
12,cell_06,99.91241896880868,99.771
13,cell_06,99.97753916709026,100.156
14,cell_06,99.96172757355947,100.397
15,cell_06,99.94995123344887,100.113
16,cell_06,99.94157985511329,100.099
17,cell_06,99.91001353241496,100.274
18,cell_06,99.99136680892549,100.5
19,cell_06,99.905091731879,99.968
20,cell_06,99.97374776074629,100.156
21,cell_06,99.86358255036481,100.453
22,cell_06,99.85335669839363,100.201
23,cell_06,100.09793116749185,99.399
24,cell_06,100.00950519434559,99.785
25,cell_06,99.96801927025382,100.225
26,cell_06,99.81982891604807,99.88
27,cell_06,99.90299787436493,100.432
28,cell_06,99.89223811337406,100.5
29,cell_06,100.00590557798213,99.823
30,cell_06,99.7456780655974,99.69
31,cell_06,99.70089212484905,99.892
32,cell_06,99.84075907058754,99.802
33,cell_06,99.68502266027225,100.389
34,cell_06,99.74398355139436,99.617
35,cell_06,99.75898867970861,100.151
36,cell_06,99.6923247244042,100.344
37,cell_06,99.62215024311767,100.174
38,cell_06,99.73326181129832,100.059
39,cell_06,99.81918063327014,99.879
40,cell_06,99.7255807495116,100.245
41,cell_06,99.86014224504409,99.617
42,cell_06,99.79267478115266,99.965
43,cell_06,99.6643164053945,99.633
44,cell_06,99.47681763052248,99.128
45,cell_06,99.46915795549768,99.6
46,cell_06,99.59890319566271,99.634
47,cell_06,99.70558829589622,99.638
48,cell_06,99.66908221825274,99.482
49,cell_06,99.7370426820264,99.868
50,cell_06,99.59389723673311,99.902
51,cell_06,99.65208773291872,99.284
52,cell_06,99.79865129299236,99.282
53,cell_06,99.68846606573089,99.061
54,cell_06,99.52707890608434,99.231
55,cell_06,99.57096764150319,99.568
56,cell_06,99.61054912354082,99.523
57,cell_06,99.29364550957672,98.93
58,cell_06,99.33558379212263,99.707
59,cell_06,99.2330513593146,99.001
60,cell_06,99.22049595731845,98.805
61,cell_06,99.24910265584695,98.701
62,cell_06,99.27661474580745,98.787
63,cell_06,98.93309087946805,99.21
64,cell_06,99.34931078546481,99.033
65,cell_06,99.19303638992298,98.92
66,cell_06,99.14370613600309,98.856
67,cell_06,99.12093900484922,98.784
68,cell_06,99.36380593879385,98.843
69,cell_06,99.01980386053492,99.414
70,cell_06,99.21274800285931,99.651
71,cell_06,98.9714437046479,99.669
72,cell_06,98.84066453223281,99.316
73,cell_06,98.9135077016979,98.962
74,cell_06,98.86557552486238,98.909
75,cell_06,99.01510192977679,99.337
76,cell_06,98.84960307525745,99.036
77,cell_06,98.89984338511488,99.233
78,cell_06,98.85632081522219,99.689
79,cell_06,98.76022150910313,99.175
80,cell_06,98.97870539773743,99.793
81,cell_06,98.77249742586747,98.652
82,cell_06,98.86443031889445,99.125
83,cell_06,98.84186406745977,99.085
84,cell_06,98.77470661319879,98.695
85,cell_06,98.75100856093029,99.231
86,cell_06,98.69536510669253,99.45
87,cell_06,98.62530146850023,99.651
88,cell_06,98.83727106467988,99.114
89,cell_06,98.72153393609726,98.42
90,cell_06,98.64306465037176,99.134
91,cell_06,98.6978313264057,99.213
92,cell_06,98.75938628116353,98.92
93,cell_06,98.32420267723751,99.055
94,cell_06,98.69034463109293,98.845
95,cell_06,98.71430846290961,98.95
96,cell_06,98.57977155537914,99.296
97,cell_06,98.53339771114659,99.407
98,cell_06,98.49958113881432,98.348
99,cell_06,98.54948214587988,98.576
100,cell_06,98.63620890622289,98.253
101,cell_06,98.44701818008102,99.281
102,cell_06,98.56573427415461,98.99
103,cell_06,98.47468882891098,98.129
104,cell_06,98.72749820744266,98.71
105,cell_06,98.60567651627223,98.644
106,cell_06,98.58192270687388,98.502
107,cell_06,98.55804730493793,99.04
108,cell_06,98.6011127298435,98.806
109,cell_06,98.60623277243363,98.583
110,cell_06,98.58097489109672,98.309
111,cell_06,98.43956926117603,98.312
112,cell_06,98.52271910746255,98.515
113,cell_06,98.53794700318598,98.365
114,cell_06,98.60461105103364,98.5
115,cell_06,98.5755752072538,98.669
116,cell_06,98.59843206622374,98.042
117,cell_06,98.56143503106092,98.274
118,cell_06,98.55466068295209,98.492
119,cell_06,98.50031608125023,98.971
120,cell_06,98.46554027812375,98.755
121,cell_06,98.54005431228519,98.501
122,cell_06,98.58779761119426,98.623
123,cell_06,98.49064932724109,98.471
124,cell_06,98.29548605144583,98.825
125,cell_06,98.55777994692498,98.632
126,cell_06,98.37325683719995,98.886
127,cell_06,98.46993952898859,98.095
128,cell_06,98.44062426927142,97.739
129,cell_06,98.01785968681354,98.063
130,cell_06,98.28048506137834,98.129
131,cell_06,98.27490740461252,98.701
132,cell_06,98.16729397636948,97.438
133,cell_06,98.06437584298168,97.971
134,cell_06,98.26897421642202,97.957
135,cell_06,98.19372825706039,98.052
136,cell_06,98.34858252248677,98.501
137,cell_06,98.10843452139447,98.244
138,cell_06,97.95406984865524,97.499
139,cell_06,98.07541827207976,98.441
140,cell_06,98.19473827887138,98.246
141,cell_06,98.20004412824683,97.873
142,cell_06,98.14517963542566,97.309
143,cell_06,98.02089209517531,97.749
144,cell_06,98.12843551673267,97.935
145,cell_06,97.83154553968252,98.093
146,cell_06,98.19817208792398,97.263
147,cell_06,98.13436215584318,97.564
148,cell_06,97.87826971074382,98.124
149,cell_06,98.12594358918659,98.245
150,cell_06,97.7851584818743,97.923
151,cell_06,98.13360907257244,98.139
152,cell_06,97.7262005888638,97.931
153,cell_06,97.77459701638038,98.083
154,cell_06,97.86344266881683,97.838
155,cell_06,97.93685937656896,97.938
156,cell_06,97.85129576183269,97.428
157,cell_06,97.52521814142548,98.011
158,cell_06,97.80849857106267,97.419
159,cell_06,97.69668792483546,98.011
160,cell_06,97.80216396386605,97.663
161,cell_06,97.99796625139003,97.905
162,cell_06,98.08753603500668,97.508
163,cell_06,97.97620422782741,97.643
164,cell_06,98.19574751682104,97.905
165,cell_06,98.14851444312167,98.021
166,cell_06,98.17483132104466,98.122
167,cell_06,97.86146929579813,97.449
168,cell_06,98.12531734055895,97.344
169,cell_06,97.39359329815083,97.502
170,cell_06,98.07351220730453,97.324
171,cell_06,97.22036456075391,98.114
172,cell_06,97.74683884167214,98.046
173,cell_06,97.75995870614847,97.345
174,cell_06,98.09020129441016,98.157
175,cell_06,97.78785320080661,98.028
176,cell_06,97.47815476330346,97.155
177,cell_06,97.54500671031742,97.335
178,cell_06,97.39674557800959,97.146
179,cell_06,97.34948413835076,97.618
180,cell_06,97.29098071839415,97.649
181,cell_06,97.18833336078204,97.649
182,cell_06,97.17386721526655,97.036
183,cell_06,97.07353524458871,97.216
184,cell_06,97.114710045402,97.009
185,cell_06,97.09526742041696,97.117
186,cell_06,97.07809968077741,96.325
187,cell_06,97.03990050198614,96.546
188,cell_06,97.17941869712777,97.237
189,cell_06,96.80328053494127,96.356
190,cell_06,96.78631233840062,96.719
191,cell_06,96.86693948535286,96.328
192,cell_06,96.8127561537974,96.973
193,cell_06,96.7657479088293,96.119
194,cell_06,96.89765675322603,96.632
195,cell_06,96.814383736977,97.006
196,cell_06,96.75340097750598,96.907
197,cell_06,96.95019936335794,96.584
198,cell_06,96.76457342056045,96.514
199,cell_06,96.92027363610829,96.654
200,cell_06,96.82051912028425,96.337
201,cell_06,96.9583767552499,96.694
202,cell_06,96.77610018158406,96.699
203,cell_06,96.67073402515203,96.598
204,cell_06,96.69167819275096,97.024
205,cell_06,96.74746867247413,96.403
206,cell_06,96.87061860125262,96.212
207,cell_06,96.60605772551145,96.566
208,cell_06,96.84268994583745,96.761
209,cell_06,96.64688303451989,96.692
210,cell_06,96.93100188660986,96.609
211,cell_06,96.68576775053485,96.317
212,cell_06,96.67136019378468,96.36
213,cell_06,96.67086811422308,96.508
214,cell_06,96.6410809646824,96.484
215,cell_06,96.7435977236486,96.984
216,cell_06,96.70314036435745,96.734
217,cell_06,96.88602867924702,96.495
218,cell_06,96.75085996833603,96.983
219,cell_06,96.63162249421879,96.788
220,cell_06,96.5467114643383,96.247
221,cell_06,96.52778109434485,95.682
222,cell_06,96.52971142958266,96.257
223,cell_06,96.47441411440373,96.833
224,cell_06,96.57393071065562,96.922
225,cell_06,96.36582314024962,96.157
226,cell_06,96.36625035281699,96.852
227,cell_06,96.47073668896041,96.841
228,cell_06,96.36887569805303,97.073
229,cell_06,96.46243201348922,96.94
230,cell_06,96.2609034377271,97.06
231,cell_06,96.48408901471443,96.801
232,cell_06,96.43475664797047,96.791
233,cell_06,96.3400330193749,96.553
234,cell_06,96.26223076381885,96.901
235,cell_06,96.49306822316053,96.255
236,cell_06,96.3706334658587,96.613
237,cell_06,96.4299621563398,96.817
238,cell_06,96.4154943706757,97.077
239,cell_06,96.30986179702823,96.511
240,cell_06,96.34638099813496,96.945
241,cell_06,96.51194027569231,96.595
242,cell_06,96.36488363122379,96.951
243,cell_06,96.39434845327855,96.414
244,cell_06,96.3597656733788,95.959
245,cell_06,96.14869972935648,95.713
246,cell_06,96.41915883103202,95.386
247,cell_06,96.16240663978259,95.695
248,cell_06,96.17979173804545,96.138
249,cell_06,96.13057913647359,95.436
250,cell_06,96.09064016453378,95.296
251,cell_06,96.26356271878832,95.861
252,cell_06,96.22680229971037,95.238
253,cell_06,95.82375893744086,96.078
254,cell_06,95.67176848366014,96.025
255,cell_06,95.76204379737811,95.875
256,cell_06,95.81206107093855,95.56
257,cell_06,95.77208827769007,96.062
258,cell_06,95.90349209928183,95.967
259,cell_06,96.15834384616046,95.401
260,cell_06,95.98205930671979,95.884
261,cell_06,95.88081526456912,95.179
262,cell_06,95.86421127503276,95.393
263,cell_06,95.8328618594564,94.914
264,cell_06,95.72765298841357,95.496
265,cell_06,95.76191396965571,95.364
266,cell_06,95.75080157852611,95.317
267,cell_06,95.9501564101714,95.403
268,cell_06,95.71823893638295,95.279
269,cell_06,95.88401634864223,95.465
270,cell_06,95.76508935344145,95.838
271,cell_06,95.83728959973965,95.134
272,cell_06,95.87953292599754,95.711
273,cell_06,95.67963389546867,95.517
274,cell_06,95.64299792363373,95.565
275,cell_06,95.78691048801568,95.443
276,cell_06,95.41190873196254,95.237
277,cell_06,95.5254858839833,95.586
278,cell_06,95.64714734721892,95.608
279,cell_06,95.58260943874953,95.212
280,cell_06,95.47937297965608,95.051
281,cell_06,95.28980639701847,95.478
282,cell_06,95.21569800505047,95.679
283,cell_06,95.40629367959895,95.754
284,cell_06,95.34161865033717,95.814
285,cell_06,95.39735796411411,95.564
286,cell_06,95.33944289540561,95.374
287,cell_06,95.4894662400737,95.452
288,cell_06,95.38790431430253,95.08
289,cell_06,95.50831011639129,95.248
290,cell_06,95.34593845415125,95.437
291,cell_06,95.33770752386141,95.373
292,cell_06,95.4074818899142,95.48
293,cell_06,95.08325933399325,95.04
294,cell_06,95.32432480485632,95.107
295,cell_06,95.25593521766066,95.685
296,cell_06,95.25994857509262,95.203
297,cell_06,95.324594490414,95.25
298,cell_06,95.31128845045826,95.481
299,cell_06,95.4386163201164,95.173
300,cell_06,95.20234033224206,95.784
301,cell_06,95.37119619379241,94.53
302,cell_06,95.35151889442051,94.908
303,cell_06,95.2466119390136,94.683
304,cell_06,95.31328789381294,94.954
305,cell_06,95.37942466966993,94.758
306,cell_06,95.39167219168229,94.9
307,cell_06,95.40244315581022,95.274
308,cell_06,95.15162600478911,94.701
309,cell_06,95.21124027853058,94.699
310,cell_06,95.25656802860594,94.813
311,cell_06,95.31882569177746,95.35
312,cell_06,95.15027698996101,94.881
313,cell_06,95.2250225324214,95.278
314,cell_06,95.13610909094145,94.854
315,cell_06,95.11609517575016,95.264
316,cell_06,95.0630445466432,95.03
317,cell_06,94.82792391005286,95.074
318,cell_06,95.12289211622469,94.477
319,cell_06,94.87934143807117,94.081
320,cell_06,94.65025342528583,94.877
321,cell_06,94.70309121827704,94.873
322,cell_06,94.96810180830273,95.282
323,cell_06,94.88440624374698,94.11
324,cell_06,94.69071236850334,94.702
325,cell_06,94.92792482674264,94.242
326,cell_06,94.92372309174775,94.327
327,cell_06,94.75637116310948,94.399
328,cell_06,94.83190949634478,94.664
329,cell_06,94.77217224618906,94.35
330,cell_06,94.75598543304216,94.559
331,cell_06,94.67389362707426,94.799
332,cell_06,94.6174322093026,94.888
333,cell_06,94.62220651884643,94.757
334,cell_06,94.68188559604584,94.685
335,cell_06,94.66067359632343,94.507
336,cell_06,94.61653937864598,94.379
337,cell_06,94.57704371925021,94.711
338,cell_06,94.57438332534994,94.234
339,cell_06,94.60692510957014,94.585
340,cell_06,94.63190589203874,94.227
341,cell_06,94.55942977024092,94.529
342,cell_06,94.63445869449009,94.225
343,cell_06,94.70112557630394,94.421
344,cell_06,94.43610579608942,94.338
345,cell_06,94.52783793328575,94.302
346,cell_06,94.55107346922637,94.515
347,cell_06,94.60419309149906,93.814
348,cell_06,94.5428245573762,93.885
349,cell_06,94.79526656153138,94.589
350,cell_06,94.3184402480096,94.392
351,cell_06,94.34531632492688,94.131
352,cell_06,94.40969654309451,94.64
353,cell_06,94.50082983163068,94.156
354,cell_06,94.11687331579265,94.174
355,cell_06,94.66225459666276,94.113
356,cell_06,94.26555317730985,94.92
357,cell_06,94.3197225073508,94.418
358,cell_06,94.07184027352105,94.406
359,cell_06,94.28831840654853,94.487
360,cell_06,94.28322103005381,93.705
361,cell_06,94.2975981265484,94.083
362,cell_06,94.10434538775161,94.398
363,cell_06,94.3946886392573,94.26
364,cell_06,94.1170164456702,94.923
365,cell_06,93.99838767217506,94.101
366,cell_06,94.16873486579705,94.531
367,cell_06,93.85423121003257,94.49
368,cell_06,93.81481862777542,94.291
369,cell_06,93.93829246436029,94.345
370,cell_06,93.90163225950029,93.819
371,cell_06,94.3338419835805,92.68
1,cell_07,100.00752993374935,100.065
2,cell_07,99.88109637406752,99.802
3,cell_07,100.02863236404725,100.0
4,cell_07,99.81087199639819,99.638
5,cell_07,99.96243974313194,99.821
6,cell_07,99.97775096386383,99.939
7,cell_07,99.82014785138722,100.003
8,cell_07,100.03205013345459,100.2
9,cell_07,99.917033496705,99.235
10,cell_07,99.92334008962222,99.894
11,cell_07,100.0285251508617,99.879
12,cell_07,99.71961637688494,99.912
13,cell_07,100.0471257376307,99.941
14,cell_07,100.0106441964682,99.488
15,cell_07,99.95626078789168,99.273
16,cell_07,99.84614692018936,99.802
17,cell_07,99.70234829279465,99.438
18,cell_07,99.77994323397485,99.857
19,cell_07,99.92441034813174,99.455
20,cell_07,99.55545014562045,99.944
21,cell_07,99.82228795148008,99.72
22,cell_07,100.04311058408419,99.741
23,cell_07,100.00218822885004,99.663
24,cell_07,99.97404396966228,99.615
25,cell_07,99.51958852003074,99.667
26,cell_07,99.84659836032712,100.091
27,cell_07,99.91914989311172,99.276
28,cell_07,99.90246760640534,99.542
29,cell_07,99.59866134867437,99.897
30,cell_07,99.83740092367128,99.826
31,cell_07,99.61163496396466,99.984
32,cell_07,99.64517548899715,99.563
33,cell_07,99.62008833881902,99.185
34,cell_07,99.1195713565056,99.248
35,cell_07,99.10391482871236,99.491
36,cell_07,99.11828035824182,99.809
37,cell_07,99.27337193419416,99.2
38,cell_07,98.94254277125492,99.177
39,cell_07,99.30597672345779,99.396
40,cell_07,99.0979420537919,98.734
41,cell_07,99.06165986779524,98.594
42,cell_07,99.1843603360726,98.425
43,cell_07,99.08741163286288,99.01
44,cell_07,99.19728936567526,99.04
45,cell_07,99.04904440386666,98.409
46,cell_07,98.88848649920781,98.605
47,cell_07,99.20745920073456,98.926
48,cell_07,99.06787034659807,98.385
49,cell_07,98.9995675775372,98.835
50,cell_07,99.019502516841,98.628
51,cell_07,98.46499814812962,98.361
52,cell_07,98.77222102106668,99.259
53,cell_07,98.81393941670807,98.624
54,cell_07,98.91453764865692,98.883
55,cell_07,98.68652960014497,98.39
56,cell_07,98.57563764774116,99.192
57,cell_07,98.17312881746031,99.31
58,cell_07,98.30521369841264,98.275
59,cell_07,98.39075889285711,98.677
60,cell_07,98.38952769047613,99.124
61,cell_07,98.31260336507931,98.585
62,cell_07,98.31478551984134,98.849
63,cell_07,98.22899657142862,98.222
64,cell_07,98.24466395238095,98.489
65,cell_07,98.1887755515874,98.817
66,cell_07,98.17480439682545,97.826
67,cell_07,98.12113428968262,97.895
68,cell_07,98.20831227777788,97.548
69,cell_07,98.18653946825401,97.978
70,cell_07,98.2152796362434,97.38
71,cell_07,97.9845367592593,98.244
72,cell_07,97.55949455952381,97.537
73,cell_07,97.6169203015873,97.939
74,cell_07,97.50555680050506,97.909
75,cell_07,97.412138974211,97.403
76,cell_07,97.5027624415655,97.526
77,cell_07,97.5114336357695,97.561
78,cell_07,97.58510176346809,97.369
79,cell_07,97.40612609663263,97.097
80,cell_07,97.42064032104012,97.646
81,cell_07,97.39041364845117,97.279
82,cell_07,97.31548392232095,96.997
83,cell_07,97.20069165709614,97.333
84,cell_07,97.23212450739787,97.202
85,cell_07,97.21093313852815,96.844
86,cell_07,97.00524836111116,97.343
87,cell_07,97.1148740370371,97.23
88,cell_07,97.3946458802864,96.819
89,cell_07,97.38882591761502,96.877
90,cell_07,97.06485903175135,97.331
91,cell_07,97.04123117133612,97.264
92,cell_07,97.00358455316221,96.58
93,cell_07,96.8968591300948,96.457
94,cell_07,97.03211307287594,96.967
95,cell_07,96.9216402302577,96.406
96,cell_07,97.09962121914384,97.0
97,cell_07,97.01759369966335,97.339
98,cell_07,97.11614179297177,96.87
99,cell_07,97.02613897406347,96.482
100,cell_07,96.98300290019716,96.811
101,cell_07,97.16143793488597,96.995
102,cell_07,96.724942631795,96.714
103,cell_07,96.80925757583175,96.829
104,cell_07,96.82282962654816,96.444
105,cell_07,96.56433015500603,95.932
106,cell_07,96.74980559983298,96.393
107,cell_07,96.80605384394534,95.841
108,cell_07,96.52503579252615,95.279
109,cell_07,96.6013918047946,95.963
110,cell_07,96.59210751334714,96.149
111,cell_07,96.73020175816855,96.373
112,cell_07,96.62425854088436,96.549
113,cell_07,96.5852624539719,96.08
114,cell_07,96.65852288066382,96.253
115,cell_07,96.35418686772492,95.929
116,cell_07,96.28675233718135,95.999
117,cell_07,96.4034877392773,95.837
118,cell_07,96.43960848288562,96.009
119,cell_07,96.37395569672923,95.674
120,cell_07,96.37219772881568,96.487
121,cell_07,96.39359791180857,95.15
122,cell_07,96.42507522944653,96.039
123,cell_07,96.5562929765031,95.963
124,cell_07,96.43134180209601,95.979
125,cell_07,96.41255869107746,95.512
126,cell_07,96.26689520430497,95.175
127,cell_07,96.50375692989425,95.86
128,cell_07,96.31997501657332,96.081
129,cell_07,96.23432941868973,95.744
130,cell_07,96.16527189355747,95.92
131,cell_07,96.1663231766262,95.541
132,cell_07,96.0897128386244,95.778
133,cell_07,96.00189378571424,96.046
134,cell_07,95.96492986111114,95.584
135,cell_07,95.83520518518522,96.034
136,cell_07,95.65400945899468,95.188
137,cell_07,95.69092499470894,95.494
138,cell_07,95.56472208887865,95.842
139,cell_07,95.66941017460319,96.249
140,cell_07,95.54891753262352,95.683
141,cell_07,95.5446167291141,95.368
142,cell_07,95.49044504150112,96.242
143,cell_07,95.36299884477454,95.641
144,cell_07,95.33188357526447,95.878
145,cell_07,95.30746025371805,95.578
146,cell_07,95.44278370074178,95.721
147,cell_07,95.51988928068779,94.634
148,cell_07,95.25185545175435,95.48
149,cell_07,95.15655221996035,95.16
150,cell_07,95.16424537590191,95.333
151,cell_07,95.1495425977634,94.566
152,cell_07,95.08604267953346,94.255
153,cell_07,95.08218372733118,94.509
154,cell_07,95.07592385875411,95.352
155,cell_07,95.08774352840213,94.5
156,cell_07,95.08438689523688,94.912
157,cell_07,94.98636027506264,93.915
158,cell_07,95.14009253590282,93.974
159,cell_07,94.91202770191416,94.184
160,cell_07,94.8811730453343,94.841
161,cell_07,94.90575543723412,94.538
162,cell_07,94.90582867099562,93.592
163,cell_07,94.85257849668007,94.408
164,cell_07,94.68715712734488,93.864
165,cell_07,94.55890258494371,94.004
166,cell_07,94.46666671296302,94.04
167,cell_07,94.49122036267433,94.281
168,cell_07,94.5585794856902,94.266
169,cell_07,94.35944812169308,93.961
170,cell_07,94.35149498412693,93.965
171,cell_07,94.24102801058197,94.265
172,cell_07,94.11301751058194,93.389
173,cell_07,94.30340766798942,94.41
174,cell_07,94.27964922354496,93.641
175,cell_07,94.23031077513224,93.94
176,cell_07,94.10698185582005,93.713
177,cell_07,94.07211277645501,93.515
178,cell_07,94.19067685714283,94.0
179,cell_07,94.07859494805201,93.932
180,cell_07,94.04035153138531,93.83
181,cell_07,93.99644112301591,93.816
182,cell_07,93.79589587301595,94.319
183,cell_07,93.76590780687825,94.519
184,cell_07,93.66834865476196,94.237
185,cell_07,94.0379721587302,93.945
186,cell_07,93.99611437301584,93.37
187,cell_07,93.89913707275132,94.05
188,cell_07,93.64923847089945,94.063
189,cell_07,93.96984276851849,93.978
190,cell_07,93.97506170370367,93.405
191,cell_07,93.94562830158726,94.002
192,cell_07,93.68918309920635,94.215
193,cell_07,93.92612035317462,93.452
194,cell_07,93.87177705087507,93.952
195,cell_07,93.9770597288361,93.503
196,cell_07,93.70680924928773,93.716
197,cell_07,93.77178963492068,92.949
198,cell_07,93.75987954059819,93.129
199,cell_07,93.80552698677246,93.131
200,cell_07,93.83656966931223,93.357
201,cell_07,93.35573079761909,93.501
202,cell_07,93.3366231677859,93.599
203,cell_07,93.43162324867731,93.038
204,cell_07,93.25412117572245,93.342
205,cell_07,93.30109411223037,92.904
206,cell_07,93.30525562698423,93.201
207,cell_07,93.21064855291011,93.247
208,cell_07,93.21423597354497,92.68
209,cell_07,93.26542090984935,93.125
210,cell_07,93.32316093121692,92.91
211,cell_07,93.26700353439158,93.003
212,cell_07,92.96153068518511,93.324
213,cell_07,92.77202188624332,92.829
214,cell_07,92.5709089338624,93.212
215,cell_07,92.77465273015876,93.39
216,cell_07,92.49978098015875,93.372
217,cell_07,92.81404411111116,92.901
218,cell_07,92.68765999206347,92.665
219,cell_07,92.6126855317461,92.744
220,cell_07,92.58936900793655,92.481
221,cell_07,92.41948856216926,93.163
222,cell_07,92.5064132976191,93.182
223,cell_07,92.44660978703703,92.992
224,cell_07,92.54885537301593,92.544
225,cell_07,92.65066377116406,92.848
226,cell_07,92.61275093915343,92.781
227,cell_07,93.03509882990616,92.55
228,cell_07,92.97258741000412,92.602
229,cell_07,93.00051304581538,93.359
230,cell_07,92.99186516879514,92.465
231,cell_07,92.69292123887688,91.719
232,cell_07,92.59373016798945,92.036
233,cell_07,92.80084581234973,92.458
234,cell_07,92.47362719312171,92.372
235,cell_07,92.47150087662341,91.833
236,cell_07,92.55169900396828,91.838
237,cell_07,92.22404700488396,91.649
238,cell_07,92.45022971693123,91.996
239,cell_07,92.0918907751323,92.303
240,cell_07,92.06820722751321,92.404
241,cell_07,92.36857198361825,92.395
242,cell_07,92.1226120881433,91.598
243,cell_07,92.04024550529107,91.878
244,cell_07,91.98132860541305,91.79
245,cell_07,92.19886806481477,92.062
246,cell_07,92.04771511640207,91.859
247,cell_07,92.36016462698412,91.817
248,cell_07,92.15124624338623,92.321
249,cell_07,92.35843091798941,91.914
250,cell_07,92.11129396428572,91.922
251,cell_07,92.19010508465612,92.008
252,cell_07,92.25775646574654,92.087
253,cell_07,92.02560153412702,92.089
254,cell_07,91.98550902777775,92.35
255,cell_07,91.92709218650799,91.377
256,cell_07,92.24671864947098,91.86
257,cell_07,92.06925388095239,91.732
258,cell_07,92.12237262962964,91.672
259,cell_07,91.99930952104374,91.99
260,cell_07,92.0946551349207,92.151
261,cell_07,92.20528151441155,91.585
262,cell_07,92.27793139129393,92.013
263,cell_07,92.24686439165467,91.078
264,cell_07,92.02243339430015,91.684
265,cell_07,91.57872737301597,91.24
266,cell_07,91.59064582142867,91.314
267,cell_07,91.490360218254,91.525
268,cell_07,91.45741645238093,91.387
269,cell_07,91.34452411485087,90.648
270,cell_07,91.31142841687547,91.69
271,cell_07,91.28677409391527,91.439
272,cell_07,91.15411341100561,91.157
273,cell_07,91.08358755555551,91.133
274,cell_07,91.24886258862429,91.093
275,cell_07,91.09813994973548,90.692
276,cell_07,91.20467687024079,90.66
277,cell_07,91.15156254148627,91.446
278,cell_07,91.15898701851849,91.524
279,cell_07,91.18494239069263,91.102
280,cell_07,91.23135217772965,90.962
281,cell_07,91.03858679810008,90.968
282,cell_07,91.23332975687501,90.948
283,cell_07,91.28171663899906,90.498
284,cell_07,91.31325100563305,90.8
285,cell_07,91.05051084296312,90.645
286,cell_07,91.68552725320805,90.649
287,cell_07,91.12903465481041,91.076
288,cell_07,91.22751874263366,90.883
289,cell_07,91.10956400726351,89.707
290,cell_07,91.54924657271592,90.182
291,cell_07,91.3163967940917,90.167
292,cell_07,91.18626858080812,90.453
293,cell_07,91.16117068694886,89.669
294,cell_07,90.7479726344835,89.208
295,cell_07,90.81924360317458,90.351
296,cell_07,90.8240162426846,90.393
297,cell_07,90.87586511173218,89.569
298,cell_07,90.89513198015868,90.067
299,cell_07,90.78757281368304,90.564
300,cell_07,91.01937916061263,89.781
301,cell_07,91.00151782767615,90.135
302,cell_07,91.02702860515865,90.257
303,cell_07,90.75561195004666,89.676
304,cell_07,90.79325780796356,89.935
305,cell_07,90.74288571510637,89.597
306,cell_07,90.66373780859011,90.055
307,cell_07,90.64850498588135,89.867
308,cell_07,90.57418775175434,90.167
309,cell_07,90.51052790413533,90.295
310,cell_07,90.23250461813187,90.4
311,cell_07,90.26735893121696,90.683
312,cell_07,90.23381425,90.045
313,cell_07,90.12890853908138,89.888
314,cell_07,90.44627560822506,89.871
315,cell_07,90.20333351587301,89.694
316,cell_07,90.0865952784993,89.846
317,cell_07,90.15821384391533,89.563
318,cell_07,90.75674262698412,89.732
319,cell_07,90.10793000192399,89.297
320,cell_07,90.03358731166054,89.437
321,cell_07,90.31257807732078,89.707
322,cell_07,89.8935396767399,89.539
323,cell_07,89.87358066666665,89.001
324,cell_07,90.34444402176533,89.572
325,cell_07,90.23009353648911,89.336
326,cell_07,90.30910198412698,89.931
327,cell_07,90.33167291642611,89.868
328,cell_07,89.56444783218753,88.892
329,cell_07,90.14715500038193,89.598
330,cell_07,90.29787853678587,89.474
331,cell_07,89.97916666098902,88.912
332,cell_07,90.35728705780723,89.611
333,cell_07,90.20986485219373,88.963
334,cell_07,90.22292727661993,89.691
335,cell_07,90.07066748280373,89.153
336,cell_07,89.97241190194427,88.892
337,cell_07,89.84617472271998,89.941
338,cell_07,89.93738407449635,88.841
339,cell_07,89.81241465209311,89.063
340,cell_07,89.78973405398644,89.122
341,cell_07,89.81909191210958,89.168
342,cell_07,89.85381001681742,89.515
343,cell_07,90.0655127658046,89.322
344,cell_07,90.05092163278307,89.606
345,cell_07,89.94049457745078,89.417
346,cell_07,89.74842016993242,88.803
347,cell_07,90.09231502801121,89.47
348,cell_07,89.7041993314536,89.375
349,cell_07,89.76095819005552,89.118
350,cell_07,90.00581011050524,89.652
351,cell_07,89.96824685915014,89.213
352,cell_07,89.6947570194565,88.987
353,cell_07,89.76513067783482,88.997
354,cell_07,89.44538526158026,88.578
355,cell_07,89.43737114327926,88.894
356,cell_07,89.44729873430715,88.799
357,cell_07,89.5542054124624,88.537
358,cell_07,89.49195915938273,88.338
359,cell_07,89.49356650482765,88.712
360,cell_07,89.40211253573973,88.881
361,cell_07,89.39961783373786,88.709
362,cell_07,89.31025178232704,88.65
363,cell_07,89.33701946963421,88.698
364,cell_07,89.26032330950007,88.603
365,cell_07,89.24528410104449,89.154
366,cell_07,89.1809498656526,88.771
367,cell_07,89.2122282075961,88.544
368,cell_07,89.15276432029405,88.147
369,cell_07,88.88289466503825,88.63
370,cell_07,89.44847836152493,88.516
371,cell_07,88.86504054966484,88.505
372,cell_07,89.23626473115799,88.972
373,cell_07,88.66239376137948,88.713
374,cell_07,88.82877522209246,88.185
375,cell_07,89.15466281723758,88.875
376,cell_07,88.9691593928961,88.215
377,cell_07,89.11247509558046,88.897
378,cell_07,89.13635055637606,88.547
379,cell_07,89.27198395981532,88.716
380,cell_07,88.9620734297528,88.682
381,cell_07,88.84561643412702,88.645
382,cell_07,88.86786546058205,88.752
383,cell_07,89.05779639961519,88.714
384,cell_07,89.04115667901004,88.541
385,cell_07,88.7584767753969,88.048
386,cell_07,88.29330276072136,87.784
387,cell_07,88.41407804629631,87.497
388,cell_07,88.31770353240742,87.824
389,cell_07,88.39621561135164,87.403
390,cell_07,88.32669043320108,87.701
391,cell_07,88.31628199470903,86.905
392,cell_07,88.56732301984138,87.097
393,cell_07,88.00519435714287,86.862
394,cell_07,88.36894879034392,87.476
395,cell_07,88.19693730573596,87.223
396,cell_07,88.11071995568787,87.556
397,cell_07,88.04195220840477,87.058
398,cell_07,88.04305417623782,87.51
399,cell_07,88.18096174531034,87.524
400,cell_07,87.93186745000006,87.414
401,cell_07,88.14317895454005,87.36
402,cell_07,88.10989874134202,87.392
403,cell_07,87.98746218851613,87.077
404,cell_07,88.08385365175573,87.028
405,cell_07,87.7970861378307,87.514
406,cell_07,87.90887370946027,87.077
407,cell_07,88.04740653667638,87.324
408,cell_07,87.8861448679018,87.653
409,cell_07,87.81206952060543,87.05
410,cell_07,87.76026593387255,87.007
411,cell_07,87.71761280241833,87.09
412,cell_07,87.70544301273941,87.199
413,cell_07,87.70082062036573,87.372
414,cell_07,87.67321116117729,87.179
415,cell_07,87.61032342562534,87.762
416,cell_07,87.65668385966768,87.265
417,cell_07,87.4890632133469,87.373
418,cell_07,87.6003071726222,87.127
419,cell_07,87.42671870949034,87.442
420,cell_07,87.49701385711509,87.077
421,cell_07,87.4831282804773,86.945
422,cell_07,87.49687114947085,87.266
423,cell_07,87.39781681726603,86.977
424,cell_07,87.30867218202172,87.068
425,cell_07,87.35059038095235,87.289
426,cell_07,87.16245058448037,87.036
427,cell_07,87.07184081806153,86.913
428,cell_07,87.03315965488213,86.797
429,cell_07,87.12692241810964,87.276
430,cell_07,87.25360648972328,86.855
431,cell_07,87.23174406439858,86.943
432,cell_07,87.05274872366519,87.044
433,cell_07,87.12634572366521,87.043
434,cell_07,87.01302491221736,87.262
435,cell_07,87.02552089153437,86.937
436,cell_07,87.05650214454062,87.371
437,cell_07,86.81956608441551,86.883
438,cell_07,87.12244908862431,85.534
1,cell_08,100.01333519459827,99.499
2,cell_08,100.08692102681108,100.5
3,cell_08,99.97285004112973,99.845
4,cell_08,99.92548116104575,99.578
5,cell_08,100.03665647252971,99.757
6,cell_08,99.97838517211581,100.026
7,cell_08,99.83240490085497,100.094
8,cell_08,99.81938580964857,99.328
9,cell_08,99.29871820652306,99.5
10,cell_08,99.36323127102136,99.529
11,cell_08,99.47269499519193,99.822
12,cell_08,99.61683433569615,99.707
13,cell_08,99.96261859147329,99.611
14,cell_08,99.64563890802474,99.804
15,cell_08,99.22466915315606,99.121
16,cell_08,99.35659284082213,99.481
17,cell_08,99.29078342217495,99.421
18,cell_08,99.31836993568028,99.339
19,cell_08,99.27858679077404,98.691
20,cell_08,99.25434970254996,98.807
21,cell_08,99.16800129453635,98.595
22,cell_08,99.1730901867961,99.584
23,cell_08,99.18464082731062,99.088
24,cell_08,99.00840153563058,99.008
25,cell_08,98.94148647697051,98.521
26,cell_08,98.92949948887315,98.393
27,cell_08,98.78957056128148,98.617
28,cell_08,98.76386773928105,98.714
29,cell_08,98.80062444135253,98.246
30,cell_08,98.6567355795137,98.824
31,cell_08,98.4009999036075,99.005
32,cell_08,98.41528405881152,98.009
33,cell_08,98.50116091330895,98.121
34,cell_08,98.3236972698413,98.76
35,cell_08,98.31827802380951,98.504
36,cell_08,98.40275614144734,98.132
37,cell_08,98.1065113637566,98.612
38,cell_08,98.27811587078801,98.213
39,cell_08,98.4272768206201,97.617
40,cell_08,97.71875286764312,97.31
41,cell_08,97.54720710826587,97.657
42,cell_08,97.7212581902765,97.958
43,cell_08,97.69325066595897,97.509
44,cell_08,97.80371351125041,97.846
45,cell_08,97.57977620034114,97.539
46,cell_08,97.80326381702339,97.877
47,cell_08,97.48908244319209,97.415
48,cell_08,97.51384847095946,98.02
49,cell_08,97.60607515590502,97.758
50,cell_08,97.37305701783576,97.627
51,cell_08,97.7082867363228,97.638
52,cell_08,97.42052649584392,97.414
53,cell_08,97.53155165562102,97.395
54,cell_08,97.18057095206885,97.091
55,cell_08,97.04467868774964,96.652
56,cell_08,97.15375741122514,96.831
57,cell_08,97.1945725488682,96.731
58,cell_08,97.02652739066619,97.183
59,cell_08,97.1614293135387,97.188
60,cell_08,97.08625859150149,97.392
61,cell_08,96.7660205506867,96.821
62,cell_08,96.77166765480504,96.679
63,cell_08,96.6057866439464,96.48
64,cell_08,96.80302724544617,97.003
65,cell_08,96.25740043805415,97.181
66,cell_08,96.63529236904756,96.739
67,cell_08,96.42778076406005,96.308
68,cell_08,96.40052731300173,96.298
69,cell_08,96.34004229183778,96.376
70,cell_08,96.44837656817263,96.17
71,cell_08,96.29474710052911,96.446
72,cell_08,96.30229747449775,96.02
73,cell_08,96.07110665609099,96.04
74,cell_08,95.99631784951329,95.799
75,cell_08,95.869455526455,95.838
76,cell_08,96.06945417240144,95.527
77,cell_08,95.91806725176653,95.453
78,cell_08,95.9690506069104,95.535
79,cell_08,95.79343727857605,95.684
80,cell_08,95.56660015184117,95.3
81,cell_08,95.6996700149276,95.197
82,cell_08,95.6259580066047,95.319
83,cell_08,95.40958862673524,94.993
84,cell_08,95.49142784034268,95.522
85,cell_08,95.3897501388889,95.112
86,cell_08,94.98797140873023,94.889
87,cell_08,95.31243032539682,94.926
88,cell_08,95.55532690079372,94.941
89,cell_08,94.9405556899952,94.53
90,cell_08,95.04891778391055,94.975
91,cell_08,95.35754689417993,94.978
92,cell_08,94.96109212445886,95.38
93,cell_08,94.81105523229544,94.717
94,cell_08,94.63738889682539,94.772
95,cell_08,94.99287105952384,94.606
96,cell_08,94.75047028835975,94.936
97,cell_08,94.8278968875661,94.786
98,cell_08,94.70859062830685,95.084
99,cell_08,94.48994442989414,94.658
100,cell_08,94.76349627248679,94.929
101,cell_08,94.50599944444446,94.716
102,cell_08,94.61713846825396,93.768
103,cell_08,94.54892028968257,94.509
104,cell_08,94.34505982275127,93.796
105,cell_08,94.15325954629627,94.273
106,cell_08,94.24706886904777,94.277
107,cell_08,94.06791567712843,94.123
108,cell_08,94.10613423015877,94.14
109,cell_08,93.81260752380958,94.137
110,cell_08,93.98032680026456,94.235
111,cell_08,93.84126890740743,94.093
112,cell_08,94.04092036099085,94.91
113,cell_08,93.96594274074076,93.547
114,cell_08,94.01111053559397,93.283
115,cell_08,93.8750937116402,93.227
116,cell_08,93.94867173809526,93.848
117,cell_08,93.91800361640207,93.173
118,cell_08,93.62439542460316,93.287
119,cell_08,93.72585443518516,93.244
120,cell_08,93.6571611084656,93.787
121,cell_08,93.56537691137565,93.522
122,cell_08,93.68494362962966,92.84
123,cell_08,93.45954025000009,93.25
124,cell_08,93.60205273941801,92.233
125,cell_08,93.58017812301597,92.801
126,cell_08,93.73396044708997,93.205
127,cell_08,93.00133301322748,92.93
128,cell_08,92.99621692857151,93.322
129,cell_08,93.30138260317463,92.354
130,cell_08,92.97150795105827,92.804
131,cell_08,93.00420976322746,93.16
132,cell_08,93.2216938544973,93.156
133,cell_08,92.86385736904762,93.179
134,cell_08,93.1043834285715,93.086
135,cell_08,92.90424758730158,92.681
136,cell_08,92.73318308357383,92.79
137,cell_08,92.54091235449734,93.719
138,cell_08,92.77665984920638,92.646
139,cell_08,92.86065465476193,92.6
140,cell_08,92.71281641798946,93.228
141,cell_08,92.70533952801829,92.706
142,cell_08,92.59916783585864,92.891
143,cell_08,92.68059132717383,93.174
144,cell_08,92.62169696473995,91.974
145,cell_08,92.40531572619045,92.139
146,cell_08,92.27079663359793,91.499
147,cell_08,92.44172670650481,92.356
148,cell_08,92.23615518081,91.132
149,cell_08,92.1048399662216,91.401
150,cell_08,92.28269050091575,91.839
151,cell_08,92.36126885846556,91.968
152,cell_08,92.16506111599523,91.358
153,cell_08,92.09010678795285,91.641
154,cell_08,91.98941733292631,91.305
155,cell_08,92.28376324297932,91.708
156,cell_08,92.10010735144479,91.563
157,cell_08,91.67892593253967,91.613
158,cell_08,91.71131423821551,91.999
159,cell_08,91.79410681674801,91.888
160,cell_08,91.70111265476181,91.972
161,cell_08,92.04960570127353,91.765
162,cell_08,91.43551749566001,92.018
163,cell_08,91.39200513553108,91.252
164,cell_08,91.2819376681783,91.115
165,cell_08,90.99358405262332,91.433
166,cell_08,91.2064511927061,91.135
167,cell_08,90.88375532582643,91.163
168,cell_08,91.1365413063974,91.583
169,cell_08,91.09477310805774,91.322
170,cell_08,91.02965012765851,90.94
171,cell_08,91.25824142799924,91.291
172,cell_08,91.0364259516123,90.646
173,cell_08,90.96623586617426,90.481
174,cell_08,90.87055416348181,90.343
175,cell_08,90.97844039332149,90.316
176,cell_08,91.00249166511195,90.537
177,cell_08,90.86650511054744,90.483
178,cell_08,90.65260194741103,90.442
179,cell_08,90.9022877230943,90.358
180,cell_08,91.24295621884553,90.269
181,cell_08,90.71532169849586,90.677
182,cell_08,91.04122904319408,89.852
183,cell_08,90.86280312489536,90.116
184,cell_08,90.39775577282246,90.44
185,cell_08,90.55767509179292,90.775
186,cell_08,90.38702546610521,90.213
187,cell_08,90.30434428966379,90.008
188,cell_08,90.30575508543058,89.699
189,cell_08,90.15099609929291,89.923
190,cell_08,90.31109752532407,90.244
191,cell_08,90.216375914862,90.505
192,cell_08,90.09644194242523,89.573
193,cell_08,90.22029120681155,89.421
194,cell_08,90.28222255946312,89.681
195,cell_08,90.2251416942195,89.176
196,cell_08,89.89031348580076,90.031
197,cell_08,90.14799493930327,89.291
198,cell_08,89.95294267391228,89.755
199,cell_08,90.1586475365223,89.75
200,cell_08,90.01658630660376,89.849
201,cell_08,90.04785537362618,89.737
202,cell_08,90.38854518275205,89.661
203,cell_08,90.45368785341856,89.789
204,cell_08,89.52844592630669,89.911
205,cell_08,89.64663277796508,90.199
206,cell_08,89.6792391528141,89.33
207,cell_08,89.76183548945403,89.109
208,cell_08,89.67307527133971,89.196
209,cell_08,89.69362357429482,88.536
210,cell_08,89.47016856920222,88.72
211,cell_08,89.4435728213038,88.682
212,cell_08,89.4755990605429,88.955
213,cell_08,89.21821577506532,89.337
214,cell_08,89.45591438272679,89.268
215,cell_08,89.32632807606488,88.894
216,cell_08,89.18945662448839,88.919
217,cell_08,89.43050508417853,89.683
218,cell_08,89.31810019225624,89.259
219,cell_08,88.95042072813294,89.132
220,cell_08,88.87351812698418,89.117
221,cell_08,88.95118387460171,88.993
222,cell_08,88.99100557169167,89.681
223,cell_08,88.78670468174484,88.608
224,cell_08,88.72632354751728,88.71
225,cell_08,88.59265002450994,88.171
226,cell_08,89.32017182949606,88.474
227,cell_08,88.60821806964358,88.5
228,cell_08,88.56046633673915,88.811
229,cell_08,88.27359087882257,88.433
230,cell_08,88.26853086562271,88.315
231,cell_08,88.76516785183713,88.119
232,cell_08,89.11176509636928,87.971
233,cell_08,88.3088479068387,87.959
234,cell_08,88.59077528133527,88.249
235,cell_08,88.83782144569965,88.332
236,cell_08,88.24378299206356,87.901
237,cell_08,88.33229437698408,87.56
238,cell_08,88.33541942805878,87.768
239,cell_08,88.06802534647919,87.713
240,cell_08,88.06030038768287,87.497
241,cell_08,88.06428271230533,87.835
242,cell_08,88.2067749670544,88.353
243,cell_08,87.87273044755074,87.704
244,cell_08,87.95733742851151,86.951
245,cell_08,88.17741103326682,87.83
246,cell_08,88.12269806048974,87.767
247,cell_08,88.18266482956008,87.819
248,cell_08,88.14363426143105,87.377
249,cell_08,88.05561508967493,87.155
250,cell_08,87.85742130291001,87.122
251,cell_08,87.79657546449631,87.732
252,cell_08,87.81136107031328,87.871
253,cell_08,87.66175314481771,87.114
254,cell_08,87.77240720359225,86.634
255,cell_08,87.46238023395132,87.384
256,cell_08,87.81410216120206,86.919
257,cell_08,87.60783529853477,86.978
258,cell_08,87.135768650397,87.119
259,cell_08,87.0727619748677,87.313
260,cell_08,87.12177619566549,86.956
261,cell_08,87.8024306368446,87.231
262,cell_08,87.03225848784551,87.152
263,cell_08,87.35605398677245,86.498
264,cell_08,86.9879935910201,87.353
265,cell_08,86.9857468803418,87.055
266,cell_08,87.10787431294736,86.294
267,cell_08,87.58084178927544,86.455
268,cell_08,87.59865974598546,86.734
269,cell_08,87.27023581878304,86.687
270,cell_08,87.05279775270206,86.866
271,cell_08,87.32708397486772,86.804
272,cell_08,86.93761007539683,86.321
273,cell_08,87.37485442760936,85.786
274,cell_08,86.91332672246266,86.709
275,cell_08,87.03418850306282,86.862
276,cell_08,87.27673705976432,86.612
277,cell_08,86.67156275396823,86.871
278,cell_08,86.62509614129392,86.372
279,cell_08,86.90795595370375,86.569
280,cell_08,86.71981296825409,86.397
281,cell_08,86.82982257142864,86.882
282,cell_08,86.22808277380956,85.658
283,cell_08,86.528313673521,86.549
284,cell_08,86.6923699087302,85.78
285,cell_08,86.85041340079374,86.171
286,cell_08,86.24384785714285,85.784
287,cell_08,86.80100035582022,86.332
288,cell_08,86.18468194708997,86.321
289,cell_08,86.04068491125537,85.834
290,cell_08,86.44998018542564,86.013
291,cell_08,86.19535763492065,86.313
292,cell_08,86.31912937301591,86.022
293,cell_08,86.28651417460316,85.599
294,cell_08,86.14717720502644,85.833
295,cell_08,86.04317395664978,85.588
296,cell_08,85.96451293368999,85.857
297,cell_08,86.29544656746033,85.576
298,cell_08,86.1621471132756,85.839
299,cell_08,85.87022979316986,85.191
300,cell_08,85.83029616618565,85.391
301,cell_08,85.97099624278496,85.2
302,cell_08,85.79331412169304,85.39
303,cell_08,85.8788285728716,84.984
304,cell_08,85.78881107876386,85.173
305,cell_08,85.73889343783073,85.671
306,cell_08,85.5505252429653,85.707
307,cell_08,85.64988371380467,84.143
308,cell_08,85.42991850468968,84.727
309,cell_08,85.65205633104854,85.185
310,cell_08,85.6389282037037,84.918
311,cell_08,85.64696074338623,84.925
312,cell_08,85.83555847895623,84.972
313,cell_08,85.3833421916787,84.515
314,cell_08,85.43073509343436,84.867
315,cell_08,85.25930411375663,84.944
316,cell_08,85.32545003042333,84.835
317,cell_08,85.62658948015871,84.684
318,cell_08,84.87603626719586,84.788
319,cell_08,85.19842486280338,84.461
320,cell_08,85.01607549179239,84.987
321,cell_08,85.10706505921854,84.372
322,cell_08,85.04758625282588,84.371
323,cell_08,85.20043350478231,84.82
324,cell_08,85.31718561904762,84.703
325,cell_08,85.28866414047742,84.471
326,cell_08,84.87067180687832,84.102
327,cell_08,84.9334796132732,84.428
328,cell_08,85.32992493496994,84.201
329,cell_08,85.11174332349806,84.534
330,cell_08,85.01534880433408,84.111
331,cell_08,84.61900513492066,83.741
332,cell_08,85.06706494708999,83.851
333,cell_08,84.70980681253009,84.132
334,cell_08,85.03587547222223,84.292
335,cell_08,84.90609727513231,83.91
336,cell_08,84.55142654729536,84.032
337,cell_08,84.19312048773448,84.497
338,cell_08,84.11509297147296,84.593
339,cell_08,84.42403853986218,84.274
340,cell_08,84.09507276839832,84.105
341,cell_08,84.3716362877586,84.004
342,cell_08,84.16074260027939,84.352
343,cell_08,84.09858088888885,84.096
344,cell_08,84.52213105880232,84.467
345,cell_08,84.54137157801254,84.482
346,cell_08,84.47408202583667,84.314
347,cell_08,84.40148962465108,84.041
348,cell_08,84.04099814153439,84.064
349,cell_08,84.4048266131981,83.697
350,cell_08,84.39067313167392,84.175
351,cell_08,84.08449962357687,84.165
352,cell_08,84.25825889171126,83.777
353,cell_08,84.28518945098098,84.9
354,cell_08,84.33762743680502,84.357
355,cell_08,83.93711529047674,83.138
356,cell_08,83.84538753266185,84.006
357,cell_08,84.58727863888886,83.241
358,cell_08,83.9876689978736,83.639
359,cell_08,84.3523890377586,83.416
360,cell_08,83.78685141375195,83.251
361,cell_08,83.48526202814732,83.289
362,cell_08,84.09274372728163,83.709
363,cell_08,83.72298127556594,83.358
364,cell_08,83.14343874470904,83.058
365,cell_08,84.21174252513224,82.48
366,cell_08,84.10164108361677,83.186
367,cell_08,84.15613997647398,82.721
368,cell_08,84.72912009920637,83.257
369,cell_08,84.1605854128013,82.881
370,cell_08,83.90289164497543,82.789
371,cell_08,83.61684248060621,82.781
372,cell_08,83.92598575841755,83.278
373,cell_08,83.32982412535377,82.442
374,cell_08,83.80719879234087,83.194
375,cell_08,83.33883666413554,83.075
376,cell_08,83.49525652452047,82.95
377,cell_08,82.85006804761905,82.838
378,cell_08,83.26153575803244,83.118
379,cell_08,83.01026983725296,82.692
380,cell_08,82.9407659669312,82.69
381,cell_08,82.84124380555552,82.844
382,cell_08,83.05911264417992,83.34
383,cell_08,82.87208175132278,82.371
384,cell_08,82.53788205158737,82.975
385,cell_08,82.86283199206343,82.781
386,cell_08,82.78225569708995,82.758
387,cell_08,82.61140931349205,82.366
388,cell_08,82.5642470224868,82.298
389,cell_08,82.41557900925928,82.275
390,cell_08,82.54639269312175,81.529
1,cell_09,100.04289358400851,100.199
2,cell_09,100.00852347635217,99.945
3,cell_09,99.95213933084813,99.575
4,cell_09,100.03886463773887,99.802
5,cell_09,100.0333200579589,99.865
6,cell_09,99.99880040638068,99.526
7,cell_09,99.914160780312,100.111
8,cell_09,99.94522523914371,100.001
9,cell_09,99.92081007842006,99.807
10,cell_09,100.02721319563163,100.296
11,cell_09,99.95367188190639,99.843
12,cell_09,99.96593389815186,100.444
13,cell_09,100.0149082518577,99.919
14,cell_09,100.0233701877521,99.649
15,cell_09,99.95061363738496,99.658
16,cell_09,100.01653288656307,99.962
17,cell_09,99.92190185507651,99.614
18,cell_09,99.97377754152008,99.978
19,cell_09,99.92144794342975,99.815
20,cell_09,100.04056622005825,99.808
21,cell_09,99.98732355358355,99.923
22,cell_09,99.94138329423363,100.236
23,cell_09,100.00159967736649,99.772
24,cell_09,100.02512472087459,99.99
25,cell_09,99.87429926080446,100.068
26,cell_09,99.91109120117886,99.572
27,cell_09,99.93034471017789,100.092
28,cell_09,99.97611409516007,100.18
29,cell_09,99.88242347613756,100.225
30,cell_09,99.65760955730151,99.602
31,cell_09,99.87860712383845,99.623
32,cell_09,99.95686365947017,99.919
33,cell_09,99.72135132167317,99.902
34,cell_09,99.80650821155712,99.941
35,cell_09,99.8110499316629,99.761
36,cell_09,99.76902152586264,99.924
37,cell_09,99.64286360397632,99.102
38,cell_09,99.91658111707716,100.066
39,cell_09,99.65600269448959,99.998
40,cell_09,99.6720636812705,99.39
41,cell_09,99.59765821403343,99.617
42,cell_09,99.80983965498376,100.06
43,cell_09,99.4881854563294,99.566
44,cell_09,99.59767691885426,99.648
45,cell_09,99.54702711687965,100.109
46,cell_09,99.61228606896802,100.167
47,cell_09,99.59234745230344,99.238
48,cell_09,99.59667827942187,99.433
49,cell_09,99.57682734553305,99.782
50,cell_09,99.65085484382972,99.663
51,cell_09,99.69150774024622,99.656
52,cell_09,99.56507102773779,98.658
53,cell_09,99.49328920177179,98.858
54,cell_09,99.51929077849813,99.98
55,cell_09,99.36468177791238,99.677
56,cell_09,99.16972495968665,99.346
57,cell_09,99.16272682414461,98.867
58,cell_09,99.06718959808528,99.115
59,cell_09,98.8790012702606,99.411
60,cell_09,98.91287644226773,98.825
61,cell_09,98.85937960323884,99.028
62,cell_09,99.0628635185211,99.352
63,cell_09,98.83385481005838,99.417
64,cell_09,98.86567183340394,99.083
65,cell_09,98.86904350561156,99.534
66,cell_09,98.78269914195991,99.525
67,cell_09,98.89001708706111,98.655
68,cell_09,98.96123716926209,99.684
69,cell_09,98.8751270220542,99.543
70,cell_09,98.8874512567915,99.255
71,cell_09,98.82067872110504,99.151
72,cell_09,98.7286273590861,99.429
73,cell_09,98.8106075159951,99.353
74,cell_09,98.85424631962938,99.073
75,cell_09,98.823502762617,99.636
76,cell_09,98.72716542518366,98.523
77,cell_09,98.97506869565032,98.955
78,cell_09,98.77144762711181,99.289
79,cell_09,98.70860640239408,99.139
80,cell_09,98.83977290374439,99.364
81,cell_09,98.71352957919534,98.736
82,cell_09,98.65629257116403,99.078
83,cell_09,98.81496988167444,99.5
84,cell_09,98.75469402211485,98.706
85,cell_09,98.78090273871634,99.082
86,cell_09,98.63423932418857,98.995
87,cell_09,98.7972270584442,99.263
88,cell_09,98.81607433341622,99.272
89,cell_09,98.74003078895142,99.184
90,cell_09,98.71605201454877,99.067
91,cell_09,98.63610359488337,99.173
92,cell_09,98.6582313297147,99.105
93,cell_09,98.60033982036933,99.145
94,cell_09,98.62550657888988,99.136
95,cell_09,98.63413720119934,98.338
96,cell_09,98.56060799825474,98.801
97,cell_09,98.55913886774248,98.416
98,cell_09,98.43838644322464,99.285
99,cell_09,98.52986702217198,98.725
100,cell_09,98.39423346741954,98.318
101,cell_09,98.31064683451397,98.629
102,cell_09,98.53618694805357,98.261
103,cell_09,98.31384810086443,98.509
104,cell_09,98.56166406044555,98.883
105,cell_09,98.4911856086189,99.107
106,cell_09,98.49039964414727,99.023
107,cell_09,98.43413443423424,98.583
108,cell_09,98.34250517147719,98.711
109,cell_09,98.59806623038467,98.782
110,cell_09,98.47889802306628,99.175
111,cell_09,98.29242412177261,98.319
112,cell_09,98.51913774469844,98.953
113,cell_09,98.4332153346592,98.172
114,cell_09,98.4336187588994,98.854
115,cell_09,98.4246094291561,98.314
116,cell_09,98.51822790514431,98.295
117,cell_09,98.49219856855274,98.415
118,cell_09,98.34043749810031,98.267
119,cell_09,98.41868926282542,98.628
120,cell_09,98.42446983279275,98.868
121,cell_09,98.4580419211574,97.867
122,cell_09,98.42952871867811,98.448
123,cell_09,98.38765088607099,98.174
124,cell_09,98.47429692022483,98.772
125,cell_09,98.45883129144175,98.926
126,cell_09,98.38540620673497,98.448
127,cell_09,98.25620318296068,98.289
128,cell_09,98.09387212161639,98.016
129,cell_09,98.06654444841276,99.085
130,cell_09,98.04985836284392,98.896
131,cell_09,98.1020818310979,97.907
132,cell_09,98.10643701917986,98.697
133,cell_09,98.02319280687833,98.166
134,cell_09,97.89660287794776,98.348
135,cell_09,97.95047059584094,98.126
136,cell_09,97.85657950174362,97.9
137,cell_09,97.87725101266489,98.486
138,cell_09,97.94086584208382,99.069
139,cell_09,97.7786676912652,98.222
140,cell_09,97.79475628929053,98.767
141,cell_09,97.80915640982882,98.815
142,cell_09,97.90552987062318,98.717
143,cell_09,97.94723916641075,99.099
144,cell_09,97.85322399394461,98.787
145,cell_09,97.71334931518959,99.041
146,cell_09,97.82970948989909,98.156
147,cell_09,97.82560466584894,98.724
148,cell_09,97.80425310511802,98.953
149,cell_09,97.79994855772009,98.268
150,cell_09,97.66819520594576,97.454
151,cell_09,97.74012728438834,98.12
152,cell_09,97.63651125264545,98.283
153,cell_09,97.54896570777373,98.668
154,cell_09,97.55078817069224,98.33
155,cell_09,97.2748227475048,98.501
156,cell_09,97.1977840165404,98.319
157,cell_09,97.33140181364479,98.462
158,cell_09,97.34355051681301,98.48
159,cell_09,97.06010142297983,98.31
160,cell_09,97.53873043211907,98.746
161,cell_09,97.26956809658324,98.914
162,cell_09,97.46411644323204,98.155
163,cell_09,97.45309455753593,98.565
164,cell_09,97.19059873709388,98.071
165,cell_09,97.14460374366304,97.974
166,cell_09,97.42770316964838,98.811
167,cell_09,97.10233861961625,99.102
168,cell_09,97.0855063082011,98.402
169,cell_09,97.35130605572861,99.05
170,cell_09,97.05213943822568,98.306
171,cell_09,97.38232767522463,98.43
172,cell_09,97.38164596866,99.0
173,cell_09,97.408645417237,98.226
174,cell_09,97.12307050227285,98.775
175,cell_09,97.3209656502664,98.396
176,cell_09,97.07772608612761,98.284
177,cell_09,97.07869579488029,98.347
178,cell_09,97.08247285598864,97.85
179,cell_09,97.04773267137914,98.878
180,cell_09,97.143654275371,98.083
181,cell_09,97.21056876070901,97.971
182,cell_09,97.00867157246216,97.045
183,cell_09,97.02072389431225,97.172
184,cell_09,97.17277679726315,97.344
185,cell_09,97.04180738930235,96.997
186,cell_09,97.23953140605694,97.368
187,cell_09,97.23624208464688,97.161
188,cell_09,97.05284791031876,97.051
189,cell_09,96.94289429524946,97.353
190,cell_09,96.63020805187331,96.927
191,cell_09,96.83228696488351,96.703
192,cell_09,96.72511752279802,97.063
193,cell_09,96.78315428448767,97.09
194,cell_09,96.76192951818656,97.012
195,cell_09,96.58169701284966,97.436
196,cell_09,96.74206071194054,97.229
197,cell_09,96.6448985593793,97.044
198,cell_09,96.5967648926237,97.077
199,cell_09,96.63171311139058,97.103
200,cell_09,96.65444061193215,97.237
201,cell_09,96.60940294592646,97.095
202,cell_09,96.5337611993126,97.033
203,cell_09,96.58970400287834,96.679
204,cell_09,96.52732957802071,96.866
205,cell_09,96.59558547853887,97.162
206,cell_09,96.52657001253598,97.135
207,cell_09,96.60771814777263,96.633
208,cell_09,96.62026592954867,96.91
209,cell_09,96.59869684224985,96.8
210,cell_09,96.52282586195099,97.488
211,cell_09,96.51703170738523,97.154
212,cell_09,96.36423238623364,97.208
213,cell_09,96.43786393253316,97.059
214,cell_09,96.3294525099171,96.891
215,cell_09,96.39042384669565,96.945
216,cell_09,96.42900854729234,97.227
217,cell_09,96.2903941026943,97.001
218,cell_09,96.40359494120595,97.23
219,cell_09,96.32736264260315,97.122
220,cell_09,96.52970062617885,97.168
221,cell_09,96.29158080186653,97.183
222,cell_09,96.21543024325585,96.921
223,cell_09,96.30010644079216,96.756
224,cell_09,96.2496897274733,97.122
225,cell_09,96.32634948244146,97.397
226,cell_09,96.2936643471513,96.889
227,cell_09,96.2713072307751,95.777
228,cell_09,96.14287526607498,96.386
229,cell_09,96.14363120096918,96.648
230,cell_09,96.58027843038964,96.284
231,cell_09,96.21802428744945,96.27
232,cell_09,96.2475502318312,96.418
233,cell_09,96.36243999315836,96.648
234,cell_09,96.37083393984801,96.729
235,cell_09,96.11813678224013,96.434
236,cell_09,96.25042735068503,96.411
237,cell_09,96.27883028809448,96.291
238,cell_09,96.23569368153407,96.696
239,cell_09,96.31793412424634,96.676
240,cell_09,96.39485067083491,96.816
241,cell_09,96.2551927356883,96.583
242,cell_09,96.36314641225687,96.151
243,cell_09,96.26810468985818,96.439
244,cell_09,95.97398583501118,96.801
245,cell_09,95.99343445318652,96.023
246,cell_09,96.00643036439227,96.518
247,cell_09,96.0238153314983,96.629
248,cell_09,96.04743531333419,97.145
249,cell_09,95.97802378369127,96.364
250,cell_09,95.90763224323794,96.507
251,cell_09,95.89033348942587,97.05
252,cell_09,95.77987793891435,96.367
253,cell_09,95.90531836869273,96.866
254,cell_09,95.88366232577523,96.33
255,cell_09,96.06591016289643,96.146
256,cell_09,96.07718697817454,96.348
257,cell_09,95.83646139737424,96.168
258,cell_09,95.70933766001883,96.889
259,cell_09,95.84584710717502,95.592
260,cell_09,95.61053081661667,96.127
261,cell_09,95.55905672840507,96.136
262,cell_09,95.62310588485329,96.172
263,cell_09,95.82476633433076,96.536
264,cell_09,95.47108800637093,96.078
265,cell_09,95.48216925199854,96.36
266,cell_09,95.65877403109357,96.281
267,cell_09,95.82343733825212,96.464
268,cell_09,95.92696153684612,96.171
269,cell_09,95.75862678610406,96.309
270,cell_09,95.646443394165,96.175
271,cell_09,95.60312210213935,95.469
272,cell_09,95.78847527210583,96.245
273,cell_09,95.51050645896963,95.536
274,cell_09,95.54694237164317,95.621
275,cell_09,95.52146657058888,95.508
276,cell_09,95.34437480660138,95.886
277,cell_09,95.44067440183366,95.622
278,cell_09,95.46193740823874,96.22
279,cell_09,95.24986345385884,95.925
280,cell_09,95.35087113454665,95.682
281,cell_09,95.41317927227195,95.492
282,cell_09,95.59081982593342,95.732
283,cell_09,95.38741966193926,95.921
284,cell_09,95.46285702476979,95.751
285,cell_09,95.37854133366395,95.723
286,cell_09,95.3384522428456,95.459
287,cell_09,95.15187672070142,96.438
288,cell_09,95.3769875324337,95.705
289,cell_09,95.23495318498139,95.353
290,cell_09,95.20663045798372,95.442
291,cell_09,94.9893362173642,95.662
292,cell_09,95.07868569879271,96.348
293,cell_09,94.94123288087273,95.714
294,cell_09,95.21965098210765,95.653
295,cell_09,95.33389782103768,96.018
296,cell_09,95.0302278576657,96.04
297,cell_09,95.17356577766247,95.963
298,cell_09,95.09767418728809,95.825
299,cell_09,95.09592991629292,95.434
300,cell_09,95.08870152408782,95.54
301,cell_09,95.05600414664077,95.288
302,cell_09,94.99367496985538,95.698
303,cell_09,95.09306615111758,95.638
304,cell_09,94.93373784930371,95.606
305,cell_09,94.85216045986732,95.849
306,cell_09,95.08529118068323,95.568
307,cell_09,95.20789229192748,95.663
308,cell_09,95.08047194159924,95.619
309,cell_09,95.0880199029308,95.755
310,cell_09,95.0522915791425,95.874
311,cell_09,94.95030898081859,95.362
312,cell_09,95.00329599219512,95.901
313,cell_09,95.03061891120932,95.844
314,cell_09,95.01103856916399,95.891
315,cell_09,94.96303449071394,95.1
316,cell_09,94.84948017813198,95.168
317,cell_09,94.69597610975342,94.935
318,cell_09,94.87255977786319,95.193
319,cell_09,94.55962779012651,95.403
320,cell_09,94.82564028020364,94.911
321,cell_09,94.85811566954563,94.922
322,cell_09,94.94108577657535,95.173
323,cell_09,94.67428394344022,94.817
324,cell_09,94.90773140340544,94.768
325,cell_09,94.59308265341433,95.11
326,cell_09,94.74738378132837,94.854
327,cell_09,94.52115879014234,95.35
328,cell_09,94.4429775634921,94.844
329,cell_09,94.61379692882004,94.738
330,cell_09,94.45834702167708,94.982
331,cell_09,94.65950869285697,95.114
332,cell_09,94.6503939335229,95.079
333,cell_09,94.51038311302408,95.145
334,cell_09,94.60451106943633,94.817
335,cell_09,94.63145415326107,95.324
336,cell_09,94.39376780703292,94.487
337,cell_09,94.60082663178758,94.749
338,cell_09,94.61970633539978,94.995
339,cell_09,94.5781548840263,94.489
340,cell_09,94.45588375590515,94.605
341,cell_09,94.42258099377267,94.403
342,cell_09,94.4489711372359,94.635
343,cell_09,94.56738024863047,94.837
344,cell_09,94.65196217491109,94.537
345,cell_09,94.39068442353017,94.434
346,cell_09,94.32492407772781,94.559
347,cell_09,94.31004166790476,95.029
348,cell_09,94.36226948505893,94.932
349,cell_09,94.18984594408377,94.46
350,cell_09,94.3308528055556,94.756
351,cell_09,94.2799040349766,94.598
352,cell_09,94.12599465806571,94.989
353,cell_09,94.38626421599479,94.64
354,cell_09,94.38075690316859,94.522
355,cell_09,94.31479777410067,95.062
356,cell_09,94.08578221956824,94.305
357,cell_09,94.1934393170426,94.678
358,cell_09,94.090244174792,94.992
359,cell_09,94.33391620200386,94.782
360,cell_09,93.86056839119212,94.354
361,cell_09,94.1328314827543,94.264
362,cell_09,94.08569209751053,94.087
363,cell_09,93.98208296926371,94.954
364,cell_09,93.98449363239015,94.169
365,cell_09,93.99902793985775,94.723
366,cell_09,94.02645033658004,94.081
367,cell_09,93.81745212529358,95.276
368,cell_09,93.92700798881678,94.103
369,cell_09,94.0795284516594,94.522
370,cell_09,93.92932074389498,94.873
371,cell_09,93.68882739285714,94.224
372,cell_09,93.87601876291599,94.604
373,cell_09,93.96789624049504,94.35
374,cell_09,93.87602508790286,94.551
375,cell_09,93.81191681566474,94.759
376,cell_09,93.8701921394901,94.306
377,cell_09,93.76009549297929,94.884
378,cell_09,93.62239182488811,94.54
379,cell_09,93.62552025347695,95.019
380,cell_09,93.75868488895694,94.185
381,cell_09,93.7347472200936,94.234
382,cell_09,93.72427899040771,94.357
383,cell_09,94.03550555519479,94.063
384,cell_09,93.74443818471237,94.705
385,cell_09,93.53241613184036,94.404
386,cell_09,93.6864464254912,94.083
387,cell_09,93.4704546945691,94.18
388,cell_09,93.56413022679178,94.166
389,cell_09,93.35565824965778,94.704
390,cell_09,93.7517851763053,94.564
391,cell_09,93.51086785269803,94.387
392,cell_09,93.68783448737376,94.317
393,cell_09,93.46291834175081,94.355
394,cell_09,93.59031682852333,94.961
395,cell_09,93.58256879575983,94.357
396,cell_09,93.58035570370372,94.684
397,cell_09,93.64890959908607,94.328
398,cell_09,93.42132717327118,94.932
399,cell_09,93.2638101867546,93.538
400,cell_09,93.27951710334727,94.146
401,cell_09,93.07134637169308,93.676
402,cell_09,93.0789584757638,94.568
403,cell_09,93.18804198946927,94.099
404,cell_09,93.20535173945031,93.378
405,cell_09,93.28575090122877,93.61
406,cell_09,92.88149271336536,94.095
407,cell_09,93.21192616277035,93.579
408,cell_09,92.99482481634456,93.556
409,cell_09,93.21298658435923,93.428
410,cell_09,93.23176738020236,93.286
411,cell_09,93.11680546858365,93.707
412,cell_09,93.14634892089143,93.122
413,cell_09,93.16648698791542,93.397
414,cell_09,93.47291196596923,93.195
415,cell_09,93.24443146184898,93.171
416,cell_09,93.05261982239331,93.244
417,cell_09,93.08124949170465,93.161
418,cell_09,93.36867045153917,93.546
419,cell_09,92.94672062143388,92.939
420,cell_09,93.275944375745,93.511
421,cell_09,93.16663749064666,93.191
422,cell_09,93.20776520304233,93.087
423,cell_09,93.08773021433124,93.028
1,cell_10,99.82694199615193,100.036
2,cell_10,100.03373871380127,99.809
3,cell_10,99.9779303216119,99.632
4,cell_10,99.98333276808727,100.128
5,cell_10,99.9797703234058,99.55
6,cell_10,99.94422530306394,99.944
7,cell_10,99.97398207080033,99.311
8,cell_10,100.05660134836799,100.021
9,cell_10,99.99687958585423,99.782
10,cell_10,100.00453411862753,100.17
11,cell_10,99.92507782909955,99.933
12,cell_10,100.05385591678939,99.648
13,cell_10,99.9730398596521,99.702
14,cell_10,100.06381871256116,99.503
15,cell_10,100.07250153709361,99.516
16,cell_10,100.02094666100837,99.516
17,cell_10,100.01669348809519,99.649
18,cell_10,99.96868236433345,99.519
19,cell_10,99.99181687342194,99.821
20,cell_10,99.94619393774657,99.155
21,cell_10,99.98431419359164,99.236
22,cell_10,99.87893172201179,100.253
23,cell_10,99.64682810549031,99.556
24,cell_10,99.91544505376196,99.382
25,cell_10,99.5315694171901,99.678
26,cell_10,99.89789849805166,99.916
27,cell_10,99.61044844754464,99.878
28,cell_10,99.65820414295817,99.462
29,cell_10,99.68362192149003,99.532
30,cell_10,99.42242723884316,99.586
31,cell_10,99.36921849681416,99.78
32,cell_10,99.41279466196988,99.7
33,cell_10,99.36605361493349,99.411
34,cell_10,99.28722956886747,99.533
35,cell_10,99.51264952539647,99.606
36,cell_10,99.4636258249504,100.131
37,cell_10,99.29632450051444,99.633
38,cell_10,99.35123224062923,100.5
39,cell_10,99.0999338364076,99.411
40,cell_10,99.0490366744095,98.986
41,cell_10,98.99576150046471,99.597
42,cell_10,98.9592364774118,99.806
43,cell_10,98.87720658963002,99.634
44,cell_10,98.90002050191099,99.55
45,cell_10,98.93460307884457,99.377
46,cell_10,98.84879088268688,99.406
47,cell_10,98.68286763782014,98.793
48,cell_10,98.64373350297369,99.749
49,cell_10,98.81132050727159,99.378
50,cell_10,98.45340644389219,99.835
51,cell_10,98.7310461334952,99.332
52,cell_10,98.85236717086619,99.475
53,cell_10,98.61481359672446,99.127
54,cell_10,98.77778023268861,99.153
55,cell_10,98.83188800232496,99.005
56,cell_10,98.23585412709842,97.665
57,cell_10,98.69420064443429,97.843
58,cell_10,98.76729020238095,98.437
59,cell_10,98.32051504695777,98.017
60,cell_10,98.44340364692246,98.248
61,cell_10,98.55392782234429,98.289
62,cell_10,98.30172773184226,98.303
63,cell_10,98.2946457121489,97.91
64,cell_10,98.28238135185183,98.533
65,cell_10,98.30746940608468,98.069
66,cell_10,97.92880964417985,98.297
67,cell_10,97.94493212626259,98.058
68,cell_10,97.89652129302829,98.696
69,cell_10,97.96161170634915,98.555
70,cell_10,97.82838146987726,98.215
71,cell_10,97.75623134990197,98.072
72,cell_10,97.69767997354492,97.536
73,cell_10,97.6000281349206,97.416
74,cell_10,97.5829950178571,97.235
75,cell_10,97.55983498945692,97.586
76,cell_10,97.56519386574081,97.514
77,cell_10,97.56955373412703,97.493
78,cell_10,97.44210788181506,97.257
79,cell_10,97.42187858039276,97.615
80,cell_10,97.45790862306677,97.392
81,cell_10,97.32414040893146,97.361
82,cell_10,97.49893322100122,97.555
83,cell_10,97.27165582983093,97.483
84,cell_10,97.28764874905322,97.078
85,cell_10,97.26207653229643,97.206
86,cell_10,97.25945014464573,97.602
87,cell_10,97.1980950207039,97.428
88,cell_10,97.22231902489455,96.86
89,cell_10,97.10711414891185,97.652
90,cell_10,97.18214456619647,97.428
91,cell_10,97.23299722182811,97.124
92,cell_10,97.21234099080088,97.242
93,cell_10,97.19278920677007,97.492
94,cell_10,97.18489282343712,96.78
95,cell_10,97.1520108647569,97.569
96,cell_10,97.02959004446487,97.738
97,cell_10,97.15245930419046,96.604
98,cell_10,97.10897600848128,96.683
99,cell_10,97.01950636700336,96.103
100,cell_10,97.13707450517906,96.619
101,cell_10,96.98280866702794,96.39
102,cell_10,96.85393290908107,96.058
103,cell_10,96.88294073746033,96.444
104,cell_10,96.75353132697963,96.435
105,cell_10,96.53737006987227,96.766
106,cell_10,96.76518964654939,96.663
107,cell_10,96.24463818518518,96.097
108,cell_10,96.30511920238096,96.406
109,cell_10,96.3759898452381,96.403
110,cell_10,96.48318676491105,96.379
111,cell_10,96.26826366737889,96.213
112,cell_10,96.47307992796098,96.83
113,cell_10,96.3191328062678,96.117
114,cell_10,96.60333618253968,96.804
115,cell_10,96.18514623809524,95.877
116,cell_10,96.2668532698413,96.19
117,cell_10,96.03366748412697,96.533
118,cell_10,96.31066468253968,95.988
119,cell_10,96.03534065079357,96.084
120,cell_10,96.0699004801587,96.465
121,cell_10,95.96020930952386,95.786
122,cell_10,96.10323446608945,96.636
123,cell_10,95.82179626899952,96.748
124,cell_10,95.84383838672441,96.761
125,cell_10,95.79045893650792,96.402
126,cell_10,95.81037913804718,96.176
127,cell_10,95.73568471608945,96.195
128,cell_10,95.85725826503126,96.39
129,cell_10,95.93991579365081,96.343
130,cell_10,95.8173429559885,96.19
131,cell_10,95.64202008465604,96.779
132,cell_10,95.67958155596257,96.23
133,cell_10,95.59284412784483,96.735
134,cell_10,95.57305774603172,96.334
135,cell_10,95.62635746164027,95.388
136,cell_10,95.60935866005293,95.532
137,cell_10,95.48858296250093,95.502
138,cell_10,95.60138272969675,95.307
139,cell_10,95.61582136183266,95.52
140,cell_10,95.68479703246753,95.556
141,cell_10,95.46506983553478,95.846
142,cell_10,95.49250118618416,95.372
143,cell_10,95.42889082967037,95.116
144,cell_10,95.36135356667404,95.147
145,cell_10,95.44106429527876,96.06
146,cell_10,95.33769672955754,94.786
147,cell_10,95.2717474351852,94.993
148,cell_10,95.32248625288605,95.358
149,cell_10,95.08838906758051,95.166
150,cell_10,95.11047406758053,95.596
151,cell_10,94.99093269540643,95.57
152,cell_10,95.04494867989418,95.147
153,cell_10,94.94670613492067,95.759
154,cell_10,94.86686861507931,94.977
155,cell_10,94.74105126587304,95.086
156,cell_10,94.7002823597884,95.436
157,cell_10,94.65132855952383,94.572
158,cell_10,94.86732243925513,95.068
159,cell_10,94.76135332020753,95.435
160,cell_10,94.75420389824988,94.184
161,cell_10,94.62619544312173,94.863
162,cell_10,94.43091738095235,95.248
163,cell_10,94.51552058781037,94.883
164,cell_10,94.40211355026456,94.391
165,cell_10,94.25281682539679,94.43
166,cell_10,94.28948145777368,94.436
167,cell_10,94.25561467328039,94.1
168,cell_10,94.38031458017917,94.572
169,cell_10,93.9985752063492,94.418
170,cell_10,94.30866031684985,93.998
171,cell_10,94.20695465476196,94.202
172,cell_10,94.20898690079375,93.83
173,cell_10,94.18140376058201,94.318
174,cell_10,94.23298159523814,94.401
175,cell_10,93.8765897962963,94.318
176,cell_10,94.00352098809523,94.419
177,cell_10,93.85922999328444,94.294
178,cell_10,93.96194475122093,94.483
179,cell_10,93.82909194708992,93.855
180,cell_10,93.88494480785872,94.104
181,cell_10,94.03244064698814,93.466
182,cell_10,93.90324432275129,93.432
183,cell_10,94.00681032590037,93.877
184,cell_10,93.86594349124957,94.057
185,cell_10,93.83768784523808,93.768
186,cell_10,94.01095238106028,94.043
187,cell_10,94.0752818403635,93.944
188,cell_10,93.82549570753272,93.237
189,cell_10,93.88522819784012,94.548
190,cell_10,93.97311508694602,93.474
191,cell_10,94.01265829412252,93.298
192,cell_10,93.94641996932167,93.926
193,cell_10,93.9549061270899,93.587
194,cell_10,93.7546784315282,93.351
195,cell_10,93.75343279480376,93.441
196,cell_10,93.84614774891251,93.317
197,cell_10,93.68572078391055,93.341
198,cell_10,93.65327823015879,93.818
199,cell_10,93.60913655853021,93.432
200,cell_10,93.69758599503818,93.261
201,cell_10,93.6474739047619,93.353
202,cell_10,93.38733857671956,93.153
203,cell_10,93.34918100569794,92.975
204,cell_10,93.4953060542328,93.108
205,cell_10,93.27157630687819,93.304
206,cell_10,93.42613794047611,93.056
207,cell_10,93.36529774603167,92.942
208,cell_10,93.22871352777767,92.839
209,cell_10,93.33138994708996,93.403
210,cell_10,93.08287073015872,93.638
211,cell_10,93.11776229232804,92.999
212,cell_10,93.22444840343914,93.203
213,cell_10,92.9602661435185,92.703
214,cell_10,93.02297713161376,92.808
215,cell_10,93.09775377188554,93.01
216,cell_10,93.0891810265151,91.817
217,cell_10,93.15300523280418,92.757
218,cell_10,92.99080004274893,92.356
219,cell_10,93.07024793037519,92.202
220,cell_10,93.06501205555551,92.642
221,cell_10,92.93433033520249,92.958
222,cell_10,92.99049161483889,92.432
223,cell_10,93.0255890291005,92.613
224,cell_10,92.79072049975943,92.662
225,cell_10,92.82152217695871,92.598
226,cell_10,92.80525658465605,92.227
227,cell_10,92.69163694119776,92.593
228,cell_10,92.81199722089949,92.581
229,cell_10,92.77156731084659,91.707
230,cell_10,92.71737133730164,92.783
231,cell_10,92.3500256102972,92.075
232,cell_10,92.36377647771673,92.564
233,cell_10,92.3525444318182,92.981
234,cell_10,92.21504301215938,92.453
235,cell_10,92.15533168598098,91.913
236,cell_10,92.28589807524423,92.395
237,cell_10,92.27058520238099,92.475
238,cell_10,92.16563601570218,91.722
239,cell_10,92.17102388342707,91.347
240,cell_10,92.15087121658463,92.41
241,cell_10,92.06621164265393,92.311
242,cell_10,92.0633174250487,92.055
243,cell_10,91.89583762615192,91.4
244,cell_10,92.04547610297602,92.119
245,cell_10,92.08055630161658,92.25
246,cell_10,92.12994329365081,92.587
247,cell_10,91.9955231249217,91.856
248,cell_10,91.98881133713076,91.988
249,cell_10,92.2015334444444,91.294
250,cell_10,92.10518617739672,92.23
251,cell_10,91.87924679429396,92.183
252,cell_10,91.85539996693119,92.021
253,cell_10,91.74958523677248,92.256
254,cell_10,91.77123135978832,91.665
255,cell_10,91.61962115800867,91.834
256,cell_10,91.77586009920638,91.846
257,cell_10,91.87637332142864,92.229
258,cell_10,91.98190953968262,91.901
259,cell_10,91.94288633333329,91.66
260,cell_10,91.93626686111114,91.644
261,cell_10,91.72763499206347,91.73
262,cell_10,91.81844218650795,91.464
263,cell_10,91.7563616432179,91.643
264,cell_10,91.76307810958487,91.099
265,cell_10,91.58191342857143,91.344
266,cell_10,91.52333788792693,91.011
267,cell_10,91.37231096861466,91.474
268,cell_10,91.36549656821018,91.16
269,cell_10,91.3178069748677,91.81
270,cell_10,91.28377195202016,91.152
271,cell_10,91.36824834656083,91.471
272,cell_10,91.166534287037,91.001
273,cell_10,91.27584062433857,91.098
274,cell_10,91.13712111243383,91.177
275,cell_10,91.21671173346562,91.295
276,cell_10,91.25473905784033,90.966
277,cell_10,91.22996048472822,91.019
278,cell_10,91.28305162852017,91.217
279,cell_10,91.06618150396822,91.31
280,cell_10,91.06771694444443,91.179
281,cell_10,91.14114740343918,91.136
282,cell_10,91.04419153042329,90.792
283,cell_10,90.94528841005288,91.34
284,cell_10,90.98487409259262,91.443
285,cell_10,90.78348684325402,91.478
286,cell_10,90.93038046164021,91.235
287,cell_10,90.92660315476192,90.554
288,cell_10,90.89938501190483,90.638
289,cell_10,90.87646661492674,90.781
290,cell_10,91.28712424396903,90.729
291,cell_10,91.14348298412703,90.481
292,cell_10,90.87007705832133,90.23
293,cell_10,90.70907188840438,90.568
294,cell_10,90.56557383573477,90.652
295,cell_10,90.5883908434976,90.639
296,cell_10,90.7226231465026,90.423
297,cell_10,90.17226890666338,90.471
298,cell_10,90.50968256775484,90.58
299,cell_10,90.45428419696967,91.016
300,cell_10,90.57520783123212,90.496
301,cell_10,90.40573723861422,90.082
302,cell_10,90.78156332705461,90.341
303,cell_10,90.72437954128686,91.089
304,cell_10,90.73168797478543,90.976
305,cell_10,90.36664151294129,90.828
306,cell_10,90.62358237029333,90.757
307,cell_10,90.26834811303506,90.76
308,cell_10,90.26519791505821,90.475
309,cell_10,90.39544773015872,90.806
310,cell_10,90.2817179575517,90.29
311,cell_10,90.33087022234247,90.11
312,cell_10,90.263331496152,89.677
313,cell_10,90.20201053301182,89.76
314,cell_10,90.23398954360567,89.63
315,cell_10,90.13720504365075,90.122
316,cell_10,90.07755189862503,89.913
317,cell_10,89.94767166245796,89.94
318,cell_10,90.10547735141091,89.995
319,cell_10,89.93656345876833,89.106
320,cell_10,89.89139517051468,89.794
321,cell_10,89.92816893159169,89.367
322,cell_10,90.16062478968252,89.394
323,cell_10,90.04597322545975,89.279
324,cell_10,90.08014404207607,89.533
325,cell_10,89.94485594444448,89.489
326,cell_10,90.13095196256226,89.092
327,cell_10,89.56791548916817,88.972
328,cell_10,90.03443373452721,89.448
329,cell_10,89.91052642338221,89.753
330,cell_10,89.89010991531758,89.724
331,cell_10,89.65686481368783,89.809
332,cell_10,89.93867653624316,89.45
333,cell_10,90.17084178683726,89.403
334,cell_10,90.23613620740974,89.476
335,cell_10,90.21143108173607,89.75
336,cell_10,89.90274077061326,89.993
337,cell_10,90.19473201013594,89.371
338,cell_10,90.02105542817708,89.356
339,cell_10,89.72202937356887,89.445
340,cell_10,90.08974260770519,89.356
341,cell_10,89.96678930597982,89.021
342,cell_10,89.9348014634464,89.158
343,cell_10,89.76539724372365,88.958
344,cell_10,89.59517258366922,89.413
345,cell_10,89.62511860461618,89.638
346,cell_10,89.63573220132628,89.11
347,cell_10,89.39408073569304,89.694
348,cell_10,89.56593982366296,89.163
349,cell_10,89.69496013061728,88.986
350,cell_10,89.49544648642285,89.401
351,cell_10,89.80659628176957,88.865
352,cell_10,89.67848648099715,89.329
353,cell_10,89.75289000053087,89.218
354,cell_10,89.59822792883426,89.021
355,cell_10,89.52468154263661,88.989
356,cell_10,89.70259855626458,88.88
357,cell_10,89.52727230441546,89.452
358,cell_10,89.72428664331076,89.075
359,cell_10,89.63039852036528,89.235
360,cell_10,89.57423910807772,89.139
361,cell_10,89.65322279988149,89.078
362,cell_10,89.4816811933963,89.24
363,cell_10,89.89950643342839,89.296
364,cell_10,89.53466092686838,89.184
365,cell_10,89.77415334889596,88.749
366,cell_10,89.74171277309777,88.48
367,cell_10,89.43151386154703,88.625
368,cell_10,89.77117617791721,88.714
369,cell_10,89.45972916309815,88.678
370,cell_10,88.97223271662259,88.151
371,cell_10,89.45762193279374,88.859
372,cell_10,89.59293043964338,88.769
373,cell_10,89.41744308405639,88.499
374,cell_10,89.46014156315346,88.398
375,cell_10,89.16121649645822,88.467
376,cell_10,89.21188252813722,88.276
377,cell_10,89.08164075165226,88.571
378,cell_10,89.41793684119519,88.619
379,cell_10,89.19206420432035,88.641
380,cell_10,89.16454288596493,88.508
381,cell_10,89.14587603400244,88.74
382,cell_10,89.01931903355693,88.399
383,cell_10,88.85094217917975,88.092
384,cell_10,89.14767070431205,88.888
385,cell_10,88.82203773082018,88.27
386,cell_10,88.66727565211646,87.277
387,cell_10,88.06543978968253,87.807
388,cell_10,88.2587243655881,87.264
389,cell_10,88.24443560582013,87.715
390,cell_10,88.25970020767198,87.598
391,cell_10,88.11574644841275,87.898
392,cell_10,88.3065957647908,88.027
393,cell_10,87.83007434391543,87.643
394,cell_10,87.89949988888893,87.622
395,cell_10,87.853528366611,87.968
396,cell_10,87.8272949367168,87.369
397,cell_10,87.7653032407407,87.618
398,cell_10,87.74961156613757,87.761
399,cell_10,87.70754485846561,87.345
400,cell_10,87.71148599644407,87.492
401,cell_10,87.68903307448642,87.612
402,cell_10,87.74537373829878,87.981
403,cell_10,87.65340431234117,87.219
404,cell_10,87.7069055848596,87.537
405,cell_10,87.51054147595,87.988
406,cell_10,87.61463207944838,87.874
407,cell_10,87.52695810690238,87.437
408,cell_10,87.66197240352238,87.498
409,cell_10,87.48215844717855,87.657
410,cell_10,87.58697839257965,87.664
411,cell_10,87.45629455079712,87.933
412,cell_10,87.62992336528283,87.859
413,cell_10,87.42919508309288,87.105
414,cell_10,87.44110278291683,87.041
415,cell_10,87.58001654998708,87.357
416,cell_10,87.65565717155994,86.964
417,cell_10,87.42996696854607,87.913
418,cell_10,87.44596172607024,87.071
419,cell_10,87.44234176984126,87.427
420,cell_10,87.47397501508676,87.255
421,cell_10,87.53809903408633,86.562
422,cell_10,87.4911034264624,87.392
423,cell_10,87.47312170899473,86.865
424,cell_10,87.37723210978837,87.61
425,cell_10,87.40780027116404,87.46
426,cell_10,87.35545801851853,87.037
427,cell_10,87.364711526455,86.41
428,cell_10,87.346734706044,86.936
429,cell_10,87.26993587301587,87.724
430,cell_10,87.30030710846565,87.167
431,cell_10,87.29023618253966,86.775
432,cell_10,87.20356434523806,86.229
1,cell_11,99.96257204023287,100.149
2,cell_11,99.90726724294294,100.405
3,cell_11,99.93227329110977,99.683
4,cell_11,99.89007740396929,99.91
5,cell_11,99.92397006182033,100.129
6,cell_11,99.87235416097666,99.635
7,cell_11,99.98660665505889,99.413
8,cell_11,99.68362447061396,99.651
9,cell_11,99.55880290791642,100.048
10,cell_11,99.49690722894428,99.204
11,cell_11,99.68977428808107,99.375
12,cell_11,99.42368137970317,100.203
13,cell_11,99.61159748451261,99.698
14,cell_11,99.72030286871683,98.951
15,cell_11,99.07300910289133,99.389
16,cell_11,99.24253038507847,99.635
17,cell_11,99.14785507656057,99.626
18,cell_11,99.24344059628166,99.61
19,cell_11,99.23779369762264,99.34
20,cell_11,99.17808511962349,99.387
21,cell_11,99.23363506613309,98.782
22,cell_11,99.25969322946712,98.964
23,cell_11,99.18439457682366,98.783
24,cell_11,98.98178583186633,99.481
25,cell_11,98.92050620377513,99.285
26,cell_11,98.69359927388946,99.204
27,cell_11,98.83408542569722,99.086
28,cell_11,98.67889157349481,98.785
29,cell_11,98.57605134977646,98.965
30,cell_11,98.69582928968256,98.85
31,cell_11,98.50904016281167,98.88
32,cell_11,98.35504711026934,98.311
33,cell_11,98.30107058007953,98.916
34,cell_11,98.51156709187111,98.765
35,cell_11,98.42444941594515,97.812
36,cell_11,98.34042300000007,98.14
37,cell_11,98.31315476911979,98.321
38,cell_11,98.34465596753243,97.905
39,cell_11,98.18342987554111,97.71
40,cell_11,97.6133561225071,97.724
41,cell_11,97.61871950842706,96.938
42,cell_11,97.78806388641709,97.273
43,cell_11,97.50966761993597,97.5
44,cell_11,97.67111198434888,97.79
45,cell_11,97.67432308768156,97.028
46,cell_11,97.83182550623992,97.324
47,cell_11,97.5581727193648,97.223
48,cell_11,97.74237498126962,97.096
49,cell_11,97.49302004428061,96.64
50,cell_11,97.56506160110915,96.762
51,cell_11,97.54320266246765,97.444
52,cell_11,97.66400345154845,97.203
53,cell_11,97.37705845977608,96.985
54,cell_11,97.1803368440901,97.038
55,cell_11,97.43453225314038,97.123
56,cell_11,97.01553070473413,96.765
57,cell_11,97.00184740134668,96.778
58,cell_11,97.02815187405795,96.715
59,cell_11,97.19593475642279,96.95
60,cell_11,97.04601496321294,96.555
61,cell_11,96.65881242222,96.701
62,cell_11,97.034768839459,96.489
63,cell_11,96.57106050786369,96.157
64,cell_11,96.9469958597682,95.737
65,cell_11,96.80744516347995,96.149
66,cell_11,96.43682076791721,96.426
67,cell_11,96.29436572928134,96.297
68,cell_11,96.39620533906975,95.756
69,cell_11,96.37948619765723,96.351
70,cell_11,96.41474269071848,95.682
71,cell_11,96.40704616991528,95.857
72,cell_11,96.39865854277902,96.069
73,cell_11,96.0525349920636,95.719
74,cell_11,96.12062013230522,95.183
75,cell_11,96.03729749074074,96.282
76,cell_11,95.8715426441799,95.093
77,cell_11,95.93677723412692,95.374
78,cell_11,95.67104866320722,95.863
79,cell_11,95.79770674583014,95.265
80,cell_11,95.58554583201068,95.234
81,cell_11,95.67518530921858,95.36
82,cell_11,95.81258052614974,95.371
83,cell_11,95.68595964105347,95.167
84,cell_11,95.21017713095233,94.426
85,cell_11,95.11265282407409,94.847
86,cell_11,95.5025198849206,94.365
87,cell_11,95.00036312830686,94.633
88,cell_11,95.23226391269837,94.208
89,cell_11,95.34248879514003,94.897
90,cell_11,95.15994546007694,94.763
91,cell_11,95.28485702777786,94.455
92,cell_11,95.12230939526215,94.674
93,cell_11,94.83445630423277,94.928
94,cell_11,94.90085638492066,93.992
95,cell_11,94.93709223340547,93.975
96,cell_11,94.84102906108703,94.404
97,cell_11,94.79409641137553,93.904
98,cell_11,94.86523577777781,93.826
99,cell_11,94.84918609523808,93.431
100,cell_11,94.89662233730157,93.957
101,cell_11,94.69877980194809,93.302
102,cell_11,94.67844277886012,93.717
103,cell_11,94.40311819312177,92.809
104,cell_11,94.42462701130358,93.969
105,cell_11,94.44072163756611,93.87
106,cell_11,94.35168998280425,93.655
107,cell_11,94.50139569973548,94.073
108,cell_11,94.16286773015875,93.957
109,cell_11,94.32196260317463,93.481
110,cell_11,94.22053925264554,93.456
111,cell_11,94.31157960449737,93.984
112,cell_11,94.16347483333331,93.924
113,cell_11,94.0078752208995,93.638
114,cell_11,93.99954172811451,93.191
115,cell_11,94.09939302116399,93.998
116,cell_11,93.74319116762877,93.739
117,cell_11,93.96028257239071,93.701
118,cell_11,93.56189797751321,92.867
119,cell_11,93.70070948544976,93.879
120,cell_11,93.67812406613751,93.7
121,cell_11,93.70299111375664,93.557
122,cell_11,93.64878122354494,93.311
123,cell_11,93.57844575529094,93.595
124,cell_11,93.3849259816017,93.703
125,cell_11,93.54339722751314,93.166
126,cell_11,93.39751076082254,93.117
127,cell_11,93.38157404377102,92.604
128,cell_11,93.25573650661374,92.475
129,cell_11,93.37188207936508,92.877
130,cell_11,93.22604947222219,92.55
131,cell_11,92.70739661904759,93.151
132,cell_11,93.20604221825394,92.517
133,cell_11,93.1063006785715,91.906
134,cell_11,93.13368156048155,91.785
135,cell_11,92.92450257106364,92.491
136,cell_11,93.10373857142854,92.074
137,cell_11,92.8302801041325,92.531
138,cell_11,92.7207075168308,92.094
139,cell_11,92.72822558994703,92.265
140,cell_11,92.89684470502648,92.092
141,cell_11,92.94623518614712,92.269
142,cell_11,92.63746983730155,92.411
143,cell_11,92.56519361675359,92.198
144,cell_11,92.53037757911827,92.391
145,cell_11,92.30103438369963,91.683
146,cell_11,92.49202021704295,92.317
147,cell_11,92.38777983403637,92.199
148,cell_11,92.14577897551396,92.114
149,cell_11,92.06739770066535,91.475
150,cell_11,92.07237295596671,91.692
151,cell_11,91.98248259825849,92.261
152,cell_11,91.97084683672891,92.299
153,cell_11,91.84104814266583,92.315
154,cell_11,92.03705980354896,92.19
155,cell_11,91.83891770999047,91.833
156,cell_11,91.77806344115334,91.884
157,cell_11,91.72977185551176,91.56
158,cell_11,91.86591781275875,91.309
159,cell_11,91.62060195359298,91.844
160,cell_11,91.67013599636469,91.244
161,cell_11,91.70915273472464,91.044
162,cell_11,91.73272444996051,91.28
163,cell_11,91.50844293001063,91.231
164,cell_11,91.40907971971934,90.751
165,cell_11,91.36109246223184,91.348
166,cell_11,91.49918226952884,91.239
167,cell_11,91.31709637236341,90.545
168,cell_11,91.12872816232522,91.192
169,cell_11,90.69685270244912,90.566
170,cell_11,91.02777285821408,91.143
171,cell_11,91.02472819118971,90.348
172,cell_11,91.10078179666368,90.143
173,cell_11,91.14035422626218,90.353
174,cell_11,90.91997871439803,90.948
175,cell_11,90.93315972683678,90.201
176,cell_11,91.23519556365694,90.001
177,cell_11,91.12504411583573,90.531
178,cell_11,90.75342917283629,90.313
179,cell_11,90.85986851783734,90.601
180,cell_11,90.6332042023314,90.227
181,cell_11,90.77553566128773,89.792
182,cell_11,91.0506240644902,90.567
183,cell_11,90.67064494773425,89.819
184,cell_11,90.45901216965161,89.812
185,cell_11,90.67305378199849,90.201
186,cell_11,90.58423751717501,89.226
187,cell_11,90.66122066127168,90.282
188,cell_11,90.45288027897725,90.599
189,cell_11,90.5729084459174,89.996
190,cell_11,90.57458624275324,89.424
191,cell_11,90.37614181885091,89.472
192,cell_11,90.19505771154118,89.708
193,cell_11,90.48823042325604,89.799
194,cell_11,90.43631564748269,90.173
195,cell_11,90.20602770268785,90.16
196,cell_11,90.5376583690881,89.624
197,cell_11,90.18712221084397,89.53
198,cell_11,90.04776935045383,89.454
199,cell_11,90.46265150517813,89.882
200,cell_11,89.94323129647371,89.529
201,cell_11,90.05539686560178,89.225
202,cell_11,89.9855260689667,89.204
203,cell_11,89.99094869899383,89.839
204,cell_11,89.84006642813533,89.409
205,cell_11,89.78199433690484,88.565
206,cell_11,89.50103020869628,89.17
207,cell_11,89.755935895363,89.241
208,cell_11,89.79753474948771,89.1
209,cell_11,89.51533743415231,89.559
210,cell_11,89.48748999484636,89.082
211,cell_11,89.30562197602859,88.66
212,cell_11,89.36606088616668,88.742
213,cell_11,89.34919541803923,89.158
214,cell_11,89.35851375791879,88.549
215,cell_11,89.24798061929287,88.808
216,cell_11,89.42668064135685,88.787
217,cell_11,89.45881186547261,88.125
218,cell_11,89.16129489325822,88.222
219,cell_11,89.20790952765107,88.024
220,cell_11,89.0500248614562,88.167
221,cell_11,89.19096652071686,88.279
222,cell_11,88.88710641743313,88.365
223,cell_11,89.34838928317058,88.161
224,cell_11,88.7470985683086,88.321
225,cell_11,88.48563129803992,88.462
226,cell_11,88.626628191267,88.268
227,cell_11,88.66511292890333,88.808
228,cell_11,88.52292141577293,87.966
229,cell_11,88.69083821036332,88.033
230,cell_11,88.42202605088404,88.214
231,cell_11,88.87718535846558,88.014
232,cell_11,88.57204321116004,88.16
233,cell_11,88.61333317171135,87.469
234,cell_11,88.34421139576415,87.933
235,cell_11,88.60991412103171,88.308
236,cell_11,88.35024277849006,88.616
237,cell_11,88.151847720004,88.479
238,cell_11,88.13362923473822,88.082
239,cell_11,87.8895848765208,88.189
240,cell_11,87.86540825427244,87.728
241,cell_11,88.01592410685063,87.463
242,cell_11,87.91263282594811,87.341
243,cell_11,87.86009900356125,87.704
244,cell_11,87.69811772522384,87.596
245,cell_11,87.96184700432164,87.881
246,cell_11,88.2531396408129,86.915
247,cell_11,87.96193346165497,87.448
248,cell_11,88.06710276581879,87.863
249,cell_11,88.04881623913248,87.673
250,cell_11,88.02295885686031,87.205
251,cell_11,88.17313514842564,87.108
252,cell_11,88.23210163792685,87.486
253,cell_11,87.92403720466575,87.736
254,cell_11,87.8521491850701,87.655
255,cell_11,87.33620941439023,87.002
256,cell_11,87.43658803968253,86.888
257,cell_11,87.70231582478633,86.773
258,cell_11,87.3816756164021,86.876
259,cell_11,87.54509330555551,86.977
260,cell_11,87.20711215745825,86.562
261,cell_11,87.3520335817701,86.43
262,cell_11,87.41730634523806,86.914
263,cell_11,87.34742423421291,86.542
264,cell_11,87.07775372307806,86.112
265,cell_11,87.02568522402598,87.124
266,cell_11,87.11502025380909,86.772
267,cell_11,87.10212516287642,86.759
268,cell_11,86.76738582671962,86.64
269,cell_11,87.35672996248655,86.947
270,cell_11,87.04189714966536,86.311
271,cell_11,86.84092270749154,86.697
272,cell_11,87.01736590422541,86.78
273,cell_11,87.1826933197816,86.861
274,cell_11,86.95334579403892,85.827
275,cell_11,87.08594979568588,86.188
276,cell_11,87.10030968589744,85.885
277,cell_11,86.99350431878307,85.815
278,cell_11,87.18623387830685,85.45
279,cell_11,86.93894402200577,86.588
280,cell_11,86.54293678571426,85.88
281,cell_11,86.72401225264545,85.992
282,cell_11,86.39321531216929,85.603
283,cell_11,86.33037125264548,85.459
284,cell_11,86.46521924735447,86.163
285,cell_11,86.52349682142858,85.43
286,cell_11,86.51986017063493,86.226
287,cell_11,86.34838044312168,86.376
288,cell_11,86.36085724867725,85.603
289,cell_11,86.22735252116398,85.697
290,cell_11,86.34840709235209,85.072
291,cell_11,86.21671877777776,85.313
292,cell_11,86.43300015873017,86.025
293,cell_11,86.2212439736652,86.212
294,cell_11,85.92489139417988,85.601
295,cell_11,85.96902258994707,85.646
296,cell_11,86.12953955283226,85.361
297,cell_11,85.8710064603175,85.298
298,cell_11,86.04807452777777,86.036
299,cell_11,86.05637510309678,85.73
300,cell_11,85.9336589060069,85.098
301,cell_11,85.95686338492057,85.807
302,cell_11,85.73471866269836,86.348
303,cell_11,85.67861051984126,85.519
304,cell_11,85.91365842717084,84.814
305,cell_11,85.67353621693128,85.188
306,cell_11,85.58253660574229,85.316
307,cell_11,85.67281119843669,85.26
308,cell_11,85.71570505555553,84.919
309,cell_11,85.79936138881108,84.888
310,cell_11,85.54460438888891,84.497
311,cell_11,85.74958212558359,84.645
312,cell_11,85.633757744709,85.122
313,cell_11,85.75599237962969,84.854
314,cell_11,85.34378396428573,85.088
315,cell_11,85.6850594021164,84.942
316,cell_11,85.2697250992064,84.607
317,cell_11,85.30457093121692,84.594
318,cell_11,85.4284251099114,84.812
319,cell_11,84.93278022967128,84.843
320,cell_11,85.10020960256408,84.583
321,cell_11,84.82178658201062,84.527
322,cell_11,84.88500613359797,84.577
323,cell_11,84.92253026467334,84.353
324,cell_11,84.97604754083278,84.914
325,cell_11,85.219231474026,84.419
326,cell_11,84.65347067989418,84.54
327,cell_11,84.84414297328095,84.641
328,cell_11,85.21080515354092,84.681
329,cell_11,85.1022986588652,84.669
330,cell_11,84.73416612772321,84.547
331,cell_11,84.70932592892295,85.081
332,cell_11,85.12973258068786,84.611
333,cell_11,84.5154160999966,84.513
334,cell_11,84.6747278405082,85.127
335,cell_11,84.76665144108709,84.355
336,cell_11,84.56196973412698,85.126
337,cell_11,84.40736403170624,83.214
338,cell_11,84.68465589187674,83.692
339,cell_11,84.56060552147387,83.312
340,cell_11,84.38390604333951,83.404
341,cell_11,84.3403708751803,83.948
342,cell_11,84.58769935702254,83.898
343,cell_11,84.39955988323366,83.362
344,cell_11,84.58511712179987,84.034
345,cell_11,84.46313512936322,83.884
346,cell_11,84.93387223677246,83.529
347,cell_11,84.7000521663614,83.002
348,cell_11,84.47066517075514,83.815
349,cell_11,84.33724693473746,83.239
350,cell_11,84.1951426847752,83.472
351,cell_11,84.18013444841266,83.624
352,cell_11,84.21148810714284,83.264
353,cell_11,84.2532086823027,83.768
354,cell_11,84.0844258994709,83.27
355,cell_11,84.26403942122796,83.178
356,cell_11,84.53227189861494,83.205
357,cell_11,83.86211150095795,83.252
358,cell_11,84.26583688636363,83.502
359,cell_11,83.89940549648512,82.732
360,cell_11,83.97788073170072,82.639
361,cell_11,83.64345370177428,82.882
362,cell_11,83.83727979652267,83.892
363,cell_11,83.79363560996968,83.384
364,cell_11,83.60040900435726,82.755
365,cell_11,83.32589483477635,82.815
366,cell_11,84.11851979365079,82.915
367,cell_11,83.88536359259257,83.001
368,cell_11,83.74033525530865,83.112
369,cell_11,83.70354303591235,83.124
370,cell_11,83.55924979149341,83.279
371,cell_11,83.52018851221929,83.52
372,cell_11,83.44268170189997,82.514
373,cell_11,83.1570846832612,82.49
374,cell_11,83.52753624999997,82.445
375,cell_11,83.64780078615375,82.471
376,cell_11,83.24611620634913,82.665
377,cell_11,83.61770149206346,82.745
378,cell_11,83.24466946825393,83.072
379,cell_11,83.40143172883599,82.342
380,cell_11,83.24299049669322,82.536
381,cell_11,83.0624216256613,82.176
382,cell_11,83.1109375846561,82.55
383,cell_11,82.91485768518521,83.23
384,cell_11,82.91744432539681,82.388
385,cell_11,82.66807205555561,83.164
386,cell_11,82.70422380916314,82.177
387,cell_11,82.67728199603178,82.29
388,cell_11,82.76847442460326,82.326
389,cell_11,82.41784460810486,82.481
390,cell_11,82.58819319312173,82.382
391,cell_11,82.43852230651757,82.658
392,cell_11,82.39398988227506,81.604
393,cell_11,82.21209205254924,82.135
394,cell_11,82.60625026587304,82.997
395,cell_11,82.44064956878303,82.006
396,cell_11,82.10357904232798,81.972
397,cell_11,82.59480784523814,82.263
398,cell_11,82.09109670899463,82.066
399,cell_11,82.37350426719574,81.824
400,cell_11,82.58209911904765,82.213
401,cell_11,82.43006911640212,82.33
402,cell_11,82.17852689947082,81.672
403,cell_11,82.44976637037031,81.974
404,cell_11,82.41951231349209,82.11
405,cell_11,82.31538820899466,82.176
406,cell_11,82.44720267592588,81.963
407,cell_11,82.45359999338626,82.364
408,cell_11,82.53768408730161,81.866
409,cell_11,82.55724132407411,81.557
410,cell_11,82.35400292063491,81.786
411,cell_11,82.40927511904766,82.215
412,cell_11,82.3422952354497,81.584
413,cell_11,82.43919055158732,81.179
414,cell_11,82.56224398412706,81.7
415,cell_11,82.41614630423277,81.429
416,cell_11,82.43356804497354,82.237
417,cell_11,82.45167723148144,81.642
418,cell_11,82.42885193253964,81.934
419,cell_11,82.36690003703701,81.415
420,cell_11,82.6123488293651,81.741
421,cell_11,82.43157088624335,81.674
422,cell_11,82.43449367460313,81.976
423,cell_11,82.45657544973542,81.62
424,cell_11,82.17852689947082,81.405
425,cell_11,82.6213987619048,81.874
426,cell_11,82.60529107142864,81.348
427,cell_11,82.43987614417995,81.317
428,cell_11,82.56808611111117,81.549
429,cell_11,82.41761738492056,80.604
430,cell_11,82.40854758862434,80.706
431,cell_11,82.39671617195766,80.501
432,cell_11,82.2026142724867,80.476
1,cell_12,99.97401991352457,100.435
2,cell_12,99.82908276773074,100.15
3,cell_12,99.8588099898278,99.663
4,cell_12,100.0304103076054,100.156
5,cell_12,99.93960076166131,100.174
6,cell_12,99.93896452756486,99.817
7,cell_12,99.93164606975375,99.862
8,cell_12,100.10155192777943,99.302
9,cell_12,100.10040560002203,100.244
10,cell_12,100.04197886018953,99.98
11,cell_12,99.9773400522632,99.85
12,cell_12,99.93819033163054,99.719
13,cell_12,99.90393657641717,99.872
14,cell_12,100.04096196151684,100.152
15,cell_12,100.03493392830788,100.074
16,cell_12,99.89780084227318,99.919
17,cell_12,99.98809766977722,99.652
18,cell_12,99.99787734253897,99.908
19,cell_12,100.04497072177253,99.759
20,cell_12,99.96385627082799,99.943
21,cell_12,99.96128300329207,100.194
22,cell_12,99.97078454298699,99.846
23,cell_12,99.90984250860491,100.5
24,cell_12,99.97073577203375,99.835
25,cell_12,99.9983972460138,99.491
26,cell_12,100.0818605353168,99.939
27,cell_12,99.94095062267182,99.824
28,cell_12,100.01161105799778,100.5
29,cell_12,100.16696149386644,99.866
30,cell_12,100.01247443513279,99.546
31,cell_12,99.96099401009756,100.004
32,cell_12,99.84939808152491,99.484
33,cell_12,99.94021201372554,99.184
34,cell_12,99.8887791121461,99.641
35,cell_12,99.83524885363039,99.703
36,cell_12,99.80265100754238,99.558
37,cell_12,99.94607326956111,99.453
38,cell_12,100.02128956802287,99.423
39,cell_12,99.89611181314292,99.346
40,cell_12,99.46080657655796,99.149
41,cell_12,99.65252114487343,99.979
42,cell_12,99.58170080188937,100.265
43,cell_12,99.50405739573547,99.225
44,cell_12,99.72846770535914,99.353
45,cell_12,99.73798175058266,99.209
46,cell_12,99.6707367390169,99.801
47,cell_12,99.84686602286305,99.229
48,cell_12,99.8159892322155,99.721
49,cell_12,99.43816798412693,99.639
50,cell_12,99.47516132142849,99.465
51,cell_12,99.64259848484136,99.919
52,cell_12,99.55357032076721,99.406
53,cell_12,99.59828300132267,99.512
54,cell_12,99.4126966640211,99.146
55,cell_12,99.27996851984116,98.779
56,cell_12,99.56021455267916,99.829
57,cell_12,99.40281128443326,99.325
58,cell_12,99.41769729964543,99.858
59,cell_12,99.03007606033782,99.405
60,cell_12,99.10404703864398,99.478
61,cell_12,99.28179157927454,99.573
62,cell_12,99.20821994895347,99.349
63,cell_12,99.28808583587255,99.026
64,cell_12,99.07413589971951,99.25
65,cell_12,99.2134025551784,98.654
66,cell_12,99.05100331279213,98.929
67,cell_12,99.32488126799478,99.274
68,cell_12,99.12069281767175,98.722
69,cell_12,99.27707643826459,98.909
70,cell_12,99.1862146933215,99.011
71,cell_12,99.11344048374971,98.563
72,cell_12,99.05011586950198,98.917
73,cell_12,98.92226981884943,99.132
74,cell_12,98.98092254242427,98.92
75,cell_12,98.96501215920188,98.786
76,cell_12,99.02896596342572,98.549
77,cell_12,99.11558844745076,98.766
78,cell_12,98.99752780290099,98.576
79,cell_12,99.03607854622834,98.626
80,cell_12,98.82136943206032,98.765
81,cell_12,99.07858644853391,98.739
82,cell_12,98.89145008592033,99.111
83,cell_12,98.93442529620573,98.625
84,cell_12,99.09522682767145,98.918
85,cell_12,99.02018727911585,98.662
86,cell_12,99.0226538522984,98.528
87,cell_12,98.89355231760044,98.984
88,cell_12,99.00363796731702,98.927
89,cell_12,98.86208599490855,98.622
90,cell_12,98.87627593035893,97.864
91,cell_12,98.86007248464821,99.138
92,cell_12,98.89674540337278,99.035
93,cell_12,98.79603048304786,99.148
94,cell_12,98.70599697134539,98.966
95,cell_12,98.69796525341113,98.608
96,cell_12,98.89208996440514,98.479
97,cell_12,98.82326775728757,97.837
98,cell_12,98.70580514674242,98.415
99,cell_12,98.94523837292404,98.239
100,cell_12,98.73405478549691,98.139
101,cell_12,98.62821281175916,97.967
102,cell_12,98.61722995164058,98.065
103,cell_12,98.68491031858456,97.97
104,cell_12,98.70404624861848,98.672
105,cell_12,98.53436679284604,98.709
106,cell_12,98.66454606422452,98.104
107,cell_12,98.59049451698544,98.694
108,cell_12,98.47764201725971,98.357
109,cell_12,98.74466486861016,98.767
110,cell_12,98.67492440907886,98.505
111,cell_12,98.66836270714417,98.516
112,cell_12,98.54820811884188,98.4
113,cell_12,98.57008132494992,98.11
114,cell_12,98.55117250085102,97.881
115,cell_12,98.56775340993651,98.339
116,cell_12,98.61284025020733,98.249
117,cell_12,98.50194237422471,99.057
118,cell_12,98.47430137099495,98.502
119,cell_12,98.51452859302013,98.024
120,cell_12,98.63393971825646,98.252
121,cell_12,98.58586326635712,98.167
122,cell_12,98.55052444456254,98.266
123,cell_12,98.38000233443483,97.884
124,cell_12,98.53255150979066,98.55
125,cell_12,98.4943497601516,98.159
126,cell_12,98.63377530027024,98.474
127,cell_12,98.49112997696042,98.096
128,cell_12,98.61345592818857,98.158
129,cell_12,98.37837854939183,97.916
130,cell_12,98.53379817456243,97.117
131,cell_12,98.26267848579073,98.035
132,cell_12,98.39555493499317,98.179
133,cell_12,98.2501215883358,98.173
134,cell_12,98.23207973492062,97.528
135,cell_12,98.2090648968254,97.829
136,cell_12,98.30101921693118,97.535
137,cell_12,98.36559337172667,97.223
138,cell_12,98.44634817724867,97.674
139,cell_12,98.30278237193369,97.21
140,cell_12,98.75538968365545,97.827
141,cell_12,98.59933634735445,97.893
142,cell_12,98.50523615740741,98.034
143,cell_12,98.38653827633476,97.801
144,cell_12,98.56928114153439,97.523
145,cell_12,98.50690816005287,97.59
146,cell_12,98.57356277116394,97.684
147,cell_12,98.53808446031752,98.086
148,cell_12,98.25214014417986,98.089
149,cell_12,98.44960525793658,97.622
150,cell_12,98.54312286587302,97.942
151,cell_12,98.40550772301582,97.204
152,cell_12,98.40937451587305,97.49
153,cell_12,98.51127797169315,97.254
154,cell_12,98.28868444841265,97.432
155,cell_12,98.32267011640215,97.113
156,cell_12,98.34371601984125,96.848
157,cell_12,98.26104622619052,96.9
158,cell_12,98.47605273977871,97.449
159,cell_12,98.58359870370379,96.939
160,cell_12,98.3375678968254,97.171
161,cell_12,98.40290006926402,97.541
162,cell_12,98.46844309523803,97.61
163,cell_12,98.24527423809522,96.98
164,cell_12,98.29252612301586,96.554
165,cell_12,98.40491501719578,97.033
166,cell_12,98.35095225396827,97.334
167,cell_12,98.44636504894183,97.475
168,cell_12,98.48624900656566,96.693
169,cell_12,98.7084238915345,96.517
170,cell_12,98.50194159639243,96.775
171,cell_12,98.29926846031742,96.891
172,cell_12,98.30712863227512,97.673
173,cell_12,98.32494863359786,97.08
174,cell_12,98.54764653174614,97.242
175,cell_12,98.56689582515632,97.377
176,cell_12,98.1406371635401,96.912
177,cell_12,98.15930700661372,97.077
178,cell_12,97.92002913888885,97.123
179,cell_12,97.83190487566131,97.229
180,cell_12,97.70264180026464,97.008
181,cell_12,97.60964075372773,97.36
182,cell_12,97.3624477806037,97.378
183,cell_12,97.16874632426968,96.962
184,cell_12,97.10854292132457,97.267
185,cell_12,97.11012884562686,97.156
186,cell_12,97.15818955853908,97.837
187,cell_12,97.0917516095854,97.017
188,cell_12,97.15654683386283,96.864
189,cell_12,97.08295266848933,96.578
190,cell_12,97.05379229149429,96.432
191,cell_12,96.8978600903583,96.901
192,cell_12,96.9633077634341,96.23
193,cell_12,96.98005831168663,97.23
194,cell_12,97.02066600191223,96.0
195,cell_12,97.03738511411477,96.309
196,cell_12,97.05105537087147,96.918
197,cell_12,96.98213386593933,96.607
198,cell_12,97.00889763636471,96.637
199,cell_12,96.96523226024925,96.376
200,cell_12,97.02127433473575,96.544
201,cell_12,96.9853950357323,96.787
202,cell_12,96.9573152431798,96.332
203,cell_12,96.9310575518782,96.503
204,cell_12,96.91405505053004,96.584
205,cell_12,96.8779453183374,96.501
206,cell_12,96.83439391396928,96.807
207,cell_12,96.90882184613864,96.72
208,cell_12,96.95830669248075,96.551
209,cell_12,96.93311854803079,96.07
210,cell_12,97.00182210219403,96.64
211,cell_12,97.02676602090746,96.008
212,cell_12,96.93688247015152,96.818
213,cell_12,96.9338599175274,96.032
214,cell_12,96.79231166391389,96.362
215,cell_12,96.89634373649463,96.476
216,cell_12,96.9899292159884,96.226
217,cell_12,96.75552679845629,96.379
218,cell_12,96.75319585794847,96.076
219,cell_12,96.95881194041095,96.728
220,cell_12,96.94482315195646,96.222
221,cell_12,96.87502243605323,95.977
222,cell_12,96.79389977067876,96.085
223,cell_12,96.83162711090075,96.352
224,cell_12,96.59951449874497,96.129
225,cell_12,96.68380705317759,96.067
226,cell_12,96.56406120008056,95.582
227,cell_12,96.58043312420048,96.359
228,cell_12,96.60637679179025,96.117
229,cell_12,96.48772544975877,95.879
230,cell_12,96.58986381516988,96.11
231,cell_12,96.52261837786003,96.429
232,cell_12,96.3944487116162,96.227
233,cell_12,96.5506816739238,96.603
234,cell_12,96.48906686547794,96.274
235,cell_12,96.52637996204831,95.433
236,cell_12,96.46498659112031,96.39
237,cell_12,96.52543483290987,95.489
238,cell_12,96.48911032463388,96.417
239,cell_12,96.4296726953267,96.278
240,cell_12,96.45604769353139,96.516
241,cell_12,96.55762287093879,96.145
242,cell_12,96.46754197185406,96.098
243,cell_12,96.30965245011811,96.384
244,cell_12,96.42468949278742,95.659
245,cell_12,96.18190096936203,96.024
246,cell_12,96.0426666893727,95.943
247,cell_12,96.36990939182569,95.883
248,cell_12,96.23067707154773,95.841
249,cell_12,96.13445642723538,96.06
250,cell_12,96.20863118268753,96.228
251,cell_12,96.39411628758741,96.458
252,cell_12,96.17844221820228,95.927
253,cell_12,96.17689005654813,95.902
254,cell_12,96.04754153024314,95.166
255,cell_12,96.08259451831624,96.452
256,cell_12,96.02716801176143,95.006
257,cell_12,95.96366790137142,95.558
258,cell_12,96.19524313520164,95.502
259,cell_12,96.01100539874804,95.711
260,cell_12,95.84736261983326,95.15
261,cell_12,96.12881925090936,95.586
262,cell_12,95.82736584303598,95.902
263,cell_12,95.8627700946278,95.484
264,cell_12,96.00511151149075,95.151
265,cell_12,95.88822377557554,94.974
266,cell_12,95.90976809463794,95.86
267,cell_12,96.0723202975336,95.282
268,cell_12,96.03537886250976,95.201
269,cell_12,95.89039717158856,96.031
270,cell_12,95.79008324027845,95.55
271,cell_12,95.8910908623646,95.512
272,cell_12,95.77551141347026,95.661
273,cell_12,95.82783488489483,94.564
274,cell_12,95.79341351481366,95.493
275,cell_12,95.75949965716576,95.534
276,cell_12,95.80348308773524,94.886
277,cell_12,95.57781094715976,95.246
278,cell_12,95.68372969330039,95.31
279,cell_12,95.68889825428587,94.808
280,cell_12,95.82282862913107,95.294
281,cell_12,95.55043223062323,94.829
282,cell_12,95.75070576879195,95.798
283,cell_12,95.46466656329781,95.069
284,cell_12,95.62084182627824,95.19
285,cell_12,95.56865719535139,94.532
286,cell_12,95.53312192550948,95.139
287,cell_12,95.6163982316334,95.386
288,cell_12,95.53830375905567,94.752
289,cell_12,95.53091074610909,94.863
290,cell_12,95.48216256577795,94.807
291,cell_12,95.49417804855408,94.674
292,cell_12,95.54426845708048,94.631
293,cell_12,95.34456254126438,95.329
294,cell_12,95.34591048389744,94.547
295,cell_12,95.61584843243617,94.391
296,cell_12,95.58634196054008,94.767
297,cell_12,95.58603396013872,94.942
298,cell_12,95.48791253416528,95.101
299,cell_12,95.38766182491204,94.66
300,cell_12,95.30505772712345,94.75
301,cell_12,95.18170242047164,95.089
302,cell_12,95.3437996845946,95.198
303,cell_12,95.3969795932666,95.3
304,cell_12,95.31393636676293,95.07
305,cell_12,95.29658771330777,94.429
306,cell_12,95.50034228891133,94.664
307,cell_12,95.28142794732044,95.303
308,cell_12,95.15475267989423,95.458
309,cell_12,95.17378281717217,94.9
310,cell_12,95.20987871675004,94.874
311,cell_12,95.37160850085145,94.626
312,cell_12,95.3522891988243,95.353
313,cell_12,95.12440947309226,94.609
314,cell_12,95.22918834624159,95.515
315,cell_12,95.17219705866795,94.902
316,cell_12,94.9694374970782,94.325
317,cell_12,94.94560451168863,94.048
318,cell_12,95.16835714706593,94.502
319,cell_12,95.04070588666417,94.545
320,cell_12,94.98712088069342,94.488
321,cell_12,95.05226952882093,94.585
322,cell_12,95.03275440269279,94.999
323,cell_12,94.8855873428245,94.769
324,cell_12,94.98043176058201,94.642
325,cell_12,94.98761480904044,94.926
326,cell_12,94.73166056400781,94.308
327,cell_12,94.70846823867821,94.797
328,cell_12,94.75326898608914,94.792
329,cell_12,94.83659753525244,95.033
330,cell_12,94.83791883562589,94.172
331,cell_12,94.89847461123401,94.323
332,cell_12,94.68881979640406,94.34
333,cell_12,94.86602249284992,94.727
334,cell_12,94.72062637658634,94.65
335,cell_12,94.73756510094111,94.754
336,cell_12,94.63591023485421,93.951
337,cell_12,94.72027891611054,95.025
338,cell_12,94.6578745716514,94.654
339,cell_12,94.68459850085475,94.749
340,cell_12,94.56532482310631,94.694
341,cell_12,94.60056315968231,94.395
342,cell_12,94.62625746415854,94.739
343,cell_12,94.5333725967403,94.606
344,cell_12,94.6547894175191,94.602
345,cell_12,94.45368778826241,94.401
346,cell_12,94.45597161409086,94.223
347,cell_12,94.48278103134771,93.845
348,cell_12,94.6871290568618,94.199
349,cell_12,94.66044033185217,94.741
350,cell_12,94.42814925473533,93.798
351,cell_12,94.53213308722684,93.992
352,cell_12,94.28526556372533,94.214
353,cell_12,94.20068715440928,94.316
354,cell_12,94.55933514420872,93.604
355,cell_12,94.63161616418475,93.312
356,cell_12,94.59063842733536,93.882
357,cell_12,94.50339097330017,93.437
358,cell_12,94.49833182924455,93.769
359,cell_12,94.47318490412445,93.862
360,cell_12,94.40055823827883,93.505
361,cell_12,94.33398814247712,93.561
362,cell_12,94.29484038725994,93.889
363,cell_12,94.29756836598538,93.971
364,cell_12,94.164727047847,93.656
365,cell_12,94.42405661340725,93.694
366,cell_12,94.27455733964594,93.306
367,cell_12,94.29708352665855,93.678
368,cell_12,94.20575860523569,93.525
369,cell_12,94.2288434253318,93.667
370,cell_12,94.29752760231115,94.068
371,cell_12,94.18411391250935,93.305
372,cell_12,94.26571396772103,93.996
373,cell_12,94.18699392065575,93.701
374,cell_12,94.28285927195742,93.635
375,cell_12,94.23715843821888,93.382
376,cell_12,94.27605631899503,93.727
377,cell_12,94.24307070720977,94.294
378,cell_12,94.19210736791291,92.879
379,cell_12,94.1280092762783,93.056
380,cell_12,94.4511165328898,93.59
381,cell_12,94.1096810803937,93.741
382,cell_12,94.26550716529053,93.925
383,cell_12,94.28375181196331,93.779
384,cell_12,94.25893970328501,92.74
385,cell_12,94.15653219677013,93.285
386,cell_12,94.29203327116176,93.048
387,cell_12,94.29751662208967,93.366
388,cell_12,94.11615556884021,92.885
389,cell_12,94.21784605382831,92.641
390,cell_12,94.24583377336162,92.965
391,cell_12,94.26300865770523,93.093
392,cell_12,94.19120472087066,93.061
393,cell_12,94.10489035884343,92.951
394,cell_12,94.16455874246668,92.763
395,cell_12,94.0478384720473,92.906
396,cell_12,94.1642488824529,93.391
397,cell_12,94.07634038244164,93.491
398,cell_12,93.95926347561962,92.853
399,cell_12,93.8821045321634,93.033
400,cell_12,93.69631553835988,92.507
401,cell_12,93.65501170105827,93.131
402,cell_12,93.65274545054946,92.621
403,cell_12,93.69901885317466,92.345
404,cell_12,93.58780042857144,93.071
405,cell_12,93.50130425529103,92.752
406,cell_12,93.46080550661378,93.143
407,cell_12,93.46760688227513,92.973
408,cell_12,93.34335330423286,92.337
409,cell_12,93.33242843121698,92.496
1,cell_13,99.9101861267728,99.76
2,cell_13,100.00415080336234,99.686
3,cell_13,99.99457977979395,100.257
4,cell_13,99.98424877600824,99.935
5,cell_13,99.89853591890706,100.363
6,cell_13,100.03240525427276,99.916
7,cell_13,99.83784146962346,100.194
8,cell_13,99.85782391592592,99.537
9,cell_13,99.99357354222964,99.72
10,cell_13,100.03854271664824,99.945
11,cell_13,99.99483887779188,99.879
12,cell_13,99.87659866360484,100.5
13,cell_13,100.05775194983954,100.305
14,cell_13,99.91829259082651,100.297
15,cell_13,99.56999544271088,99.949
16,cell_13,99.39754406233115,99.386
17,cell_13,99.83842648031536,100.306
18,cell_13,99.70589508555463,99.318
19,cell_13,99.62793166260319,99.639
20,cell_13,99.70188427197182,99.976
21,cell_13,99.25764807964254,100.5
22,cell_13,99.52870520918776,100.326
23,cell_13,99.6064889152994,99.991
24,cell_13,99.55854920405926,100.449
25,cell_13,99.1634229356576,99.354
26,cell_13,99.0608328506048,99.637
27,cell_13,99.28090663003653,99.939
28,cell_13,98.91601911010139,99.081
29,cell_13,98.76279538565598,99.615
30,cell_13,98.8170251435604,99.634
31,cell_13,99.06180072376773,99.625
32,cell_13,99.11597399688439,99.189
33,cell_13,98.97153497001511,99.633
34,cell_13,99.01015163110317,99.59
35,cell_13,99.05140407469295,99.337
36,cell_13,98.96607147228593,99.736
37,cell_13,98.90846670456084,99.367
38,cell_13,98.90321394198257,98.75
39,cell_13,98.76783861656037,99.11
40,cell_13,99.19697666477181,99.376
41,cell_13,98.99640402524393,99.381
42,cell_13,98.93929905582519,98.915
43,cell_13,98.94667470335969,99.283
44,cell_13,98.95632747085385,98.889
45,cell_13,98.85339706357988,99.207
46,cell_13,99.1112418008493,98.74
47,cell_13,98.84699273792813,98.505
48,cell_13,99.18057975738145,99.121
49,cell_13,98.7933093331075,99.225
50,cell_13,98.85122523339977,99.173
51,cell_13,98.89014998213919,98.716
52,cell_13,98.67804939889191,98.219
53,cell_13,98.82693921555185,99.223
54,cell_13,99.01758993518511,99.399
55,cell_13,98.88955177996401,98.393
56,cell_13,98.64393716858689,98.87
57,cell_13,98.87640882587777,98.68
58,cell_13,98.80503345370363,98.684
59,cell_13,98.74704768253962,99.011
60,cell_13,98.64324451455023,98.54
61,cell_13,98.68104539021161,98.458
62,cell_13,98.58106199338617,98.727
63,cell_13,98.38953252465129,97.973
64,cell_13,98.3086656350224,98.861
65,cell_13,98.20605391666663,98.927
66,cell_13,98.07654923761423,98.611
67,cell_13,98.19441950649355,98.478
68,cell_13,98.18640202777772,98.525
69,cell_13,98.08022353184779,98.527
70,cell_13,98.07111697005772,98.593
71,cell_13,97.93757851238573,98.142
72,cell_13,97.74508630132827,98.734
73,cell_13,97.67664014273689,98.5
74,cell_13,97.69128747282349,98.616
75,cell_13,97.61182696020474,98.436
76,cell_13,97.60843078239488,98.01
77,cell_13,97.62352299150979,98.279
78,cell_13,97.61845149567849,97.943
79,cell_13,97.69462985717202,97.389
80,cell_13,97.36858427992681,97.881
81,cell_13,97.36825280555132,97.943
82,cell_13,97.33969495263942,97.864
83,cell_13,97.29491038716802,97.65
84,cell_13,97.26327020339819,97.866
85,cell_13,97.22037598478333,98.133
86,cell_13,97.17487516012083,97.791
87,cell_13,97.18750562990114,98.294
88,cell_13,97.1716674875959,97.685
89,cell_13,97.09196086500322,97.334
90,cell_13,97.05670464626495,97.574
91,cell_13,96.93397192059832,97.034
92,cell_13,96.95188619782198,97.641
93,cell_13,96.88302064144537,97.544
94,cell_13,96.98355989058518,97.85
95,cell_13,96.92293430768572,97.131
96,cell_13,96.89538611257974,97.873
97,cell_13,97.05610532304907,97.69
98,cell_13,96.96076099414152,97.8
99,cell_13,96.88813294726127,97.164
100,cell_13,96.87964175809083,97.317
101,cell_13,96.53061842312232,97.405
102,cell_13,96.79658514536482,96.605
103,cell_13,96.72021388842053,97.548
104,cell_13,96.6575622523995,97.176
105,cell_13,96.646462084875,96.834
106,cell_13,96.46732646164197,97.192
107,cell_13,96.23312853851905,97.566
108,cell_13,96.49419321471682,97.112
109,cell_13,96.5547576133844,96.976
110,cell_13,96.36740923861434,96.344
111,cell_13,96.01278730091128,96.688
112,cell_13,96.26076379245107,97.157
113,cell_13,96.46142428316968,97.262
114,cell_13,96.43237700905574,96.748
115,cell_13,96.34229750088217,96.86
116,cell_13,96.21408249146303,96.289
117,cell_13,96.11636551894384,96.415
118,cell_13,96.19853743201867,96.091
119,cell_13,96.17097125463043,96.262
120,cell_13,96.28918643123811,96.4
121,cell_13,96.0560603960771,95.94
122,cell_13,96.06677203256827,97.127
123,cell_13,95.96998626229646,96.148
124,cell_13,96.04278104557909,96.422
125,cell_13,95.94589533795346,95.95
126,cell_13,95.95654483377797,95.418
127,cell_13,95.94738666500321,96.739
128,cell_13,96.01942325060098,96.184
129,cell_13,96.04840163203001,95.515
130,cell_13,95.89573107096953,95.859
131,cell_13,95.89632921798076,96.788
132,cell_13,95.77549985553586,96.054
133,cell_13,95.80022893516566,95.135
134,cell_13,95.76060065319346,95.756
135,cell_13,95.96753772334392,95.855
136,cell_13,95.81861145800175,96.067
137,cell_13,95.82034804200909,95.907
138,cell_13,95.83410684976577,95.389
139,cell_13,95.66049738598751,95.719
140,cell_13,95.58784179978073,95.637
141,cell_13,95.89086221777667,96.134
142,cell_13,95.45040306046934,95.747
143,cell_13,95.43513559431855,95.743
144,cell_13,95.46800717481531,95.831
145,cell_13,95.43582494544027,95.651
146,cell_13,95.2889177719608,96.362
147,cell_13,95.18943579473003,95.995
148,cell_13,95.16899526527516,96.009
149,cell_13,95.17247166137564,95.288
150,cell_13,95.08852050396825,95.764
151,cell_13,95.00218647039065,95.895
152,cell_13,94.74481417255892,95.351
153,cell_13,95.00767263308909,95.306
154,cell_13,94.8260916013431,95.361
155,cell_13,94.89777342277164,95.22
156,cell_13,94.92906703388277,95.973
157,cell_13,94.78710978520549,95.945
158,cell_13,94.88948357020759,95.561
159,cell_13,94.74047711243387,95.639
160,cell_13,94.8577778921449,95.454
161,cell_13,94.73940521642243,96.353
162,cell_13,94.78592853835978,94.986
163,cell_13,94.88683382203905,94.958
164,cell_13,94.78433859079804,95.079
165,cell_13,94.74904793410296,94.723
166,cell_13,94.65446904256858,95.197
167,cell_13,94.79998926479072,95.545
168,cell_13,94.74271469336219,95.065
169,cell_13,94.8663641150793,95.357
170,cell_13,94.77745345899469,94.529
171,cell_13,94.80822185846561,94.831
172,cell_13,94.85134344973547,95.146
173,cell_13,94.6132379378307,94.474
174,cell_13,94.60877282671957,95.127
175,cell_13,94.60238563756617,94.936
176,cell_13,94.73409771164017,95.117
177,cell_13,94.73168272089937,94.958
178,cell_13,94.81696549637984,94.979
179,cell_13,94.73555174241166,94.247
180,cell_13,94.58161006854256,94.701
181,cell_13,94.49752858597881,95.18
182,cell_13,94.14919023579779,94.244
183,cell_13,94.08959124624054,94.374
184,cell_13,94.03222072650117,94.537
185,cell_13,94.08524810667605,94.565
186,cell_13,94.02678017203549,94.616
187,cell_13,93.99754633333333,94.47
188,cell_13,94.04533080291017,94.072
189,cell_13,94.02623630012539,93.757
190,cell_13,94.03733077489179,95.188
191,cell_13,93.99598977808846,94.282
192,cell_13,94.04978734676966,94.545
193,cell_13,93.92990805423281,93.556
194,cell_13,93.86430709920631,94.159
195,cell_13,93.79110846164025,94.148
196,cell_13,93.83153585317464,94.132
197,cell_13,93.70590238492063,94.504
198,cell_13,93.67295367857146,94.191
199,cell_13,93.68752946910998,94.142
200,cell_13,93.57551659343437,94.267
201,cell_13,93.73973160714289,93.969
202,cell_13,93.54196340476196,93.598
203,cell_13,93.55867634920637,94.171
204,cell_13,93.67916516479917,93.701
205,cell_13,93.61660584920635,93.708
206,cell_13,93.51553522829136,94.188
207,cell_13,93.62422488702146,94.611
208,cell_13,93.54231686111117,93.879
209,cell_13,93.5684875119048,93.216
210,cell_13,93.4592303142702,93.653
211,cell_13,93.75644020574795,94.253
212,cell_13,93.64409842592592,93.67
213,cell_13,93.03977361585736,93.989
214,cell_13,93.07473388918595,93.702
215,cell_13,93.1050515793651,93.246
216,cell_13,92.98661665163533,94.025
217,cell_13,92.93943875529094,93.585
218,cell_13,92.82293436640211,93.449
219,cell_13,92.81175970238088,93.408
220,cell_13,92.93029593470416,93.105
221,cell_13,92.85303025132279,93.22
222,cell_13,92.89971478174603,93.15
223,cell_13,92.87572662914853,94.041
224,cell_13,92.61434374422805,93.67
225,cell_13,92.74658119047618,93.056
226,cell_13,92.7034893968254,93.912
227,cell_13,92.65209214947092,93.735
228,cell_13,92.63899858597884,93.132
229,cell_13,92.57313131746032,93.485
230,cell_13,92.60899505158727,93.121
231,cell_13,92.20085616735683,93.468
232,cell_13,92.28813526391764,93.308
233,cell_13,92.29243488949007,93.034
234,cell_13,92.28040970818172,92.789
235,cell_13,92.02998720042557,93.141
236,cell_13,92.24097697288357,93.135
237,cell_13,92.15165952858062,93.308
238,cell_13,92.19450627565577,93.106
239,cell_13,92.19273473994146,93.196
240,cell_13,92.15884688579774,92.429
241,cell_13,92.17486360340557,92.061
242,cell_13,92.28591358711843,92.147
243,cell_13,92.20230156850374,92.567
244,cell_13,92.17460831871337,92.324
245,cell_13,92.27877454646111,92.519
246,cell_13,92.30432488618156,92.776
247,cell_13,92.0827466732551,92.745
248,cell_13,92.20485019046374,91.853
249,cell_13,92.2041919404815,93.33
250,cell_13,92.06484852775364,92.674
251,cell_13,92.0522777289306,92.643
252,cell_13,92.00718137501475,92.512
253,cell_13,92.0184253074874,92.472
254,cell_13,91.84646962971466,92.886
255,cell_13,91.84291508802153,92.264
256,cell_13,91.81234602266825,92.648
257,cell_13,91.80664861450583,93.011
258,cell_13,91.93992683257245,92.613
259,cell_13,91.76481188071834,92.71
260,cell_13,91.59921248997703,92.135
261,cell_13,91.73176958358344,92.804
262,cell_13,91.79448003917688,92.667
263,cell_13,91.65041345106363,92.526
264,cell_13,91.52129073363338,92.517
265,cell_13,91.39711866490744,91.735
266,cell_13,91.43253199169494,92.618
267,cell_13,91.32910629962785,92.945
268,cell_13,91.424358280698,91.897
269,cell_13,91.34567128049636,92.43
270,cell_13,91.30326356597396,92.035
271,cell_13,91.2253411182157,91.709
272,cell_13,91.05188711406437,92.467
273,cell_13,90.94982793254655,91.993
274,cell_13,91.13183253848418,92.261
275,cell_13,90.94718736401742,92.651
276,cell_13,91.01645482323474,92.103
277,cell_13,91.02374840420488,92.008
278,cell_13,91.12405283664759,91.657
279,cell_13,91.16306046136202,91.603
280,cell_13,91.09229357117592,91.849
281,cell_13,90.9188567870873,91.777
282,cell_13,90.87327343137235,92.094
283,cell_13,90.79892955719373,91.564
284,cell_13,90.88622625248395,91.658
285,cell_13,90.95459394355028,91.845
286,cell_13,90.87384174060483,91.919
287,cell_13,90.87050220737807,91.908
288,cell_13,90.89357827994202,91.832
289,cell_13,90.58490727996079,91.655
290,cell_13,90.55264610481882,92.064
291,cell_13,90.35434850313949,92.245
292,cell_13,90.2836004899684,91.983
293,cell_13,90.37777688540156,91.716
294,cell_13,90.32873135129667,90.936
295,cell_13,90.29331803130847,91.732
296,cell_13,90.43228492007003,91.094
297,cell_13,90.34640658638608,91.543
298,cell_13,90.11768801027205,91.639
299,cell_13,90.09115608712337,91.387
300,cell_13,90.28589538102692,91.433
301,cell_13,90.25502755988458,91.409
302,cell_13,90.22550505050437,91.08
303,cell_13,90.05880024762334,90.802
304,cell_13,90.2048673014523,91.386
305,cell_13,90.02054245938376,90.687
306,cell_13,90.14736247804066,91.028
307,cell_13,90.11111706548722,90.954
308,cell_13,90.06803875315477,91.318
309,cell_13,90.17980114385264,91.216
310,cell_13,90.1612758055196,90.954
311,cell_13,90.14223860137085,91.02
312,cell_13,90.15573627576057,91.734
313,cell_13,90.05091779265577,90.911
314,cell_13,90.06056187033548,91.091
315,cell_13,90.03060839698996,91.32
316,cell_13,89.87659808766236,91.167
317,cell_13,89.97317650435434,91.329
318,cell_13,89.7882062462951,91.476
319,cell_13,89.91522765829079,91.448
320,cell_13,89.82580370103315,90.962
321,cell_13,89.78977265713944,91.07
322,cell_13,89.53797939705828,91.011
323,cell_13,89.68556514873829,90.68
324,cell_13,89.67289692272172,91.007
325,cell_13,89.73448647720149,90.454
326,cell_13,89.89484341815476,91.061
327,cell_13,89.87882522729073,90.309
328,cell_13,89.23356833211979,90.652
329,cell_13,89.59675687439238,91.205
330,cell_13,89.7384817566646,91.088
331,cell_13,89.71090462981343,90.943
332,cell_13,89.58704291487733,90.813
333,cell_13,89.6863696471186,90.689
334,cell_13,89.39912215059164,90.777
335,cell_13,89.59638662003877,91.154
336,cell_13,89.69116842072853,90.52
337,cell_13,89.54388820237465,89.97
338,cell_13,89.46750267706433,90.226
339,cell_13,89.32975614605418,90.352
340,cell_13,89.37712761309496,90.517
341,cell_13,89.61519538624404,90.508
342,cell_13,89.60167880032992,90.243
343,cell_13,89.43340494531384,90.192
344,cell_13,89.4574195909199,89.414
345,cell_13,89.45304737649896,89.784
346,cell_13,89.33407676301873,90.243
347,cell_13,89.39253163463123,90.17
348,cell_13,89.41337007241232,89.927
349,cell_13,89.32173135535238,90.289
350,cell_13,89.37489017567793,90.086
351,cell_13,89.30629839410291,90.029
352,cell_13,89.35661538924495,90.14
353,cell_13,89.20807062728936,90.081
354,cell_13,89.35324507345523,90.359
355,cell_13,89.25522553260915,89.877
356,cell_13,89.27370437451437,89.887
357,cell_13,89.29272002568264,90.019
358,cell_13,89.19071985060252,89.966
359,cell_13,89.18742197732358,90.517
360,cell_13,89.21516321220997,90.117
361,cell_13,89.17317657730494,89.743
362,cell_13,89.16342461219496,89.512
363,cell_13,89.16271193786933,90.431
364,cell_13,89.10934072519306,89.847
365,cell_13,89.07592695875425,90.059
366,cell_13,88.65328420530396,89.954
367,cell_13,88.7379147315664,90.169
368,cell_13,88.6983070410053,89.761
369,cell_13,88.68554036884417,89.963
370,cell_13,88.65562997141741,89.763
371,cell_13,88.70771095743852,90.761
372,cell_13,88.69957614534695,89.701
373,cell_13,88.65053828423589,90.095
374,cell_13,88.71869231588016,90.781
375,cell_13,88.6624196654641,90.213
376,cell_13,88.50334309812789,89.878
377,cell_13,88.64265226731598,89.934
378,cell_13,88.57001684632745,89.64
379,cell_13,88.56490482081803,89.969
380,cell_13,88.52803860955498,89.397
381,cell_13,88.52408422751326,89.443
382,cell_13,88.68629485917789,89.201
383,cell_13,88.39172667582419,89.371
384,cell_13,88.61713066317937,89.484
1,cell_14,99.98601635251131,99.787
2,cell_14,100.07462641129217,100.019
3,cell_14,99.90481709075215,100.143
4,cell_14,99.93804468705727,100.221
5,cell_14,99.92884821057395,99.854
6,cell_14,99.76025311475338,99.985
7,cell_14,99.75625202448401,99.687
8,cell_14,99.59289355091133,99.691
9,cell_14,99.60604909022301,99.42
10,cell_14,99.35374010593216,99.523
11,cell_14,99.6300426720621,99.902
12,cell_14,99.69826058034054,99.944
13,cell_14,99.63764725695773,99.689
14,cell_14,99.49302887068986,99.82
15,cell_14,99.29813383573767,99.43
16,cell_14,99.2215490136749,99.239
17,cell_14,99.41608000871086,98.456
18,cell_14,99.18270326323366,99.867
19,cell_14,99.12265065229225,99.125
20,cell_14,98.9982979387984,99.124
21,cell_14,99.06293166579006,99.576
22,cell_14,99.16487896834116,99.186
23,cell_14,99.05785463912432,99.432
24,cell_14,99.08604337050507,98.427
25,cell_14,98.93656855277509,98.987
26,cell_14,98.8909544781589,98.603
27,cell_14,98.93346867136997,98.706
28,cell_14,98.77130084419088,98.412
29,cell_14,98.75641352730017,98.487
30,cell_14,98.65479744038535,98.96
31,cell_14,98.61087958072963,98.728
32,cell_14,98.3538774977571,98.699
33,cell_14,98.55098818955602,98.083
34,cell_14,98.45875362037039,98.091
35,cell_14,98.51569593029677,98.296
36,cell_14,98.30173363612312,98.454
37,cell_14,98.16193109876717,98.542
38,cell_14,98.25310338032818,98.667
39,cell_14,97.98827236812745,98.467
40,cell_14,97.90614968651744,98.412
41,cell_14,97.85748670341769,98.029
42,cell_14,97.66418631395706,97.717
43,cell_14,97.81217822542665,98.19
44,cell_14,97.82228414270531,98.026
45,cell_14,97.55427994787861,98.111
46,cell_14,97.6483501525642,98.333
47,cell_14,97.49527152024956,97.55
48,cell_14,97.50939953328634,98.104
49,cell_14,97.75101745679203,97.239
50,cell_14,97.4579910670867,97.885
51,cell_14,97.57784688921852,97.438
52,cell_14,97.44253930867453,97.701
53,cell_14,97.3463643710695,97.732
54,cell_14,97.16160797030507,97.214
55,cell_14,96.98277424583512,97.127
56,cell_14,96.85182606353834,97.064
57,cell_14,97.05131967005842,97.405
58,cell_14,96.95852243218607,97.509
59,cell_14,97.05835049447447,97.865
60,cell_14,97.0530207928068,97.242
61,cell_14,96.91154692777964,96.858
62,cell_14,96.68183154076738,97.092
63,cell_14,96.88096200413956,96.428
64,cell_14,96.71612125973172,97.431
65,cell_14,96.87297475181002,97.178
66,cell_14,96.72887487266773,96.648
67,cell_14,96.5537897996671,96.475
68,cell_14,96.43251747631072,96.327
69,cell_14,96.4007428578682,96.745
70,cell_14,96.35720240332282,96.355
71,cell_14,96.12102525741133,96.809
72,cell_14,96.071999855488,96.867
73,cell_14,95.88319249817914,96.147
74,cell_14,95.75516217207793,96.352
75,cell_14,95.80272233293022,96.45
76,cell_14,95.73048735572365,95.971
77,cell_14,95.60429624779304,95.822
78,cell_14,95.62302023456552,95.49
79,cell_14,95.7302419623683,96.268
80,cell_14,95.69904095697895,95.364
81,cell_14,95.59597983045198,95.526
82,cell_14,95.45254946996542,95.835
83,cell_14,95.3548847367725,95.319
84,cell_14,95.37770690570245,95.342
85,cell_14,95.37021088649938,95.009
86,cell_14,94.96532887000967,95.276
87,cell_14,95.35130898641162,96.141
88,cell_14,95.31381339514184,95.309
89,cell_14,95.46155774867721,95.801
90,cell_14,95.10175161507946,95.152
91,cell_14,95.04382804238823,94.983
92,cell_14,94.97987065097406,95.068
93,cell_14,95.07709408928577,95.52
94,cell_14,94.60721541221743,94.647
95,cell_14,94.66136001851845,95.814
96,cell_14,94.74034179385421,95.445
97,cell_14,94.69800267857137,95.19
98,cell_14,94.53655392612941,95.064
99,cell_14,94.73980029461285,95.146
100,cell_14,94.7334928824786,95.647
101,cell_14,94.76751434920632,94.829
102,cell_14,94.44174290476188,95.286
103,cell_14,94.34376280769229,95.641
104,cell_14,94.41537886589335,94.694
105,cell_14,94.37053935846562,94.654
106,cell_14,94.07149547751327,94.388
107,cell_14,94.25117666798954,94.455
108,cell_14,94.23290965608463,94.907
109,cell_14,93.8026320224868,95.037
110,cell_14,93.86868550925935,94.719
111,cell_14,93.76834210449732,93.939
112,cell_14,93.6957179828043,94.129
113,cell_14,94.1685555277778,94.508
114,cell_14,93.78499039297743,94.34
115,cell_14,93.78235110353538,93.997
116,cell_14,93.55152223685032,94.092
117,cell_14,93.7233979907407,94.472
118,cell_14,93.63221554028382,94.299
119,cell_14,93.68789634800385,93.925
120,cell_14,93.64435741245792,94.315
121,cell_14,93.44197334788356,93.733
122,cell_14,93.56532576238565,93.707
123,cell_14,93.39179913359794,93.941
124,cell_14,93.43782987301586,93.572
125,cell_14,93.40900905952384,93.769
126,cell_14,93.27024174050024,93.851
127,cell_14,92.7821969933863,94.278
128,cell_14,93.07644538492072,93.023
129,cell_14,92.94500094982989,93.274
130,cell_14,92.95595182008002,93.876
131,cell_14,92.916432744709,93.16
132,cell_14,92.91400590031263,93.499
133,cell_14,92.41951953835975,94.076
134,cell_14,92.91005362564536,93.319
135,cell_14,92.78929005533794,93.462
136,cell_14,92.71341369179886,93.151
137,cell_14,92.71546580372407,93.743
138,cell_14,92.59977247089958,92.608
139,cell_14,92.61133534788357,92.553
140,cell_14,92.50876416854642,92.372
141,cell_14,92.59193707142855,92.665
142,cell_14,92.77387557010579,93.25
143,cell_14,92.420994323669,92.809
144,cell_14,92.40155770634928,92.765
145,cell_14,92.36105455206831,92.782
146,cell_14,92.30236050793656,92.686
147,cell_14,92.25549120634932,93.078
148,cell_14,91.9757166574074,92.843
149,cell_14,91.78299748941791,92.22
150,cell_14,91.91219806746028,92.903
151,cell_14,91.9800401415344,92.681
152,cell_14,91.93874266269835,92.747
153,cell_14,91.91509294291816,92.008
154,cell_14,91.8652531081604,92.393
155,cell_14,91.75701824572648,92.351
156,cell_14,91.77482017602762,91.993
157,cell_14,91.81625050396828,92.523
158,cell_14,91.84623607275125,91.697
159,cell_14,91.8495716587302,93.096
160,cell_14,91.76295665873019,91.852
161,cell_14,91.20515218007289,92.007
162,cell_14,91.29199561210059,91.93
163,cell_14,91.4677094039125,92.216
164,cell_14,91.1256310383166,92.367
165,cell_14,91.3372820578678,91.735
166,cell_14,91.24384911750462,91.918
167,cell_14,91.02609590979785,91.737
168,cell_14,91.09343205318035,91.336
169,cell_14,90.92039952874131,91.637
170,cell_14,91.13998941639994,91.618
171,cell_14,91.14908288883137,91.63
172,cell_14,90.88565701262031,91.36
173,cell_14,90.91949481741776,91.576
174,cell_14,91.13708968133247,91.708
175,cell_14,90.84904561633545,91.112
176,cell_14,90.84681006624879,91.659
177,cell_14,90.86091705169885,91.942
178,cell_14,90.87411912783296,91.091
179,cell_14,90.58298552390042,91.52
180,cell_14,90.59222788689343,91.61
181,cell_14,90.74319200095833,91.622
182,cell_14,90.34643831906985,91.656
183,cell_14,90.42960803695277,91.748
184,cell_14,90.22439045322565,91.06
185,cell_14,90.30375557669956,90.72
186,cell_14,90.13447245798929,90.912
187,cell_14,90.26272943482948,91.452
188,cell_14,90.25601367681483,90.755
189,cell_14,90.25879540104437,91.175
190,cell_14,89.98141399280254,91.273
191,cell_14,90.27552139955104,91.203
192,cell_14,90.14131232728238,91.298
193,cell_14,89.91659823343441,91.01
194,cell_14,89.95973534108579,90.989
195,cell_14,90.21573026537271,91.564
196,cell_14,90.13959153460569,91.611
197,cell_14,89.82930262532328,91.453
198,cell_14,89.73053173319731,91.184
199,cell_14,89.79972672921805,90.846
200,cell_14,89.87745834396692,91.06
201,cell_14,89.78482988165032,90.98
202,cell_14,89.80021798512779,91.191
203,cell_14,89.81317539271683,90.978
204,cell_14,89.75145334421512,90.485
205,cell_14,89.55823049809209,90.3
206,cell_14,89.45304310870554,89.284
207,cell_14,89.52330355503042,90.426
208,cell_14,89.50198765325462,90.013
209,cell_14,89.16515025920971,90.323
210,cell_14,89.01310776796012,89.931
211,cell_14,89.27542607927381,90.519
212,cell_14,89.14670787185467,89.872
213,cell_14,89.20075308351055,90.011
214,cell_14,89.37886375500449,90.037
215,cell_14,89.18776884113656,89.58
216,cell_14,89.24092262225174,90.155
217,cell_14,89.28237189924894,90.28
218,cell_14,88.77590808428164,90.158
219,cell_14,88.54754010299419,90.727
220,cell_14,88.8708090554778,89.274
221,cell_14,89.22435037578158,89.024
222,cell_14,89.11683989781358,89.184
223,cell_14,88.88818449551279,89.567
224,cell_14,88.35427016412567,89.864
225,cell_14,88.56079851074995,89.556
226,cell_14,88.39871156420645,89.356
227,cell_14,88.62617693553668,89.953
228,cell_14,88.69000398250579,89.469
229,cell_14,88.45545527711641,89.092
230,cell_14,88.51392618307636,89.804
231,cell_14,88.60324336679989,89.698
232,cell_14,88.62522097883601,89.575
233,cell_14,88.28967765079362,89.626
234,cell_14,88.5141344102871,89.034
235,cell_14,88.37519556440147,89.15
236,cell_14,88.25871510762653,88.591
237,cell_14,88.07658620065126,88.673
238,cell_14,88.10357875050542,88.6
239,cell_14,88.05584357789127,88.95
240,cell_14,87.90773270891384,88.539
241,cell_14,87.9540899242397,88.707
242,cell_14,87.71931628169122,88.531
243,cell_14,87.83409177405704,88.582
244,cell_14,87.9278563315546,88.337
245,cell_14,87.88240971246309,88.504
246,cell_14,87.71027853552557,88.22
247,cell_14,87.83171481277064,88.554
248,cell_14,87.90063219000575,88.477
249,cell_14,87.82352736820637,88.508
250,cell_14,87.73829319287971,88.654
251,cell_14,87.8737402069124,89.029
252,cell_14,87.64445582790627,87.988
253,cell_14,87.77839523655285,88.375
254,cell_14,87.29649353439149,88.212
255,cell_14,87.41413977966886,88.579
256,cell_14,87.32518276851852,88.698
257,cell_14,87.04856703159042,88.122
258,cell_14,87.21424132142862,88.232
259,cell_14,87.04659477380957,88.396
260,cell_14,87.29544744841277,88.17
261,cell_14,87.24257551587306,87.941
262,cell_14,87.0386551511257,88.245
263,cell_14,87.04638536969838,87.966
264,cell_14,87.04728246031755,88.314
265,cell_14,86.89962011507937,88.148
266,cell_14,87.01924758396594,87.986
267,cell_14,86.86924893518514,87.665
268,cell_14,86.76341601803759,88.048
269,cell_14,86.88580120520213,87.721
270,cell_14,87.15372428835974,87.717
271,cell_14,86.9799913702755,87.938
272,cell_14,87.04059634823375,87.976
273,cell_14,86.7271823862434,87.64
274,cell_14,86.87440946152518,87.491
275,cell_14,86.9563857432306,87.47
276,cell_14,86.752485066463,87.361
277,cell_14,86.67908174042958,87.464
278,cell_14,86.80385186375668,87.734
279,cell_14,86.69455940211635,87.425
280,cell_14,86.3501175039682,87.479
281,cell_14,86.23734316269842,87.28
282,cell_14,86.5347502486773,87.44
283,cell_14,86.3670163439153,87.378
284,cell_14,86.21669969841265,87.071
285,cell_14,86.2742404325397,86.93
286,cell_14,86.47055719937468,87.28
287,cell_14,86.2634455449736,86.977
288,cell_14,86.38647395238095,86.664
289,cell_14,86.20712061231363,87.355
290,cell_14,86.11479793650796,86.951
291,cell_14,86.14633928342961,86.513
292,cell_14,86.19499153174606,87.111
293,cell_14,86.14087004232809,87.162
294,cell_14,85.84396055303023,86.705
295,cell_14,85.88169882936509,86.777
296,cell_14,85.98965666666666,87.031
297,cell_14,85.67968333465608,86.724
298,cell_14,86.01236018783062,86.603
299,cell_14,85.58691242604624,86.902
300,cell_14,85.99855815752764,86.837
301,cell_14,85.5380878531746,86.702
302,cell_14,85.48668536147183,86.134
303,cell_14,85.67701208007726,86.809
304,cell_14,85.58684317134713,86.515
305,cell_14,85.53031912037036,86.781
306,cell_14,85.61339029700845,86.179
307,cell_14,85.18876716005286,86.915
308,cell_14,85.5114240026455,86.348
309,cell_14,85.56538056084658,86.729
310,cell_14,85.55695903842933,86.88
311,cell_14,85.57880761772483,86.717
312,cell_14,85.1986520167844,86.716
313,cell_14,85.17466103787879,86.626
314,cell_14,84.974087275974,85.843
315,cell_14,85.08277345105813,86.607
316,cell_14,85.19716498155101,86.538
317,cell_14,85.11664054184708,85.838
318,cell_14,85.08979489954041,84.924
319,cell_14,84.88616078835982,86.254
320,cell_14,84.98564225132273,85.406
321,cell_14,84.97970735846565,86.112
322,cell_14,84.85552132804237,85.734
323,cell_14,84.83710834295331,86.096
324,cell_14,84.6863483082011,85.65
325,cell_14,84.77810383333342,85.954
326,cell_14,84.77165438227512,85.186
327,cell_14,84.6822450952381,85.702
328,cell_14,84.9549967275132,85.696
329,cell_14,84.69256896825394,85.913
330,cell_14,84.49828948280432,85.554
331,cell_14,84.5782326997354,85.782
332,cell_14,84.71543784114961,85.579
333,cell_14,84.522349681217,85.834
334,cell_14,84.43122330952383,85.815
335,cell_14,84.51230582788506,85.961
336,cell_14,84.50002837566139,85.242
337,cell_14,84.37702586772488,85.566
338,cell_14,84.2335739684574,85.617
339,cell_14,84.13314754746182,86.078
340,cell_14,83.80453438492064,86.127
341,cell_14,84.0624441721612,84.927
342,cell_14,84.27821579894177,85.151
343,cell_14,84.20095448941798,84.585
344,cell_14,83.88851913095235,85.994
345,cell_14,83.92607108730154,85.43
346,cell_14,83.84873937632277,85.309
347,cell_14,83.85586095436508,85.039
348,cell_14,84.03602368386237,85.085
349,cell_14,83.81735625727516,85.425
350,cell_14,83.83443249140214,84.773
351,cell_14,83.88464728373015,84.748
352,cell_14,84.146688015873,85.014
353,cell_14,84.0136582169312,85.089
354,cell_14,84.095081140873,85.253
355,cell_14,83.73054600396831,85.092
356,cell_14,83.66566579761904,84.833
357,cell_14,83.68346299603175,84.972
358,cell_14,83.72371544708999,85.139
359,cell_14,83.53507859523808,85.285
360,cell_14,83.4684326732804,85.386
361,cell_14,83.66181899735457,85.004
362,cell_14,83.45010404232808,84.874
363,cell_14,83.42336442857145,84.817
364,cell_14,83.52841386111112,85.436
365,cell_14,83.31433698412701,84.435
366,cell_14,83.4426450978836,84.337
367,cell_14,83.31241721693118,84.616
368,cell_14,83.02499780555551,85.05
369,cell_14,83.42005607936498,84.289
370,cell_14,83.42794971371218,84.744
371,cell_14,83.37556647751326,84.43
372,cell_14,83.43780185052917,84.095
373,cell_14,83.38263445899466,84.185
374,cell_14,82.86062945634924,84.307
375,cell_14,83.06674596164028,83.749
376,cell_14,83.38371481373257,84.133
377,cell_14,83.13747785209227,83.979
378,cell_14,83.2750630925926,84.028
379,cell_14,82.73995878174603,84.24
380,cell_14,83.02311702380962,83.154
1,cell_15,100.1023207201439,100.084
2,cell_15,99.9310012025432,100.252
3,cell_15,99.96073966505006,99.677
4,cell_15,100.11936639354221,100.318
5,cell_15,99.93255752885571,99.979
6,cell_15,100.02354888355877,100.01
7,cell_15,100.0176052435775,100.275
8,cell_15,100.07416082036437,99.463
9,cell_15,100.04682910481633,100.191
10,cell_15,100.08698565441694,99.443
11,cell_15,100.09054662223352,99.507
12,cell_15,99.97368881576325,99.555
13,cell_15,99.96320942432553,100.168
14,cell_15,100.07366290315522,100.186
15,cell_15,99.94270783410461,100.25
16,cell_15,99.9700966929038,99.972
17,cell_15,99.97151492758661,99.87
18,cell_15,99.92743309997563,100.132
19,cell_15,100.04368664604445,99.937
20,cell_15,100.05312081967499,100.042
21,cell_15,99.88460649589881,99.958
22,cell_15,99.94356771953882,99.963
23,cell_15,100.09694546279955,100.5
24,cell_15,99.91393708726935,100.251
25,cell_15,99.93372203355958,100.112
26,cell_15,100.01524623822361,99.854
27,cell_15,100.0160968456174,99.987
28,cell_15,100.02945765870467,100.263
29,cell_15,100.01517293212122,100.024
30,cell_15,99.761677535313,99.849
31,cell_15,99.8330920745507,99.469
32,cell_15,99.75717514071346,99.859
33,cell_15,100.00385815110282,100.174
34,cell_15,100.00621795149465,99.591
35,cell_15,99.79679434211708,100.266
36,cell_15,99.79065236212868,99.9
37,cell_15,99.89325118060867,100.247
38,cell_15,99.72253905177426,99.802
39,cell_15,99.53631649003844,99.166
40,cell_15,99.54339147651987,99.706
41,cell_15,99.5750307320273,99.625
42,cell_15,99.6042454836442,99.566
43,cell_15,99.67283653667289,99.967
44,cell_15,99.6396491075852,99.55
45,cell_15,99.67854829415084,99.389
46,cell_15,99.59731876788257,99.631
47,cell_15,99.63341096495041,100.07
48,cell_15,99.64174771922596,99.74
49,cell_15,99.59829105833533,99.547
50,cell_15,99.67093110037236,99.696
51,cell_15,99.63164266783895,100.145
52,cell_15,99.36293346001985,99.962
53,cell_15,99.47969416552537,99.976
54,cell_15,99.56712163997082,99.958
55,cell_15,99.50499436375672,99.32
56,cell_15,99.50002002432207,99.779
57,cell_15,99.24067142367092,100.117
58,cell_15,99.36193610681754,99.158
59,cell_15,99.17155090682375,99.231
60,cell_15,99.21581041253924,99.491
61,cell_15,99.09866692271385,99.589
62,cell_15,99.08474854694201,99.825
63,cell_15,99.14114003197851,99.424
64,cell_15,99.07360109454727,99.964
65,cell_15,98.89433703756997,100.483
66,cell_15,99.07790571127346,99.642
67,cell_15,99.01542904250732,99.39
68,cell_15,99.02745147274739,99.641
69,cell_15,99.15240061671591,99.933
70,cell_15,99.0533208678778,99.816
71,cell_15,99.11688571665874,99.084
72,cell_15,98.93808708853146,98.727
73,cell_15,99.0187018766058,98.909
74,cell_15,98.98438470693132,99.566
75,cell_15,99.00972167412327,98.676
76,cell_15,98.97009090708514,98.793
77,cell_15,98.96561388322148,98.932
78,cell_15,99.00200174356334,99.546
79,cell_15,98.83081639841468,99.053
80,cell_15,98.87436506084036,98.828
81,cell_15,98.90979047426411,98.658
82,cell_15,98.90624470190203,99.201
83,cell_15,98.94703643250723,98.771
84,cell_15,98.9684790620549,99.254
85,cell_15,98.8381459097813,98.718
86,cell_15,98.85057365216451,98.618
87,cell_15,98.82308750641997,98.36
88,cell_15,98.9270403692357,98.95
89,cell_15,98.84048689949738,98.253
90,cell_15,98.93180316763825,99.172
91,cell_15,98.75314747337566,98.365
92,cell_15,98.71983966719567,98.25
93,cell_15,98.8096834691532,98.783
94,cell_15,98.85070546276117,98.855
95,cell_15,98.8469676019339,98.533
96,cell_15,98.73642498394756,98.798
97,cell_15,98.67970490614603,98.665
98,cell_15,98.70986358805253,98.774
99,cell_15,98.7595726783251,99.042
100,cell_15,98.54386013329085,98.358
101,cell_15,98.72053125423828,98.616
102,cell_15,98.721621386062,97.984
103,cell_15,98.51628609810466,98.98
104,cell_15,98.67489123887943,98.467
105,cell_15,98.53547034488113,98.586
106,cell_15,98.68604021301148,98.472
107,cell_15,98.47987343995194,98.366
108,cell_15,98.7750855972709,98.796
109,cell_15,98.75085017241759,98.74
110,cell_15,98.56923260158429,98.403
111,cell_15,98.69588153621221,99.09
112,cell_15,98.51245216307315,98.826
113,cell_15,98.48584071583086,99.053
114,cell_15,98.55964139651302,98.01
115,cell_15,98.59102278578804,98.381
116,cell_15,98.49718339799206,98.861
117,cell_15,98.4593742757617,98.203
118,cell_15,98.4971159318776,98.446
119,cell_15,98.69279908993477,98.262
120,cell_15,98.51817097992141,98.691
121,cell_15,98.58641091053887,98.469
122,cell_15,98.60375937517703,98.268
123,cell_15,98.56191526251827,98.647
124,cell_15,98.55219144225725,98.323
125,cell_15,98.44676424799671,98.24
126,cell_15,98.69206320895928,98.11
127,cell_15,98.17396558752968,98.308
128,cell_15,98.1076685058737,98.218
129,cell_15,98.20131143506737,97.506
130,cell_15,98.42745360302999,98.639
131,cell_15,98.38671527738475,98.59
132,cell_15,98.27118304458277,97.928
133,cell_15,97.9772566743627,97.566
134,cell_15,98.51989342689721,97.739
135,cell_15,98.13123180847978,97.749
136,cell_15,97.87095902045188,98.156
137,cell_15,97.93345515649165,97.944
138,cell_15,98.0483875555556,97.885
139,cell_15,98.13710453153098,98.197
140,cell_15,98.27441219900226,97.977
141,cell_15,98.03953844989746,98.298
142,cell_15,98.02998838422019,97.996
143,cell_15,98.01537361640213,98.521
144,cell_15,98.06415977545959,98.686
145,cell_15,97.59077722665424,98.085
146,cell_15,97.69100500638119,97.919
147,cell_15,97.70530066400468,97.995
148,cell_15,97.92730516362202,98.332
149,cell_15,97.95384692255645,98.276
150,cell_15,97.74602287853757,97.443
151,cell_15,97.98332202077552,98.181
152,cell_15,97.94025605883243,97.898
153,cell_15,97.79539006614516,98.097
154,cell_15,97.61849989325223,98.014
155,cell_15,97.68530213529543,97.895
156,cell_15,97.81775063210954,97.514
157,cell_15,97.83340190764544,97.538
158,cell_15,97.69350454185314,97.93
159,cell_15,97.75308924002296,97.973
160,cell_15,97.33766623627255,97.995
161,cell_15,97.7170018460361,98.069
162,cell_15,97.53136965812459,97.744
163,cell_15,97.6389754093706,97.571
164,cell_15,97.5816704038656,98.287
165,cell_15,97.55655208511983,98.158
166,cell_15,97.58800624717796,97.78
167,cell_15,97.54650284090089,98.252
168,cell_15,97.55921158584889,97.689
169,cell_15,97.85859828130766,98.059
170,cell_15,97.4183166128416,98.062
171,cell_15,97.5175208720693,97.801
172,cell_15,97.37493087958372,98.14
173,cell_15,97.6138915337671,97.602
174,cell_15,97.51712050771016,97.984
175,cell_15,97.37105403676793,97.985
176,cell_15,97.23653827375861,96.84
177,cell_15,97.04296701118254,97.362
178,cell_15,97.17476026785708,97.509
179,cell_15,97.20490664350937,97.154
180,cell_15,97.12133450755276,97.197
181,cell_15,97.08377680082418,97.088
182,cell_15,97.0935573967053,97.144
183,cell_15,97.26804832980602,97.018
184,cell_15,96.96913321349203,97.174
185,cell_15,97.07559378972117,97.094
186,cell_15,97.30564860706731,97.492
187,cell_15,97.06883292972509,96.933
188,cell_15,97.09809248160865,96.714
189,cell_15,96.95424524800785,96.48
190,cell_15,96.87641500805863,97.3
191,cell_15,96.94081014029254,97.431
192,cell_15,96.74292379317275,96.647
193,cell_15,96.90718742038604,97.181
194,cell_15,96.93822576616684,96.976
195,cell_15,96.91501930455145,96.821
196,cell_15,96.58422737445058,96.482
197,cell_15,96.71365119694404,96.969
198,cell_15,96.80808746112908,97.212
199,cell_15,96.88180867440808,97.239
200,cell_15,96.91172715441783,96.973
201,cell_15,96.72843850329788,97.079
202,cell_15,96.7731207554134,96.273
203,cell_15,96.66414057658572,97.0
204,cell_15,96.70600822792251,97.004
205,cell_15,96.93877504459753,96.721
206,cell_15,96.5412264977011,96.846
207,cell_15,96.77079181446554,96.661
208,cell_15,96.91523263653201,96.354
209,cell_15,96.61347990653123,97.005
210,cell_15,96.63309690703639,97.387
211,cell_15,96.76763666160149,96.559
212,cell_15,96.77887139478366,96.844
213,cell_15,96.56019227980799,96.423
214,cell_15,96.66275248708612,96.89
215,cell_15,96.5206716276921,96.63
216,cell_15,96.48045898709432,96.78
217,cell_15,96.58982842047027,97.12
218,cell_15,96.63376069784412,96.911
219,cell_15,96.68063977001529,96.787
220,cell_15,96.28351406452494,96.544
221,cell_15,96.58617151691722,97.032
222,cell_15,96.45106041467513,96.49
223,cell_15,96.30690106377034,97.223
224,cell_15,96.49837462117344,96.858
225,cell_15,96.38141525961187,96.516
226,cell_15,96.59677394960771,96.372
227,cell_15,96.4821413170574,96.461
228,cell_15,96.39285987368132,96.453
229,cell_15,96.25558683142359,96.697
230,cell_15,96.54798438804868,96.253
231,cell_15,96.5092218067292,96.797
232,cell_15,96.47382677726641,95.801
233,cell_15,96.28460104808515,96.586
234,cell_15,96.39861039079186,96.344
235,cell_15,96.51356138820042,96.589
236,cell_15,96.23928245929608,96.922
237,cell_15,96.47834565918562,96.832
238,cell_15,96.23337129513261,96.331
239,cell_15,96.27605547794552,96.63
240,cell_15,96.45207461851572,96.521
241,cell_15,96.43612605836607,96.402
242,cell_15,96.48830775465807,95.759
243,cell_15,96.00173841224223,96.165
244,cell_15,96.34486267451545,96.171
245,cell_15,96.38936246205526,95.944
246,cell_15,96.34104993226953,96.251
247,cell_15,96.2257179733045,95.952
248,cell_15,96.10963127930033,95.494
249,cell_15,96.26182552242538,96.322
250,cell_15,96.34533093477278,95.757
251,cell_15,96.0744375960801,95.414
252,cell_15,95.98254499074181,96.898
253,cell_15,96.08392606922274,95.616
254,cell_15,95.96083879139678,96.133
255,cell_15,96.08456329574152,95.623
256,cell_15,96.09078981226808,95.814
257,cell_15,95.98469138703118,95.731
258,cell_15,95.80634232753455,95.642
259,cell_15,95.73486571266993,96.201
260,cell_15,96.17158683800328,96.622
261,cell_15,95.68881975256843,95.943
262,cell_15,96.02947435282941,95.408
263,cell_15,95.89454050156657,95.627
264,cell_15,96.05690145731155,95.69
265,cell_15,95.63738205836587,95.971
266,cell_15,95.66838440928383,95.647
267,cell_15,96.0408640278188,96.407
268,cell_15,95.69196802962192,95.736
269,cell_15,95.6167870239672,96.007
270,cell_15,95.83338875810387,95.714
271,cell_15,95.88099582179112,95.753
272,cell_15,95.84737141252234,95.658
273,cell_15,95.62284366450996,95.764
274,cell_15,95.59909656985107,95.616
275,cell_15,95.65975642802749,95.777
276,cell_15,95.56737673264239,95.599
277,cell_15,95.73018753278373,96.446
278,cell_15,95.40403854271715,95.883
279,cell_15,95.49058443314354,95.939
280,cell_15,95.56354628370619,95.715
281,cell_15,95.26846338888889,94.928
282,cell_15,95.6589625999428,94.966
283,cell_15,95.28754520020233,95.249
284,cell_15,95.42054435177401,95.239
285,cell_15,95.41397632350709,95.418
286,cell_15,95.24398279404188,95.357
287,cell_15,95.34178296418506,95.16
288,cell_15,95.29064194325444,96.096
289,cell_15,95.12479853172862,95.406
290,cell_15,95.37638418111403,95.169
291,cell_15,95.57451693114619,95.188
292,cell_15,95.15717175668516,95.518
293,cell_15,95.23814596010475,95.234
294,cell_15,95.53991647112474,95.587
295,cell_15,95.18652025207342,95.275
296,cell_15,95.29840114777507,95.186
297,cell_15,95.30560143496966,94.78
298,cell_15,95.07989567676988,95.523
299,cell_15,95.16688141107886,94.885
300,cell_15,95.21770529560014,95.436
301,cell_15,95.21636445086848,95.032
302,cell_15,95.41373892499334,95.469
303,cell_15,95.2495205300247,95.596
304,cell_15,94.99264817378925,94.985
305,cell_15,95.26915732574174,94.959
306,cell_15,95.19637415498637,95.877
307,cell_15,95.26946883184674,95.349
308,cell_15,95.06235605517541,95.428
309,cell_15,95.06735592909453,94.805
310,cell_15,95.46009346705146,94.906
311,cell_15,95.27080075956857,95.275
312,cell_15,95.24942590318943,95.097
313,cell_15,95.07659095396718,94.91
314,cell_15,95.13378730446009,95.295
315,cell_15,94.7892041781201,94.699
316,cell_15,94.86767697883602,95.302
317,cell_15,94.89610443763029,94.941
318,cell_15,94.54897248640361,95.424
319,cell_15,94.83278561589809,95.242
320,cell_15,94.86924581777852,95.195
321,cell_15,94.7942961204906,95.439
322,cell_15,94.600849701035,94.837
323,cell_15,94.73038298279015,94.51
324,cell_15,94.78347965229516,95.165
325,cell_15,94.77645812045527,95.312
326,cell_15,94.7109646052858,95.188
327,cell_15,94.68966214253864,94.105
328,cell_15,94.68960028567597,94.985
329,cell_15,94.64213208158598,94.524
330,cell_15,94.61876220951973,95.073
331,cell_15,94.87669412708887,94.728
332,cell_15,94.63612949136954,94.703
333,cell_15,94.76591652086357,94.686
334,cell_15,94.64039498773482,94.624
335,cell_15,94.64247255515974,94.326
336,cell_15,94.68055242658218,94.595
337,cell_15,94.6761355843642,94.749
338,cell_15,94.62005405597102,95.158
339,cell_15,94.46308715789199,94.863
340,cell_15,94.55398928544653,94.623
341,cell_15,94.5438821550409,94.601
342,cell_15,94.47654717864364,93.814
343,cell_15,94.68786174414679,94.592
344,cell_15,94.66596001306098,94.632
345,cell_15,94.48699377582761,94.409
346,cell_15,94.61960386316784,94.434
347,cell_15,94.38230228267065,93.848
348,cell_15,94.4588199896931,94.175
349,cell_15,94.38224001600464,94.262
350,cell_15,94.43790144045143,94.375
351,cell_15,94.45111969587073,93.68
352,cell_15,94.43478949258211,94.535
353,cell_15,94.20259641448523,94.565
354,cell_15,94.3683719607191,94.715
355,cell_15,94.41036469071204,94.463
356,cell_15,94.2829587384426,94.84
357,cell_15,94.13015185890656,95.127
358,cell_15,94.3179745341287,94.17
359,cell_15,94.1907513580195,94.218
360,cell_15,94.17082662811714,94.693
361,cell_15,94.20623194880223,94.768
362,cell_15,94.09697419523846,93.875
363,cell_15,94.08630711688312,94.746
364,cell_15,93.91321121736159,93.957
365,cell_15,93.79891189575096,94.167
366,cell_15,93.71000940476969,94.44
367,cell_15,94.28372343401446,94.671
368,cell_15,94.19399687185819,93.941
369,cell_15,94.39357616201579,94.462
370,cell_15,94.10654158132732,94.207
371,cell_15,94.00870128506534,93.8
372,cell_15,94.31958884333237,94.056
373,cell_15,93.72269459741028,93.879
374,cell_15,93.73580323822313,94.445
375,cell_15,94.06534316662656,93.813
376,cell_15,94.08176133289545,94.093
377,cell_15,94.32072611184036,93.958
378,cell_15,93.77263779803702,94.062
379,cell_15,93.82855734288107,93.961
380,cell_15,93.97304671437125,93.698
381,cell_15,93.73503235449733,94.076
382,cell_15,94.02431906365354,94.0
383,cell_15,94.06663495040138,93.806
384,cell_15,94.00907882934193,94.729
385,cell_15,94.15450682041109,93.606
386,cell_15,93.97955442923735,94.113
387,cell_15,93.61219343464053,94.139
388,cell_15,94.38760361002886,93.875
389,cell_15,94.31426680026459,94.036
390,cell_15,94.25315675000006,94.095
391,cell_15,93.58974120131036,93.939
392,cell_15,94.02365751526247,93.794
393,cell_15,94.49351768650796,93.937
394,cell_15,93.08547868253963,93.78
395,cell_15,93.03833199206343,94.142
396,cell_15,92.98819788912937,93.993
397,cell_15,93.8459465875537,93.754
398,cell_15,94.1214728896012,93.508
399,cell_15,93.36660797486775,93.636
400,cell_15,93.71667725000002,93.554
401,cell_15,93.6601274153439,93.365
402,cell_15,93.72089310653233,92.912
403,cell_15,93.37420575396818,93.227
404,cell_15,93.22020888492062,93.065
405,cell_15,92.92147248773452,93.183
406,cell_15,92.9719711742425,93.814
407,cell_15,93.50883273677253,93.168
408,cell_15,93.0806816785714,93.323
409,cell_15,93.3140098769841,93.198
410,cell_15,93.29436311111112,93.454
411,cell_15,93.59736582407412,93.149
412,cell_15,93.46390469047626,93.101
413,cell_15,93.30978505158731,93.06
414,cell_15,93.13074463492062,93.043
415,cell_15,93.05539843650796,93.717
416,cell_15,93.24094540476189,93.381
417,cell_15,93.07334138492061,93.082
418,cell_15,93.42206387037035,93.518
419,cell_15,93.3900128333334,93.611
420,cell_15,93.34219374999996,92.881
421,cell_15,93.18090858730157,93.007
422,cell_15,93.43708625000002,93.097
423,cell_15,93.25277878174597,92.864
424,cell_15,93.23041047222216,92.946
425,cell_15,93.34241589550267,92.947
426,cell_15,93.3955007288359,93.051
427,cell_15,93.45523547883603,94.013
428,cell_15,93.14535838095235,92.824
429,cell_15,93.43412068518516,92.653
430,cell_15,93.36687462301589,93.388
431,cell_15,93.32929817063494,93.15
432,cell_15,93.18607746428563,93.003
433,cell_15,93.2525321269841,93.355
434,cell_15,93.14649445634917,92.728
435,cell_15,93.39345569047622,93.189
436,cell_15,92.99031172582977,93.038
437,cell_15,93.35544389285715,93.105
438,cell_15,93.37542962698409,93.11
439,cell_15,93.11530469841266,93.81
440,cell_15,92.88050949170271,92.944
441,cell_15,93.27454561904759,92.842
442,cell_15,93.27548406613757,93.256
443,cell_15,93.22729925925933,93.401
444,cell_15,93.15780724206338,92.689
445,cell_15,93.15413980952383,93.212
446,cell_15,93.33986751851855,92.745
447,cell_15,93.25094118650786,92.688
448,cell_15,92.8972048290044,93.028
449,cell_15,93.27257230158726,92.896
450,cell_15,93.16493888492062,92.708
451,cell_15,93.36386806746036,92.413
452,cell_15,93.38689796693119,92.512
453,cell_15,93.47033355026451,92.854
454,cell_15,92.8889566623377,92.374
455,cell_15,93.00081683429534,92.69
456,cell_15,93.13889009391525,92.115
457,cell_15,93.38406223677245,92.602
458,cell_15,93.25024988227509,92.888
459,cell_15,92.73220091762865,91.668
460,cell_15,93.09782538888888,91.663
461,cell_15,93.08796016402113,90.862
1,cell_16,99.96429217249512,100.101
2,cell_16,99.97996685435653,99.675
3,cell_16,99.9738473342576,99.74
4,cell_16,99.89821250114092,99.739
5,cell_16,99.95085932972346,99.98
6,cell_16,100.02472663181727,100.327
7,cell_16,99.95126377553983,99.791
8,cell_16,99.96778003061944,99.907
9,cell_16,100.0127682407151,100.36
10,cell_16,100.00605694087348,99.589
11,cell_16,99.96159697467598,100.456
12,cell_16,99.82226163390854,100.187
13,cell_16,99.84366263354205,99.79
14,cell_16,99.89557585644562,99.898
15,cell_16,99.879840348657,100.5
16,cell_16,99.80424505928693,99.85
17,cell_16,99.81728772691692,100.086
18,cell_16,99.72725415951024,100.36
19,cell_16,99.75330101079338,99.735
20,cell_16,99.74304295752565,99.423
21,cell_16,99.72324692063785,100.085
22,cell_16,99.87189397692778,99.095
23,cell_16,99.76082860819663,99.416
24,cell_16,99.62650918621127,99.55
25,cell_16,99.79834563247562,98.959
26,cell_16,99.97237842539685,98.635
27,cell_16,99.72621718652947,98.813
28,cell_16,99.23288015316002,99.106
29,cell_16,99.44465251604879,98.839
30,cell_16,99.45203889103757,98.958
31,cell_16,99.26282809875565,99.141
32,cell_16,99.2312465413987,99.087
33,cell_16,99.49991839551458,98.292
34,cell_16,99.3683244271861,98.916
35,cell_16,99.16743851583442,99.026
36,cell_16,99.20494861549614,98.837
37,cell_16,99.29448183244995,99.019
38,cell_16,99.11577792512428,99.093
39,cell_16,99.15264165279899,98.959
40,cell_16,98.97429881937808,98.833
41,cell_16,99.01184065163491,98.937
42,cell_16,99.2142432038677,98.164
43,cell_16,98.85394408127502,99.285
44,cell_16,99.27699216810969,99.259
45,cell_16,98.9859814735548,99.237
46,cell_16,98.9222857940773,98.9
47,cell_16,99.02466886004989,99.026
48,cell_16,99.07485901521163,98.897
49,cell_16,99.06080887158647,98.734
50,cell_16,99.05269417377347,99.048
51,cell_16,98.97532932222421,98.106
52,cell_16,98.95778588761539,98.769
53,cell_16,98.77054150404601,98.387
54,cell_16,98.80562011004263,98.292
55,cell_16,98.62455634580402,98.599
56,cell_16,98.62395484788352,98.262
57,cell_16,98.48269022486781,98.261
58,cell_16,98.38157589285711,97.791
59,cell_16,98.56490748941802,98.145
60,cell_16,98.66313614153441,98.243
61,cell_16,98.54034874206349,98.331
62,cell_16,98.5689443373016,98.677
63,cell_16,98.44183351190479,97.962
64,cell_16,98.38207018650792,98.323
65,cell_16,98.32252035714292,97.945
66,cell_16,98.25052210317463,97.936
67,cell_16,97.96646831746033,98.003
68,cell_16,98.08933344444446,98.131
69,cell_16,98.0944771388889,98.034
70,cell_16,98.1283792720058,97.279
71,cell_16,97.99093262433863,97.573
72,cell_16,97.6435673108465,97.209
73,cell_16,97.63011260846555,97.573
74,cell_16,97.60281981878306,97.432
75,cell_16,97.56019282010587,96.837
76,cell_16,97.61524478571428,97.356
77,cell_16,97.53982050132278,97.677
78,cell_16,97.4857611275484,97.359
79,cell_16,97.49032241568617,97.466
80,cell_16,97.44005312301589,97.254
81,cell_16,97.24825786806714,97.315
82,cell_16,97.28657876190485,97.682
83,cell_16,97.29431218455379,97.207
84,cell_16,97.38483610108881,96.991
85,cell_16,97.39428433591996,96.499
86,cell_16,97.33212618281817,96.925
87,cell_16,97.42139359608412,96.75
88,cell_16,97.30667549790253,96.633
89,cell_16,97.25488592049294,96.757
90,cell_16,97.25182067070568,96.782
91,cell_16,96.8823393154377,96.762
92,cell_16,96.99836237600653,97.494
93,cell_16,96.99786885424932,96.584
94,cell_16,97.06768746445658,97.252
95,cell_16,96.89799543201396,97.24
96,cell_16,96.9591611759889,97.264
97,cell_16,97.0021390834766,97.065
98,cell_16,96.88148136756173,97.459
99,cell_16,96.78965796291186,97.079
100,cell_16,96.93356980109387,97.016
101,cell_16,97.11273257648155,97.429
102,cell_16,96.95374275546759,96.568
103,cell_16,96.68565068797383,96.143
104,cell_16,96.78587458661046,96.77
105,cell_16,96.79985953111189,96.799
106,cell_16,96.99436394984212,96.562
107,cell_16,96.95911685558382,96.344
108,cell_16,96.92669608763542,96.531
109,cell_16,96.97440831957894,96.658
110,cell_16,96.74717531160294,96.143
111,cell_16,96.68573520261776,95.782
112,cell_16,97.07554068619369,96.353
113,cell_16,96.8292708087509,96.705
114,cell_16,96.87459974867728,95.954
115,cell_16,96.64354355122654,95.911
116,cell_16,96.63505468043878,96.356
117,cell_16,96.38865151126346,96.225
118,cell_16,96.24471095123161,96.087
119,cell_16,96.17422051584465,96.644
120,cell_16,96.2381976489097,96.094
121,cell_16,96.50001094462831,95.964
122,cell_16,96.28082696828105,96.108
123,cell_16,96.39363690469611,95.748
124,cell_16,96.15670657822214,96.063
125,cell_16,96.22981847185504,96.011
126,cell_16,95.87286182552322,95.812
127,cell_16,96.23168848087218,95.609
128,cell_16,96.18466809049173,96.151
129,cell_16,95.87561848964582,95.993
130,cell_16,95.77927744206458,95.943
131,cell_16,96.07185746810079,95.739
132,cell_16,95.88849472801962,95.56
133,cell_16,96.13320736053898,95.141
134,cell_16,95.61683516354016,95.878
135,cell_16,95.76800018507927,95.621
136,cell_16,95.8896784127946,95.788
137,cell_16,95.75134324289994,96.461
138,cell_16,95.68888406218271,96.097
139,cell_16,95.43986381056678,95.856
140,cell_16,95.58111171918841,95.671
141,cell_16,95.62175372132056,95.936
142,cell_16,95.545580152992,95.973
143,cell_16,95.49570966937054,95.585
144,cell_16,95.57686137051054,95.623
145,cell_16,95.63527750967658,95.56
146,cell_16,95.52598606829096,95.263
147,cell_16,95.58833296105246,95.284
148,cell_16,95.56155209382968,95.152
149,cell_16,95.32320311234822,96.012
150,cell_16,95.27840629639812,94.563
151,cell_16,95.22406212435472,94.574
152,cell_16,95.21887598870576,94.283
153,cell_16,95.24300756259237,95.082
154,cell_16,95.18597884981686,94.612
155,cell_16,95.20183328225477,95.124
156,cell_16,95.20096198015872,94.882
157,cell_16,95.28631525661376,95.072
158,cell_16,95.12394698951967,94.435
159,cell_16,95.21138380820102,94.708
160,cell_16,95.1316880357142,95.023
161,cell_16,95.11367052655673,95.054
162,cell_16,94.74612113756604,95.016
163,cell_16,94.78752312566134,94.779
164,cell_16,94.80291339682542,94.352
165,cell_16,94.7589155436508,94.535
166,cell_16,94.83847463888888,93.967
167,cell_16,94.95332236507937,94.247
168,cell_16,94.92315487037037,94.783
169,cell_16,94.94195278174611,94.637
170,cell_16,94.6543165568783,93.994
171,cell_16,94.87813457010584,94.301
172,cell_16,94.68922182142862,93.724
173,cell_16,94.76396155820113,93.909
174,cell_16,94.84080781216937,94.439
175,cell_16,94.73308629761905,93.449
176,cell_16,94.78497990079367,93.611
177,cell_16,94.77751517724873,94.04
178,cell_16,94.78321482539683,94.136
179,cell_16,94.5108354007936,93.904
180,cell_16,94.61455450529104,94.342
181,cell_16,94.55475211640217,93.926
182,cell_16,94.1954391468254,93.913
183,cell_16,94.16979409523812,93.849
184,cell_16,94.08939762457908,93.755
185,cell_16,93.96414329531585,94.056
186,cell_16,93.9523912727273,93.59
187,cell_16,94.08314481150795,94.22
188,cell_16,93.99552107661793,94.122
189,cell_16,94.0180193683694,94.126
190,cell_16,93.9374853690477,94.517
191,cell_16,93.95583260179795,93.958
192,cell_16,94.02654522801897,93.869
193,cell_16,93.71315989153443,93.972
194,cell_16,93.7302271392929,93.709
195,cell_16,93.65197166137567,93.806
196,cell_16,93.65798394841269,93.583
197,cell_16,93.55352461111119,94.24
198,cell_16,93.61282274999996,93.53
199,cell_16,93.70845459259259,93.587
200,cell_16,93.55552480820107,93.766
201,cell_16,93.4802780304233,92.983
202,cell_16,93.595583281746,93.118
203,cell_16,93.67467075661375,93.207
204,cell_16,93.75856495743152,93.481
205,cell_16,93.73769924975957,92.808
206,cell_16,93.66850636111101,93.086
207,cell_16,93.80264204629631,93.332
208,cell_16,93.75272336548637,93.392
209,cell_16,93.5859932742165,93.82
210,cell_16,93.57539612830688,93.48
211,cell_16,93.7105024391535,93.537
212,cell_16,93.719122707672,92.581
213,cell_16,93.61989662433865,93.142
214,cell_16,93.4744378333333,93.23
215,cell_16,93.51018857671957,92.675
216,cell_16,93.395815968254,92.971
217,cell_16,93.37859285185186,93.004
218,cell_16,93.33216891402121,93.021
219,cell_16,93.27539774867726,93.143
220,cell_16,93.515960702381,92.8
221,cell_16,93.28813337758538,92.599
222,cell_16,93.32264713095239,92.943
223,cell_16,93.51934233994713,92.822
224,cell_16,93.2470793928571,92.902
225,cell_16,93.3421311851852,92.202
226,cell_16,93.30158751190469,92.763
227,cell_16,93.31996074134192,92.889
228,cell_16,93.26655776984124,92.762
229,cell_16,93.37665585317463,92.395
230,cell_16,93.27673471296296,92.395
231,cell_16,92.89254439814815,92.172
232,cell_16,92.84894562566144,92.693
233,cell_16,93.27752420899465,92.346
234,cell_16,92.85176141931224,91.624
235,cell_16,92.59758770370378,92.194
236,cell_16,92.68153722354499,92.148
237,cell_16,92.5973694087302,92.28
238,cell_16,92.3803809563492,92.183
239,cell_16,92.38318921031738,92.203
240,cell_16,92.30860580249406,92.295
241,cell_16,92.43977477900725,91.999
242,cell_16,92.09396167010581,92.252
243,cell_16,92.54107542194801,92.435
244,cell_16,92.48162805258033,92.129
245,cell_16,92.44683517357971,92.434
246,cell_16,92.46647495025101,92.633
247,cell_16,92.61776687755712,91.953
248,cell_16,92.39410321704167,92.05
249,cell_16,92.2746906190262,92.572
250,cell_16,92.50194104794996,92.034
251,cell_16,92.427430695152,91.714
252,cell_16,92.34186691643569,92.108
253,cell_16,92.51872981775779,91.596
254,cell_16,92.20169330562861,91.267
255,cell_16,92.14873940865517,91.596
256,cell_16,92.21079624289668,91.303
257,cell_16,92.39656421951864,91.154
258,cell_16,92.39846979258732,91.907
259,cell_16,92.34217951150339,90.945
260,cell_16,92.32687941297321,92.066
261,cell_16,92.23274255397746,91.817
262,cell_16,92.42289498466302,92.095
263,cell_16,92.41176595937945,92.046
264,cell_16,92.37947823007035,91.884
265,cell_16,92.27911244290786,91.418
266,cell_16,92.42280042458997,91.361
267,cell_16,92.26427686659528,91.581
268,cell_16,91.91460663631875,91.845
269,cell_16,92.10490307672735,92.115
270,cell_16,92.04353614038499,91.245
271,cell_16,91.86715387925177,91.79
272,cell_16,91.63945487082653,91.104
273,cell_16,91.81379544658556,91.104
274,cell_16,91.80269629012365,91.287
275,cell_16,91.69993283388473,90.319
276,cell_16,91.70311964894,91.1
277,cell_16,91.78344060873016,90.721
278,cell_16,91.76250572252175,91.312
279,cell_16,91.67770642118496,91.186
280,cell_16,91.73498490181109,91.6
281,cell_16,91.73467401002625,91.54
282,cell_16,91.8320851205737,90.911
283,cell_16,91.63720936950375,91.175
284,cell_16,91.50018886351604,91.576
285,cell_16,91.63156193310314,91.236
286,cell_16,91.80559284792972,91.309
287,cell_16,91.39772924301137,91.374
288,cell_16,91.6720101816839,91.327
289,cell_16,91.36841394328336,90.937
290,cell_16,91.21197391264302,91.202
291,cell_16,91.36363697701817,91.152
292,cell_16,91.16901298458028,91.39
293,cell_16,91.16362454781532,90.915
294,cell_16,90.93702183677995,91.265
295,cell_16,90.94408573522577,90.765
296,cell_16,90.89555355803459,91.029
297,cell_16,90.77688597506634,91.158
298,cell_16,90.99896409097028,91.098
299,cell_16,90.83564706510556,90.985
300,cell_16,90.82279668727573,90.884
301,cell_16,90.8674237644763,91.107
302,cell_16,90.87135726542746,91.024
303,cell_16,90.72529122186647,90.902
304,cell_16,90.75707585052207,91.072
305,cell_16,90.83496204238503,90.419
306,cell_16,90.65912186836744,90.995
307,cell_16,90.67968301829069,90.355
308,cell_16,90.72949987484485,90.602
309,cell_16,90.62367895552762,90.965
310,cell_16,90.6182749919342,90.85
311,cell_16,90.56710455292348,90.357
312,cell_16,90.42394529497942,90.298
313,cell_16,90.47439119197588,90.76
314,cell_16,90.58940747178559,89.857
315,cell_16,90.64991871878478,89.989
316,cell_16,90.4511018226542,90.221
317,cell_16,90.48888761958165,90.658
318,cell_16,90.4091486512711,90.044
319,cell_16,90.45658504310944,89.746
320,cell_16,90.4138961968954,90.794
321,cell_16,90.3758928740368,90.646
322,cell_16,90.60466254443318,90.498
323,cell_16,90.44047173027077,90.379
324,cell_16,90.53165556908219,91.017
325,cell_16,90.39055280145939,90.485
326,cell_16,90.37917445943245,90.414
327,cell_16,90.37328108069529,90.336
328,cell_16,90.37143587816308,90.52
329,cell_16,90.40836954482661,90.17
330,cell_16,90.47485400468287,90.723
331,cell_16,90.49051135149404,90.78
332,cell_16,90.33416070903776,89.793
333,cell_16,90.35691566686897,89.396
334,cell_16,90.24633095114068,89.523
335,cell_16,90.30974631344809,89.013
336,cell_16,90.24204099289304,89.034
337,cell_16,90.10384765101662,89.642
338,cell_16,90.13319983504921,89.685
339,cell_16,90.140368593378,88.887
340,cell_16,90.23962603170867,89.025
341,cell_16,90.16599215901654,89.131
342,cell_16,90.21300315109623,89.402
343,cell_16,90.20358002589978,89.169
344,cell_16,90.1118022769423,88.949
345,cell_16,90.09373445404853,89.204
346,cell_16,90.20817874731445,89.199
347,cell_16,90.14598746760423,89.571
348,cell_16,90.05021935610017,89.204
349,cell_16,89.93007539959537,89.722
350,cell_16,89.88530041368074,88.671
351,cell_16,89.86173305673303,89.421
352,cell_16,89.80629587114738,89.914
353,cell_16,89.68580907323737,89.126
354,cell_16,89.85624512546539,89.083
355,cell_16,89.67905647367144,88.968
356,cell_16,89.55865027740643,88.73
357,cell_16,89.5208123430237,89.485
358,cell_16,89.56679267411548,88.93
359,cell_16,89.748045202032,89.439
360,cell_16,89.37694651810516,89.285
361,cell_16,89.29349837880399,89.364
362,cell_16,89.6680443342135,88.884
363,cell_16,89.33892793589983,89.27
364,cell_16,89.31332586706333,88.95
365,cell_16,89.21246291003342,89.006
366,cell_16,89.29518120655563,88.194
367,cell_16,89.12713382913682,89.106
368,cell_16,89.27633649949621,89.618
369,cell_16,89.13304034452706,88.566
370,cell_16,89.29475903332482,88.995
371,cell_16,88.88676835182174,88.64
372,cell_16,88.94618957792443,88.4
373,cell_16,89.09394803473329,88.5
374,cell_16,89.24453370505469,89.148
375,cell_16,89.02188951426139,88.798
376,cell_16,89.0967518978005,88.673
377,cell_16,89.00083609181469,87.831
378,cell_16,88.99271859671114,88.468
379,cell_16,88.91167566104941,88.627
380,cell_16,88.9864352566692,88.393
381,cell_16,88.89262252813849,87.96
382,cell_16,89.01464934746173,88.461
383,cell_16,89.05981980979963,88.861
384,cell_16,89.16782973586601,88.255
385,cell_16,89.00248153559407,88.613
386,cell_16,89.12089844973542,88.236
387,cell_16,89.07681515873017,88.249
388,cell_16,89.16038443253969,88.364
389,cell_16,89.18952400793653,88.194
390,cell_16,89.26035848015871,88.166
391,cell_16,89.28356966269837,88.308
392,cell_16,89.20030131746029,88.592
393,cell_16,89.15712706746031,88.328
394,cell_16,89.106298829365,88.01
395,cell_16,89.04428638492064,88.08
396,cell_16,88.75808697751326,88.175
397,cell_16,88.66568301346801,87.404
398,cell_16,88.48128758225113,87.901
399,cell_16,88.3658198505291,87.952
400,cell_16,88.33194364021165,87.528
401,cell_16,88.30166225661374,87.946
402,cell_16,88.31464462962963,87.859
403,cell_16,88.28403415873014,87.828
404,cell_16,88.3771824656085,87.196
405,cell_16,88.3538219444444,87.417
406,cell_16,88.41494055026453,87.377
407,cell_16,88.38055278968248,87.795
408,cell_16,88.3292294140212,87.848
409,cell_16,88.40804543253968,87.483
1,cell_17,99.98655194408875,100.039
2,cell_17,99.96276994619383,99.431
3,cell_17,99.94611334870746,99.637
4,cell_17,99.93083567523033,99.641
5,cell_17,99.92967039742013,100.143
6,cell_17,99.89501992677815,99.782
7,cell_17,99.74117836356764,99.877
8,cell_17,99.79568220279309,99.849
9,cell_17,99.53511493594644,99.599
10,cell_17,99.54612779266097,100.304
11,cell_17,99.41431341117661,99.709
12,cell_17,99.53508537421835,100.098
13,cell_17,99.80041610439368,99.465
14,cell_17,99.57291084362991,99.343
15,cell_17,99.21327568363803,99.944
16,cell_17,99.24882636568452,99.292
17,cell_17,99.28270296740517,99.375
18,cell_17,99.31437436773129,99.727
19,cell_17,99.14308574039333,99.242
20,cell_17,99.17292955216475,99.303
21,cell_17,99.13525054133389,99.085
22,cell_17,99.21453483711771,99.226
23,cell_17,99.03185146316086,99.265
24,cell_17,99.05722733475878,99.066
25,cell_17,98.89763117799984,99.006
26,cell_17,98.96500225084935,98.364
27,cell_17,98.85274985765496,98.908
28,cell_17,98.91377333156657,98.456
29,cell_17,98.61302209368074,98.905
30,cell_17,98.68285310053841,98.182
31,cell_17,98.75791472859963,98.168
32,cell_17,98.37674291247035,98.257
33,cell_17,98.49237562698411,98.194
34,cell_17,98.51271619824004,98.426
35,cell_17,98.47375541430351,98.636
36,cell_17,98.17458292806425,98.721
37,cell_17,98.19730481416887,98.169
38,cell_17,98.20002294072145,98.129
39,cell_17,98.28191174637558,98.024
40,cell_17,97.8793781155101,97.477
41,cell_17,97.51593777716134,97.994
42,cell_17,97.59092871838968,97.722
43,cell_17,97.86143194626811,97.661
44,cell_17,97.52015508742451,96.949
45,cell_17,97.69596746703178,97.873
46,cell_17,97.54958046425011,98.144
47,cell_17,97.43841847589749,97.209
48,cell_17,97.53794968917906,97.649
49,cell_17,97.40409919596213,97.582
50,cell_17,97.56141379347841,97.274
51,cell_17,97.5708407131975,97.562
52,cell_17,97.59578970008356,97.701
53,cell_17,97.34971150650892,96.92
54,cell_17,97.09550253995445,97.031
55,cell_17,97.05710339598063,96.787
56,cell_17,97.08691139070817,97.109
57,cell_17,97.0101544903891,96.334
58,cell_17,97.18913531225913,97.079
59,cell_17,97.03238884642951,97.218
60,cell_17,96.93978242523809,96.32
61,cell_17,96.82758278976306,96.312
62,cell_17,96.70742207546427,96.93
63,cell_17,96.8345416954281,96.489
64,cell_17,97.0670851417943,95.916
65,cell_17,96.79217977711639,96.307
66,cell_17,96.65870014790218,95.857
67,cell_17,96.35937423114234,96.306
68,cell_17,96.30086150793655,96.365
69,cell_17,96.22473654636124,96.557
70,cell_17,96.23794409179081,96.382
71,cell_17,96.22782865783314,96.852
72,cell_17,96.12187853177093,96.407
73,cell_17,95.98624584885192,95.458
74,cell_17,95.97968738965226,96.215
75,cell_17,95.86131860060293,96.063
76,cell_17,95.77324789381602,95.979
77,cell_17,95.55991014373188,96.347
78,cell_17,95.55203510442944,96.28
79,cell_17,95.67132012981415,95.771
80,cell_17,95.44630249862689,96.112
81,cell_17,95.38527745000421,96.487
82,cell_17,95.42708138817657,96.054
83,cell_17,95.33063692724873,95.644
84,cell_17,95.41291330977064,96.15
85,cell_17,95.47753049206345,95.937
86,cell_17,95.3166796679894,95.288
87,cell_17,95.20108928695127,94.99
88,cell_17,95.22555711507938,95.379
89,cell_17,95.02251485253576,95.104
90,cell_17,95.28457612433864,95.382
91,cell_17,95.27123037315509,95.545
92,cell_17,95.08457569116007,94.96
93,cell_17,95.03258141931212,94.619
94,cell_17,94.72572968386234,94.677
95,cell_17,94.74603089822595,94.957
96,cell_17,94.47944332539686,95.0
97,cell_17,94.81493963888884,94.746
98,cell_17,95.03265986507938,94.844
99,cell_17,94.91112255158728,94.793
100,cell_17,94.15052508333335,94.94
101,cell_17,94.85807241534391,94.617
102,cell_17,94.76349920899473,94.766
103,cell_17,94.38360268253973,94.581
104,cell_17,94.26096052777778,94.677
105,cell_17,94.22506170238098,94.387
106,cell_17,94.57672316269846,94.7
107,cell_17,94.12146687698417,94.993
108,cell_17,94.38582988756613,93.967
109,cell_17,94.12536018121695,93.982
110,cell_17,94.19557236904761,93.589
111,cell_17,94.11488151010106,93.959
112,cell_17,94.17799384391532,93.072
113,cell_17,94.02271947619049,93.885
114,cell_17,94.03795615079363,94.12
115,cell_17,94.04807900264547,93.53
116,cell_17,93.99731312169317,93.617
117,cell_17,93.868059436508,93.975
118,cell_17,93.82095754497354,93.442
119,cell_17,93.5191014404762,93.829
120,cell_17,93.76968704797984,93.464
121,cell_17,93.79143152417033,93.861
122,cell_17,93.49933086772485,93.616
123,cell_17,93.51480235618084,92.833
124,cell_17,93.45743860317465,93.289
125,cell_17,93.54420617857141,93.576
126,cell_17,93.4772426850649,94.077
127,cell_17,93.16702409126991,93.372
128,cell_17,93.13034526286675,93.23
129,cell_17,92.74646221164026,93.538
130,cell_17,93.03062714417985,92.52
131,cell_17,92.85576970504262,93.828
132,cell_17,93.08103086243388,93.63
133,cell_17,92.9203626071429,92.77
134,cell_17,92.60581516993877,93.139
135,cell_17,92.76345519515668,93.012
136,cell_17,92.72167304100532,92.882
137,cell_17,92.97780377777778,93.086
138,cell_17,92.71521367857144,92.895
139,cell_17,92.57074606782108,92.973
140,cell_17,92.81782814456591,93.088
141,cell_17,92.8244665940356,92.809
142,cell_17,92.69331246296295,92.47
143,cell_17,92.53240024470907,92.157
144,cell_17,92.54151034656087,92.123
145,cell_17,92.44104854365078,91.793
146,cell_17,92.50169092460315,92.412
147,cell_17,92.46535028174605,91.791
148,cell_17,92.38311093783068,91.448
149,cell_17,92.10729551058205,91.685
150,cell_17,91.94774086796538,91.483
151,cell_17,91.97005795238101,91.856
152,cell_17,92.07193413624344,92.097
153,cell_17,91.98647736111113,92.199
154,cell_17,91.77807872138142,91.755
155,cell_17,91.91688606481478,91.748
156,cell_17,91.90907983994695,91.253
157,cell_17,91.69425610473787,91.23
158,cell_17,91.81852674424208,92.069
159,cell_17,91.95708943604107,91.721
160,cell_17,91.67733180407117,92.006
161,cell_17,91.50396969031462,91.103
162,cell_17,91.69235738492056,91.646
163,cell_17,91.46750981613762,91.148
164,cell_17,91.51704886171234,91.018
165,cell_17,91.2507885943307,91.4
166,cell_17,91.05763207292193,91.962
167,cell_17,91.33865033387137,91.173
168,cell_17,91.23284520586532,91.79
169,cell_17,90.84435634835738,91.262
170,cell_17,90.85713653430722,91.556
171,cell_17,91.24580893996588,91.325
172,cell_17,91.10674509069132,91.516
173,cell_17,90.89925159289882,90.978
174,cell_17,91.29973945032712,91.2
175,cell_17,90.90158670939023,90.914
176,cell_17,90.57381075114445,91.64
177,cell_17,90.88717691605197,91.147
178,cell_17,91.20583511411004,90.686
179,cell_17,91.23448016850838,91.339
180,cell_17,90.9989087133441,91.364
181,cell_17,90.55002626404966,90.476
182,cell_17,90.66987789116322,90.753
183,cell_17,90.76734652506138,90.203
184,cell_17,90.4364812282477,89.845
185,cell_17,90.47807556037857,90.372
186,cell_17,90.53988152787727,89.401
187,cell_17,90.81337448753388,90.342
188,cell_17,90.64908519901108,90.302
189,cell_17,90.16178431145308,90.298
190,cell_17,90.16392207707318,90.254
191,cell_17,90.19928463650096,90.188
192,cell_17,90.29494098729113,89.805
193,cell_17,89.98422187392235,89.897
194,cell_17,89.99939398281484,90.3
195,cell_17,90.01845764151894,90.302
196,cell_17,89.97707115547719,90.575
197,cell_17,90.09974726173016,89.746
198,cell_17,89.93877370434372,89.566
199,cell_17,90.05093702173232,89.795
200,cell_17,89.93810448634152,89.228
201,cell_17,90.13288655594374,89.941
202,cell_17,90.12876323608108,90.06
203,cell_17,90.2354642654768,90.284
204,cell_17,89.6045774150573,89.971
205,cell_17,89.9489888272089,89.549
206,cell_17,89.68741645258214,89.621
207,cell_17,89.58963561765268,89.773
208,cell_17,89.7223522092457,89.617
209,cell_17,89.46487543247146,89.476
210,cell_17,89.29157163885064,89.134
211,cell_17,89.72432198151046,89.607
212,cell_17,89.26790656494423,89.428
213,cell_17,89.38192455961627,89.387
214,cell_17,89.34281585263805,88.855
215,cell_17,88.97216447965825,89.503
216,cell_17,89.3267004824824,89.196
217,cell_17,89.15604297056345,88.983
218,cell_17,89.59319640550162,88.845
219,cell_17,89.16424398680593,88.119
220,cell_17,89.20781704986142,89.275
221,cell_17,89.06645575026732,88.895
222,cell_17,88.62919248959503,88.388
223,cell_17,88.92244482988986,89.315
224,cell_17,88.52603173326006,88.7
225,cell_17,88.7443996830486,88.582
226,cell_17,88.62879825026845,88.401
227,cell_17,88.5835306435468,88.505
228,cell_17,88.61039458543772,88.212
229,cell_17,88.88733151443007,88.56
230,cell_17,88.38246141762544,88.656
231,cell_17,88.84868033823524,88.86
232,cell_17,88.20034539825228,88.148
233,cell_17,88.79404681878303,88.453
234,cell_17,88.54607446524766,88.035
235,cell_17,88.4859829855193,88.677
236,cell_17,88.2230760102259,88.608
237,cell_17,88.080713675295,87.688
238,cell_17,88.19929075427349,88.083
239,cell_17,88.15651827002165,88.585
240,cell_17,87.97409444181257,88.387
241,cell_17,87.78928558868441,88.061
242,cell_17,87.74553258187429,88.294
243,cell_17,87.88331188665583,88.405
244,cell_17,87.81816006989493,88.695
245,cell_17,88.1005271531266,88.035
246,cell_17,88.08740028385046,88.574
247,cell_17,87.52980272258296,88.001
248,cell_17,88.01327593121697,87.88
249,cell_17,88.13515355777608,88.005
250,cell_17,87.6542892143826,88.108
251,cell_17,88.18545581027796,88.286
252,cell_17,87.9427711142381,88.031
253,cell_17,87.93873308283568,87.907
254,cell_17,87.46118311978269,87.234
255,cell_17,87.9097728518518,87.669
256,cell_17,87.52965858645982,87.503
257,cell_17,86.99267597301547,87.58
258,cell_17,86.85926089682542,87.463
259,cell_17,87.09936788578645,87.763
260,cell_17,86.93319724603171,87.68
261,cell_17,86.91258008477634,87.569
262,cell_17,87.1028964150073,87.299
263,cell_17,87.23937186291491,86.961
264,cell_17,86.87859919047611,87.033
265,cell_17,87.05095864119767,87.15
266,cell_17,87.01577857273888,86.972
267,cell_17,86.961491432159,87.347
268,cell_17,86.82352916630593,87.197
269,cell_17,86.96628303125577,86.908
270,cell_17,87.09444864646474,87.486
271,cell_17,87.19626669118848,87.211
272,cell_17,86.85782130158726,87.109
273,cell_17,87.10415338359797,87.405
274,cell_17,87.16830582407415,86.842
275,cell_17,86.92580465363434,86.891
276,cell_17,87.05701046693117,86.971
277,cell_17,86.5713049212616,87.236
278,cell_17,86.82422004365075,86.742
279,cell_17,86.6705304298942,87.581
280,cell_17,86.59875226984131,86.352
281,cell_17,86.44834414417983,86.669
282,cell_17,86.82063405916303,86.563
283,cell_17,86.54939644047623,86.639
284,cell_17,86.3802039100529,86.767
285,cell_17,86.0566751097883,86.576
286,cell_17,86.54452775781628,86.617
287,cell_17,86.40834231265033,86.398
288,cell_17,86.11680521428572,86.613
289,cell_17,86.26863325391274,85.982
290,cell_17,85.99857029497348,85.122
291,cell_17,85.91406376058202,85.882
292,cell_17,86.19061465079368,86.776
293,cell_17,86.14391838227517,85.706
294,cell_17,85.82930222883603,86.206
295,cell_17,86.04128465163545,85.758
296,cell_17,85.90257269384318,86.082
297,cell_17,86.1864838000056,86.274
298,cell_17,85.90485875396831,85.805
299,cell_17,85.82478757936506,86.326
300,cell_17,85.90595717953337,86.267
301,cell_17,85.8688044996392,86.038
302,cell_17,85.52447729966337,85.921
303,cell_17,85.75666029978348,85.876
304,cell_17,85.74846551803749,85.698
305,cell_17,85.56637748773441,85.605
306,cell_17,85.57625455002405,86.118
307,cell_17,85.58317085978845,86.046
308,cell_17,85.97817346572869,86.067
309,cell_17,86.06724868265992,86.245
310,cell_17,85.70464765263445,85.935
311,cell_17,85.16629499867719,85.905
312,cell_17,85.33277060052906,84.856
313,cell_17,85.34937325661379,85.846
314,cell_17,85.19136751455025,85.297
315,cell_17,85.12549892929292,85.095
316,cell_17,85.45826201467061,85.273
317,cell_17,85.02766352777769,85.776
318,cell_17,85.29636790343916,85.103
319,cell_17,85.14868329626859,85.331
320,cell_17,84.8518588116883,84.991
321,cell_17,85.12721482503602,85.422
322,cell_17,84.72644216123133,85.678
323,cell_17,84.84663969630125,85.388
324,cell_17,84.82378895755171,85.193
325,cell_17,85.16459570496082,85.179
326,cell_17,84.79338970917506,84.711
327,cell_17,84.47163518070809,84.806
